address_id,account_id,address_type,source,added_date,town_id,address_text,visit_count,last_outcome,last_dwell_s,met_borrower_count,met_family_count,locked_premises_count,shifted_count,no_person_count,not_traceable_count,cash_collected_count,address_text_len,predicted_state,prescribed_action,action_reason
AD000001,AC000001,residence,kyc_origination,2026-04-01,T1,"6th Cross, 5th Main, ಚರ್ಚ್ ಹತ್ತಿರ, Kuvempu Layt, Kaveripura - 960102",3,met_borrower,984.0,2.0,1.0,0.0,0.0,0.0,0.0,0.0,68,Valid and occupied,Visit,Borrower confirmed at address on prior visit; schedule visit
AD000002,AC000001,office,kyc_origination,2026-04-01,T1,no. 173 12th cross 3rd main shanthi nagar kaveripura - 960101,1,locked_premises,124.0,0.0,0.0,1.0,0.0,0.0,0.0,0.0,61,"Valid, but borrower usually absent",Change the visit time,Premises locked or met family; shift visit to evening/weekend slot
AD000003,AC000002,residence,kyc_origination,2026-04-01,T3,367/3 e block 2nd road green park layt navanagara east - 980301,0,,0.0,,,,,,,,63,Valid and occupied,Visit,Unvisited address with complete description; schedule initial field visit
AD000004,AC000003,residence,kyc_origination,2026-04-01,T2,#81 gali 10 ganesh mandir ke bagal mein krishna puri devgarh nagar - 970202,0,,0.0,,,,,,,,75,Valid and occupied,Visit,Unvisited address with complete description; schedule initial field visit
AD000005,AC000004,residence,kyc_origination,2026-04-01,T2,"behind PDS Shop, Shivaji Nagar, Devgarh Nagar - 970202",0,,0.0,,,,,,,,54,Valid and occupied,Visit,Unvisited address with complete description; schedule initial field visit
AD000006,AC000004,permanent_native,kyc_origination,2026-04-01,OUT,"Village Rampura Kalan, Tehsil D, District South - 996281",0,,0.0,,,,,,,,56,Valid and occupied,Visit,Unvisited address with complete description; schedule initial field visit
AD000007,AC000005,residence,kyc_origination,2026-04-01,T2,"गली नं. 3, राशन की दुकान के बगल में, Tilak Ngr, Devgarh Nagar - 970204",0,,0.0,,,,,,,,70,Valid and occupied,Visit,Unvisited address with complete description; schedule initial field visit
AD000008,AC000006,residence,kyc_origination,2026-04-01,T1,9th cr 1st main vinayaka nagr kaveripura - 960104,0,,0.0,,,,,,,,49,Valid and occupied,Visit,Unvisited address with complete description; schedule initial field visit
AD000009,AC000007,residence,kyc_origination,2026-04-01,T1,"231/2, 7th Cr, 7th Main, close to Hanuman Temple, Nehru Colony, Kaveripura - 960102",1,neighbour_says_shifted,297.0,0.0,0.0,0.0,1.0,0.0,0.0,0.0,83,Borrower has moved,Trace the new address,Neighbours or occupants confirmed borrower relocated; trace new address
AD000010,AC000007,office,kyc_origination,2026-04-01,T1,"6th X, 1st Main, nr Medical Store, Kaveripura - 960104",0,,0.0,,,,,,,,54,Valid and occupied,Visit,Unvisited address with complete description; schedule initial field visit
AD000011,AC000008,residence,kyc_origination,2026-04-01,T3,blk a rd 2 milk dairy edurru palm meadows navanagara east - 980302,0,,0.0,,,,,,,,66,Valid and occupied,Visit,Unvisited address with complete description; schedule initial field visit
AD000012,AC000009,residence,kyc_origination,2026-04-01,T2,house 52 gali no. 5 ward 9 मस्जिद के पास shastri nagar devgarh nagar - 970201,6,locked_premises,163.0,0.0,2.0,3.0,0.0,0.0,0.0,1.0,77,"Valid, but borrower usually absent",Change the visit time,Premises locked or met family; shift visit to evening/weekend slot
AD000013,AC000010,residence,kyc_origination,2026-04-01,T2,"H.No. 186, Gali No. 4, Ward 3, opp Overhead Tank, Ambedkar Nagar, Devgarh Nagar - 970204",0,,0.0,,,,,,,,88,Valid and occupied,Visit,Unvisited address with complete description; schedule initial field visit
AD000014,AC000011,residence,kyc_origination,2026-04-01,T2,"HOUSE 458, GALI NO-4, AMBEDKAR NAGAR, DEVGARH NAGAR",0,,0.0,,,,,,,,51,Valid and occupied,Visit,Unvisited address with complete description; schedule initial field visit
AD000015,AC000012,residence,kyc_origination,2026-04-01,T1,"H.NO. 356, NR. CHURCH, KUVEMPU LAYOUT, KAVERIPURA - 960104",1,met_family,463.0,0.0,1.0,0.0,0.0,0.0,0.0,0.0,58,"Valid, but borrower usually absent",Change the visit time,Premises locked or met family; shift visit to evening/weekend slot
AD000016,AC000013,residence,kyc_origination,2026-04-01,T2,"No. 86, Gali 2, Ward 8, Azad Mohalla, Devgarh Nagar - 970203",9,neighbour_says_shifted,315.0,0.0,0.0,1.0,8.0,0.0,0.0,0.0,60,"Valid, but borrower usually absent",Change the visit time,Premises locked or met family; shift visit to evening/weekend slot
AD000017,AC000014,residence,kyc_origination,2026-04-01,T2,"217/2, Gali no-4, opp. Water Tank, Ambedkar Nagr, Devgarh Nagar - 970204",2,locked_premises,153.0,0.0,0.0,2.0,0.0,0.0,0.0,0.0,72,"Valid, but borrower usually absent",Change the visit time,Premises locked or met family; shift visit to evening/weekend slot
AD000018,AC000015,residence,kyc_origination,2026-04-01,T1,"#159, 6th Cross, 7th Main, Anjaneya Badavane, Kaveripura - 9601003",4,locked_premises,94.0,0.0,2.0,1.0,1.0,0.0,0.0,0.0,66,"Valid, but borrower usually absent",Change the visit time,Premises locked or met family; shift visit to evening/weekend slot
AD000019,AC000016,residence,kyc_origination,2026-04-01,T3,#421 blk d rd 6 near water tank silver oak layt navanagara east - 980301,1,met_borrower,989.0,1.0,0.0,0.0,0.0,0.0,0.0,0.0,72,Valid and occupied,Visit,Borrower confirmed at address on prior visit; schedule visit
AD000020,AC000017,residence,kyc_origination,2026-04-01,T1,house 25 3rd cross 6th main rd kaveripura - 960104,0,,0.0,,,,,,,,50,Valid and occupied,Visit,Unvisited address with complete description; schedule initial field visit
AD000021,AC000018,residence,kyc_origination,2026-04-01,T3,"HOUSE 32, BLK C, RD 6, NAVANAGARA EAST - 980303",0,,0.0,,,,,,,,47,Valid and occupied,Visit,Unvisited address with complete description; schedule initial field visit
AD000022,AC000019,residence,kyc_origination,2026-04-01,T1,"4th Cross, 8th Main, near Govt School, Kuvempu Layout, Kaveripura - 960102",0,,0.0,,,,,,,,74,Valid and occupied,Visit,Unvisited address with complete description; schedule initial field visit
AD000023,AC000020,residence,kyc_origination,2026-04-01,T3,h.no. 64 blk d rd 6 silver oak layout navanagara east - 980301,7,met_borrower,703.0,4.0,2.0,0.0,0.0,0.0,1.0,0.0,62,Valid and occupied,Visit,Borrower confirmed at address on prior visit; schedule visit
AD000024,AC000021,residence,kyc_origination,2026-04-01,T3,"F BLOCK, 5TH ROAD, CLOSE TO GANAPATHI TEMPLE, RAILWAY COLONY, NAVANAGARA EAST - 980304",0,,0.0,,,,,,,,86,Valid and occupied,Visit,Unvisited address with complete description; schedule initial field visit
AD000025,AC000021,office,kyc_origination,2026-04-01,T3,"BLK A, RD 6, SUNRISE ENCLAVE, NAVANAGARA EAST - 980304",0,,0.0,,,,,,,,54,Valid and occupied,Visit,Unvisited address with complete description; schedule initial field visit
AD000026,AC000022,residence,kyc_origination,2026-04-01,T1,"H.No. 377, 9th Cross, 7th Main, Vinayaka Nagar, Kaveripura - 960104",2,address_not_traceable,74.0,0.0,0.0,0.0,0.0,0.0,2.0,0.0,67,Hard to find on the ground,Resolve the location (Problem Statement 3) before writing it off,Detailed address but agent could not locate pin (74s dwell); resolve geocode (PS3)
AD000027,AC000023,residence,kyc_origination,2026-04-01,T2,"89/2, Azad Mohalla, Devgarh Nagar - 970203",9,address_not_traceable,111.0,1.0,2.0,3.0,0.0,0.0,2.0,1.0,42,Valid and occupied,Visit,Borrower confirmed at address on prior visit; schedule visit
AD000028,AC000024,residence,kyc_origination,2026-04-01,T3,"Blk F, Rd 4, Defence Col, Navanagara East - 980302",0,,0.0,,,,,,,,50,Valid and occupied,Visit,Unvisited address with complete description; schedule initial field visit
AD000029,AC000025,residence,kyc_origination,2026-04-01,T2,"Gali 2, Ward 3, Tanki ke pass, Ambedkar Nagar, Devgarh Ngr - 970204",0,,0.0,,,,,,,,67,Valid and occupied,Visit,Unvisited address with complete description; schedule initial field visit
AD000030,AC000026,residence,kyc_origination,2026-04-01,T1,11th cross 3rd mn adj. ganapathi temple nehru colony kaveripura - 960102,3,locked_premises,130.0,1.0,0.0,1.0,0.0,0.0,1.0,0.0,72,Valid and occupied,Visit,Borrower confirmed at address on prior visit; schedule visit
AD000031,AC000027,residence,kyc_origination,2026-04-01,T3,"HAALINA DAIYR EDURU, PALM MEADOWS, NAVANAGARA EAST - 980302",5,met_family,242.0,0.0,3.0,2.0,0.0,0.0,0.0,0.0,59,"Valid, but borrower usually absent",Change the visit time,Premises locked or met family; shift visit to evening/weekend slot
AD000032,AC000028,residence,kyc_origination,2026-04-01,T2,"HOUSE 193, GALI NO. 9, NR GANESH TEMPLE, PATEL NAGAR, DEVGARH NAGAR - 970202",8,met_borrower,541.0,3.0,2.0,1.0,0.0,0.0,1.0,1.0,76,Valid and occupied,Visit,Borrower confirmed at address on prior visit; schedule visit
AD000033,AC000029,residence,kyc_origination,2026-04-01,T1,5th cross 3rd main nr. medical store vidya nagar kaveripura - 960103,0,,0.0,,,,,,,,68,Valid and occupied,Visit,Unvisited address with complete description; schedule initial field visit
AD000034,AC000029,office,kyc_origination,2026-04-01,T1,#475 ganapathi gudi hattira kuvempu layout kaveripura - 960102,0,,0.0,,,,,,,,62,Valid and occupied,Visit,Unvisited address with complete description; schedule initial field visit
AD000035,AC000030,residence,kyc_origination,2026-04-01,T3,"A Block, 2nd Road, behind Milk Dairy, Palm Meadows, Navanagara East - 980302",0,,0.0,,,,,,,,76,Valid and occupied,Visit,Unvisited address with complete description; schedule initial field visit
AD000036,AC000031,residence,kyc_origination,2026-04-01,T3,"D BLOCK, 5TH ROAD, OPP. KALYANA MANTAPA, LAKEVIEW PHASE 2, NAVANAAGARA EAST - 980303",0,,0.0,,,,,,,,84,Valid and occupied,Visit,Unvisited address with complete description; schedule initial field visit
AD000037,AC000032,residence,kyc_origination,2026-04-01,T1,"4TH CROSS, 2ND MN, KAVERIPURA - 960102",4,met_borrower,1435.0,2.0,0.0,1.0,0.0,0.0,1.0,0.0,38,Valid and occupied,Visit,Borrower confirmed at address on prior visit; schedule visit
AD000038,AC000032,permanent_native,kyc_origination,2026-04-01,OUT,"Village Kodihalli, Tehsil C, District South - 997460",0,,0.0,,,,,,,,52,Valid and occupied,Visit,Unvisited address with complete description; schedule initial field visit
AD000039,AC000033,residence,kyc_origination,2026-04-01,T2,"Sai Residency, Gali 2, Dawai ki Dukaan ke paas, Ambedkar Nagar, Devgarh Nagar - 970204",3,address_not_traceable,51.0,1.0,0.0,1.0,0.0,0.0,1.0,0.0,86,Valid and occupied,Visit,Borrower confirmed at address on prior visit; schedule visit
AD000040,AC000034,residence,kyc_origination,2026-04-01,T1,"313/2, 3rd Crs, 8th Main, Basava Nagar, Kaveripura",1,met_borrower,79.0,1.0,0.0,0.0,0.0,0.0,0.0,0.0,50,Valid and occupied,Visit,Borrower confirmed at address on prior visit; schedule visit
AD000041,AC000034,office,kyc_origination,2026-04-01,T1,"9th Cross, 4th Mainn, close to Church, Hosa Badavane, Kaveripura - 960101",1,met_borrower,538.0,1.0,0.0,0.0,0.0,0.0,0.0,0.0,73,Valid and occupied,Visit,Borrower confirmed at address on prior visit; schedule visit
AD000042,AC000035,residence,kyc_origination,2026-04-01,T3,"House 217, Lakevew Phase 2, Navanagara East - 980303",0,,0.0,,,,,,,,52,Valid and occupied,Visit,Unvisited address with complete description; schedule initial field visit
AD000043,AC000036,residence,kyc_origination,2026-04-01,T3,"H.NO. 452, BLK F, RD 5, LAKEVIEW PHASE 2, NAVANAGARA EAST - 980303",7,address_not_traceable,106.0,0.0,0.0,1.0,4.0,1.0,1.0,0.0,66,"Valid, but borrower usually absent",Change the visit time,Premises locked or met family; shift visit to evening/weekend slot
AD000044,AC000036,permanent_native,kyc_origination,2026-04-01,OUT,"Village Mallapura, Taluk A, District North - 999665",0,,0.0,,,,,,,,51,Valid and occupied,Visit,Unvisited address with complete description; schedule initial field visit
AD000045,AC000037,residence,kyc_origination,2026-04-01,T3,#478 nr govt school silver oak layou navanagara east - 980301,0,,0.0,,,,,,,,61,Valid and occupied,Visit,Unvisited address with complete description; schedule initial field visit
AD000046,AC000037,office,kyc_origination,2026-04-01,T3,"Blk A, Rd 3, opp PDS Shop, Sunrise Enclave, Navanagara East - 980304",0,,0.0,,,,,,,,68,Valid and occupied,Visit,Unvisited address with complete description; schedule initial field visit
AD000047,AC000038,residence,kyc_origination,2026-04-01,T1,"House 353, 5th X, 8th Main, Sarkari Shaale hattira, Vinayaka Nagar, Kaveripura - 960104",8,locked_premises,139.0,3.0,0.0,5.0,0.0,0.0,0.0,0.0,87,Valid and occupied,Visit,Borrower confirmed at address on prior visit; schedule visit
AD000048,AC000039,residence,kyc_origination,2026-04-01,T1,"#160, 5th Cross, 1st Main, ಕಲ್ಯಾಣ ಮಂಟಪ ಹತ್ತಿರ, Kalyana Ngr, Kaveripura - 960104",0,,0.0,,,,,,,,79,Valid and occupied,Visit,Unvisited address with complete description; schedule initial field visit
AD000049,AC000040,residence,kyc_origination,2026-04-01,T2,"H.No. 178, Gali no-1, close to Ration Shop, Azad Mohalla, Devgarh Nagar - 970203",9,met_borrower,1372.0,2.0,1.0,3.0,0.0,0.0,1.0,2.0,80,Valid and occupied,Visit,Borrower confirmed at address on prior visit; schedule visit
AD000050,AC000041,residence,kyc_origination,2026-04-01,T1,"197/1, 4TH CROSS, 8TH MAIN, KUVEMPU LAYT, KAVERIPURA - 960104",0,,0.0,,,,,,,,61,Valid and occupied,Visit,Unvisited address with complete description; schedule initial field visit
AD000051,AC000041,permanent_native,kyc_origination,2026-04-01,OUT,"Village Hosahalli, Taluk A, District West - 993028",0,,0.0,,,,,,,,50,Valid and occupied,Visit,Unvisited address with complete description; schedule initial field visit
AD000052,AC000042,residence,kyc_origination,2026-04-01,T1,10th cross 1st main hanuman mandir ke paas gandhi nagr kaveripura - 960102,0,,0.0,,,,,,,,74,Valid and occupied,Visit,Unvisited address with complete description; schedule initial field visit
AD000053,AC000043,residence,kyc_origination,2026-04-01,T1,"H.No. 279, 10th Cross, 2nd Main, Ganesh Mandir ke paas, Siddeshwara Colny, Kaveripura - 960102",1,address_not_traceable,46.0,0.0,0.0,0.0,0.0,0.0,1.0,0.0,94,Hard to find on the ground,Resolve the location (Problem Statement 3) before writing it off,Detailed address but agent could not locate pin (46s dwell); resolve geocode (PS3)
AD000054,AC000043,office,kyc_origination,2026-04-01,T1,"#208, Ganapathi Gudi hattira, Vinayaka Nagar, Kaveripura - 960104",0,,0.0,,,,,,,,65,Valid and occupied,Visit,Unvisited address with complete description; schedule initial field visit
AD000055,AC000044,residence,kyc_origination,2026-04-01,T3,"60/3, B Blk., 1st Road, near Pharmacy, Teachers Colony, Navanagara East - 980302",0,,0.0,,,,,,,,80,Valid and occupied,Visit,Unvisited address with complete description; schedule initial field visit
AD000056,AC000044,office,kyc_origination,2026-04-01,T3,"H.No. 178, F Blk, 4th Road, nr Bus Stop, Green Park Layout, Navanagara East - 980301",0,,0.0,,,,,,,,84,Valid and occupied,Visit,Unvisited address with complete description; schedule initial field visit
AD000057,AC000045,residence,kyc_origination,2026-04-01,T3,"441/3, NR. GOVT SCHOOL, SILVUR OAK LAYOUT, NAVANAGARA EAST - 980301",0,,0.0,,,,,,,,67,Valid and occupied,Visit,Unvisited address with complete description; schedule initial field visit
AD000058,AC000046,residence,kyc_origination,2026-04-01,T3,a blk 6th rd nr government school hmt colony navanagara east - 980303,0,,0.0,,,,,,,,69,Valid and occupied,Visit,Unvisited address with complete description; schedule initial field visit
AD000059,AC000047,residence,kyc_origination,2026-04-01,T1,"NO. 197, 3RD X, 6TH MAIN, GANAPATHI GUDI HATTIRA, ASHOKA LAYOUT, KAVERIPURA - 960104",0,,0.0,,,,,,,,84,Valid and occupied,Visit,Unvisited address with complete description; schedule initial field visit
AD000060,AC000048,residence,kyc_origination,2026-04-01,T3,"B BLK, 3RD ROAD, LAKEVIEW PHASE 2, NAVANAGARA EAST - 980303",5,met_family,525.0,0.0,3.0,1.0,0.0,0.0,1.0,0.0,59,"Valid, but borrower usually absent",Change the visit time,Premises locked or met family; shift visit to evening/weekend slot
AD000061,AC000049,residence,kyc_origination,2026-04-01,T2,"#461, Gali 7, nr Church, Patel Nagar, Devgarh Ngr - 970202",0,,0.0,,,,,,,,58,Valid and occupied,Visit,Unvisited address with complete description; schedule initial field visit
AD000062,AC000050,residence,kyc_origination,2026-04-01,T1,"H.No. 339, 6th Cr, 3rd Main, Bus Nildana eduru, Gandhi Nagar, Kaveripura",7,address_not_traceable,85.0,2.0,2.0,2.0,0.0,0.0,1.0,0.0,72,Valid and occupied,Visit,Borrower confirmed at address on prior visit; schedule visit
AD000063,AC000051,residence,kyc_origination,2026-04-01,T2,gali 6 community hall ke paas nehru colony devgarh nagr - 970203,0,,0.0,,,,,,,,64,Valid and occupied,Visit,Unvisited address with complete description; schedule initial field visit
AD000064,AC000051,office,kyc_origination,2026-04-01,T2,h.no. 192 gali no. 7 nr ganapathi temple devgarh nagar - 970204,0,,0.0,,,,,,,,63,Valid and occupied,Visit,Unvisited address with complete description; schedule initial field visit
AD000065,AC000052,residence,kyc_origination,2026-04-01,T3,"HOUSE 164, B BLOCK, 3RD RIAD, NR. GOVT SCHOOL, TEACHERS COL, NAVANAGARA EAST - 980302",0,,0.0,,,,,,,,85,Valid and occupied,Visit,Unvisited address with complete description; schedule initial field visit
AD000066,AC000053,residence,kyc_origination,2026-04-01,T1,"379/3, 6th Cross, 5th Mn, nar Pharmacy, Kuvempu Layout, Kaveripura - 960102",8,address_not_traceable,79.0,0.0,2.0,2.0,0.0,0.0,4.0,0.0,75,"Valid, but borrower usually absent",Change the visit time,Premises locked or met family; shift visit to evening/weekend slot
AD000067,AC000054,residence,kyc_origination,2026-04-01,T3,"No. 267, Blk A, Rd 2, Palm Meadows, Navanagara East - 980303",0,,0.0,,,,,,,,60,Valid and occupied,Visit,Unvisited address with complete description; schedule initial field visit
AD000068,AC000055,residence,kyc_origination,2026-04-01,T2,93/3 nr. medical store nehru colony devgarh ngr - 970230,2,met_borrower,1437.0,1.0,1.0,0.0,0.0,0.0,0.0,0.0,56,Valid and occupied,Visit,Borrower confirmed at address on prior visit; schedule visit
AD000069,AC000056,residence,kyc_origination,2026-04-01,T2,"No. 124, Gali no-3, डाकघर के पास, Shivaji Nagar, Devgarh Ngr - 970202",8,locked_premises,80.0,3.0,1.0,3.0,1.0,0.0,0.0,0.0,69,Valid and occupied,Visit,Borrower confirmed at address on prior visit; schedule visit
AD000070,AC000056,permanent_native,kyc_origination,2026-04-01,OUT,"Village Sundarpur, Tehsil C, District West - 991196",0,,0.0,,,,,,,,51,Valid and occupied,Visit,Unvisited address with complete description; schedule initial field visit
AD000071,AC000057,residence,kyc_origination,2026-04-01,T3,"No. 19, Blk A, Rd 3, Petrol Bunk edhuu, Unity Nagar, Navanagara East - 980302",0,,0.0,,,,,,,,77,Valid and occupied,Visit,Unvisited address with complete description; schedule initial field visit
AD000072,AC000058,residence,kyc_origination,2026-04-01,T3,"Annapoorna Nilaya, D Block, 4th Rd, ner Mosque, Navanagara East - 980302",0,,0.0,,,,,,,,72,Valid and occupied,Visit,Unvisited address with complete description; schedule initial field visit
AD000073,AC000059,residence,kyc_origination,2026-04-01,T2,"House 206, Gali No. 2, Ward 7, Gandhi Basti, Devgarh Nagar - 970203",0,,0.0,,,,,,,,67,Valid and occupied,Visit,Unvisited address with complete description; schedule initial field visit
AD000074,AC000059,office,kyc_origination,2026-04-01,T2,"#38, Azad Mohalla, Devgarh Ngr - 970202",0,,0.0,,,,,,,,39,Valid and occupied,Visit,Unvisited address with complete description; schedule initial field visit
AD000075,AC000060,residence,kyc_origination,2026-04-01,T1,"No. 326, 5th Cross, 5th Main, opp Hanuman Temple, Nehru Colony, Kaveripura - 960102",6,address_not_traceable,64.0,0.0,1.0,1.0,3.0,0.0,1.0,0.0,83,"Valid, but borrower usually absent",Change the visit time,Premises locked or met family; shift visit to evening/weekend slot
AD000076,AC000061,residence,kyc_origination,2026-04-01,T2,"Gali 9, Ward 7, close to Ganesh Temple, Gandhi Baste, Devgarh Nagr - 970203",2,met_family,228.0,0.0,1.0,0.0,0.0,0.0,1.0,0.0,75,"Valid, but borrower usually absent",Change the visit time,Premises locked or met family; shift visit to evening/weekend slot
AD000077,AC000062,residence,kyc_origination,2026-04-01,T3,"185/3, A Blk., 2nd Rd, Haalina Dairy hindhe, Navanagara East - 980302",0,,0.0,,,,,,,,69,Valid and occupied,Visit,Unvisited address with complete description; schedule initial field visit
AD000078,AC000063,residence,kyc_origination,2026-04-01,T3,"167/3, Blk E, Rd 3, opp. Govt School, Silver Oak Layout, Navanagara East - 980301",6,neighbour_says_shifted,290.0,0.0,0.0,2.0,3.0,1.0,0.0,0.0,81,"Valid, but borrower usually absent",Change the visit time,Premises locked or met family; shift visit to evening/weekend slot
AD000079,AC000064,residence,kyc_origination,2026-04-01,T3,"NO. 14, A BLOCK, 3RD RD., NEAR CHURCH, TEACHERS COL, NAVANAGARA EAST - 980302",7,address_not_traceable,207.0,2.0,1.0,1.0,0.0,0.0,3.0,0.0,77,Valid and occupied,Visit,Borrower confirmed at address on prior visit; schedule visit
AD000080,AC000064,office,kyc_origination,2026-04-01,T3,"NO. 254, C BLOCK, 5TH ROAD, OPP HANUMAN TEMPLE, LAKEVIEW PHASE 2, NAVANAGARA EAST - 980303",1,address_not_traceable,95.0,0.0,0.0,0.0,0.0,0.0,1.0,0.0,90,Hard to find on the ground,Resolve the location (Problem Statement 3) before writing it off,Detailed address but agent could not locate pin (95s dwell); resolve geocode (PS3)
AD000081,AC000065,residence,kyc_origination,2026-04-01,T3,"Blk B, Rd 5, nr Milk Booth, HMT Colony, Navanagara East",2,met_borrower,369.0,1.0,1.0,0.0,0.0,0.0,0.0,0.0,55,Valid and occupied,Visit,Borrower confirmed at address on prior visit; schedule visit
AD000082,AC000066,residence,kyc_origination,2026-04-01,T3,2951/ c block 6th road opp. hanuman temple lakeview phase 2 navanagara east - 980303,1,neighbour_says_shifted,241.0,0.0,0.0,0.0,1.0,0.0,0.0,0.0,84,Borrower has moved,Trace the new address,Neighbours or occupants confirmed borrower relocated; trace new address
AD000083,AC000066,office,kyc_origination,2026-04-01,T3,#203 blk f rd 4 nr post office hmt colony navanagara east - 980301,0,,0.0,,,,,,,,66,Valid and occupied,Visit,Unvisited address with complete description; schedule initial field visit
AD000084,AC000067,residence,kyc_origination,2026-04-01,T3,"H.NO. 371, B BLOCK, 4TH ROAD, NR. MASJID, ORCHID ENCLAVE, NAVANAGARA EAST - 980301",0,,0.0,,,,,,,,82,Valid and occupied,Visit,Unvisited address with complete description; schedule initial field visit
AD000085,AC000068,residence,kyc_origination,2026-04-01,T1,house 283 ಬಸ್ ನಿಲ್ದಾಣ ಹತ್ತಿರ gandhi nagar kaveripura - 960102,2,address_not_traceable,88.0,0.0,1.0,0.0,0.0,0.0,1.0,0.0,61,Hard to find on the ground,Resolve the location (Problem Statement 3) before writing it off,Detailed address but agent could not locate pin (88s dwell); resolve geocode (PS3)
AD000086,AC000069,residence,kyc_origination,2026-04-01,T2,h.no. 107 gali no. 5 opp water tank krishna puri devgarh nagar,3,met_borrower,823.0,2.0,1.0,0.0,0.0,0.0,0.0,0.0,62,Valid and occupied,Visit,Borrower confirmed at address on prior visit; schedule visit
AD000087,AC000069,office,kyc_origination,2026-04-01,T2,#423 gali no. 11 ward 7 gandhi basti devgarh nagar - 970201,0,,0.0,,,,,,,,59,Valid and occupied,Visit,Unvisited address with complete description; schedule initial field visit
AD000088,AC000070,residence,kyc_origination,2026-04-01,T2,gali no-10 hanuman mandir ke paass ambedkar nagar devgarh nagar - 970204,6,met_family,459.0,0.0,3.0,2.0,0.0,0.0,0.0,1.0,72,"Valid, but borrower usually absent",Change the visit time,Premises locked or met family; shift visit to evening/weekend slot
AD000089,AC000071,residence,kyc_origination,2026-04-01,T2,"77/3, गली नं. 9, Ward 3, हनुमान मंदिर के पास, Ambedkar Nagar, Devgarh Ngr - 970204",0,,0.0,,,,,,,,82,Valid and occupied,Visit,Unvisited address with complete description; schedule initial field visit
AD000090,AC000071,office,kyc_origination,2026-04-01,T2,"No. 324, near Hanuman Temple, Subhash Nagar, Devgarh Nagar - 970201",0,,0.0,,,,,,,,67,Valid and occupied,Visit,Unvisited address with complete description; schedule initial field visit
AD000091,AC000072,residence,kyc_origination,2026-04-01,T2,no. 410 gali no. 1 bus adda ke piche devgarh nagar - 970202,0,,0.0,,,,,,,,59,Valid and occupied,Visit,Unvisited address with complete description; schedule initial field visit
AD000092,AC000073,residence,kyc_origination,2026-04-01,T3,"#272, Blk A, Rd 1, close to Hanuman Temple, Palm Meadows, Navanagara East - 980302",0,,0.0,,,,,,,,82,Valid and occupied,Visit,Unvisited address with complete description; schedule initial field visit
AD000093,AC000073,office,kyc_origination,2026-04-01,T3,"#304, E Blk, 1st Rd, b/h Kalyana Mantapa, Sunrise Enclave, Navanagara East - 980304",0,,0.0,,,,,,,,83,Valid and occupied,Visit,Unvisited address with complete description; schedule initial field visit
AD000094,AC000074,residence,kyc_origination,2026-04-01,T3,no. 397 nr. government school silver oak lyt navanagara east - 980301,8,locked_premises,90.0,2.0,0.0,4.0,0.0,0.0,2.0,0.0,69,Valid and occupied,Visit,Borrower confirmed at address on prior visit; schedule visit
AD000095,AC000074,permanent_native,kyc_origination,2026-04-01,OUT,"Village Mallapura, Taluk A, District West - 991842",0,,0.0,,,,,,,,50,Valid and occupied,Visit,Unvisited address with complete description; schedule initial field visit
AD000096,AC000075,residence,kyc_origination,2026-04-01,T3,"NO. 206, NR GANESH TEMPLE, LAKEVIEW PHASE 2, NAVAANAGARA EAST - 980303",7,met_family,560.0,2.0,4.0,1.0,0.0,0.0,0.0,0.0,70,Valid and occupied,Visit,Borrower confirmed at address on prior visit; schedule visit
AD000097,AC000076,residence,kyc_origination,2026-04-01,T3,blk a rd 6 tanki ke saamne green park lyt navanagara east - 980301,0,,0.0,,,,,,,,66,Valid and occupied,Visit,Unvisited address with complete description; schedule initial field visit
AD000098,AC000077,residence,kyc_origination,2026-04-01,T3,"B Block, 5th Road, Bus Stop ke paas, Railway Colony, Navanagara East - 980304",7,neighbour_says_shifted,122.0,0.0,0.0,3.0,1.0,1.0,2.0,0.0,77,"Valid, but borrower usually absent",Change the visit time,Premises locked or met family; shift visit to evening/weekend slot
AD000099,AC000078,residence,kyc_origination,2026-04-01,T3,no. 107 blk f rd 7 nr pharmacy hmt colony navanagara east - 980304,7,locked_premises,122.0,0.0,3.0,2.0,0.0,0.0,2.0,0.0,66,"Valid, but borrower usually absent",Change the visit time,Premises locked or met family; shift visit to evening/weekend slot
AD000100,AC000079,residence,kyc_origination,2026-04-01,T1,8th cross 4th main rd park hattira nehru colony kaveripura - 960102,7,neighbour_says_shifted,328.0,0.0,0.0,3.0,4.0,0.0,0.0,0.0,67,"Valid, but borrower usually absent",Change the visit time,Premises locked or met family; shift visit to evening/weekend slot
AD000101,AC000080,residence,kyc_origination,2026-04-01,T3,"House 13, B Blk, 4th Rad, nr Mosque, Railway Colony, Nvaanagara Eat - 980304",0,,0.0,,,,,,,,76,Valid and occupied,Visit,Unvisited address with complete description; schedule initial field visit
AD000102,AC000081,residence,kyc_origination,2026-04-01,T1,#266 6th crs 7th main ನ್ಯಾಯಬೆಲೆ ಅಂಗಡಿ ಪಕ್ಕ anjaneya badavane kaveripura - 960103,0,,0.0,,,,,,,,80,Valid and occupied,Visit,Unvisited address with complete description; schedule initial field visit
AD000103,AC000082,residence,kyc_origination,2026-04-01,T3,"No. 180, Blk D, Rd 5, Palm Meadows, Navanagara East - 980302",0,,0.0,,,,,,,,60,Valid and occupied,Visit,Unvisited address with complete description; schedule initial field visit
AD000104,AC000083,residence,kyc_origination,2026-04-01,T1,372/2 sri krishna nivas 5th crs 2nd mn medical shop hindhe vidya nagr kaveripura,0,,0.0,,,,,,,,80,Valid and occupied,Visit,Unvisited address with complete description; schedule initial field visit
AD000105,AC000084,residence,kyc_origination,2026-04-01,T2,"H.No. 336, Geli 11, Sarkari School ke pass, Shastri Nagr, Devgarh Nagar - 970201",7,met_family,217.0,2.0,1.0,1.0,0.0,0.0,3.0,0.0,80,Valid and occupied,Visit,Borrower confirmed at address on prior visit; schedule visit
AD000106,AC000085,residence,kyc_origination,2026-04-01,T1,"No. 49, Ganapathi Gudi hattira, Vinayaka Nagar, Kaveripura - 960104",1,met_family,256.0,0.0,1.0,0.0,0.0,0.0,0.0,0.0,67,"Valid, but borrower usually absent",Change the visit time,Premises locked or met family; shift visit to evening/weekend slot
AD000107,AC000086,residence,kyc_origination,2026-04-01,T3,f blk. 1st road lakeview phase 2 navanagara east - 980303,8,address_not_traceable,91.0,0.0,0.0,1.0,0.0,0.0,7.0,0.0,57,"Valid, but borrower usually absent",Change the visit time,Premises locked or met family; shift visit to evening/weekend slot
AD000108,AC000087,residence,kyc_origination,2026-04-01,T3,"182/2, Om Sai Complex, Blk E, Rd 1, ಗಣಪತಿ ದೇವಸ್ಥಾನ ಹತ್ತಿರ, Defence Colony, Navanagara East - 980301",0,,0.0,,,,,,,,99,Valid and occupied,Visit,Unvisited address with complete description; schedule initial field visit
AD000109,AC000088,residence,kyc_origination,2026-04-01,T1,"#378, 5th X, 8th Main, near Kalyana Mantapa, Siddeshwara Colony, Kaveripura - 960102",0,,0.0,,,,,,,,84,Valid and occupied,Visit,Unvisited address with complete description; schedule initial field visit
AD000110,AC000088,permanent_native,kyc_origination,2026-04-01,OUT,"Village Bilagi, Taluk A, District West - 998921",0,,0.0,,,,,,,,47,Valid and occupied,Visit,Unvisited address with complete description; schedule initial field visit
AD000111,AC000089,residence,kyc_origination,2026-04-01,T1,"H.No. 56, Masidi hattira, Vidya Nagar, Kaveripura - 960103",5,neighbour_says_shifted,130.0,0.0,0.0,1.0,1.0,0.0,3.0,0.0,58,"Valid, but borrower usually absent",Change the visit time,Premises locked or met family; shift visit to evening/weekend slot
AD000112,AC000089,office,kyc_origination,2026-04-01,T1,"5th Cross, 5th Main, Ganapathi Guudi hinde, Gandhi Nagr, Kaveripura - 960103",2,address_not_traceable,103.0,0.0,0.0,0.0,0.0,0.0,2.0,0.0,76,Hard to find on the ground,Resolve the location (Problem Statement 3) before writing it off,Detailed address but agent could not locate pin (103s dwell); resolve geocode (PS3)
AD000113,AC000090,residence,kyc_origination,2026-04-01,T3,#161 blk d rd 5 opposite children park sunrise enclave navanagara east - 980304,0,,0.0,,,,,,,,79,Valid and occupied,Visit,Unvisited address with complete description; schedule initial field visit
AD000114,AC000091,residence,kyc_origination,2026-04-01,T1,annapoorna nilaya 10ht cross 2nd main rd nehru colony kaveripura,5,locked_premises,173.0,2.0,1.0,2.0,0.0,0.0,0.0,0.0,64,Valid and occupied,Visit,Borrower confirmed at address on prior visit; schedule visit
AD000115,AC000092,residence,kyc_origination,2026-04-01,T3,"184/2, Blk D, Rd 5, Sunrise Enclave, Navanagara East - 980303",0,,0.0,,,,,,,,61,Valid and occupied,Visit,Unvisited address with complete description; schedule initial field visit
AD000116,AC000093,residence,kyc_origination,2026-04-01,T3,"Blk D, Rd 5, Paani ki Tanki ke piche, Navanagara East - 980301",1,address_not_traceable,47.0,0.0,0.0,0.0,0.0,0.0,1.0,0.0,62,Hard to find on the ground,Resolve the location (Problem Statement 3) before writing it off,Detailed address but agent could not locate pin (47s dwell); resolve geocode (PS3)
AD000117,AC000094,residence,kyc_origination,2026-04-01,T3,"House 105, Bus Nildana hattira, Palm Meadows, Navanagara East - 980302",0,,0.0,,,,,,,,70,Valid and occupied,Visit,Unvisited address with complete description; schedule initial field visit
AD000118,AC000094,permanent_native,kyc_origination,2026-04-01,OUT,"Village Mallapura, Taluk B, District West - 991187",0,,0.0,,,,,,,,50,Valid and occupied,Visit,Unvisited address with complete description; schedule initial field visit
AD000119,AC000095,residence,kyc_origination,2026-04-01,T1,"2ND CROSS, 5TH MAIN, NR. BUS STAND, KAVERIPURA - 960101",0,,0.0,,,,,,,,55,Valid and occupied,Visit,Unvisited address with complete description; schedule initial field visit
AD000120,AC000096,residence,kyc_origination,2026-04-01,T3,"BLK A, RD 7, PALM MEADOWS, NAVANAGARA EAST - 980302",0,,0.0,,,,,,,,51,Valid and occupied,Visit,Unvisited address with complete description; schedule initial field visit
AD000121,AC000096,office,kyc_origination,2026-04-01,T3,"D BLOCK, 1ST ROAD, BESIDE PETROL BUNK, NAVANAGARA EAST - 980301",0,,0.0,,,,,,,,63,Valid and occupied,Visit,Unvisited address with complete description; schedule initial field visit
AD000122,AC000097,residence,kyc_origination,2026-04-01,T3,"#95, BLK C, RD 6, OPP MEDICAL STORE, TEACHERS COLONY, NAVANAGORA EAST - 980302",0,,0.0,,,,,,,,78,Valid and occupied,Visit,Unvisited address with complete description; schedule initial field visit
AD000123,AC000098,residence,kyc_origination,2026-04-01,T2,"H.NO. 241, GALI NO-2, RATION KI DUKAAN KE PAAS, AZAD MOHALLA, DEVGARH NAGAR - 970203",0,,0.0,,,,,,,,84,Valid and occupied,Visit,Unvisited address with complete description; schedule initial field visit
AD000124,AC000099,residence,kyc_origination,2026-04-01,T3,"Blk D, Rd 5, nr Hnauman Temple, Palm Meadows, Navanagara East - 980302",0,,0.0,,,,,,,,70,Valid and occupied,Visit,Unvisited address with complete description; schedule initial field visit
AD000125,AC000099,office,kyc_origination,2026-04-01,T3,"H.No. 129, Blk B, Rd 6, near Bus Stop, Lakeview Phase 2, Navanagara East - 980303",0,,0.0,,,,,,,,81,Valid and occupied,Visit,Unvisited address with complete description; schedule initial field visit
AD000126,AC000100,residence,kyc_origination,2026-04-01,T1,"NO. 227, GANDHI NAGAR, KAVERIPURA",4,locked_premises,160.0,0.0,0.0,1.0,1.0,2.0,0.0,0.0,33,"Valid, but borrower usually absent",Change the visit time,Premises locked or met family; shift visit to evening/weekend slot
AD000127,AC000101,residence,kyc_origination,2026-04-01,T3,"B BLK, 6TH ROAD, NR GOVT SCHOOL, TEACHERS COLNY, NAVANAGARA EAST - 980302",0,,0.0,,,,,,,,73,Valid and occupied,Visit,Unvisited address with complete description; schedule initial field visit
AD000128,AC000102,residence,kyc_origination,2026-04-01,T1,"No. 471, 10th Cross, 2nd Main, Ganapathi Gudi hinhde, Nehru Colny, Kaveripura - 960102",0,,0.0,,,,,,,,86,Valid and occupied,Visit,Unvisited address with complete description; schedule initial field visit
AD000129,AC000103,residence,kyc_origination,2026-04-01,T1,"11th Cross, 7th Main, nr Community Hall, Nehru Colony, Kaveripura - 960102",9,locked_premises,235.0,2.0,4.0,2.0,0.0,0.0,1.0,0.0,74,Valid and occupied,Visit,Borrower confirmed at address on prior visit; schedule visit
AD000130,AC000104,residence,kyc_origination,2026-04-01,T1,"#258, NR. MEDICAL STORE, SIDDESHWARA COLONY, KAVERIPURA - 960102",1,met_borrower,490.0,1.0,0.0,0.0,0.0,0.0,0.0,0.0,64,Valid and occupied,Visit,Borrower confirmed at address on prior visit; schedule visit
AD000131,AC000104,permanent_native,kyc_origination,2026-04-01,OUT,"Village Kodihalli, Tehsil C, District West - 992194",0,,0.0,,,,,,,,51,Valid and occupied,Visit,Unvisited address with complete description; schedule initial field visit
AD000132,AC000105,residence,kyc_origination,2026-04-01,T3,"217/3, Sri Krishna Nivas, Blk F, Rd 3, near Mosque, Teachers Colony, Navanagara East - 980302",0,,0.0,,,,,,,,93,Valid and occupied,Visit,Unvisited address with complete description; schedule initial field visit
AD000133,AC000105,office,kyc_origination,2026-04-01,T3,blk b rd 2 haanuman mandir ke pass green park layout navanagara east - 980301,1,locked_premises,190.0,0.0,0.0,1.0,0.0,0.0,0.0,0.0,77,"Valid, but borrower usually absent",Change the visit time,Premises locked or met family; shift visit to evening/weekend slot
AD000134,AC000106,residence,kyc_origination,2026-04-01,T2,h.noo. 449 gali no-4 ward 8 azad mohalla devgarh nagar - 970203,0,,0.0,,,,,,,,63,Valid and occupied,Visit,Unvisited address with complete description; schedule initial field visit
AD000135,AC000107,residence,kyc_origination,2026-04-01,T1,15/3 12th crs 5th main gandhi nagr kaveripura - 960102,5,neighbour_says_shifted,364.0,0.0,0.0,1.0,3.0,1.0,0.0,0.0,54,"Valid, but borrower usually absent",Change the visit time,Premises locked or met family; shift visit to evening/weekend slot
AD000136,AC000108,residence,kyc_origination,2026-04-01,T1,"382/3, NR. CHURCH, KUVEMPU LAYOUT, KAVERIPURA - 960102",0,,0.0,,,,,,,,54,Valid and occupied,Visit,Unvisited address with complete description; schedule initial field visit
AD000137,AC000109,residence,kyc_origination,2026-04-01,T3,c block 4th rd nr. post office silver oak layt navanagara east - 980301,3,met_family,530.0,0.0,2.0,0.0,0.0,0.0,1.0,0.0,71,"Valid, but borrower usually absent",Change the visit time,Premises locked or met family; shift visit to evening/weekend slot
AD000138,AC000110,residence,kyc_origination,2026-04-01,T1,"Om Sai Complex, 6th Cr, 3rd Main, Gandhi Nagar, Kaveripura - 960104",9,met_family,208.0,3.0,1.0,3.0,0.0,0.0,1.0,1.0,67,Valid and occupied,Visit,Borrower confirmed at address on prior visit; schedule visit
AD000139,AC000111,residence,kyc_origination,2026-04-01,T2,"53/3, Gali no-10, Ward 1, close to Pharmacy, Shivaji Nagar, Devgarh Ngr - 970202",0,,0.0,,,,,,,,80,Valid and occupied,Visit,Unvisited address with complete description; schedule initial field visit
AD000140,AC000111,office,kyc_origination,2026-04-01,T2,"H.No. 227, Gali 8, near Petrol Bunk, Tilak Nagar, Devgarh Nagar - 970204",0,,0.0,,,,,,,,72,Valid and occupied,Visit,Unvisited address with complete description; schedule initial field visit
AD000141,AC000112,residence,kyc_origination,2026-04-01,T2,"Gali No. 4, Ward 1, Devgarh Nagar - 970202",5,address_not_traceable,82.0,0.0,0.0,0.0,0.0,0.0,5.0,0.0,42,Hard to find on the ground,Resolve the location (Problem Statement 3) before writing it off,Detailed address but agent could not locate pin (82s dwell); resolve geocode (PS3)
AD000142,AC000113,residence,kyc_origination,2026-04-01,T3,blk f rd 6 lakeview phase 2 navanagara east - 980303,7,met_family,306.0,2.0,3.0,0.0,0.0,0.0,1.0,1.0,52,Valid and occupied,Visit,Borrower confirmed at address on prior visit; schedule visit
AD000143,AC000113,permanent_native,kyc_origination,2026-04-01,OUT,"Village Sundarpur, Taluk B, District South - 995170",0,,0.0,,,,,,,,51,Valid and occupied,Visit,Unvisited address with complete description; schedule initial field visit
AD000144,AC000114,residence,kyc_origination,2026-04-01,T3,h.no. 246 shanti kunj blk d rd 5 opp bus stop sunrise enclave navanagara east - 980304,0,,0.0,,,,,,,,86,Valid and occupied,Visit,Unvisited address with complete description; schedule initial field visit
AD000145,AC000115,residence,kyc_origination,2026-04-01,T3,"#179, B Blk., 3rd Road, b/h Ration Shop, HMT Colony, Navanagara East - 980301",0,,0.0,,,,,,,,77,Valid and occupied,Visit,Unvisited address with complete description; schedule initial field visit
AD000146,AC000116,residence,kyc_origination,2026-04-01,T1,"House 31, Anjeneya Badavane, Kaveripura",3,met_borrower,1373.0,1.0,1.0,0.0,0.0,0.0,1.0,0.0,39,Valid and occupied,Visit,Borrower confirmed at address on prior visit; schedule visit
AD000147,AC000117,residence,kyc_origination,2026-04-01,T2,"गली नं. 9, GANDHI BASTI, DEVGARH NAGAR - 970203",5,met_family,558.0,0.0,1.0,1.0,0.0,0.0,3.0,0.0,47,"Valid, but borrower usually absent",Change the visit time,Premises locked or met family; shift visit to evening/weekend slot
AD000148,AC000118,residence,kyc_origination,2026-04-01,T1,"H.No. 169, 6th X, 8th Mn, Church hattira, Basava Ngr, Kaveripura - 960101",0,,0.0,,,,,,,,73,Valid and occupied,Visit,Unvisited address with complete description; schedule initial field visit
AD000149,AC000119,residence,kyc_origination,2026-04-01,T2,"H.NO. 211, GALI 2, GANNDHI BASTI, DEVGARH NAGAR",0,,0.0,,,,,,,,47,Valid and occupied,Visit,Unvisited address with complete description; schedule initial field visit
AD000150,AC000120,residence,kyc_origination,2026-04-01,T2,"HOUSE 170, SHANTI KUNJ, GALI NO. 7, KRISHNA PURI, DEVGARH NAGAR",6,locked_premises,81.0,0.0,0.0,5.0,1.0,0.0,0.0,0.0,63,"Valid, but borrower usually absent",Change the visit time,Premises locked or met family; shift visit to evening/weekend slot
AD000151,AC000120,office,kyc_origination,2026-04-01,T2,"H.NO. 257, GALI NO. 10, AMBEDKAR NAGAR, DEVGARH NAGAR - 970204",2,met_borrower,637.0,2.0,0.0,0.0,0.0,0.0,0.0,0.0,62,Valid and occupied,Visit,Borrower confirmed at address on prior visit; schedule visit
AD000152,AC000121,residence,kyc_origination,2026-04-01,T2,"H.No. 115, Gali 9, Krishna Puri, Devgarh Nagr - 970202",2,neighbour_says_shifted,299.0,0.0,0.0,0.0,2.0,0.0,0.0,0.0,54,Borrower has moved,Trace the new address,Neighbours or occupants confirmed borrower relocated; trace new address
AD000153,AC000122,residence,kyc_origination,2026-04-01,T3,"Blk F, Rd 3, near Govt Schol, Silver Oak Layout, Navanagara East - 980301",6,locked_premises,228.0,1.0,2.0,2.0,0.0,0.0,1.0,0.0,73,Valid and occupied,Visit,Borrower confirmed at address on prior visit; schedule visit
AD000154,AC000122,office,kyc_origination,2026-04-01,T3,house 244 c block 2nd road next to children park palm meadows navanagara east - 980302,3,met_borrower,737.0,2.0,0.0,1.0,0.0,0.0,0.0,0.0,86,Valid and occupied,Visit,Borrower confirmed at address on prior visit; schedule visit
AD000155,AC000123,residence,kyc_origination,2026-04-01,T3,"F Blk., 2nd Road, close to Overhead Tank, Teachers Colony, Navanagara East - 980302",9,locked_premises,211.0,2.0,3.0,2.0,0.0,0.0,1.0,1.0,83,Valid and occupied,Visit,Borrower confirmed at address on prior visit; schedule visit
AD000156,AC000124,residence,kyc_origination,2026-04-01,T1,"1st Cross, 4th Main, near Hanuman Temple, Kaveripura - 960102",0,,0.0,,,,,,,,61,Valid and occupied,Visit,Unvisited address with complete description; schedule initial field visit
AD000157,AC000125,residence,kyc_origination,2026-04-01,T3,blk f rd 1 near water tank palm meadows navanagara east - 980302,0,,0.0,,,,,,,,64,Valid and occupied,Visit,Unvisited address with complete description; schedule initial field visit
AD000158,AC000125,permanent_native,kyc_origination,2026-04-01,OUT,"Village Devipur, Taluk A, District South - 993803",0,,0.0,,,,,,,,49,Valid and occupied,Visit,Unvisited address with complete description; schedule initial field visit
AD000159,AC000126,residence,kyc_origination,2026-04-01,T3,no. 432 blk d rd 4 bhd milk dairy silver oak layt navanagara east,4,neighbour_says_shifted,275.0,0.0,0.0,1.0,3.0,0.0,0.0,0.0,65,"Valid, but borrower usually absent",Change the visit time,Premises locked or met family; shift visit to evening/weekend slot
AD000160,AC000127,residence,kyc_origination,2026-04-01,T3,"D Blk, 6th Road, opp. Community Hall, Lakeview Phase 2, Navvanagara East - 980304",0,,0.0,,,,,,,,81,Valid and occupied,Visit,Unvisited address with complete description; schedule initial field visit
AD000161,AC000128,residence,kyc_origination,2026-04-01,T1,no. 44 5th cross 6th main vinayaka nagar kaveripura - 960104,0,,0.0,,,,,,,,60,Valid and occupied,Visit,Unvisited address with complete description; schedule initial field visit
AD000162,AC000129,residence,kyc_origination,2026-04-01,T2,"H.No. 191, Gali no-1, Girja Ghar ke pass, Shivaji Nagar, Devgarh Ngr - 970202",0,,0.0,,,,,,,,77,Valid and occupied,Visit,Unvisited address with complete description; schedule initial field visit
AD000163,AC000130,residence,kyc_origination,2026-04-01,T2,"467/2, Annapoorna Nilaya, Ambedkar Nagar, Devgarh Nagar - 970204",2,no_such_person,243.0,0.0,0.0,0.0,1.0,1.0,0.0,0.0,64,Borrower has moved,Trace the new address,Neighbours or occupants confirmed borrower relocated; trace new address
AD000164,AC000130,office,kyc_origination,2026-04-01,T2,"No. 68, Gali no-6, Ward 6, Neru Colony, Devgarh Nagar - 970203",0,,0.0,,,,,,,,62,Valid and occupied,Visit,Unvisited address with complete description; schedule initial field visit
AD000165,AC000131,residence,kyc_origination,2026-04-01,T2,"Gali no-7, Nehru Colony, Devgarh Nagar - 970203",1,locked_premises,172.0,0.0,0.0,1.0,0.0,0.0,0.0,0.0,47,"Valid, but borrower usually absent",Change the visit time,Premises locked or met family; shift visit to evening/weekend slot
AD000166,AC000132,residence,kyc_origination,2026-04-01,T2,"H.No. 370, Gali no-12, Ward 6, Nehru Colony, Devgarh Nagr - 9700203",1,met_borrower,1261.0,1.0,0.0,0.0,0.0,0.0,0.0,0.0,67,Valid and occupied,Visit,Borrower confirmed at address on prior visit; schedule visit
AD000167,AC000132,office,kyc_origination,2026-04-01,T2,"H.No. 236, Gali No. 3, Ward 1, near Community Hall, Shivaji Ngr, Devgarh Nagar - 970202",0,,0.0,,,,,,,,87,Valid and occupied,Visit,Unvisited address with complete description; schedule initial field visit
AD000168,AC000133,residence,kyc_origination,2026-04-01,T1,"#236, 3rd Cross, 3rd Main, Sarkari Shaale hattira, Kalyana Nagr, Kaveripura - 960104",0,,0.0,,,,,,,,84,Valid and occupied,Visit,Unvisited address with complete description; schedule initial field visit
AD000169,AC000134,residence,kyc_origination,2026-04-01,T1,"H.NO. 217, 10TH X, 8TH MN, NEAR BUS STOP, NEHRU COLNY, KAVERIPURA - 960102",6,address_not_traceable,84.0,1.0,1.0,1.0,0.0,0.0,3.0,0.0,74,Valid and occupied,Visit,Borrower confirmed at address on prior visit; schedule visit
AD000170,AC000135,residence,kyc_origination,2026-04-01,T3,"Blk F, Rd 6, Green Park Layout, Navanagara East - 980301",9,address_not_traceable,40.0,1.0,0.0,1.0,0.0,0.0,7.0,0.0,56,Valid and occupied,Visit,Borrower confirmed at address on prior visit; schedule visit
AD000171,AC000136,residence,kyc_origination,2026-04-01,T1,"HOUSE 179, 9TH CRS, 8TH MN, NR. MOSQUE, KAVERIPURA",0,,0.0,,,,,,,,50,Valid and occupied,Visit,Unvisited address with complete description; schedule initial field visit
AD000172,AC000137,residence,kyc_origination,2026-04-01,T1,"3RD CR, 3RD MAIN RD, NR GOVT SCHOOL, SHANTHI NAGAR, KAVERIPURA - 960101",4,met_borrower,834.0,1.0,1.0,2.0,0.0,0.0,0.0,0.0,71,Valid and occupied,Visit,Borrower confirmed at address on prior visit; schedule visit
AD000173,AC000138,residence,kyc_origination,2026-04-01,T2,"No. 108, Gali no-3, Ward 11, near Masjid, Patel Ngr, Devgarh Nagr - 970202",8,met_borrower,1369.0,5.0,1.0,2.0,0.0,0.0,0.0,0.0,74,Valid and occupied,Visit,Borrower confirmed at address on prior visit; schedule visit
AD000174,AC000138,office,kyc_origination,2026-04-01,T2,"H.No. 470, Om Sai Complex, Gali 1, Ration ki Dukaan ke peeche, Tilak Ngr, Devgarh Nagar - 970204",1,address_not_traceable,113.0,0.0,0.0,0.0,0.0,0.0,1.0,0.0,96,Hard to find on the ground,Resolve the location (Problem Statement 3) before writing it off,Detailed address but agent could not locate pin (113s dwell); resolve geocode (PS3)
AD000175,AC000139,residence,kyc_origination,2026-04-01,T2,no. 153 gali 3 patel nagar devgarh nagar - 970202,2,met_borrower,1345.0,1.0,0.0,0.0,0.0,0.0,1.0,0.0,49,Valid and occupied,Visit,Borrower confirmed at address on prior visit; schedule visit
AD000176,AC000140,residence,kyc_origination,2026-04-01,T2,"H.NO. 431, GALI 10, WARD 1, NR MEDICALS, SHIVAJI NAGAR, DEVGARH NAGAR - 970202",3,address_not_traceable,63.0,2.0,0.0,0.0,0.0,0.0,1.0,0.0,78,Valid and occupied,Visit,Borrower confirmed at address on prior visit; schedule visit
AD000177,AC000141,residence,kyc_origination,2026-04-01,T3,house 88 blk b rd 4 nr. water tank sunrise enclave navanagara east - 980304,1,met_borrower,1186.0,1.0,0.0,0.0,0.0,0.0,0.0,0.0,75,Valid and occupied,Visit,Borrower confirmed at address on prior visit; schedule visit
AD000178,AC000142,residence,kyc_origination,2026-04-01,T2,"No. 46, Gali 9, nr Govt School, Idnira Col, Devgarh Nagar - 970202",3,neighbour_says_shifted,132.0,0.0,0.0,1.0,1.0,0.0,1.0,0.0,66,"Valid, but borrower usually absent",Change the visit time,Premises locked or met family; shift visit to evening/weekend slot
AD000179,AC000143,residence,kyc_origination,2026-04-01,T1,"#476, 11TH CR, 6TH MAIN, VIYA NAGAR, KVERIPURA - 960103",0,,0.0,,,,,,,,55,Valid and occupied,Visit,Unvisited address with complete description; schedule initial field visit
AD000180,AC000144,residence,kyc_origination,2026-04-01,T1,"3rd Cross, 3rd Main, nr. Posst Office, Shanthi Ngr, Kaveripura - 960101",2,address_not_traceable,37.0,0.0,0.0,1.0,0.0,0.0,1.0,0.0,71,"Valid, but borrower usually absent",Change the visit time,Premises locked or met family; shift visit to evening/weekend slot
AD000181,AC000145,residence,kyc_origination,2026-04-01,T2,gali no. 8 ward 6 nehru colony devgarh ngr - 970203,1,met_family,511.0,0.0,1.0,0.0,0.0,0.0,0.0,0.0,51,"Valid, but borrower usually absent",Change the visit time,Premises locked or met family; shift visit to evening/weekend slot
AD000182,AC000146,residence,kyc_origination,2026-04-01,T2,"Gali No. 7, Bus Stop ke saamne, Azad Mohalla, Devgarh Nagar - 970203",9,address_not_traceable,103.0,0.0,0.0,0.0,0.0,2.0,7.0,0.0,68,Hard to find on the ground,Resolve the location (Problem Statement 3) before writing it off,Detailed address but agent could not locate pin (103s dwell); resolve geocode (PS3)
AD000183,AC000146,permanent_native,kyc_origination,2026-04-01,OUT,"Village Mallapura, Tehsil C, District South - 994058",0,,0.0,,,,,,,,52,Valid and occupied,Visit,Unvisited address with complete description; schedule initial field visit
AD000184,AC000147,residence,kyc_origination,2026-04-01,T3,f block 5th rd. close to ganesh temple railway colony navanagara east - 980304,0,,0.0,,,,,,,,78,Valid and occupied,Visit,Unvisited address with complete description; schedule initial field visit
AD000185,AC000147,office,kyc_origination,2026-04-01,T3,b block 1st road close to church teachers colony navanagara east - 980302,0,,0.0,,,,,,,,73,Valid and occupied,Visit,Unvisited address with complete description; schedule initial field visit
AD000186,AC000148,residence,kyc_origination,2026-04-01,T2,no. 77 ration ki dukaan ke samne ram nagr devgarh ngr,0,,0.0,,,,,,,,53,Valid and occupied,Visit,Unvisited address with complete description; schedule initial field visit
AD000187,AC000149,residence,kyc_origination,2026-04-01,T2,"H.No. 117, Sai Residency, Gali no-9, near Government School, Gandhi Basti, Devgarh Nagar - 970203",2,met_borrower,1372.0,1.0,1.0,0.0,0.0,0.0,0.0,0.0,97,Valid and occupied,Visit,Borrower confirmed at address on prior visit; schedule visit
AD000188,AC000150,residence,kyc_origination,2026-04-01,T3,"No. 450, Blk D, Rd 5, b/h Bus Stand, Teachers Col, Navanagara East - 980302",0,,0.0,,,,,,,,75,Valid and occupied,Visit,Unvisited address with complete description; schedule initial field visit
AD000189,AC000151,residence,kyc_origination,2026-04-01,T3,"HOUSE 56, BLK A, RD 4, NR. BUS STOP, LAKEVIEW PHASE 2, NAVANAGARA EAST - 980303",1,neighbour_says_shifted,399.0,0.0,0.0,0.0,1.0,0.0,0.0,0.0,79,Borrower has moved,Trace the new address,Neighbours or occupants confirmed borrower relocated; trace new address
AD000190,AC000151,office,kyc_origination,2026-04-01,T3,"H.NO. 310, A BLK., 4TH RD., HMT COLONY, NAVANAGARA EAST - 980302",1,locked_premises,239.0,0.0,0.0,1.0,0.0,0.0,0.0,0.0,64,"Valid, but borrower usually absent",Change the visit time,Premises locked or met family; shift visit to evening/weekend slot
AD000191,AC000152,residence,kyc_origination,2026-04-01,T3,"House 50, Blk F, Rd 2, nr Ganesh Temple, Green Park Layout, Navanagara East - 980301",2,neighbour_says_shifted,212.0,0.0,0.0,0.0,1.0,0.0,1.0,0.0,84,Borrower has moved,Trace the new address,Neighbours or occupants confirmed borrower relocated; trace new address
AD000192,AC000153,residence,kyc_origination,2026-04-01,T2,gali no. 9 nr. hanuman temple patel nagar devgarh nagar - 970202,1,met_family,236.0,0.0,1.0,0.0,0.0,0.0,0.0,0.0,64,"Valid, but borrower usually absent",Change the visit time,Premises locked or met family; shift visit to evening/weekend slot
AD000193,AC000154,residence,kyc_origination,2026-04-01,T1,#462 1st x 1st main kaveripura - 960102,9,address_not_traceable,78.0,0.0,0.0,0.0,0.0,3.0,6.0,0.0,39,Hard to find on the ground,Resolve the location (Problem Statement 3) before writing it off,Detailed address but agent could not locate pin (78s dwell); resolve geocode (PS3)
AD000194,AC000155,residence,kyc_origination,2026-04-01,T2,no. 192 sai residency dawai ki dukaan ke pass devgarh nagr - 970201,7,neighbour_says_shifted,352.0,0.0,0.0,0.0,1.0,0.0,6.0,0.0,67,Borrower has moved,Trace the new address,Neighbours or occupants confirmed borrower relocated; trace new address
AD000195,AC000156,residence,kyc_origination,2026-04-01,T1,"H.No. 69, opposite Bus Stand, Vidya Nagar, Kaveripura - 960103",2,locked_premises,227.0,0.0,0.0,1.0,0.0,0.0,1.0,0.0,62,"Valid, but borrower usually absent",Change the visit time,Premises locked or met family; shift visit to evening/weekend slot
AD000196,AC000157,residence,kyc_origination,2026-04-01,T2,h.no. 455 gali no. 4 azad mohalla devgarh nagar - 970203,0,,0.0,,,,,,,,56,Valid and occupied,Visit,Unvisited address with complete description; schedule initial field visit
AD000197,AC000158,residence,kyc_origination,2026-04-01,T3,"House 252, Ganga Apartments, Blk E, Rd 3, Silver Oak Layout, Navanagara East - 980301",9,met_borrower,760.0,5.0,2.0,2.0,0.0,0.0,0.0,0.0,85,Valid and occupied,Visit,Borrower confirmed at address on prior visit; schedule visit
AD000198,AC000159,residence,kyc_origination,2026-04-01,T2,"राशन की दुकान के पास, AMBEDKAR NAGAR, DEVGARH NAGR - 97204",5,met_borrower,1147.0,1.0,2.0,1.0,0.0,0.0,0.0,1.0,58,Valid and occupied,Visit,Borrower confirmed at address on prior visit; schedule visit
AD000199,AC000160,residence,kyc_origination,2026-04-01,T1,#294 ganga apartments anjaneya gudi hattira kaveripura - 960102,2,met_borrower,672.0,1.0,0.0,0.0,0.0,0.0,1.0,0.0,63,Valid and occupied,Visit,Borrower confirmed at address on prior visit; schedule visit
AD000200,AC000161,residence,kyc_origination,2026-04-01,T1,park hattira kaveripura - 960102,1,met_borrower,1214.0,1.0,0.0,0.0,0.0,0.0,0.0,0.0,32,Valid and occupied,Visit,Borrower confirmed at address on prior visit; schedule visit
AD000201,AC000161,office,kyc_origination,2026-04-01,T1,"No. 328, 4th Cross, 3rd Main Rd, Kuvempu Layout, Kaveripura - 960102",1,met_family,146.0,0.0,1.0,0.0,0.0,0.0,0.0,0.0,68,"Valid, but borrower usually absent",Change the visit time,Premises locked or met family; shift visit to evening/weekend slot
AD000202,AC000162,residence,kyc_origination,2026-04-01,T3,"No. 282, Shanti Kunj, Palm Meadows, Navanagara East - 980302",2,address_not_traceable,86.0,0.0,0.0,1.0,0.0,0.0,1.0,0.0,60,"Valid, but borrower usually absent",Change the visit time,Premises locked or met family; shift visit to evening/weekend slot
AD000203,AC000163,residence,kyc_origination,2026-04-01,T1,"No. 119, 2nd Cross, 4th Main, Nehru Col, Kaveripura - 960102",3,met_borrower,717.0,3.0,0.0,0.0,0.0,0.0,0.0,0.0,60,Valid and occupied,Visit,Borrower confirmed at address on prior visit; schedule visit
AD000204,AC000164,residence,kyc_origination,2026-04-01,T2,"गली नं. 5, राशन की दुकान के सामने, Azad Mohalla, Devgarh Nagar - 970203",5,met_borrower,1167.0,2.0,3.0,0.0,0.0,0.0,0.0,0.0,71,Valid and occupied,Visit,Borrower confirmed at address on prior visit; schedule visit
AD000205,AC000165,residence,kyc_origination,2026-04-01,T3,"H.NO. 240, OM SAI COMPLEX, B/H CHURCH, GREEN PARK LAYOUT, NAVANAGARA EAST - 980301",0,,0.0,,,,,,,,82,Valid and occupied,Visit,Unvisited address with complete description; schedule initial field visit
AD000206,AC000166,residence,kyc_origination,2026-04-01,T1,"#36, Om Sai Complex, 8th Crs, 5th Main, Kalyana Nagar, Kaveripura - 960104",0,,0.0,,,,,,,,74,Valid and occupied,Visit,Unvisited address with complete description; schedule initial field visit
AD000207,AC000166,office,kyc_origination,2026-04-01,T1,"House 154, Om Sai Complex, 2nd Cross, 8th Main, Kalyana Nagar, Kaveripura - 960104",0,,0.0,,,,,,,,82,Valid and occupied,Visit,Unvisited address with complete description; schedule initial field visit
AD000208,AC000167,residence,kyc_origination,2026-04-01,T3,"A Blk, 6th Road, opp. Church, Sunrise Enclave, Navanagara East",0,,0.0,,,,,,,,62,Valid and occupied,Visit,Unvisited address with complete description; schedule initial field visit
AD000209,AC000168,residence,kyc_origination,2026-04-01,T1,"#77, 3rd Cross, 8th Main Rd, bhd PDS Shop, Vidya Nagr, Kaveripura - 960103",7,address_not_traceable,96.0,0.0,0.0,0.0,0.0,1.0,6.0,0.0,74,Hard to find on the ground,Resolve the location (Problem Statement 3) before writing it off,Detailed address but agent could not locate pin (96s dwell); resolve geocode (PS3)
AD000210,AC000169,residence,kyc_origination,2026-04-01,T3,"D BLOCK, 1ST ROAD, HMT COLONY, NAVANAGARA EAST - 980301",0,,0.0,,,,,,,,55,Valid and occupied,Visit,Unvisited address with complete description; schedule initial field visit
AD000211,AC000169,office,kyc_origination,2026-04-01,T3,"256/2, BLK E, RD 1, BHD WATER TANK, UNITY NGR, NAVANAGARA EAST - 980302",0,,0.0,,,,,,,,71,Valid and occupied,Visit,Unvisited address with complete description; schedule initial field visit
AD000212,AC000170,residence,kyc_origination,2026-04-01,T1,"Sai Residency, 6th Cross, 4th Main, Gandhi Ngr, Kaveripura - 960102",0,,0.0,,,,,,,,67,Valid and occupied,Visit,Unvisited address with complete description; schedule initial field visit
AD000213,AC000171,residence,kyc_origination,2026-04-01,T1,"6TH X, 2ND MAIN RD, GANDHI NAGAR, KAVERIPURA - 960102",0,,0.0,,,,,,,,53,Valid and occupied,Visit,Unvisited address with complete description; schedule initial field visit
AD000214,AC000172,residence,kyc_origination,2026-04-01,T1,"House 160, 9th Cross, 1st Main, opp Children Park, Gandhi Nagar, Kaveripura - 960102",0,,0.0,,,,,,,,84,Valid and occupied,Visit,Unvisited address with complete description; schedule initial field visit
AD000215,AC000172,permanent_native,kyc_origination,2026-04-01,OUT,"Village Devipur, Taluk A, District North - 993299",0,,0.0,,,,,,,,49,Valid and occupied,Visit,Unvisited address with complete description; schedule initial field visit
AD000216,AC000173,residence,kyc_origination,2026-04-01,T3,no. 283 a block 4th road opp milk dairy green park layout navanagara east - 980301,2,met_borrower,1139.0,1.0,1.0,0.0,0.0,0.0,0.0,0.0,82,Valid and occupied,Visit,Borrower confirmed at address on prior visit; schedule visit
AD000217,AC000174,residence,kyc_origination,2026-04-01,T2,"H.NO. 283, GALI NO. 9, NR BUS STOP, AZAD MOHALLA, DEVGARH NAGAR - 970203",0,,0.0,,,,,,,,72,Valid and occupied,Visit,Unvisited address with complete description; schedule initial field visit
AD000218,AC000174,permanent_native,kyc_origination,2026-04-01,OUT,"Village Mallapura, Tehsil C, District West - 997860",0,,0.0,,,,,,,,51,Valid and occupied,Visit,Unvisited address with complete description; schedule initial field visit
AD000219,AC000175,residence,kyc_origination,2026-04-01,T3,"#303, A BLK., 3RD ROAD, CLOSE TO BUS STOP, SILVER OAK LAYOUT, NAVANAGARA EAST - 980301",0,,0.0,,,,,,,,86,Valid and occupied,Visit,Unvisited address with complete description; schedule initial field visit
AD000220,AC000176,residence,kyc_origination,2026-04-01,T2,gali no. 1 close to bus stop indira colony devgarh nagar - 970202,6,no_such_person,182.0,0.0,0.0,2.0,3.0,1.0,0.0,0.0,65,"Valid, but borrower usually absent",Change the visit time,Premises locked or met family; shift visit to evening/weekend slot
AD000221,AC000177,residence,kyc_origination,2026-04-01,T3,"315/1, Blk D, Rd 6, behind Bus Stop, Teachers Colony, Navanagara East - 980302",2,locked_premises,118.0,0.0,0.0,2.0,0.0,0.0,0.0,0.0,78,"Valid, but borrower usually absent",Change the visit time,Premises locked or met family; shift visit to evening/weekend slot
AD000222,AC000178,residence,kyc_origination,2026-04-01,T2,"HOUSE 192, SRI KRISHNA NIVAS, GALI NO-11, WARD 3, DOODH DAIRY KE PASS, AMBEDKAR NAGAR, DEVGARH NAGAR - 970204",0,,0.0,,,,,,,,109,Valid and occupied,Visit,Unvisited address with complete description; schedule initial field visit
AD000223,AC000179,residence,kyc_origination,2026-04-01,T2,"61/3, GREEN VIEW APTS, गली नं. 4, WARD 11, PATEL NAGAR, DEVGARH NGR - 970202",9,met_borrower,357.0,5.0,0.0,2.0,0.0,0.0,1.0,1.0,76,Valid and occupied,Visit,Borrower confirmed at address on prior visit; schedule visit
AD000224,AC000180,residence,kyc_origination,2026-04-01,T2,house 350 lakshmi nilya gali no-11 nr church indira colony devgarh nagr - 970202,0,,0.0,,,,,,,,80,Valid and occupied,Visit,Unvisited address with complete description; schedule initial field visit
AD000225,AC000181,residence,kyc_origination,2026-04-01,T1,"9TH CRS, 4TH MAIN, HANUMAN MANDIR KE PASS, VIDYA NAGAR, KAVERIPURA - 960103",0,,0.0,,,,,,,,75,Valid and occupied,Visit,Unvisited address with complete description; schedule initial field visit
AD000226,AC000181,office,kyc_origination,2026-04-01,T1,"NO. 463, CLOSE TO GANAPATHI TEMPLE, ASHOKA LAYOUT, KAVERIPURA - 960104",0,,0.0,,,,,,,,70,Valid and occupied,Visit,Unvisited address with complete description; schedule initial field visit
AD000227,AC000182,residence,kyc_origination,2026-04-01,T3,151/2 b blk 1st road teachers colony navanagara east - 980302,8,address_not_traceable,95.0,2.0,1.0,2.0,1.0,1.0,1.0,0.0,61,Valid and occupied,Visit,Borrower confirmed at address on prior visit; schedule visit
AD000228,AC000183,residence,kyc_origination,2026-04-01,T3,no. 146 b block 5th road bus adda ke paas lekeview phase 2 navanagara east - 980301,7,met_borrower,323.0,3.0,1.0,0.0,0.0,0.0,3.0,0.0,83,Valid and occupied,Visit,Borrower confirmed at address on prior visit; schedule visit
AD000229,AC000184,residence,kyc_origination,2026-04-01,T1,"HOUSE 90, 8TH CR, 8TH MAIN, BEHIND GOVT SCHOOL, HOSA BADAVANE, KAVERIPURA - 9601001",1,address_not_traceable,108.0,0.0,0.0,0.0,0.0,0.0,1.0,0.0,83,Hard to find on the ground,Resolve the location (Problem Statement 3) before writing it off,Detailed address but agent could not locate pin (108s dwell); resolve geocode (PS3)
AD000230,AC000185,residence,kyc_origination,2026-04-01,T3,71/1 kalyana mantapa hattira lakeview phase 2 navanagara east - 983003,2,address_not_traceable,35.0,0.0,0.0,0.0,0.0,0.0,2.0,0.0,70,Hard to find on the ground,Resolve the location (Problem Statement 3) before writing it off,Detailed address but agent could not locate pin (35s dwell); resolve geocode (PS3)
AD000231,AC000186,residence,kyc_origination,2026-04-01,T1,"11th Cross, 3rd Main Rd, Anjaneya Badavane, Kaveripura - 960103",2,neighbour_says_shifted,351.0,0.0,0.0,1.0,1.0,0.0,0.0,0.0,63,"Valid, but borrower usually absent",Change the visit time,Premises locked or met family; shift visit to evening/weekend slot
AD000232,AC000186,office,kyc_origination,2026-04-01,T1,"6th Cross, 8th Mainn, close to Ganesh Temple, Ashoka Layout, Kaveripura - 960104",0,,0.0,,,,,,,,80,Valid and occupied,Visit,Unvisited address with complete description; schedule initial field visit
AD000233,AC000187,residence,kyc_origination,2026-04-01,T3,"E Blk, 2nd Road, near Bus Stop, Teachers Col, Navanagara East - 980302",2,met_family,418.0,1.0,1.0,0.0,0.0,0.0,0.0,0.0,70,Valid and occupied,Visit,Borrower confirmed at address on prior visit; schedule visit
AD000234,AC000187,office,kyc_origination,2026-04-01,T3,"Sai Residency, beside Milk Booth, Royal Gardenns, Navanagara East",0,,0.0,,,,,,,,65,Valid and occupied,Visit,Unvisited address with complete description; schedule initial field visit
AD000235,AC000188,residence,kyc_origination,2026-04-01,T3,"Blk E, Rd 4, near Govt School, Green Park Lyt, Navanagara East - 980301",1,neighbour_says_shifted,267.0,0.0,0.0,0.0,1.0,0.0,0.0,0.0,71,Borrower has moved,Trace the new address,Neighbours or occupants confirmed borrower relocated; trace new address
AD000236,AC000189,residence,kyc_origination,2026-04-01,T1,"No. 261, 8th Cross, 2nd Main, Nehru Colony, Kaveripura - 960102",1,met_family,285.0,0.0,1.0,0.0,0.0,0.0,0.0,0.0,63,"Valid, but borrower usually absent",Change the visit time,Premises locked or met family; shift visit to evening/weekend slot
AD000237,AC000189,office,kyc_origination,2026-04-01,T1,"#387, 7th Cr, 1st Mn, Medical Shp hindhe, Kaveripura - 960104",1,locked_premises,92.0,0.0,0.0,1.0,0.0,0.0,0.0,0.0,61,"Valid, but borrower usually absent",Change the visit time,Premises locked or met family; shift visit to evening/weekend slot
AD000238,AC000190,residence,kyc_origination,2026-04-01,T1,"433/2, 5th Cross, 4th Mn, close to Bus Stop, Vinayaka Nagar, Kaveripura - 960104",8,met_borrower,1180.0,3.0,3.0,2.0,0.0,0.0,0.0,0.0,80,Valid and occupied,Visit,Borrower confirmed at address on prior visit; schedule visit
AD000239,AC000191,residence,kyc_origination,2026-04-01,T3,"No. 414, Blk F, Rd 2, close to Masjid, Teachers Colony, Navanagara East - 980302",7,neighbour_says_shifted,143.0,0.0,0.0,0.0,5.0,1.0,1.0,0.0,80,Borrower has moved,Trace the new address,Neighbours or occupants confirmed borrower relocated; trace new address
AD000240,AC000192,residence,kyc_origination,2026-04-01,T2,"GALI NO-12, CLOSE TO COMMUNITY HALL, PATEL NAGAR, DEVGARH NAGR - 970202",1,address_not_traceable,106.0,0.0,0.0,0.0,0.0,0.0,1.0,0.0,71,Hard to find on the ground,Resolve the location (Problem Statement 3) before writing it off,Detailed address but agent could not locate pin (106s dwell); resolve geocode (PS3)
AD000241,AC000193,residence,kyc_origination,2026-04-01,T2,"HOUSE 233, GALI 2, WARD 7, NR MOSQUE, GANDHI BASTI, DEVGARH NGR - 970203",0,,0.0,,,,,,,,72,Valid and occupied,Visit,Unvisited address with complete description; schedule initial field visit
AD000242,AC000193,office,kyc_origination,2026-04-01,T2,"157/1, GALI 1, OPP PARK, DEVGARH NAGAR - 970203",0,,0.0,,,,,,,,47,Valid and occupied,Visit,Unvisited address with complete description; schedule initial field visit
AD000243,AC000194,residence,kyc_origination,2026-04-01,T3,"#200, BLK F, RD 4, TEACHERS COLONY, NAVANAGARA EAST - 980302",0,,0.0,,,,,,,,60,Valid and occupied,Visit,Unvisited address with complete description; schedule initial field visit
AD000244,AC000194,office,kyc_origination,2026-04-01,T3,"HOUSE 96, BLK D, RD 6, B/H COMMUNITY HALL, GREEN PARK LAYOUT, NAVANAGARA EAST - 980301",0,,0.0,,,,,,,,86,Valid and occupied,Visit,Unvisited address with complete description; schedule initial field visit
AD000245,AC000195,residence,kyc_origination,2026-04-01,T1,"2nd Crs, 4th Main, Kaveripura - 960102",0,,0.0,,,,,,,,38,Valid and occupied,Visit,Unvisited address with complete description; schedule initial field visit
AD000246,AC000195,office,kyc_origination,2026-04-01,T1,"134/2, Sri Krishna Nivas, 6th X, 1st Main Rd, close to Milk Booth, Kalyana Nagar, Kaveripura",0,,0.0,,,,,,,,92,Valid and occupied,Visit,Unvisited address with complete description; schedule initial field visit
AD000247,AC000196,residence,kyc_origination,2026-04-01,T1,"H.No. 285, 2nd Crs, 1st Main Rd, Hanuman Mandir ke paos, Kaveripura - 960102",8,neighbour_says_shifted,234.0,0.0,0.0,0.0,3.0,0.0,5.0,0.0,76,Borrower has moved,Trace the new address,Neighbours or occupants confirmed borrower relocated; trace new address
AD000248,AC000197,residence,kyc_origination,2026-04-01,T3,"House 386, Blk F, Rd 3, nr Medicals, Unity Nagar, Navanagara East - 980302",0,,0.0,,,,,,,,74,Valid and occupied,Visit,Unvisited address with complete description; schedule initial field visit
AD000249,AC000198,residence,kyc_origination,2026-04-01,T3,"No. 66, Ganga Apartments, C Block, 5th Road, Milk Dairy hattira, Teachers Colony, Navanagara East - 980302",1,address_not_traceable,59.0,0.0,0.0,0.0,0.0,0.0,1.0,0.0,106,Hard to find on the ground,Resolve the location (Problem Statement 3) before writing it off,Detailed address but agent could not locate pin (59s dwell); resolve geocode (PS3)
AD000250,AC000199,residence,kyc_origination,2026-04-01,T2,gali no-10 azad mohalla devgarh nagar - 970203,0,,0.0,,,,,,,,46,Valid and occupied,Visit,Unvisited address with complete description; schedule initial field visit
AD000251,AC000200,residence,kyc_origination,2026-04-01,T1,"H.No. 468, 9th Cross, 5th Main, Ashoka Layout, Kaveripura - 960104",4,met_borrower,783.0,1.0,0.0,1.0,0.0,0.0,2.0,0.0,66,Valid and occupied,Visit,Borrower confirmed at address on prior visit; schedule visit
AD000252,AC000201,residence,kyc_origination,2026-04-01,T3,"#407, near Bus Stop, Lakeview Phase 2, Navanagara East - 980302",7,address_not_traceable,89.0,0.0,0.0,0.0,0.0,0.0,7.0,0.0,63,Hard to find on the ground,Resolve the location (Problem Statement 3) before writing it off,Detailed address but agent could not locate pin (89s dwell); resolve geocode (PS3)
AD000253,AC000202,residence,kyc_origination,2026-04-01,T1,"#300, BUS STOP HATTIRA, GANDHI NAGAR, KAVERIPURA - 960102",4,met_borrower,714.0,1.0,2.0,0.0,0.0,0.0,0.0,1.0,57,Valid and occupied,Visit,Borrower confirmed at address on prior visit; schedule visit
AD000254,AC000202,office,kyc_origination,2026-04-01,T1,"#414, ANNAPOORNA NILAYA, 5TH CROSS, 4TH MAIN, OPP CHURCH, HOSA BADAVANE, KAVERIPURA - 960101",0,,0.0,,,,,,,,92,Valid and occupied,Visit,Unvisited address with complete description; schedule initial field visit
AD000255,AC000203,residence,kyc_origination,2026-04-01,T1,house 463 5th cross 3rd main rd near post office vidya nagr kaveripura - 960103,3,locked_premises,102.0,2.0,0.0,1.0,0.0,0.0,0.0,0.0,79,Valid and occupied,Visit,Borrower confirmed at address on prior visit; schedule visit
AD000256,AC000203,office,kyc_origination,2026-04-01,T1,"#269, 6th Cr, 7th Main, Church hattira, Hosa Badavane, Kaveripura - 960101",0,,0.0,,,,,,,,74,Valid and occupied,Visit,Unvisited address with complete description; schedule initial field visit
AD000257,AC000204,residence,kyc_origination,2026-04-01,T1,#2 7th cross 7th main ನ್ಯಾಯಬೆಲೆ ಅಂಗಡಿ ಹತ್ತಿರ nehru colony kaveripura - 960103,2,met_family,305.0,0.0,1.0,1.0,0.0,0.0,0.0,0.0,77,"Valid, but borrower usually absent",Change the visit time,Premises locked or met family; shift visit to evening/weekend slot
AD000258,AC000205,residence,kyc_origination,2026-04-01,T3,"280/1, D Blk, 2nd Rd., Hanuman Mandir ke samne, Navanagara East - 980301",3,address_not_traceable,108.0,2.0,0.0,0.0,0.0,0.0,1.0,0.0,72,Valid and occupied,Visit,Borrower confirmed at address on prior visit; schedule visit
AD000259,AC000206,residence,kyc_origination,2026-04-01,T1,232/2 5th x 5th main anjaneya swamy temple eduru nehru colny kaveripura - 960101,1,locked_premises,125.0,0.0,0.0,1.0,0.0,0.0,0.0,0.0,80,"Valid, but borrower usually absent",Change the visit time,Premises locked or met family; shift visit to evening/weekend slot
AD000260,AC000207,residence,kyc_origination,2026-04-01,T1,3rd cross 3rd main bhd hanuman temple kuvempu layout kaveripura - 960102,4,address_not_traceable,94.0,2.0,0.0,0.0,0.0,0.0,1.0,1.0,72,Valid and occupied,Visit,Borrower confirmed at address on prior visit; schedule visit
AD000261,AC000208,residence,kyc_origination,2026-04-01,T2,166/3 gali no-7 ward 2 ration dukan ke bagal me indira colony devgarh ngr - 970202,0,,0.0,,,,,,,,82,Valid and occupied,Visit,Unvisited address with complete description; schedule initial field visit
AD000262,AC000208,permanent_native,kyc_origination,2026-04-01,OUT,"Village Sundarpur, Tehsil C, District East - 993685",0,,0.0,,,,,,,,51,Valid and occupied,Visit,Unvisited address with complete description; schedule initial field visit
AD000263,AC000209,residence,kyc_origination,2026-04-01,T2,"HOUSE 59, राशन की दुकान के पास, AZAD MOHALLA, DEVAGRH NAGAR - 970203",2,address_not_traceable,107.0,0.0,0.0,0.0,0.0,0.0,2.0,0.0,68,Hard to find on the ground,Resolve the location (Problem Statement 3) before writing it off,Detailed address but agent could not locate pin (107s dwell); resolve geocode (PS3)
AD000264,AC000209,office,kyc_origination,2026-04-01,T2,"GALI 3, दूध डेयरी के पास, NEHRU COLONY, DEVGARH NGR - 970203",0,,0.0,,,,,,,,60,Valid and occupied,Visit,Unvisited address with complete description; schedule initial field visit
AD000265,AC000210,residence,kyc_origination,2026-04-01,T1,"NO. 321, 4TH CRS, 7TH MAIN, VIDYA NAGR, KAVERIPURA - 960103",0,,0.0,,,,,,,,59,Valid and occupied,Visit,Unvisited address with complete description; schedule initial field visit
AD000266,AC000211,residence,kyc_origination,2026-04-01,T2,"House 135, Gali 4, Ward 4, Ram Nagar, Devgarh Nagar - 970203",0,,0.0,,,,,,,,60,Valid and occupied,Visit,Unvisited address with complete description; schedule initial field visit
AD000267,AC000212,residence,kyc_origination,2026-04-01,T2,359/1 krishna puri devgrah nagar,1,met_family,182.0,0.0,1.0,0.0,0.0,0.0,0.0,0.0,32,"Valid, but borrower usually absent",Change the visit time,Premises locked or met family; shift visit to evening/weekend slot
AD000268,AC000213,residence,kyc_origination,2026-04-01,T2,"GALI 11, AZAD MOHALLA, DEVGARH NAGAR - 970203",3,met_borrower,912.0,1.0,0.0,1.0,0.0,0.0,1.0,0.0,45,Valid and occupied,Visit,Borrower confirmed at address on prior visit; schedule visit
AD000269,AC000214,residence,kyc_origination,2026-04-01,T1,"9th Cross, 6th Mn, Bus Nildana hinde, Shanthi Nagar, Kaveripura - 960101",0,,0.0,,,,,,,,72,Valid and occupied,Visit,Unvisited address with complete description; schedule initial field visit
AD000270,AC000215,residence,kyc_origination,2026-04-01,T3,"HOUSE 118, TEACHERS COLONY, NAVANAGARA EAST - 980302",0,,0.0,,,,,,,,52,Valid and occupied,Visit,Unvisited address with complete description; schedule initial field visit
AD000271,AC000215,permanent_native,kyc_origination,2026-04-01,OUT,"Village Devipur, Tehsil C, District South - 996560",0,,0.0,,,,,,,,50,Valid and occupied,Visit,Unvisited address with complete description; schedule initial field visit
AD000272,AC000216,residence,kyc_origination,2026-04-01,T3,#181 c block 4th road jama masjid ke paas silver oak lyt navanagara east - 980301,2,locked_premises,239.0,0.0,0.0,1.0,0.0,0.0,1.0,0.0,81,"Valid, but borrower usually absent",Change the visit time,Premises locked or met family; shift visit to evening/weekend slot
AD000273,AC000216,office,kyc_origination,2026-04-01,T3,house 428 blk c rd 3 navanagara east - 980301,5,address_not_traceable,64.0,0.0,0.0,0.0,0.0,0.0,5.0,0.0,45,Hard to find on the ground,Resolve the location (Problem Statement 3) before writing it off,Detailed address but agent could not locate pin (64s dwell); resolve geocode (PS3)
AD000274,AC000217,residence,kyc_origination,2026-04-01,T1,"6th Cross, 1st Main Rd, Jama Masjid ke pass, Basava Nagar, Kaveripura - 960104",0,,0.0,,,,,,,,78,Valid and occupied,Visit,Unvisited address with complete description; schedule initial field visit
AD000275,AC000218,residence,kyc_origination,2026-04-01,T2,"Gali n-5, nr Church, Devgarh Nagr - 970201",4,address_not_traceable,80.0,0.0,0.0,1.0,0.0,0.0,3.0,0.0,42,"Valid, but borrower usually absent",Change the visit time,Premises locked or met family; shift visit to evening/weekend slot
AD000276,AC000219,residence,kyc_origination,2026-04-01,T1,no. 319 8th cross 7th main adj. pds shop anjaneya badavane kaveripura - 960103,0,,0.0,,,,,,,,78,Valid and occupied,Visit,Unvisited address with complete description; schedule initial field visit
AD000277,AC000219,office,kyc_origination,2026-04-01,T1,205/3 near hanuman temple basava ngr kaveripura - 960104,0,,0.0,,,,,,,,56,Valid and occupied,Visit,Unvisited address with complete description; schedule initial field visit
AD000278,AC000220,residence,kyc_origination,2026-04-01,T2,"गली नं. 10, Ward 5, पानी की टंकी के पीछे, Subhash Nagar, Devgarh Nagar - 970201",0,,0.0,,,,,,,,79,Valid and occupied,Visit,Unvisited address with complete description; schedule initial field visit
AD000279,AC000221,residence,kyc_origination,2026-04-01,T3,"House 424, Blk D, Rd 1, nr Petrol Bunk, Green Park Layout, Navanagara East - 980301",1,met_borrower,1433.0,1.0,0.0,0.0,0.0,0.0,0.0,0.0,83,Valid and occupied,Visit,Borrower confirmed at address on prior visit; schedule visit
AD000280,AC000221,office,kyc_origination,2026-04-01,T3,"No. 112, near Pharmacy, Teachers Colny, Navanagara East - 980302",1,met_borrower,1266.0,1.0,0.0,0.0,0.0,0.0,0.0,0.0,64,Valid and occupied,Visit,Borrower confirmed at address on prior visit; schedule visit
AD000281,AC000222,residence,kyc_origination,2026-04-01,T1,"10th Cross, 7th Main, near Ration Shop, Gandhi Nagr, Kaveripura - 960102",1,met_borrower,1229.0,1.0,0.0,0.0,0.0,0.0,0.0,0.0,72,Valid and occupied,Visit,Borrower confirmed at address on prior visit; schedule visit
AD000282,AC000223,residence,kyc_origination,2026-04-01,T3,"A Blk, 2nd Road, Unity Nagar, Navanagara East - 980302",0,,0.0,,,,,,,,54,Valid and occupied,Visit,Unvisited address with complete description; schedule initial field visit
AD000283,AC000223,permanent_native,kyc_origination,2026-04-01,OUT,"Village Kodihalli, Taluk B, District East - 998113",0,,0.0,,,,,,,,50,Valid and occupied,Visit,Unvisited address with complete description; schedule initial field visit
AD000284,AC000224,residence,kyc_origination,2026-04-01,T2,"House 22, Om Sai Complex, Galli No. 9, Ambedkar Nagar, Devgarh Nagar - 970204",6,neighbour_says_shifted,237.0,0.0,0.0,0.0,4.0,2.0,0.0,0.0,77,Borrower has moved,Trace the new address,Neighbours or occupants confirmed borrower relocated; trace new address
AD000285,AC000225,residence,kyc_origination,2026-04-01,T1,#208 12th x 5th main opp. church anjaneya badavane kaveripura - 960103,2,locked_premises,179.0,0.0,1.0,1.0,0.0,0.0,0.0,0.0,70,"Valid, but borrower usually absent",Change the visit time,Premises locked or met family; shift visit to evening/weekend slot
AD000286,AC000226,residence,kyc_origination,2026-04-01,T1,"3rd Cross, 1st Maain, close to Church, Gandhi Nagar, Kaveripura - 960102",7,met_borrower,1252.0,3.0,1.0,1.0,0.0,0.0,2.0,0.0,72,Valid and occupied,Visit,Borrower confirmed at address on prior visit; schedule visit
AD000287,AC000227,residence,kyc_origination,2026-04-01,T1,"#478, Ganga Apatments, Hanuman Mandir ke paas, Nehru Colony, Kaveripura",8,met_borrower,729.0,4.0,1.0,2.0,0.0,0.0,1.0,0.0,71,Valid and occupied,Visit,Borrower confirmed at address on prior visit; schedule visit
AD000288,AC000228,residence,kyc_origination,2026-04-01,T3,"#144, A Block, 3rd Rd., close to Medicals, Silver Oak Layout, Nvaanagara East - 980301",7,neighbour_says_shifted,268.0,0.0,2.0,0.0,2.0,1.0,2.0,0.0,86,Borrower has moved,Trace the new address,Neighbours or occupants confirmed borrower relocated; trace new address
AD000289,AC000228,permanent_native,kyc_origination,2026-04-01,OUT,"Village Mallapura, Tehsil C, District East - 998501",0,,0.0,,,,,,,,51,Valid and occupied,Visit,Unvisited address with complete description; schedule initial field visit
AD000290,AC000229,residence,kyc_origination,2026-04-01,T2,337/3 lakshmi nilaya gali 2 ward 6 near kalyana mantapa nehru colony devgarh ngr - 970203,9,neighbour_says_shifted,147.0,0.0,0.0,0.0,4.0,3.0,2.0,0.0,89,Borrower has moved,Trace the new address,Neighbours or occupants confirmed borrower relocated; trace new address
AD000291,AC000230,residence,kyc_origination,2026-04-01,T3,"Blk D, Rd 4, opposite Community Hall, Lakeview Phase 2, Navanagara East - 980303",1,met_borrower,146.0,1.0,0.0,0.0,0.0,0.0,0.0,0.0,80,Valid and occupied,Visit,Borrower confirmed at address on prior visit; schedule visit
AD000292,AC000231,residence,kyc_origination,2026-04-01,T1,no. 404 6th cross 5th main nr. ganapathi temple anjaneya badavane kaveripura - 960103,2,neighbour_says_shifted,223.0,0.0,0.0,0.0,1.0,0.0,1.0,0.0,85,Borrower has moved,Trace the new address,Neighbours or occupants confirmed borrower relocated; trace new address
AD000293,AC000232,residence,kyc_origination,2026-04-01,T1,#382 1st cross 5th main ಸರ್ಕಾರಿ ಶಾಲೆ ಹತ್ತಿರ vidya nagar kaveripura - 960103,1,neighbour_says_shifted,190.0,0.0,0.0,0.0,1.0,0.0,0.0,0.0,75,Borrower has moved,Trace the new address,Neighbours or occupants confirmed borrower relocated; trace new address
AD000294,AC000233,residence,kyc_origination,2026-04-01,T2,"Gali No. 1, Devgarh Nagar - 97002",0,,0.0,,,,,,,,33,Valid and occupied,Visit,Unvisited address with complete description; schedule initial field visit
AD000295,AC000234,residence,kyc_origination,2026-04-01,T2,"गली नं. 4, Ward 11, मस्जिद के पास, Patel Nagar, Devgarh Ngr - 970202",0,,0.0,,,,,,,,68,Valid and occupied,Visit,Unvisited address with complete description; schedule initial field visit
AD000296,AC000234,office,kyc_origination,2026-04-01,T2,"H.No. 421, Gali no-8, behind Bus Stand, Nehru Colony, Devgarh Nagar - 970203",0,,0.0,,,,,,,,76,Valid and occupied,Visit,Unvisited address with complete description; schedule initial field visit
AD000297,AC000235,residence,kyc_origination,2026-04-01,T1,"5th Cross, 6th Main, Nehru Colony, Kaveripura - 960102",0,,0.0,,,,,,,,54,Valid and occupied,Visit,Unvisited address with complete description; schedule initial field visit
AD000298,AC000235,office,kyc_origination,2026-04-01,T1,h.no. 77 12th crs 4th main anjaneya badavane kaveripura - 960103,0,,0.0,,,,,,,,64,Valid and occupied,Visit,Unvisited address with complete description; schedule initial field visit
AD000299,AC000236,residence,kyc_origination,2026-04-01,T1,"10TH X, 6TH MAIN, KAVERIPURA - 960102",0,,0.0,,,,,,,,37,Valid and occupied,Visit,Unvisited address with complete description; schedule initial field visit
AD000300,AC000237,residence,kyc_origination,2026-04-01,T3,house 399 blk b rd 4 close to milk booth railway colony navanagara east - 980304,0,,0.0,,,,,,,,80,Valid and occupied,Visit,Unvisited address with complete description; schedule initial field visit
AD000301,AC000238,residence,kyc_origination,2026-04-01,T2,"H.No. 13, Gali 9, पानी की टंकी के पास, Shastri Nagar, Devgarh Nagar - 970201",0,,0.0,,,,,,,,76,Valid and occupied,Visit,Unvisited address with complete description; schedule initial field visit
AD000302,AC000239,residence,kyc_origination,2026-04-01,T1,"#466, 3rd Cross, 8th Mn, Kuvempu Layout, Kaveripura - 960102",1,address_not_traceable,43.0,0.0,0.0,0.0,0.0,0.0,1.0,0.0,60,Hard to find on the ground,Resolve the location (Problem Statement 3) before writing it off,Detailed address but agent could not locate pin (43s dwell); resolve geocode (PS3)
AD000303,AC000240,residence,kyc_origination,2026-04-01,T3,"H.NO. 268, BLK E, RD 6, NYAYABELE ANGADI HINDE, LAKEVIEW PHASE 2, NAVANAGARA EAST - 980303",6,met_borrower,1080.0,2.0,1.0,2.0,0.0,0.0,1.0,0.0,90,Valid and occupied,Visit,Borrower confirmed at address on prior visit; schedule visit
AD000304,AC000241,residence,kyc_origination,2026-04-01,T2,#169 गली नं. 3 बारात घर के बगल में azad mohalla devgarh ngar - 970203,0,,0.0,,,,,,,,69,Valid and occupied,Visit,Unvisited address with complete description; schedule initial field visit
AD000305,AC000242,residence,kyc_origination,2026-04-01,T3,railway colny navanagara east - 980304,0,,0.0,,,,,,,,38,Valid and occupied,Visit,Unvisited address with complete description; schedule initial field visit
AD000306,AC000243,residence,kyc_origination,2026-04-01,T3,#216 blk e rd 1 opp bus stop lakeview phase 2 navanagara east - 980303,0,,0.0,,,,,,,,70,Valid and occupied,Visit,Unvisited address with complete description; schedule initial field visit
AD000307,AC000244,residence,kyc_origination,2026-04-01,T1,"#121, 4th Cross, 4th Main, nr Post Office, Vinayaka Ngr, Kaveripura - 960104",1,cash_collected,858.0,0.0,0.0,0.0,0.0,0.0,0.0,1.0,76,Valid and occupied,Visit,Borrower confirmed at address on prior visit; schedule visit
AD000308,AC000245,residence,kyc_origination,2026-04-01,T3,41/2 ganga apartments b block 5th road nr. bus stand lakeview phase 2 navanagara east - 980303,0,,0.0,,,,,,,,94,Valid and occupied,Visit,Unvisited address with complete description; schedule initial field visit
AD000309,AC000246,residence,kyc_origination,2026-04-01,T1,"11th Cr, 3rd Main, Nehru Colony, Kaveripura - 960102",6,met_borrower,1264.0,2.0,1.0,2.0,0.0,0.0,1.0,0.0,52,Valid and occupied,Visit,Borrower confirmed at address on prior visit; schedule visit
AD000310,AC000247,residence,kyc_origination,2026-04-01,T1,7th crs 3rd main rd neerina tank hindhe kaveripura - 960101,0,,0.0,,,,,,,,59,Valid and occupied,Visit,Unvisited address with complete description; schedule initial field visit
AD000311,AC000248,residence,kyc_origination,2026-04-01,T2,"गणेश मंदिर के पास, Azad Mohalla, Devgarh Nagar - 970203",0,,0.0,,,,,,,,55,Valid and occupied,Visit,Unvisited address with complete description; schedule initial field visit
AD000312,AC000249,residence,kyc_origination,2026-04-01,T3,"415/2, A Blk., 1st Road, Bus Stop ke pass, Royal Gardens, Navanagara East - 980303",0,,0.0,,,,,,,,82,Valid and occupied,Visit,Unvisited address with complete description; schedule initial field visit
AD000313,AC000249,office,kyc_origination,2026-04-01,T3,189/1 c blk 6th road ಅಂಚೆ ಕಚೇರಿ ಹತ್ತಿರ silver oak layout navanagara east - 980301,0,,0.0,,,,,,,,81,Valid and occupied,Visit,Unvisited address with complete description; schedule initial field visit
AD000314,AC000250,residence,kyc_origination,2026-04-01,T1,6th cross 2nd main ಉದ್ಯಾನವನ ಹತ್ತಿರ nehru colony kaveripura - 960102,3,locked_premises,169.0,0.0,0.0,3.0,0.0,0.0,0.0,0.0,67,"Valid, but borrower usually absent",Change the visit time,Premises locked or met family; shift visit to evening/weekend slot
AD000315,AC000250,office,kyc_origination,2026-04-01,T1,#10 4th x 5th mn basava ngr kaveripura - 960101,0,,0.0,,,,,,,,47,Valid and occupied,Visit,Unvisited address with complete description; schedule initial field visit
AD000316,AC000251,residence,kyc_origination,2026-04-01,T1,"HOUSE 240, 5TH CROSS, 1ST MAIN, CLOSE TO MASJID, NEHRU COLONY, KAVERIPURA - 960102",6,met_borrower,539.0,2.0,2.0,2.0,0.0,0.0,0.0,0.0,82,Valid and occupied,Visit,Borrower confirmed at address on prior visit; schedule visit
AD000317,AC000251,office,kyc_origination,2026-04-01,T1,"HOUSE 75, 11TH CR, 7TH MAIN RD, ಕಲ್ಯಾಣ ಮಂಟಪ ಹತ್ತಿರ, KAVERIPURA - 960104",1,address_not_traceable,92.0,0.0,0.0,0.0,0.0,0.0,1.0,0.0,71,Hard to find on the ground,Resolve the location (Problem Statement 3) before writing it off,Detailed address but agent could not locate pin (92s dwell); resolve geocode (PS3)
AD000318,AC000252,residence,kyc_origination,2026-04-01,T1,6th cross 5th main close to pharmacy kuvempu layout kaveripura - 960102,0,,0.0,,,,,,,,71,Valid and occupied,Visit,Unvisited address with complete description; schedule initial field visit
AD000319,AC000253,residence,kyc_origination,2026-04-01,T1,"No. 281, 12th Crs, 8th Main, ಬಸ್ ನಿಲ್ದಾಣ ಹತ್ತಿರ, Nehru Colony, Kaveripura",2,address_not_traceable,48.0,0.0,0.0,0.0,0.0,0.0,2.0,0.0,73,Hard to find on the ground,Resolve the location (Problem Statement 3) before writing it off,Detailed address but agent could not locate pin (48s dwell); resolve geocode (PS3)
AD000320,AC000253,office,kyc_origination,2026-04-01,T1,"House 73, Green View Apts, 6th Cross, 5th Main, opp. Children Park, Kaveripura - 960102",1,met_borrower,1391.0,1.0,0.0,0.0,0.0,0.0,0.0,0.0,87,Valid and occupied,Visit,Borrower confirmed at address on prior visit; schedule visit
AD000321,AC000254,residence,kyc_origination,2026-04-01,T1,7th cross 3rd main neerina tank hattira shanthi nagar kaveripura - 960101,0,,0.0,,,,,,,,73,Valid and occupied,Visit,Unvisited address with complete description; schedule initial field visit
AD000322,AC000255,residence,kyc_origination,2026-04-01,T1,"10th Cr, 8th Main, Bus Stop hattira, Nehru Colony, Kaveripura - 960102",2,met_borrower,1365.0,2.0,0.0,0.0,0.0,0.0,0.0,0.0,70,Valid and occupied,Visit,Borrower confirmed at address on prior visit; schedule visit
AD000323,AC000256,residence,kyc_origination,2026-04-01,T3,e block 6th road opp petrol pump railway colony nevanagara east - 980304,5,met_borrower,349.0,3.0,1.0,1.0,0.0,0.0,0.0,0.0,72,Valid and occupied,Visit,Borrower confirmed at address on prior visit; schedule visit
AD000324,AC000257,residence,kyc_origination,2026-04-01,T3,h.no. 472 d block 2nd road close to petrlo bunk railway colony navanagara east - 980304,8,met_family,540.0,2.0,2.0,4.0,0.0,0.0,0.0,0.0,87,Valid and occupied,Visit,Borrower confirmed at address on prior visit; schedule visit
AD000325,AC000257,office,kyc_origination,2026-04-01,T3,"Blk F, Rd 4, Ganesh Mandir ke pass, Green Park Layt, Navanagara East - 980301",1,locked_premises,212.0,0.0,0.0,1.0,0.0,0.0,0.0,0.0,77,"Valid, but borrower usually absent",Change the visit time,Premises locked or met family; shift visit to evening/weekend slot
AD000326,AC000258,residence,kyc_origination,2026-04-01,T3,"A Block, 3rd Rd., opp Bus Stop, Navanagara East - 980301",1,address_not_traceable,119.0,0.0,0.0,0.0,0.0,0.0,1.0,0.0,56,Hard to find on the ground,Resolve the location (Problem Statement 3) before writing it off,Detailed address but agent could not locate pin (119s dwell); resolve geocode (PS3)
AD000327,AC000259,residence,kyc_origination,2026-04-01,T1,"2nd Cross, 7th Mn, Ration ki Dukaan ke bagal mein, Kuvempu Layt, Kaveripura - 960103",0,,0.0,,,,,,,,84,Valid and occupied,Visit,Unvisited address with complete description; schedule initial field visit
AD000328,AC000260,residence,kyc_origination,2026-04-01,T1,"No. 41, 9th Cross, 1st Main, Gandhi Nagar, Kaveripura - 960102",5,locked_premises,190.0,0.0,0.0,2.0,2.0,1.0,0.0,0.0,62,"Valid, but borrower usually absent",Change the visit time,Premises locked or met family; shift visit to evening/weekend slot
AD000329,AC000260,permanent_native,kyc_origination,2026-04-01,OUT,"Village Devipur, Taluk A, District North - 992302",0,,0.0,,,,,,,,49,Valid and occupied,Visit,Unvisited address with complete description; schedule initial field visit
AD000330,AC000261,residence,kyc_origination,2026-04-01,T2,"Gli no-8, close to Overhead Tank, Krishna Puri, Devgarh Nagar - 970202",1,met_family,457.0,0.0,1.0,0.0,0.0,0.0,0.0,0.0,70,"Valid, but borrower usually absent",Change the visit time,Premises locked or met family; shift visit to evening/weekend slot
AD000331,AC000261,office,kyc_origination,2026-04-01,T2,"280/1, Sai Residency, Gali No. 7, Nehru Colony, Devgarh Nagr - 970203",0,,0.0,,,,,,,,69,Valid and occupied,Visit,Unvisited address with complete description; schedule initial field visit
AD000332,AC000262,residence,kyc_origination,2026-04-01,T2,gali no. 10 ward 3 nr hanuman temple ambedkar ngr devgarh naagr - 970204,0,,0.0,,,,,,,,72,Valid and occupied,Visit,Unvisited address with complete description; schedule initial field visit
AD000333,AC000263,residence,kyc_origination,2026-04-01,T2,"#456, Sri Krishna Nivas, Gali No. 4, nr Bus Stop, Azad Mohalla, Davgarh Nagar - 970203",0,,0.0,,,,,,,,86,Valid and occupied,Visit,Unvisited address with complete description; schedule initial field visit
AD000334,AC000264,residence,kyc_origination,2026-04-01,T1,1st x 4th main ಕಲ್ಯಾಣ ಮಂಟಪ ಹತ್ತಿರ gandhi nagr kaveripura - 960102,0,,0.0,,,,,,,,65,Valid and occupied,Visit,Unvisited address with complete description; schedule initial field visit
AD000335,AC000265,residence,kyc_origination,2026-04-01,T3,"House 176, opposite Ganapathi Temple, Palm Meadows, Navanagara Eats - 980302",0,,0.0,,,,,,,,76,Valid and occupied,Visit,Unvisited address with complete description; schedule initial field visit
AD000336,AC000266,residence,kyc_origination,2026-04-01,T2,"HOUSE 154, गली नं. 6, WARD 11, सरकारी स्कूल के बगल में, PATEL NAGAR, DEVGARH NAGAR - 970202",4,met_family,201.0,1.0,1.0,1.0,0.0,0.0,1.0,0.0,91,Valid and occupied,Visit,Borrower confirmed at address on prior visit; schedule visit
AD000337,AC000266,office,kyc_origination,2026-04-01,T2,"H.NO. 366, LAKHSMI NILAYA, गली नं. 7, WARD 11, चर्च के सामने, PATEL NAGAR, DEVGARH NAGAR - 970202",3,locked_premises,64.0,2.0,0.0,1.0,0.0,0.0,0.0,0.0,97,Valid and occupied,Visit,Borrower confirmed at address on prior visit; schedule visit
AD000338,AC000267,residence,kyc_origination,2026-04-01,T2,"Gali No. 8, Ward 11, next to Govt School, Patel Nagar, Devgarh Nagar - 970202",3,met_borrower,1183.0,1.0,1.0,1.0,0.0,0.0,0.0,0.0,77,Valid and occupied,Visit,Borrower confirmed at address on prior visit; schedule visit
AD000339,AC000268,residence,kyc_origination,2026-04-01,T2,"HOUSE 90, गली नं. 12, हनुमान मंदिर के पास, PATEL NAGAR, DEVGARH NAGAR - 970202",0,,0.0,,,,,,,,78,Valid and occupied,Visit,Unvisited address with complete description; schedule initial field visit
AD000340,AC000269,residence,kyc_origination,2026-04-01,T1,"#333, 9th X, 3rd Main Rd, ನ್ಯಾಯಬೆಲೆ ಅಂಗಡಿ ಹತ್ತಿರ, Hosa Badavane, Kaveripura - 960101",0,,0.0,,,,,,,,84,Valid and occupied,Visit,Unvisited address with complete description; schedule initial field visit
AD000341,AC000270,residence,kyc_origination,2026-04-01,T1,6th cross 5th main close to petrol bunk anjaneya badavane kaveripura - 960103,0,,0.0,,,,,,,,77,Valid and occupied,Visit,Unvisited address with complete description; schedule initial field visit
AD000342,AC000271,residence,kyc_origination,2026-04-01,T3,#329 blk a rd 2 lakeview phase 2 navanagara east - 980303,5,met_family,321.0,1.0,1.0,0.0,0.0,0.0,3.0,0.0,57,Valid and occupied,Visit,Borrower confirmed at address on prior visit; schedule visit
AD000343,AC000272,residence,kyc_origination,2026-04-01,T2,no. 176 gali no-9 nr. post office nehru colny devgarh nagor - 970203,0,,0.0,,,,,,,,68,Valid and occupied,Visit,Unvisited address with complete description; schedule initial field visit
AD000344,AC000273,residence,kyc_origination,2026-04-01,T1,"3rd Cross, 2nd Main, nr. Medicals, Basava Nagar, Kaveripura - 960101",0,,0.0,,,,,,,,68,Valid and occupied,Visit,Unvisited address with complete description; schedule initial field visit
AD000345,AC000274,residence,kyc_origination,2026-04-01,T1,"No. 463, Gandhi Ngr, Kaveripura - 960102",2,address_not_traceable,99.0,0.0,0.0,0.0,0.0,0.0,2.0,0.0,40,Hard to find on the ground,Resolve the location (Problem Statement 3) before writing it off,Detailed address but agent could not locate pin (99s dwell); resolve geocode (PS3)
AD000346,AC000275,residence,kyc_origination,2026-04-01,T1,"6th Cr, 2nd Mn, b/h Petrol Bunk, Ashoka Layout, Kaveripura - 960104",0,,0.0,,,,,,,,67,Valid and occupied,Visit,Unvisited address with complete description; schedule initial field visit
AD000347,AC000276,residence,kyc_origination,2026-04-01,T3,"H.No. 78, C Block, 4th Road, beside Medical Store, Navanagara East - 980302",6,address_not_traceable,55.0,0.0,0.0,0.0,0.0,0.0,6.0,0.0,75,Hard to find on the ground,Resolve the location (Problem Statement 3) before writing it off,Detailed address but agent could not locate pin (55s dwell); resolve geocode (PS3)
AD000348,AC000277,residence,kyc_origination,2026-04-01,T3,blk b rd 1 close to milk booth hmt colony navanagara east - 980301,7,no_such_person,269.0,0.0,0.0,2.0,0.0,1.0,4.0,0.0,66,"Valid, but borrower usually absent",Change the visit time,Premises locked or met family; shift visit to evening/weekend slot
AD000349,AC000278,residence,kyc_origination,2026-04-01,T2,gali no. 4 ward 8 azad mohalla devgarh nagar - 970203,0,,0.0,,,,,,,,53,Valid and occupied,Visit,Unvisited address with complete description; schedule initial field visit
AD000350,AC000278,office,kyc_origination,2026-04-01,T2,#387 sri krishna nivas nr masjid devgarh nagar - 9770204,0,,0.0,,,,,,,,56,Valid and occupied,Visit,Unvisited address with complete description; schedule initial field visit
AD000351,AC000279,residence,kyc_origination,2026-04-01,T3,"146/1, Blk C, Rd 1, Sunrise Enclave, Navanagara East",0,,0.0,,,,,,,,52,Valid and occupied,Visit,Unvisited address with complete description; schedule initial field visit
AD000352,AC000280,residence,kyc_origination,2026-04-01,T2,"#11, GALI NO-9, NEHRU COLONY, DEVGARH NAGAR - 970203",0,,0.0,,,,,,,,52,Valid and occupied,Visit,Unvisited address with complete description; schedule initial field visit
AD000353,AC000280,office,kyc_origination,2026-04-01,T2,"GALI 11, WARD 4, B/H GOVERNMENT SCHOOL, RAM NAGAR, DEVGARH NAGAR - 970203",0,,0.0,,,,,,,,73,Valid and occupied,Visit,Unvisited address with complete description; schedule initial field visit
AD000354,AC000281,residence,kyc_origination,2026-04-01,T3,h.no. 276 church ke paas teachers col navanagara east - 980302,3,met_borrower,981.0,2.0,1.0,0.0,0.0,0.0,0.0,0.0,62,Valid and occupied,Visit,Borrower confirmed at address on prior visit; schedule visit
AD000355,AC000282,residence,kyc_origination,2026-04-01,T2,"#447, Gali No. 3, Bus Addda ke paas, Shivaji Nagar, Devgarh Nagar",8,met_family,448.0,3.0,2.0,3.0,0.0,0.0,0.0,0.0,65,Valid and occupied,Visit,Borrower confirmed at address on prior visit; schedule visit
AD000356,AC000283,residence,kyc_origination,2026-04-01,T3,"H.No. 211, Shanti Kunj, E Block, 4th Road, nr Overhead Tank, Unity Ngr, Navanagara East - 980302",0,,0.0,,,,,,,,96,Valid and occupied,Visit,Unvisited address with complete description; schedule initial field visit
AD000357,AC000284,residence,kyc_origination,2026-04-01,T3,"#60, BLK B, RD 3, BUS NILDANA HATTIRA, ROYAL GARDENS, NAVANAGARA EAST - 980303",0,,0.0,,,,,,,,78,Valid and occupied,Visit,Unvisited address with complete description; schedule initial field visit
AD000358,AC000285,residence,kyc_origination,2026-04-01,T2,"NO. 312, गली नं. 4, INDIRA COL, DEVGARH NAGAR - 970202",4,neighbour_says_shifted,145.0,0.0,0.0,1.0,1.0,1.0,1.0,0.0,54,"Valid, but borrower usually absent",Change the visit time,Premises locked or met family; shift visit to evening/weekend slot
AD000359,AC000286,residence,kyc_origination,2026-04-01,T1,house 165 5th cross 1st main shanthi nagr kaveripura - 960103,3,met_borrower,605.0,1.0,1.0,1.0,0.0,0.0,0.0,0.0,61,Valid and occupied,Visit,Borrower confirmed at address on prior visit; schedule visit
AD000360,AC000287,residence,kyc_origination,2026-04-01,T1,6th cross 7th main rd nr. ration shop nehru colony kaveripura - 960102,6,met_family,385.0,3.0,2.0,1.0,0.0,0.0,0.0,0.0,70,Valid and occupied,Visit,Borrower confirmed at address on prior visit; schedule visit
AD000361,AC000288,residence,kyc_origination,2026-04-01,T1,"#240, Basaav Naga, Kaveripura - 960101",0,,0.0,,,,,,,,38,Valid and occupied,Visit,Unvisited address with complete description; schedule initial field visit
AD000362,AC000288,office,kyc_origination,2026-04-01,T1,#340 green view apts 8th cross 8th mn ganapathi gudi hattira shanthi nagar kaveripura - 960101,0,,0.0,,,,,,,,94,Valid and occupied,Visit,Unvisited address with complete description; schedule initial field visit
AD000363,AC000289,residence,kyc_origination,2026-04-01,T1,"1st Crss, 5th Main, Milk Dairy hattira, Siddeshwara Colony, Kaveripura - 960102",9,address_not_traceable,93.0,1.0,3.0,0.0,0.0,0.0,5.0,0.0,79,Valid and occupied,Visit,Borrower confirmed at address on prior visit; schedule visit
AD000364,AC000290,residence,kyc_origination,2026-04-01,T2,"Gali 1, बस स्टॉप के पास, Shivaji Nagar, Devgarh Nagar - 970202",1,met_family,498.0,0.0,1.0,0.0,0.0,0.0,0.0,0.0,62,"Valid, but borrower usually absent",Change the visit time,Premises locked or met family; shift visit to evening/weekend slot
AD000365,AC000291,residence,kyc_origination,2026-04-01,T2,"170/3, Gali 6, Dawai ki Dukaan ke pass, Devgarh Nagar - 970203",4,met_borrower,927.0,1.0,1.0,0.0,0.0,0.0,2.0,0.0,62,Valid and occupied,Visit,Borrower confirmed at address on prior visit; schedule visit
AD000366,AC000292,residence,kyc_origination,2026-04-01,T1,12th x 8th main sarkari shaale hattira kuvempu lyt kaveripura - 960102,8,address_not_traceable,106.0,0.0,0.0,0.0,0.0,0.0,8.0,0.0,70,Hard to find on the ground,Resolve the location (Problem Statement 3) before writing it off,Detailed address but agent could not locate pin (106s dwell); resolve geocode (PS3)
AD000367,AC000293,residence,kyc_origination,2026-04-01,T3,"H.No. 431, Blk D, Rd 1, opposite Milk Booth, Silver Oak Layout, Navanagara East - 980301",0,,0.0,,,,,,,,88,Valid and occupied,Visit,Unvisited address with complete description; schedule initial field visit
AD000368,AC000293,office,kyc_origination,2026-04-01,T3,"E Block, 1st Road, close to Bus Stand, Railway Colony, Navanagara East - 980304",0,,0.0,,,,,,,,79,Valid and occupied,Visit,Unvisited address with complete description; schedule initial field visit
AD000369,AC000294,residence,kyc_origination,2026-04-01,T1,343/1 4th x 4th mn close to bus stop gandhi nagar kaveripura - 960102,7,met_borrower,1298.0,2.0,2.0,3.0,0.0,0.0,0.0,0.0,69,Valid and occupied,Visit,Borrower confirmed at address on prior visit; schedule visit
AD000370,AC000294,office,kyc_origination,2026-04-01,T1,11th cross 6th main bus stop hattira nehru colony kaveripura - 960102,0,,0.0,,,,,,,,69,Valid and occupied,Visit,Unvisited address with complete description; schedule initial field visit
AD000371,AC000295,residence,kyc_origination,2026-04-01,T1,3rd cross 5th main rd samudaya bhavana hattira gandhi nagar kaveripura - 960102,1,address_not_traceable,109.0,0.0,0.0,0.0,0.0,0.0,1.0,0.0,79,Hard to find on the ground,Resolve the location (Problem Statement 3) before writing it off,Detailed address but agent could not locate pin (109s dwell); resolve geocode (PS3)
AD000372,AC000296,residence,kyc_origination,2026-04-01,T1,"3rd Cross, 8th Mn, Gandhi Nagar, Kaveripura - 960102",2,address_not_traceable,30.0,0.0,0.0,0.0,0.0,0.0,2.0,0.0,52,Hard to find on the ground,Resolve the location (Problem Statement 3) before writing it off,Detailed address but agent could not locate pin (30s dwell); resolve geocode (PS3)
AD000373,AC000296,permanent_native,kyc_origination,2026-04-01,OUT,"Village Mallapura, Taluk A, District West - 995674",0,,0.0,,,,,,,,50,Valid and occupied,Visit,Unvisited address with complete description; schedule initial field visit
AD000374,AC000297,residence,kyc_origination,2026-04-01,T3,"Blk B, Rd 2, Teachers Colny, Navanagara East - 980301",0,,0.0,,,,,,,,53,Valid and occupied,Visit,Unvisited address with complete description; schedule initial field visit
AD000375,AC000297,office,kyc_origination,2026-04-01,T3,house 467 blk c rd 5 nr milk boooth defence colony navanagara east - 980301,0,,0.0,,,,,,,,75,Valid and occupied,Visit,Unvisited address with complete description; schedule initial field visit
AD000376,AC000298,residence,kyc_origination,2026-04-01,T2,"414/3, DEVGARH NAGAR - 970203",1,address_not_traceable,59.0,0.0,0.0,0.0,0.0,0.0,1.0,0.0,29,Hard to find on the ground,Resolve the location (Problem Statement 3) before writing it off,Detailed address but agent could not locate pin (59s dwell); resolve geocode (PS3)
AD000377,AC000299,residence,kyc_origination,2026-04-01,T1,"426/2, SRI KRISHNA NIVAS, 5TH CR, 5TH MN, NR OVERHEAD TANK, BASAVA NAGR, KAVERIPURA - 960101",0,,0.0,,,,,,,,92,Valid and occupied,Visit,Unvisited address with complete description; schedule initial field visit
AD000378,AC000300,residence,kyc_origination,2026-04-01,T1,"Annapoorna Nilaya, 6th X, 1st Main, Ration Angdi hattira, Hosa Badavane, Kaveripura - 960101",0,,0.0,,,,,,,,92,Valid and occupied,Visit,Unvisited address with complete description; schedule initial field visit
AD000379,AC000301,residence,kyc_origination,2026-04-01,T2,"HOUSE 68, SUBHASH NGR, DEVGARH NAGAR - 970201",8,met_family,561.0,3.0,2.0,0.0,0.0,0.0,1.0,2.0,45,Valid and occupied,Visit,Borrower confirmed at address on prior visit; schedule visit
AD000380,AC000302,residence,kyc_origination,2026-04-01,T3,"NO. 413, SHANTI KUNJ, D BLOCK, 1ST ROAD, MILK DAIRY HATTIRA, RAILWAY COLONY, NAVANAGARA EAST - 980304",0,,0.0,,,,,,,,101,Valid and occupied,Visit,Unvisited address with complete description; schedule initial field visit
AD000381,AC000303,residence,kyc_origination,2026-04-01,T2,"NO. 366, GALI 5, WARD 1, OPP POST OFFICE, SHIVAJI NAGAR, DEVGARH NAGAR - 970202",0,,0.0,,,,,,,,79,Valid and occupied,Visit,Unvisited address with complete description; schedule initial field visit
AD000382,AC000304,residence,kyc_origination,2026-04-01,T2,"No. 34, Gali No. 7, Ward 6, दूध डेयरी के पास, Nehru Colny, Devgarh Nagar - 970203",0,,0.0,,,,,,,,81,Valid and occupied,Visit,Unvisited address with complete description; schedule initial field visit
AD000383,AC000305,residence,kyc_origination,2026-04-01,T2,"Gali no-2, Tilak Nagar, Devgarh Ngr - 970201",0,,0.0,,,,,,,,44,Valid and occupied,Visit,Unvisited address with complete description; schedule initial field visit
AD000384,AC000306,residence,kyc_origination,2026-04-01,T1,153/3 nr water tank shanthi nagar kaveripura - 960101,0,,0.0,,,,,,,,53,Valid and occupied,Visit,Unvisited address with complete description; schedule initial field visit
AD000385,AC000307,residence,kyc_origination,2026-04-01,T2,"H.NO. 462, GALI NO-8, WARD 10, PAANI KI TANKI KE PAAS, KRISHNA PURI, DEVGARH NAGAR - 970202",3,met_borrower,530.0,1.0,0.0,1.0,0.0,0.0,1.0,0.0,91,Valid and occupied,Visit,Borrower confirmed at address on prior visit; schedule visit
AD000386,AC000308,residence,kyc_origination,2026-04-01,T2,"House 210, Gali No. 9, near Hanuman Temple, Indira Colony, Devgarh Nagar - 970202",4,met_borrower,1202.0,2.0,0.0,0.0,0.0,0.0,2.0,0.0,81,Valid and occupied,Visit,Borrower confirmed at address on prior visit; schedule visit
AD000387,AC000308,office,kyc_origination,2026-04-01,T2,"House 287, Gali 11, Sarkari School ke paas, Tilak Nagar, Devgarh Nagar - 970204",4,locked_premises,203.0,2.0,0.0,2.0,0.0,0.0,0.0,0.0,79,Valid and occupied,Visit,Borrower confirmed at address on prior visit; schedule visit
AD000388,AC000309,residence,kyc_origination,2026-04-01,T3,blk a rd 6 church ke piche teachers colony navanagara east - 980302,0,,0.0,,,,,,,,67,Valid and occupied,Visit,Unvisited address with complete description; schedule initial field visit
AD000389,AC000310,residence,kyc_origination,2026-04-01,T1,house 366 12th cross 3rd main rd near ganapathi temple kaveripura - 960102,8,met_family,401.0,1.0,2.0,0.0,0.0,0.0,5.0,0.0,74,Valid and occupied,Visit,Borrower confirmed at address on prior visit; schedule visit
AD000390,AC000311,residence,kyc_origination,2026-04-01,T1,"4th Cross, 5th Main, nr. Hanuman Temple, Siddeshwara Colony, Kaveripura - 960102",0,,0.0,,,,,,,,80,Valid and occupied,Visit,Unvisited address with complete description; schedule initial field visit
AD000391,AC000311,office,kyc_origination,2026-04-01,T1,"No. 57, 12th Cross, 5th Main, Ganddhi Nagar, Kaveripura - 960102",0,,0.0,,,,,,,,64,Valid and occupied,Visit,Unvisited address with complete description; schedule initial field visit
AD000392,AC000312,residence,kyc_origination,2026-04-01,T2,gali 9 ward 10 nr ganesh temple devgarh nagr - 970202,1,address_not_traceable,109.0,0.0,0.0,0.0,0.0,0.0,1.0,0.0,53,Hard to find on the ground,Resolve the location (Problem Statement 3) before writing it off,Detailed address but agent could not locate pin (109s dwell); resolve geocode (PS3)
AD000393,AC000313,residence,kyc_origination,2026-04-01,T3,"House 468, Blk A, Rd 2, Navanagara East - 980303",0,,0.0,,,,,,,,48,Valid and occupied,Visit,Unvisited address with complete description; schedule initial field visit
AD000394,AC000314,residence,kyc_origination,2026-04-01,T2,"BARAT GAR KE PASS, AZAD MOHALLA, DEVGARH NGR - 970203",0,,0.0,,,,,,,,53,Valid and occupied,Visit,Unvisited address with complete description; schedule initial field visit
AD000395,AC000315,residence,kyc_origination,2026-04-01,T3,"#126, Blk E, Rd 3, Lakeview Phase 2, Navanagara East - 980303",0,,0.0,,,,,,,,61,Valid and occupied,Visit,Unvisited address with complete description; schedule initial field visit
AD000396,AC000315,office,kyc_origination,2026-04-01,T3,"No. 283, Blk E, Rd 4, behind Post Office, HMT Colony, Navanagara East",0,,0.0,,,,,,,,69,Valid and occupied,Visit,Unvisited address with complete description; schedule initial field visit
AD000397,AC000316,residence,kyc_origination,2026-04-01,T3,"No. 401, Green View Apts, E Block, 2nd Road, Palm Meadows, Navanagara East - 980302",6,locked_premises,83.0,1.0,1.0,3.0,0.0,0.0,1.0,0.0,83,Valid and occupied,Visit,Borrower confirmed at address on prior visit; schedule visit
AD000398,AC000317,residence,kyc_origination,2026-04-01,T3,no. 363 blk c rd 7 railway colony navanagara east - 980304,2,neighbour_says_shifted,142.0,0.0,0.0,0.0,1.0,0.0,1.0,0.0,58,Borrower has moved,Trace the new address,Neighbours or occupants confirmed borrower relocated; trace new address
AD000399,AC000317,office,kyc_origination,2026-04-01,T3,house 279 b block 5th rd nr. overhead tank palm meadows navanagara east - 980302,0,,0.0,,,,,,,,80,Valid and occupied,Visit,Unvisited address with complete description; schedule initial field visit
AD000400,AC000318,residence,kyc_origination,2026-04-01,T2,"430/3, Gali 9, Subhash Nagar, Devgarh Nagar - 970201",1,locked_premises,224.0,0.0,0.0,1.0,0.0,0.0,0.0,0.0,52,"Valid, but borrower usually absent",Change the visit time,Premises locked or met family; shift visit to evening/weekend slot
AD000401,AC000319,residence,kyc_origination,2026-04-01,T3,"F Block, 6th Road, opp. Post Office, Railway Colony, Navanagara East - 980304",1,address_not_traceable,80.0,0.0,0.0,0.0,0.0,0.0,1.0,0.0,77,Hard to find on the ground,Resolve the location (Problem Statement 3) before writing it off,Detailed address but agent could not locate pin (80s dwell); resolve geocode (PS3)
AD000402,AC000320,residence,kyc_origination,2026-04-01,T3,house 250 d blk. 4th road bus adda ke pass railway colny navanagara east - 980304,0,,0.0,,,,,,,,81,Valid and occupied,Visit,Unvisited address with complete description; schedule initial field visit
AD000403,AC000320,office,kyc_origination,2026-04-01,T3,h.no. 383 nr. milk dairy railway colony navanagara east - 980304,0,,0.0,,,,,,,,64,Valid and occupied,Visit,Unvisited address with complete description; schedule initial field visit
AD000404,AC000321,residence,kyc_origination,2026-04-01,T2,ganesh mandir ke peeche nehru colony devgarh nagar - 970203,2,met_borrower,1457.0,1.0,1.0,0.0,0.0,0.0,0.0,0.0,59,Valid and occupied,Visit,Borrower confirmed at address on prior visit; schedule visit
AD000405,AC000322,residence,kyc_origination,2026-04-01,T2,"GALI NO. 11, WARD 4, NEAR MEDICALS, RAM NAGAR, DEVGARH NAGAR - 970203",0,,0.0,,,,,,,,69,Valid and occupied,Visit,Unvisited address with complete description; schedule initial field visit
AD000406,AC000323,residence,kyc_origination,2026-04-01,T1,"1st Crs, 8th Main, opp. Ration Shop, Vidya Nagr, Kaveripura - 90103",0,,0.0,,,,,,,,67,Valid and occupied,Visit,Unvisited address with complete description; schedule initial field visit
AD000407,AC000324,residence,kyc_origination,2026-04-01,T2,house 360 gali no. 11 close to post office krishna puri devgarh ngr - 970202,1,neighbour_says_shifted,280.0,0.0,0.0,0.0,1.0,0.0,0.0,0.0,76,Borrower has moved,Trace the new address,Neighbours or occupants confirmed borrower relocated; trace new address
AD000408,AC000324,office,kyc_origination,2026-04-01,T2,#202 gali no-8 behind post office krishna puri devgarh nagar - 970202,0,,0.0,,,,,,,,69,Valid and occupied,Visit,Unvisited address with complete description; schedule initial field visit
AD000409,AC000325,residence,kyc_origination,2026-04-01,T3,"213/2, ANNAPOORNA NILAYA, CHURCH HATTIRA, TEACHERS COL, NAVANAGARA EAST - 980304",0,,0.0,,,,,,,,80,Valid and occupied,Visit,Unvisited address with complete description; schedule initial field visit
AD000410,AC000325,office,kyc_origination,2026-04-01,T3,"BLK C, RD 5, CLOSE TO PHARMACY, NAVANAGARA EAST - 980302",1,address_not_traceable,87.0,0.0,0.0,0.0,0.0,0.0,1.0,0.0,56,Hard to find on the ground,Resolve the location (Problem Statement 3) before writing it off,Detailed address but agent could not locate pin (87s dwell); resolve geocode (PS3)
AD000411,AC000326,residence,kyc_origination,2026-04-01,T3,house 206 lakeview phase 2 navanagara east - 980303,2,address_not_traceable,61.0,0.0,0.0,0.0,0.0,0.0,2.0,0.0,51,Hard to find on the ground,Resolve the location (Problem Statement 3) before writing it off,Detailed address but agent could not locate pin (61s dwell); resolve geocode (PS3)
AD000412,AC000327,residence,kyc_origination,2026-04-01,T2,"Gali No. 6, Ward 11, nr. Church, Patel Nagar, Devgarh Nagar - 970204",8,met_borrower,1250.0,4.0,0.0,2.0,0.0,0.0,1.0,1.0,68,Valid and occupied,Visit,Borrower confirmed at address on prior visit; schedule visit
AD000413,AC000327,permanent_native,kyc_origination,2026-04-01,OUT,"Village Chikkapura, Tehsil D, District East - 994056",0,,0.0,,,,,,,,52,Valid and occupied,Visit,Unvisited address with complete description; schedule initial field visit
AD000414,AC000328,residence,kyc_origination,2026-04-01,T3,"BLK D, RD 1, NR RATION SHOP, HMT COLONY, NAVANAGARA EAST - 980301",0,,0.0,,,,,,,,65,Valid and occupied,Visit,Unvisited address with complete description; schedule initial field visit
AD000415,AC000328,permanent_native,kyc_origination,2026-04-01,OUT,"Village Rampura Kalan, Tehsil D, District North - 992673",0,,0.0,,,,,,,,56,Valid and occupied,Visit,Unvisited address with complete description; schedule initial field visit
AD000416,AC000329,residence,kyc_origination,2026-04-01,T1,4th cr 2nd main hosa badavane kaveripura - 960101,0,,0.0,,,,,,,,49,Valid and occupied,Visit,Unvisited address with complete description; schedule initial field visit
AD000417,AC000330,residence,kyc_origination,2026-04-01,T3,"No. 312, B Block, 2nd Road, close to Masjid, Railway Colony, Navanagara East - 980304",0,,0.0,,,,,,,,85,Valid and occupied,Visit,Unvisited address with complete description; schedule initial field visit
AD000418,AC000331,residence,kyc_origination,2026-04-01,T2,"SHANTI KUNJ, GALI NO. 10, OPP OVERHEAD TANK, NEHRU COLNY, DEVGARH NAGAR - 970203",0,,0.0,,,,,,,,80,Valid and occupied,Visit,Unvisited address with complete description; schedule initial field visit
AD000419,AC000332,residence,kyc_origination,2026-04-01,T2,"GALI 2, PATEL NAGAR, DEVGARH NAGAR - 970202",3,neighbour_says_shifted,261.0,0.0,0.0,0.0,2.0,0.0,1.0,0.0,43,Borrower has moved,Trace the new address,Neighbours or occupants confirmed borrower relocated; trace new address
AD000420,AC000333,residence,kyc_origination,2026-04-01,T2,"Gali No. 10, nr. Ganesh Temple, Krishna Puri, Devgarh Nagar - 970202",4,met_family,518.0,1.0,1.0,0.0,0.0,0.0,0.0,2.0,68,Valid and occupied,Visit,Borrower confirmed at address on prior visit; schedule visit
AD000421,AC000334,residence,kyc_origination,2026-04-01,T3,435/3 blk e rd 3 nr petrol bunk green park layt navanagara east - 980301,0,,0.0,,,,,,,,72,Valid and occupied,Visit,Unvisited address with complete description; schedule initial field visit
AD000422,AC000334,office,kyc_origination,2026-04-01,T3,house 440 om sai complex a block 1st rd opp church defence colony navanagara east,0,,0.0,,,,,,,,81,Valid and occupied,Visit,Unvisited address with complete description; schedule initial field visit
AD000423,AC000335,residence,kyc_origination,2026-04-01,T1,4th cross 6th mn nr. ganapathi temple ashoka layout kaveripura - 960104,0,,0.0,,,,,,,,71,Valid and occupied,Visit,Unvisited address with complete description; schedule initial field visit
AD000424,AC000336,residence,kyc_origination,2026-04-01,T2,#156 gali no-4 opp. community hall nehru colony devgarh ngr - 970203,9,locked_premises,229.0,6.0,0.0,2.0,0.0,0.0,0.0,1.0,68,Valid and occupied,Visit,Borrower confirmed at address on prior visit; schedule visit
AD000425,AC000336,permanent_native,kyc_origination,2026-04-01,OUT,"Village Hosahalli, Tehsil D, District South - 997113",0,,0.0,,,,,,,,52,Valid and occupied,Visit,Unvisited address with complete description; schedule initial field visit
AD000426,AC000337,residence,kyc_origination,2026-04-01,T3,"H.No. 2, Annapoorna Nilaya, Blk A, Rd 5, nr. Ration Shop, Teachers Colony, Navanagara East - 980302",4,locked_premises,94.0,1.0,1.0,1.0,0.0,0.0,1.0,0.0,99,Valid and occupied,Visit,Borrower confirmed at address on prior visit; schedule visit
AD000427,AC000337,office,kyc_origination,2026-04-01,T3,d blocck 4th rd hmt col navanagara east - 980301,1,met_borrower,1257.0,1.0,0.0,0.0,0.0,0.0,0.0,0.0,48,Valid and occupied,Visit,Borrower confirmed at address on prior visit; schedule visit
AD000428,AC000338,residence,kyc_origination,2026-04-01,T1,41/3 ganga apartments 1st crss 7th main close to hanuman temple nehru colony kaverpura - 960102,4,neighbour_says_shifted,329.0,0.0,0.0,0.0,2.0,1.0,1.0,0.0,95,Borrower has moved,Trace the new address,Neighbours or occupants confirmed borrower relocated; trace new address
AD000429,AC000338,office,kyc_origination,2026-04-01,T1,"H.No. 421, ಕಲ್ಯಾಣ ಮಂಟಪ ಹತ್ತಿರ, Gandhi Nagr, Kaveripura - 960102",1,address_not_traceable,51.0,0.0,0.0,0.0,0.0,0.0,1.0,0.0,63,Hard to find on the ground,Resolve the location (Problem Statement 3) before writing it off,Detailed address but agent could not locate pin (51s dwell); resolve geocode (PS3)
AD000430,AC000339,residence,kyc_origination,2026-04-01,T2,house 402 church ke pass patel nagr devgarh nagar - 970202,3,met_family,519.0,2.0,1.0,0.0,0.0,0.0,0.0,0.0,58,Valid and occupied,Visit,Borrower confirmed at address on prior visit; schedule visit
AD000431,AC000339,permanent_native,kyc_origination,2026-04-01,OUT,"Village Sundarpur, Tehsil D, District East - 994704",0,,0.0,,,,,,,,51,Valid and occupied,Visit,Unvisited address with complete description; schedule initial field visit
AD000432,AC000340,residence,kyc_origination,2026-04-01,T2,"174/3, GALI NO-10, PATEL NAGAR, DEVGARH NAGAR - 970202",0,,0.0,,,,,,,,54,Valid and occupied,Visit,Unvisited address with complete description; schedule initial field visit
AD000433,AC000341,residence,kyc_origination,2026-04-01,T3,"H.NO. 212, BLK C, RD 1, NEXT TO CHURCH, NAVANAGARA EAST - 980303",6,address_not_traceable,34.0,2.0,1.0,1.0,0.0,0.0,2.0,0.0,64,Valid and occupied,Visit,Borrower confirmed at address on prior visit; schedule visit
AD000434,AC000342,residence,kyc_origination,2026-04-01,T3,"No. 31, Blk F, Rd 5, opposite Hanuman Temple, HMT Colony, Navanagara East - 980304",0,,0.0,,,,,,,,82,Valid and occupied,Visit,Unvisited address with complete description; schedule initial field visit
AD000435,AC000343,residence,kyc_origination,2026-04-01,T1,"134/3, ಪೆಟ್ರೋಲ್ ಬಂಕ್ ಹತ್ತಿರ, Kalyana Ngr, Kaveripura - 960104",0,,0.0,,,,,,,,61,Valid and occupied,Visit,Unvisited address with complete description; schedule initial field visit
AD000436,AC000344,residence,kyc_origination,2026-04-01,T3,"F Blk., 2nd Road, Navanagara East - 980303",0,,0.0,,,,,,,,42,Valid and occupied,Visit,Unvisited address with complete description; schedule initial field visit
AD000437,AC000345,residence,kyc_origination,2026-04-01,T2,"House 262, Gali No. 11, nr Milk Booth, Ambedkar Nagr, Devgarh Nagar - 970204",0,,0.0,,,,,,,,76,Valid and occupied,Visit,Unvisited address with complete description; schedule initial field visit
AD000438,AC000346,residence,kyc_origination,2026-04-01,T2,"H.No. 372, Gali No. 1, Ward 8, Azad Mohalla, Devgarh Nagar - 970203",2,address_not_traceable,37.0,0.0,0.0,0.0,0.0,0.0,2.0,0.0,67,Hard to find on the ground,Resolve the location (Problem Statement 3) before writing it off,Detailed address but agent could not locate pin (37s dwell); resolve geocode (PS3)
AD000439,AC000346,office,kyc_origination,2026-04-01,T2,"No. 149, Gali no-9, close to Hanuman Tempel, Indira Colony, Devgarh Nagar - 970202",0,,0.0,,,,,,,,82,Valid and occupied,Visit,Unvisited address with complete description; schedule initial field visit
AD000440,AC000347,residence,kyc_origination,2026-04-01,T1,"113/3, SHANTI KUNJ, 12TH CROSS, 3RD MAIN, ನ್ಯಾಯಬೆಲೆ ಅಂಗಡಿ ಹತ್ತಿರ, SIDDESHWARA COLNY, KAVERIPURA - 960102",0,,0.0,,,,,,,,104,Valid and occupied,Visit,Unvisited address with complete description; schedule initial field visit
AD000441,AC000348,residence,kyc_origination,2026-04-01,T1,h.no. 136 5th cross 5th main masidi eduru vidya ngr kaveripura - 960103,1,met_family,214.0,0.0,1.0,0.0,0.0,0.0,0.0,0.0,71,"Valid, but borrower usually absent",Change the visit time,Premises locked or met family; shift visit to evening/weekend slot
AD000442,AC000348,office,kyc_origination,2026-04-01,T1,h.no. 287 ಬಸ್ ನಿಲ್ದಾಣ ಹತ್ತಿರ hosa badavane kaveripura - 960101,0,,0.0,,,,,,,,62,Valid and occupied,Visit,Unvisited address with complete description; schedule initial field visit
AD000443,AC000349,residence,kyc_origination,2026-04-01,T2,"#116, naer Hanuman Temple, Shivaji Nagr, Devgarh Nagar - 970202",4,met_family,359.0,1.0,2.0,0.0,0.0,0.0,1.0,0.0,63,Valid and occupied,Visit,Borrower confirmed at address on prior visit; schedule visit
AD000444,AC000349,office,kyc_origination,2026-04-01,T2,"#425, Gali 2, Ration ki Dukaan ke paaas, Devgarh Nagar - 970202",1,neighbour_says_shifted,341.0,0.0,0.0,0.0,1.0,0.0,0.0,0.0,63,Borrower has moved,Trace the new address,Neighbours or occupants confirmed borrower relocated; trace new address
AD000445,AC000350,residence,kyc_origination,2026-04-01,T1,#93 10th cross 1st main nr ganapathi temple nehru colony kaveripura - 960102,0,,0.0,,,,,,,,76,Valid and occupied,Visit,Unvisited address with complete description; schedule initial field visit
AD000446,AC000351,residence,kyc_origination,2026-04-01,T3,"A Block, 4th Road, nr. Mosque, Orchid Enclave, Navanagara East - 980301",3,met_family,394.0,0.0,1.0,0.0,0.0,0.0,2.0,0.0,71,"Valid, but borrower usually absent",Change the visit time,Premises locked or met family; shift visit to evening/weekend slot
AD000447,AC000352,residence,kyc_origination,2026-04-01,T1,"470/3, 10th Cross, 3rd Main, ಸರ್ಕಾರಿ ಶಾಲೆ ಎದುರು, Anjaneya Badavane, Kaveripura - 960103",0,,0.0,,,,,,,,87,Valid and occupied,Visit,Unvisited address with complete description; schedule initial field visit
AD000448,AC000353,residence,kyc_origination,2026-04-01,T3,"383/2, D Blk, 5th Road, behind Hanuman Temple, Orchhid Enclave, Navanagara East - 980301",0,,0.0,,,,,,,,88,Valid and occupied,Visit,Unvisited address with complete description; schedule initial field visit
AD000449,AC000354,residence,kyc_origination,2026-04-01,T3,no. 101 c blk. 1st road sunrise enclave navanagara east - 980301,2,no_such_person,267.0,0.0,0.0,1.0,0.0,1.0,0.0,0.0,64,"Valid, but borrower usually absent",Change the visit time,Premises locked or met family; shift visit to evening/weekend slot
AD000450,AC000355,residence,kyc_origination,2026-04-01,T2,"GALI 8, KRISHNA PURI, DEVGARH NAGR - 970202",1,address_not_traceable,115.0,0.0,0.0,0.0,0.0,0.0,1.0,0.0,43,Hard to find on the ground,Resolve the location (Problem Statement 3) before writing it off,Detailed address but agent could not locate pin (115s dwell); resolve geocode (PS3)
AD000451,AC000356,residence,kyc_origination,2026-04-01,T3,"No. 435, F Block, 6th Road, Teachers Colony, Navanagara East - 980302",8,locked_premises,164.0,1.0,2.0,2.0,0.0,0.0,2.0,1.0,69,Valid and occupied,Visit,Borrower confirmed at address on prior visit; schedule visit
AD000452,AC000357,residence,kyc_origination,2026-04-01,T3,"#27, D BLOCK, 1ST ROAD, NR GOVT SCHOOL, TEACHERS COLONY, NAVANAGARA EAST - 980302",0,,0.0,,,,,,,,81,Valid and occupied,Visit,Unvisited address with complete description; schedule initial field visit
AD000453,AC000358,residence,kyc_origination,2026-04-01,T3,"House 248, Blk D, Rd 6, opp. Overhead Tank, Silver Oak Layout, Navanagara East - 980301",0,,0.0,,,,,,,,87,Valid and occupied,Visit,Unvisited address with complete description; schedule initial field visit
AD000454,AC000358,permanent_native,kyc_origination,2026-04-01,OUT,"Village Kodihalli, Tehsil C, District North - 995265",0,,0.0,,,,,,,,52,Valid and occupied,Visit,Unvisited address with complete description; schedule initial field visit
AD000455,AC000359,residence,kyc_origination,2026-04-01,T2,gali no. 1 jama masjid ke pass tilak nagar devgarh nagar - 970204,0,,0.0,,,,,,,,65,Valid and occupied,Visit,Unvisited address with complete description; schedule initial field visit
AD000456,AC000360,residence,kyc_origination,2026-04-01,T2,"250/2, Gali no-9, Doodh Dairy ke samne, Shastri Nagar, Devgarh Nagar - 970201",2,address_not_traceable,52.0,0.0,0.0,0.0,1.0,0.0,1.0,0.0,77,Borrower has moved,Trace the new address,Neighbours or occupants confirmed borrower relocated; trace new address
AD000457,AC000361,residence,kyc_origination,2026-04-01,T3,"BLK D, RD 4, ಸರ್ಕಾರಿ ಶಾಲೆ ಹತ್ತಿರ, RAILWAY COLONY, NAVANAGARA EAST - 980304",0,,0.0,,,,,,,,74,Valid and occupied,Visit,Unvisited address with complete description; schedule initial field visit
AD000458,AC000362,residence,kyc_origination,2026-04-01,T3,"Green View Apts, Blk E, Rd 3, Silver Oak Lyt, Navanagara East - 980301",0,,0.0,,,,,,,,70,Valid and occupied,Visit,Unvisited address with complete description; schedule initial field visit
AD000459,AC000363,residence,kyc_origination,2026-04-01,T2,"240/3, GALI NO-4, WARD 5, DOODH DAIRY KE PAAS, SUBHASH NGR, DEVGARH NAGR - 970201",0,,0.0,,,,,,,,81,Valid and occupied,Visit,Unvisited address with complete description; schedule initial field visit
AD000460,AC000364,residence,kyc_origination,2026-04-01,T2,h.no. 230 gali no. 6 close to overhead tank krishna puri devgarh naagar - 970202,7,met_borrower,805.0,3.0,1.0,2.0,0.0,0.0,1.0,0.0,80,Valid and occupied,Visit,Borrower confirmed at address on prior visit; schedule visit
AD000461,AC000364,office,kyc_origination,2026-04-01,T2,"208/3, Gali no-3, opposite Kalyana Mantapa, Nehru Colony, Devgarh Nagar - 970203",1,address_not_traceable,117.0,0.0,0.0,0.0,0.0,0.0,1.0,0.0,80,Hard to find on the ground,Resolve the location (Problem Statement 3) before writing it off,Detailed address but agent could not locate pin (117s dwell); resolve geocode (PS3)
AD000462,AC000365,residence,kyc_origination,2026-04-01,T1,"House 412, nr. PDS Sohp, Hosa Badavane, Kaveripura - 960101",0,,0.0,,,,,,,,59,Valid and occupied,Visit,Unvisited address with complete description; schedule initial field visit
AD000463,AC000365,permanent_native,kyc_origination,2026-04-01,OUT,"Village Mallapura, Tehsil C, District East - 993770",0,,0.0,,,,,,,,51,Valid and occupied,Visit,Unvisited address with complete description; schedule initial field visit
AD000464,AC000366,residence,kyc_origination,2026-04-01,T3,c blk. 3rd road teachers colony navanagara east - 980302,0,,0.0,,,,,,,,56,Valid and occupied,Visit,Unvisited address with complete description; schedule initial field visit
AD000465,AC000367,residence,kyc_origination,2026-04-01,T3,"Lakshmi Nilaya, Blk E, Rd 5, nr. Overhead Tank, Silver Oak Layout, Navanagara East",2,neighbour_says_shifted,198.0,0.0,0.0,1.0,1.0,0.0,0.0,0.0,82,"Valid, but borrower usually absent",Change the visit time,Premises locked or met family; shift visit to evening/weekend slot
AD000466,AC000368,residence,kyc_origination,2026-04-01,T1,"9th Cr, 4th Main, close to Medical Store, Kuvempu Layout, Kaveripura - 960102",0,,0.0,,,,,,,,77,Valid and occupied,Visit,Unvisited address with complete description; schedule initial field visit
AD000467,AC000369,residence,kyc_origination,2026-04-01,T1,house 263 4th crs 6th main srkari shaale hattira basava nagr kaveripura - 960101,1,met_family,237.0,0.0,1.0,0.0,0.0,0.0,0.0,0.0,80,"Valid, but borrower usually absent",Change the visit time,Premises locked or met family; shift visit to evening/weekend slot
AD000468,AC000370,residence,kyc_origination,2026-04-01,T3,"House 64, Blk F, Rd 4, close to Milk Dairy, Sunrise Enclave, Navanagara East - 980304",0,,0.0,,,,,,,,85,Valid and occupied,Visit,Unvisited address with complete description; schedule initial field visit
AD000469,AC000371,residence,kyc_origination,2026-04-01,T1,"458/1, 10TH CROSS, 5TH MAIN, OPP. PDS SHO,P GANDHI NAGAR, KAVERIPURA - 960102",1,met_family,470.0,0.0,1.0,0.0,0.0,0.0,0.0,0.0,77,"Valid, but borrower usually absent",Change the visit time,Premises locked or met family; shift visit to evening/weekend slot
AD000470,AC000371,permanent_native,kyc_origination,2026-04-01,OUT,"Village Bilagi, Tehsil C, District North - 995877",0,,0.0,,,,,,,,49,Valid and occupied,Visit,Unvisited address with complete description; schedule initial field visit
AD000471,AC000372,residence,kyc_origination,2026-04-01,T3,"#71, Blk B, Rd 6, nr Overhead Tank, Green Park Lyt, Navanagara East - 980301",2,locked_premises,235.0,0.0,0.0,1.0,0.0,0.0,1.0,0.0,76,"Valid, but borrower usually absent",Change the visit time,Premises locked or met family; shift visit to evening/weekend slot
AD000472,AC000373,residence,kyc_origination,2026-04-01,T2,"Gali 12, Hanuman Mandir ke bagal me, Shastri Nagar, Devgarh Nagar - 970201",7,met_borrower,742.0,2.0,2.0,2.0,0.0,0.0,1.0,0.0,74,Valid and occupied,Visit,Borrower confirmed at address on prior visit; schedule visit
AD000473,AC000374,residence,kyc_origination,2026-04-01,T2,house 342 close to kalyana mantapa patel nagar devgarh nagar,2,met_family,258.0,0.0,2.0,0.0,0.0,0.0,0.0,0.0,60,"Valid, but borrower usually absent",Change the visit time,Premises locked or met family; shift visit to evening/weekend slot
AD000474,AC000374,permanent_native,kyc_origination,2026-04-01,OUT,"Village Bilagi, Tehsil C, District South - 998052",0,,0.0,,,,,,,,49,Valid and occupied,Visit,Unvisited address with complete description; schedule initial field visit
AD000475,AC000375,residence,kyc_origination,2026-04-01,T1,"H.No. 471, 5th Cross, 3rd Main, near Children Park, Nehru Coloony, Kaveripura - 960102",7,met_family,313.0,3.0,3.0,1.0,0.0,0.0,0.0,0.0,86,Valid and occupied,Visit,Borrower confirmed at address on prior visit; schedule visit
AD000476,AC000375,permanent_native,kyc_origination,2026-04-01,OUT,"Village Sundarpur, Taluk A, District East - 995144",0,,0.0,,,,,,,,50,Valid and occupied,Visit,Unvisited address with complete description; schedule initial field visit
AD000477,AC000376,residence,kyc_origination,2026-04-01,T1,"10th Cr, 6th Main, opposite Bus Stand, Shanthi Nagar, Kaveripura - 960101",2,met_borrower,497.0,1.0,0.0,1.0,0.0,0.0,0.0,0.0,73,Valid and occupied,Visit,Borrower confirmed at address on prior visit; schedule visit
AD000478,AC000376,office,kyc_origination,2026-04-01,T1,"House 17, Green View Apts, 4th Crs, 8th Main, Gandhi Nagar, Kaveripura - 960102",0,,0.0,,,,,,,,79,Valid and occupied,Visit,Unvisited address with complete description; schedule initial field visit
AD000479,AC000377,residence,kyc_origination,2026-04-01,T2,no. 312 gali 9 ward 5 behind govt school subhash nagar devgarh nagar - 970201,0,,0.0,,,,,,,,77,Valid and occupied,Visit,Unvisited address with complete description; schedule initial field visit
AD000480,AC000378,residence,kyc_origination,2026-04-01,T2,"55/3, Barat Ghar ke bagal me, Patel Nagr, Devgarh Nagar - 970202",0,,0.0,,,,,,,,64,Valid and occupied,Visit,Unvisited address with complete description; schedule initial field visit
AD000481,AC000379,residence,kyc_origination,2026-04-01,T3,"40/1, Railway Colony, Navanagara Eats - 980304",0,,0.0,,,,,,,,46,Valid and occupied,Visit,Unvisited address with complete description; schedule initial field visit
AD000482,AC000379,office,kyc_origination,2026-04-01,T3,"House 479, Blk F, Rd 3, Tanki ke pass, HMT Colony, Navanagara East - 980301",0,,0.0,,,,,,,,75,Valid and occupied,Visit,Unvisited address with complete description; schedule initial field visit
AD000483,AC000380,residence,kyc_origination,2026-04-01,T3,"#168, C BLK., 6TH ROAD, MASJID KE SAAMNE, DEFENCE COLNY, NAVANAGARA EAST - 980302",0,,0.0,,,,,,,,81,Valid and occupied,Visit,Unvisited address with complete description; schedule initial field visit
AD000484,AC000381,residence,kyc_origination,2026-04-01,T3,#256 blk f rd 5 nr post office railway colny navanagraa east - 980304,4,met_family,238.0,0.0,2.0,2.0,0.0,0.0,0.0,0.0,69,"Valid, but borrower usually absent",Change the visit time,Premises locked or met family; shift visit to evening/weekend slot
AD000485,AC000382,residence,kyc_origination,2026-04-01,T2,"Gali 10, Barat Ghir ke pass, Shivaji Nagar, Devgahr Nagar - 970202",0,,0.0,,,,,,,,66,Valid and occupied,Visit,Unvisited address with complete description; schedule initial field visit
AD000486,AC000382,office,kyc_origination,2026-04-01,T2,"28/1, Gali no-12, Ward 10, Krishna Puri, Devgarh Nagar",0,,0.0,,,,,,,,54,Valid and occupied,Visit,Unvisited address with complete description; schedule initial field visit
AD000487,AC000383,residence,kyc_origination,2026-04-01,T2,"House 301, opposite Post Office, Devgarh Nagr - 970202",0,,0.0,,,,,,,,54,Valid and occupied,Visit,Unvisited address with complete description; schedule initial field visit
AD000488,AC000384,residence,kyc_origination,2026-04-01,T1,house 321 neear milk booth kaveripura - 960102,7,neighbour_says_shifted,177.0,0.0,0.0,0.0,6.0,0.0,1.0,0.0,46,Borrower has moved,Trace the new address,Neighbours or occupants confirmed borrower relocated; trace new address
AD000489,AC000385,residence,kyc_origination,2026-04-01,T3,#115 silver oak layt navanagara east - 980301,4,address_not_traceable,99.0,0.0,0.0,0.0,0.0,1.0,3.0,0.0,45,Hard to find on the ground,Resolve the location (Problem Statement 3) before writing it off,Detailed address but agent could not locate pin (99s dwell); resolve geocode (PS3)
AD000490,AC000385,permanent_native,kyc_origination,2026-04-01,OUT,"Village Kodihalli, Taluk B, District North - 997089",0,,0.0,,,,,,,,51,Valid and occupied,Visit,Unvisited address with complete description; schedule initial field visit
AD000491,AC000386,residence,kyc_origination,2026-04-01,T2,"Gali 7, Church ke pass, Shivaji Ngr, Devgarh Nagar - 970202",0,,0.0,,,,,,,,59,Valid and occupied,Visit,Unvisited address with complete description; schedule initial field visit
AD000492,AC000386,office,kyc_origination,2026-04-01,T2,"376/2, Azad Mohalla, Devgarh Nagar - 970202",0,,0.0,,,,,,,,43,Valid and occupied,Visit,Unvisited address with complete description; schedule initial field visit
AD000493,AC000387,residence,kyc_origination,2026-04-01,T3,"#337, Palm Meadows, Navanagara East - 980302",0,,0.0,,,,,,,,44,Valid and occupied,Visit,Unvisited address with complete description; schedule initial field visit
AD000494,AC000387,permanent_native,kyc_origination,2026-04-01,OUT,"Village Kodihalli, Tehsil C, District West - 991904",0,,0.0,,,,,,,,51,Valid and occupied,Visit,Unvisited address with complete description; schedule initial field visit
AD000495,AC000388,residence,kyc_origination,2026-04-01,T2,"Gali no-9, near Ganesh Temple, Krishna Puri, Devgarh Nagar - 970202",6,met_family,225.0,0.0,1.0,1.0,0.0,0.0,4.0,0.0,67,"Valid, but borrower usually absent",Change the visit time,Premises locked or met family; shift visit to evening/weekend slot
AD000496,AC000388,permanent_native,kyc_origination,2026-04-01,OUT,"Village Rampura Kalan, Tehsil D, District South - 999621",0,,0.0,,,,,,,,56,Valid and occupied,Visit,Unvisited address with complete description; schedule initial field visit
AD000497,AC000389,residence,kyc_origination,2026-04-01,T1,"No. 393, 10th Cross, 6th Mn, Sarkari Shaale hattira, Vinayaka Nagar, Kaveripura - 960104",4,met_borrower,1069.0,2.0,0.0,0.0,0.0,0.0,2.0,0.0,88,Valid and occupied,Visit,Borrower confirmed at address on prior visit; schedule visit
AD000498,AC000390,residence,kyc_origination,2026-04-01,T2,#311 gali no-2 devgarh ngr - 970202,1,locked_premises,98.0,0.0,0.0,1.0,0.0,0.0,0.0,0.0,35,"Valid, but borrower usually absent",Change the visit time,Premises locked or met family; shift visit to evening/weekend slot
AD000499,AC000391,residence,kyc_origination,2026-04-01,T3,"Blk F, Rd 3, next to Medicals, Navanagara East",0,,0.0,,,,,,,,46,Valid and occupied,Visit,Unvisited address with complete description; schedule initial field visit
AD000500,AC000391,office,kyc_origination,2026-04-01,T3,blk d rd 6 masidi hattira orchid enclave navanagara east - 980301,0,,0.0,,,,,,,,65,Valid and occupied,Visit,Unvisited address with complete description; schedule initial field visit
AD000501,AC000392,residence,kyc_origination,2026-04-01,T3,"271/3, C Blk, 3rd Road, nr Water Tank, Defence Colony, Navanagara East - 980301",0,,0.0,,,,,,,,79,Valid and occupied,Visit,Unvisited address with complete description; schedule initial field visit
AD000502,AC000393,residence,kyc_origination,2026-04-01,T2,"263/2, Gali no-3, Patel Nagar, Devgarh Nagar - 970202",0,,0.0,,,,,,,,53,Valid and occupied,Visit,Unvisited address with complete description; schedule initial field visit
AD000503,AC000394,residence,kyc_origination,2026-04-01,T2,"352/1, Gali No. 4, nr. Government School, Indira Colony, Devgarh Nagr - 970202",0,,0.0,,,,,,,,78,Valid and occupied,Visit,Unvisited address with complete description; schedule initial field visit
AD000504,AC000395,residence,kyc_origination,2026-04-01,T1,house 155 9th cross 5th main nehru colony kaveripura - 960102,4,neighbour_says_shifted,206.0,0.0,0.0,0.0,2.0,1.0,1.0,0.0,61,Borrower has moved,Trace the new address,Neighbours or occupants confirmed borrower relocated; trace new address
AD000505,AC000396,residence,kyc_origination,2026-04-01,T3,#258 ಸರ್ಕಾರಿ ಶಾಲೆ ಹತ್ತಿರ navanagara east - 980301,5,address_not_traceable,44.0,0.0,0.0,0.0,0.0,0.0,5.0,0.0,49,Hard to find on the ground,Resolve the location (Problem Statement 3) before writing it off,Detailed address but agent could not locate pin (44s dwell); resolve geocode (PS3)
AD000506,AC000397,residence,kyc_origination,2026-04-01,T2,"#337, Gali no-4, Ward 6, Nehru Col, Devgarh Nagr - 970203",0,,0.0,,,,,,,,57,Valid and occupied,Visit,Unvisited address with complete description; schedule initial field visit
AD000507,AC000397,office,kyc_origination,2026-04-01,T2,gali no-12 bhd park nehru colny devgarh ngr - 970203,0,,0.0,,,,,,,,52,Valid and occupied,Visit,Unvisited address with complete description; schedule initial field visit
AD000508,AC000398,residence,kyc_origination,2026-04-01,T3,"288/3, Blk F, Rd 5, b/h Ganapathi Temple, Railway Col, Navanagara East - 980304",2,met_family,209.0,0.0,1.0,0.0,0.0,0.0,1.0,0.0,79,"Valid, but borrower usually absent",Change the visit time,Premises locked or met family; shift visit to evening/weekend slot
AD000509,AC000399,residence,kyc_origination,2026-04-01,T2,"#2, गली नं. 6, Ward 8, राशन की दुकान के सामने, Azad Mohalla, Devgarh Nagar - 970203",0,,0.0,,,,,,,,83,Valid and occupied,Visit,Unvisited address with complete description; schedule initial field visit
AD000510,AC000400,residence,kyc_origination,2026-04-01,T3,"A BLOCK, 3RD RD., NR. BUS STOP, SILVER OAK LAYOUT, NAVANAGARA EAST - 980301",0,,0.0,,,,,,,,75,Valid and occupied,Visit,Unvisited address with complete description; schedule initial field visit
AD000511,AC000401,residence,kyc_origination,2026-04-01,T3,"Blk F, Rd 2, opposite Overhead Tank, Sunrise Enclave, Navanagara East - 983004",1,address_not_traceable,79.0,0.0,0.0,0.0,0.0,0.0,1.0,0.0,78,Hard to find on the ground,Resolve the location (Problem Statement 3) before writing it off,Detailed address but agent could not locate pin (79s dwell); resolve geocode (PS3)
AD000512,AC000401,office,kyc_origination,2026-04-01,T3,"#53, D Block, 5th Rd., Green Park Layt, Navanagara East - 980301",0,,0.0,,,,,,,,64,Valid and occupied,Visit,Unvisited address with complete description; schedule initial field visit
AD000513,AC000402,residence,kyc_origination,2026-04-01,T1,"7th Cross, 6th Main, Bus Stop hindhe, Vinayaka Nagar, Kaveripura - 960104",1,met_borrower,464.0,1.0,0.0,0.0,0.0,0.0,0.0,0.0,73,Valid and occupied,Visit,Borrower confirmed at address on prior visit; schedule visit
AD000514,AC000402,permanent_native,kyc_origination,2026-04-01,OUT,"Village Sundarpur, Taluk B, District South - 994014",0,,0.0,,,,,,,,51,Valid and occupied,Visit,Unvisited address with complete description; schedule initial field visit
AD000515,AC000403,residence,kyc_origination,2026-04-01,T2,"334/2, Gali no-6, Krishna Puri, Devgarh Nagar - 970202",0,,0.0,,,,,,,,54,Valid and occupied,Visit,Unvisited address with complete description; schedule initial field visit
AD000516,AC000403,permanent_native,kyc_origination,2026-04-01,OUT,"Village Hosahalli, Tehsil D, District North - 998009",0,,0.0,,,,,,,,52,Valid and occupied,Visit,Unvisited address with complete description; schedule initial field visit
AD000517,AC000404,residence,kyc_origination,2026-04-01,T1,"#430, 1st Cross, 1st Main, Vidya Nagar, Kaveripura - 960103",3,met_borrower,546.0,3.0,0.0,0.0,0.0,0.0,0.0,0.0,59,Valid and occupied,Visit,Borrower confirmed at address on prior visit; schedule visit
AD000518,AC000404,office,kyc_origination,2026-04-01,T1,"#394, 10th Cross, 1st Mn, close to Govt School, Anjaneya Badavane, Kaveripura - 960103",0,,0.0,,,,,,,,86,Valid and occupied,Visit,Unvisited address with complete description; schedule initial field visit
AD000519,AC000405,residence,kyc_origination,2026-04-01,T3,"NO. 288, C BLOCK, 3RD ROAD, SUNRISE ENCLAVE, NAVANAGARA EAST - 980302",0,,0.0,,,,,,,,69,Valid and occupied,Visit,Unvisited address with complete description; schedule initial field visit
AD000520,AC000405,permanent_native,kyc_origination,2026-04-01,OUT,"Village Sundarpur, Taluk A, District East - 995495",0,,0.0,,,,,,,,50,Valid and occupied,Visit,Unvisited address with complete description; schedule initial field visit
AD000521,AC000406,residence,kyc_origination,2026-04-01,T3,"House 131, A Block, 1st Road, Orchid Enclave, Navanagara East - 980301",1,neighbour_says_shifted,273.0,0.0,0.0,0.0,1.0,0.0,0.0,0.0,70,Borrower has moved,Trace the new address,Neighbours or occupants confirmed borrower relocated; trace new address
AD000522,AC000407,residence,kyc_origination,2026-04-01,T2,49/1 geen view apts gali 12 ration dukan ke peeche nehru colony devgarh nagr,0,,0.0,,,,,,,,76,Valid and occupied,Visit,Unvisited address with complete description; schedule initial field visit
AD000523,AC000407,office,kyc_origination,2026-04-01,T2,"H.N. 272, nr. Bus Stand, Krishna Puri, Devgarh Ngr - 970202",0,,0.0,,,,,,,,59,Valid and occupied,Visit,Unvisited address with complete description; schedule initial field visit
AD000524,AC000408,residence,kyc_origination,2026-04-01,T1,"H.No. 310, 12th Cr, 1st Main, Ganesh Mandir ke pass, Nehru Colony, Kaveripura - 960102",9,met_family,335.0,2.0,4.0,2.0,0.0,0.0,1.0,0.0,86,Valid and occupied,Visit,Borrower confirmed at address on prior visit; schedule visit
AD000525,AC000409,residence,kyc_origination,2026-04-01,T3,"House 268, D Blk, 3rd Road, nr Post Office, HMT Colony, Navanagara East - 980301",0,,0.0,,,,,,,,80,Valid and occupied,Visit,Unvisited address with complete description; schedule initial field visit
AD000526,AC000410,residence,kyc_origination,2026-04-01,T3,blk f rd 2 close to pharmacy teachers colony navanagara east - 980302,5,met_borrower,799.0,3.0,2.0,0.0,0.0,0.0,0.0,0.0,69,Valid and occupied,Visit,Borrower confirmed at address on prior visit; schedule visit
AD000527,AC000411,residence,kyc_origination,2026-04-01,T2,"NO. 449, AZAD MOHALLA, DEVGARH NAGAR - 970203",0,,0.0,,,,,,,,45,Valid and occupied,Visit,Unvisited address with complete description; schedule initial field visit
AD000528,AC000412,residence,kyc_origination,2026-04-01,T3,"H.NO. 207, BLK B, RD 5, SILVER OAK LAYYOUT, NAVANAGARA EAST - 980301",0,,0.0,,,,,,,,68,Valid and occupied,Visit,Unvisited address with complete description; schedule initial field visit
AD000529,AC000413,residence,kyc_origination,2026-04-01,T1,"#166, 8th Cross, 4th Main Rd, beside Medicals, Nehru Colony, Kaveripura - 960102",5,locked_premises,83.0,1.0,2.0,2.0,0.0,0.0,0.0,0.0,80,Valid and occupied,Visit,Borrower confirmed at address on prior visit; schedule visit
AD000530,AC000413,office,kyc_origination,2026-04-01,T1,"310/2, 7th Cr, 3rd Mn, Basava Nagar, Kaveripura - 960101",3,met_borrower,909.0,2.0,0.0,1.0,0.0,0.0,0.0,0.0,56,Valid and occupied,Visit,Borrower confirmed at address on prior visit; schedule visit
AD000531,AC000414,residence,kyc_origination,2026-04-01,T2,"H.No. 103, Gai no-2, Doodh Dairy ke pass, Devgarh Nagr - 970202",6,address_not_traceable,115.0,1.0,1.0,1.0,0.0,0.0,3.0,0.0,63,Valid and occupied,Visit,Borrower confirmed at address on prior visit; schedule visit
AD000532,AC000415,residence,kyc_origination,2026-04-01,T3,blk c rd 6 b/h medicals teachers col navanagara east - 980302,4,neighbour_says_shifted,125.0,0.0,0.0,0.0,2.0,1.0,1.0,0.0,61,Borrower has moved,Trace the new address,Neighbours or occupants confirmed borrower relocated; trace new address
AD000533,AC000415,office,kyc_origination,2026-04-01,T3,h.no. 173 blk e rd 3 silver oak layout navanagara east - 980301,1,met_borrower,1387.0,1.0,0.0,0.0,0.0,0.0,0.0,0.0,63,Valid and occupied,Visit,Borrower confirmed at address on prior visit; schedule visit
AD000534,AC000416,residence,kyc_origination,2026-04-01,T3,f block 5th road nr medical store navanagara east - 980303,3,met_family,328.0,0.0,1.0,2.0,0.0,0.0,0.0,0.0,58,"Valid, but borrower usually absent",Change the visit time,Premises locked or met family; shift visit to evening/weekend slot
AD000535,AC000416,office,kyc_origination,2026-04-01,T3,house 225 sai residency blk b rd 4 nr pds shop lakeview phase 2 navanagara east - 980303,2,locked_premises,168.0,1.0,0.0,1.0,0.0,0.0,0.0,0.0,88,Valid and occupied,Visit,Borrower confirmed at address on prior visit; schedule visit
AD000536,AC000417,residence,kyc_origination,2026-04-01,T1,"#19, 8TH CR, 2ND MAIN, OPP. PDS SHOP, VINAYAKA NGR, KAVERIPURA - 960104",0,,0.0,,,,,,,,71,Valid and occupied,Visit,Unvisited address with complete description; schedule initial field visit
AD000537,AC000417,office,kyc_origination,2026-04-01,T1,"#61, 1ST CROSS, 1ST MAIN RD, ಉದ್ಯಾನವನ ಹತ್ತಿರ, KAVERIPURA - 960102",0,,0.0,,,,,,,,65,Valid and occupied,Visit,Unvisited address with complete description; schedule initial field visit
AD000538,AC000418,residence,kyc_origination,2026-04-01,T2,"239/1, Om Sai Complex, Gali no-13, बारात घर के बगल में, Patel Nagr, Devgarh Nagar - 970202",5,met_borrower,351.0,2.0,1.0,1.0,0.0,0.0,1.0,0.0,90,Valid and occupied,Visit,Borrower confirmed at address on prior visit; schedule visit
AD000539,AC000418,office,kyc_origination,2026-04-01,T2,"H.No. 174, Gali No. 9, Ward 10, near Post Office, Devgarh Ngr - 970202",4,neighbour_says_shifted,287.0,0.0,0.0,0.0,2.0,0.0,2.0,0.0,70,Borrower has moved,Trace the new address,Neighbours or occupants confirmed borrower relocated; trace new address
AD000540,AC000419,residence,kyc_origination,2026-04-01,T2,"H.No. 386, Gali 5, मेडिकल स्टोर के पास, Gandhi Basti, Devgarh Nagr - 970203",0,,0.0,,,,,,,,75,Valid and occupied,Visit,Unvisited address with complete description; schedule initial field visit
AD000541,AC000420,residence,kyc_origination,2026-04-01,T1,#223 near hanuman temple nehru colony kaveripura - 960102,8,locked_premises,210.0,3.0,1.0,2.0,0.0,0.0,1.0,1.0,57,Valid and occupied,Visit,Borrower confirmed at address on prior visit; schedule visit
AD000542,AC000421,residence,kyc_origination,2026-04-01,T3,"House 75, D Block, 2nd Road, close to Kalyana Mantapa, Navanagara East - 980304",0,,0.0,,,,,,,,79,Valid and occupied,Visit,Unvisited address with complete description; schedule initial field visit
AD000543,AC000422,residence,kyc_origination,2026-04-01,T1,"House 158, 8th Cross, 4th Main, Bus Stop edhuru, Gandhi Nagar, Kaveripura - 960102",0,,0.0,,,,,,,,82,Valid and occupied,Visit,Unvisited address with complete description; schedule initial field visit
AD000544,AC000423,residence,kyc_origination,2026-04-01,T1,"No. 136, 9th Cross, 6th Main, ಹಾಲಿನ ಡೈರಿ ಹತ್ತಿರ, Hosa Badavane, Kaveripura - 960101",1,address_not_traceable,113.0,0.0,0.0,0.0,0.0,0.0,1.0,0.0,83,Hard to find on the ground,Resolve the location (Problem Statement 3) before writing it off,Detailed address but agent could not locate pin (113s dwell); resolve geocode (PS3)
AD000545,AC000424,residence,kyc_origination,2026-04-01,T3,"74/3, Petrol Pump ke piche, Green Park Layout, Naavanagara East - 980301",0,,0.0,,,,,,,,72,Valid and occupied,Visit,Unvisited address with complete description; schedule initial field visit
AD000546,AC000424,permanent_native,kyc_origination,2026-04-01,OUT,"Village Bilagi, Tehsil C, District South - 992472",0,,0.0,,,,,,,,49,Valid and occupied,Visit,Unvisited address with complete description; schedule initial field visit
AD000547,AC000425,residence,kyc_origination,2026-04-01,T1,"#90, 7th Crs, 4th Mn, nr Medicals, Basava Nagar, Kaveripura - 960101",0,,0.0,,,,,,,,68,Valid and occupied,Visit,Unvisited address with complete description; schedule initial field visit
AD000548,AC000426,residence,kyc_origination,2026-04-01,T2,no. 257 gali no-8 near pharmacy azad mohalla devgarh nagar - 970203,0,,0.0,,,,,,,,67,Valid and occupied,Visit,Unvisited address with complete description; schedule initial field visit
AD000549,AC000426,office,kyc_origination,2026-04-01,T2,h.no. 364 green view apts gali no. 3 b/h mosque shastri nagar devgarh nagar - 970204,0,,0.0,,,,,,,,84,Valid and occupied,Visit,Unvisited address with complete description; schedule initial field visit
AD000550,AC000427,residence,kyc_origination,2026-04-01,T2,429/3 gali no-5 close to church shivaji nagar devgarh nagr - 970202,1,neighbour_says_shifted,249.0,0.0,0.0,0.0,1.0,0.0,0.0,0.0,67,Borrower has moved,Trace the new address,Neighbours or occupants confirmed borrower relocated; trace new address
AD000551,AC000428,residence,kyc_origination,2026-04-01,T1,"H.NO. 69, 10TH CROSS, 4TH MAINN, OPP. RATION SHOP, GANDHI NAGAR, KAVERIPURA - 960102",0,,0.0,,,,,,,,84,Valid and occupied,Visit,Unvisited address with complete description; schedule initial field visit
AD000552,AC000429,residence,kyc_origination,2026-04-01,T2,"#28, Gali 4, पेट्रोल पंप के सामने, Gandhi Basti, Devgarh Ngr - 970203",0,,0.0,,,,,,,,69,Valid and occupied,Visit,Unvisited address with complete description; schedule initial field visit
AD000553,AC000430,residence,kyc_origination,2026-04-01,T2,h.no. 466 gali no-12 ward 11 patel nagar devgarh nagar - 970202,1,met_borrower,1283.0,1.0,0.0,0.0,0.0,0.0,0.0,0.0,63,Valid and occupied,Visit,Borrower confirmed at address on prior visit; schedule visit
AD000554,AC000431,residence,kyc_origination,2026-04-01,T3,"#61, E Block, 3rd Rd., nr. Ganapathi Temple, Teachers Colny, Navanagara East - 980302",0,,0.0,,,,,,,,85,Valid and occupied,Visit,Unvisited address with complete description; schedule initial field visit
AD000555,AC000431,office,kyc_origination,2026-04-01,T3,"No. 207, F Block, 2nd Road, close to Mosque, Sunrise Enclave, Navanagara East - 980304",0,,0.0,,,,,,,,86,Valid and occupied,Visit,Unvisited address with complete description; schedule initial field visit
AD000556,AC000432,residence,kyc_origination,2026-04-01,T3,"B BLOCK, 5TH RD, CLOSE TO BUS STAND, LAKEVIEW PHHASE 2, NAVANAGARA EAST - 980303",1,met_family,218.0,0.0,1.0,0.0,0.0,0.0,0.0,0.0,80,"Valid, but borrower usually absent",Change the visit time,Premises locked or met family; shift visit to evening/weekend slot
AD000557,AC000433,residence,kyc_origination,2026-04-01,T1,"6th Crs, 3rd Main, nr Ganesh Temple, Gandhi Nagar, Kaveripura - 960102",1,no_such_person,294.0,0.0,0.0,0.0,0.0,1.0,0.0,0.0,70,Borrower has moved,Trace the new address,Neighbours or occupants confirmed borrower relocated; trace new address
AD000558,AC000434,residence,kyc_origination,2026-04-01,T2,322/2 gali no. 4 nr overhead tank krishna puri devgarh nagar - 970202,0,,0.0,,,,,,,,69,Valid and occupied,Visit,Unvisited address with complete description; schedule initial field visit
AD000559,AC000434,permanent_native,kyc_origination,2026-04-01,OUT,"Village Chikkapura, Taluk A, District West - 998902",0,,0.0,,,,,,,,51,Valid and occupied,Visit,Unvisited address with complete description; schedule initial field visit
AD000560,AC000435,residence,kyc_origination,2026-04-01,T2,"opposite Mosque, Patel Ngr, Devgarh Nagar - 970202",6,met_family,444.0,2.0,3.0,0.0,0.0,0.0,1.0,0.0,50,Valid and occupied,Visit,Borrower confirmed at address on prior visit; schedule visit
AD000561,AC000436,residence,kyc_origination,2026-04-01,T1,"227/2, 7th Cross, 8th Mn, close to Overhead Tank, Kaveripura - 960102",2,locked_premises,128.0,0.0,0.0,1.0,0.0,0.0,1.0,0.0,69,"Valid, but borrower usually absent",Change the visit time,Premises locked or met family; shift visit to evening/weekend slot
AD000562,AC000436,office,kyc_origination,2026-04-01,T1,"House 463, Annapoorna Nilaya, Church hattira, Basava Nagr, Kavripura - 960101",1,met_borrower,670.0,1.0,0.0,0.0,0.0,0.0,0.0,0.0,77,Valid and occupied,Visit,Borrower confirmed at address on prior visit; schedule visit
AD000563,AC000437,residence,kyc_origination,2026-04-01,T1,"No. 353, 4th Cross, 7th Main, bhd Milk Booth, Nehru Colony, Kaveripura - 960102",2,address_not_traceable,53.0,0.0,0.0,1.0,0.0,0.0,1.0,0.0,79,"Valid, but borrower usually absent",Change the visit time,Premises locked or met family; shift visit to evening/weekend slot
AD000564,AC000437,permanent_native,kyc_origination,2026-04-01,OUT,"Village Devipur, Taluk A, District East - 995248",0,,0.0,,,,,,,,48,Valid and occupied,Visit,Unvisited address with complete description; schedule initial field visit
AD000565,AC000438,residence,kyc_origination,2026-04-01,T2,h.no. 433 gali no. 10 hanuman mandir ke pass inidra colony devgarh ngaar - 970202,1,met_family,222.0,0.0,1.0,0.0,0.0,0.0,0.0,0.0,81,"Valid, but borrower usually absent",Change the visit time,Premises locked or met family; shift visit to evening/weekend slot
AD000566,AC000439,residence,kyc_origination,2026-04-01,T2,"Gali No. 10, nr. Post Office, Krishna Puri, Devgarh Ngr - 970202",0,,0.0,,,,,,,,64,Valid and occupied,Visit,Unvisited address with complete description; schedule initial field visit
AD000567,AC000440,residence,kyc_origination,2026-04-01,T3,"HOUSE 461, BLK A, RD 3, NR MILK BOOTH, RAILWAY COLNOY, NAVANAGARA EAST - 98304",0,,0.0,,,,,,,,78,Valid and occupied,Visit,Unvisited address with complete description; schedule initial field visit
AD000568,AC000441,residence,kyc_origination,2026-04-01,T1,no. 175 1st cross 4th mn anjaneya swamy temple hattira kuvempu layout kaveripura,1,address_not_traceable,111.0,0.0,0.0,0.0,0.0,0.0,1.0,0.0,80,Hard to find on the ground,Resolve the location (Problem Statement 3) before writing it off,Detailed address but agent could not locate pin (111s dwell); resolve geocode (PS3)
AD000569,AC000442,residence,kyc_origination,2026-04-01,T1,"NO. 45, OPP. KALYANA MANTAPA, NEHRU COLNY, KAVERIPURA - 960102",9,locked_premises,182.0,2.0,1.0,3.0,0.0,0.0,3.0,0.0,62,Valid and occupied,Visit,Borrower confirmed at address on prior visit; schedule visit
AD000570,AC000443,residence,kyc_origination,2026-04-01,T3,"163/1, nr. Masjid, Teachers Colony, Navanagara East - 980302",8,no_such_person,197.0,1.0,0.0,0.0,0.0,3.0,4.0,0.0,60,Valid and occupied,Visit,Borrower confirmed at address on prior visit; schedule visit
AD000571,AC000443,permanent_native,kyc_origination,2026-04-01,OUT,"Village Kodihalli, Tehsil C, District West - 995877",0,,0.0,,,,,,,,51,Valid and occupied,Visit,Unvisited address with complete description; schedule initial field visit
AD000572,AC000444,residence,kyc_origination,2026-04-01,T3,189/1 f blk 6th road defence colny navanagara east - 980301,0,,0.0,,,,,,,,59,Valid and occupied,Visit,Unvisited address with complete description; schedule initial field visit
AD000573,AC000445,residence,kyc_origination,2026-04-01,T2,"Gali 11, Ward 11, nr Kalyana Mantapa, Patel Nagar, Devgarh Ngr",2,neighbour_says_shifted,284.0,0.0,0.0,1.0,1.0,0.0,0.0,0.0,62,"Valid, but borrower usually absent",Change the visit time,Premises locked or met family; shift visit to evening/weekend slot
AD000574,AC000446,residence,kyc_origination,2026-04-01,T3,"Blk C, Rd 4, b/h Ganesh Temple, Orchid Enclave, Navanagara East - 980301",1,locked_premises,131.0,0.0,0.0,1.0,0.0,0.0,0.0,0.0,72,"Valid, but borrower usually absent",Change the visit time,Premises locked or met family; shift visit to evening/weekend slot
AD000575,AC000446,office,kyc_origination,2026-04-01,T3,"H.No. 171, Unity Nagar, Navanagara Eats - 980302",2,locked_premises,159.0,0.0,0.0,1.0,0.0,0.0,1.0,0.0,48,"Valid, but borrower usually absent",Change the visit time,Premises locked or met family; shift visit to evening/weekend slot
AD000576,AC000447,residence,kyc_origination,2026-04-01,T3,"House 35, B Block, 6th Road, ಮಸೀದಿ ಹತ್ತಿರ, Orchid Enclave, Navanagara East - 980301",9,met_borrower,344.0,1.0,1.0,4.0,0.0,0.0,3.0,0.0,83,Valid and occupied,Visit,Borrower confirmed at address on prior visit; schedule visit
AD000577,AC000447,office,kyc_origination,2026-04-01,T3,"307/3, D Blk., 5th Road, opp Kalyana Mantapa, Lakeview Phase 2, Navanagara East - 980301",0,,0.0,,,,,,,,88,Valid and occupied,Visit,Unvisited address with complete description; schedule initial field visit
AD000578,AC000448,residence,kyc_origination,2026-04-01,T1,"No. 349, 5th Cross, 7th Main Rd, Kuvempu Lyt, Kaveripura",0,,0.0,,,,,,,,56,Valid and occupied,Visit,Unvisited address with complete description; schedule initial field visit
AD000579,AC000449,residence,kyc_origination,2026-04-01,T2,"GALI 5, WARD 9, GIRJA GHAR KE PASS, DEVGARH NAGAR",7,neighbour_says_shifted,196.0,0.0,0.0,0.0,4.0,0.0,3.0,0.0,49,Borrower has moved,Trace the new address,Neighbours or occupants confirmed borrower relocated; trace new address
AD000580,AC000450,residence,kyc_origination,2026-04-01,T3,110/3 d block 4th road opp. overhead tank navanagara east - 980301,0,,0.0,,,,,,,,66,Valid and occupied,Visit,Unvisited address with complete description; schedule initial field visit
AD000581,AC000451,residence,kyc_origination,2026-04-01,T2,"172/1, SHIVAJI NAGR, DEVGARH NGR - 970202",2,met_borrower,1298.0,1.0,0.0,0.0,0.0,0.0,1.0,0.0,41,Valid and occupied,Visit,Borrower confirmed at address on prior visit; schedule visit
AD000582,AC000451,permanent_native,kyc_origination,2026-04-01,OUT,"Village Hosahalli, Tehsil D, District West - 996563",0,,0.0,,,,,,,,51,Valid and occupied,Visit,Unvisited address with complete description; schedule initial field visit
AD000583,AC000452,residence,kyc_origination,2026-04-01,T3,"Blk A, Rd 2, behind Milk Booth, Palm Meadows, Navanagara East - 980302",0,,0.0,,,,,,,,70,Valid and occupied,Visit,Unvisited address with complete description; schedule initial field visit
AD000584,AC000453,residence,kyc_origination,2026-04-01,T3,h.no. 302 nr hanuman templa sunrise enclave navanagara east - 980304,1,address_not_traceable,199.0,0.0,0.0,0.0,0.0,0.0,1.0,0.0,68,Hard to find on the ground,Resolve the location (Problem Statement 3) before writing it off,Detailed address but agent could not locate pin (199s dwell); resolve geocode (PS3)
AD000585,AC000454,residence,kyc_origination,2026-04-01,T2,"GALI 7, PATEL NAGAR, DEVGARH NAGAR - 970202",0,,0.0,,,,,,,,43,Valid and occupied,Visit,Unvisited address with complete description; schedule initial field visit
AD000586,AC000455,residence,kyc_origination,2026-04-01,T1,"House 271, 11th Cr, 5th Mn, opp Church, Anjaneya Badavane, Kaveripura - 960103",1,cash_collected,815.0,0.0,0.0,0.0,0.0,0.0,0.0,1.0,78,Valid and occupied,Visit,Borrower confirmed at address on prior visit; schedule visit
AD000587,AC000456,residence,kyc_origination,2026-04-01,T3,"H.No. 293, F Block, 3rd Road, close to Ganesh Temple, Teachers Colony, Navanagara East - 980302",5,locked_premises,84.0,0.0,0.0,2.0,0.0,0.0,3.0,0.0,95,"Valid, but borrower usually absent",Change the visit time,Premises locked or met family; shift visit to evening/weekend slot
AD000588,AC000457,residence,kyc_origination,2026-04-01,T2,"House 3, गली नं. 6, Indira Colony, Devgarh Nagar - 970202",0,,0.0,,,,,,,,57,Valid and occupied,Visit,Unvisited address with complete description; schedule initial field visit
AD000589,AC000458,residence,kyc_origination,2026-04-01,T1,"10TH X, 2ND MAIN, GANAPATHI GUDI HENDE, NEHRU COLONY, KAVERIPURA - 960101",8,met_borrower,106.0,8.0,0.0,0.0,0.0,0.0,0.0,0.0,73,Valid and occupied,Visit,Borrower confirmed at address on prior visit; schedule visit
AD000590,AC000459,residence,kyc_origination,2026-04-01,T3,"228/3, Blk C, Rd 1, Orchid Enclave, Navanagara East - 980301",0,,0.0,,,,,,,,60,Valid and occupied,Visit,Unvisited address with complete description; schedule initial field visit
AD000591,AC000459,office,kyc_origination,2026-04-01,T3,"H.No. 291, E Block, 4th Road, close to Post Office, HMT Colony, Navanagara East - 980301",0,,0.0,,,,,,,,88,Valid and occupied,Visit,Unvisited address with complete description; schedule initial field visit
AD000592,AC000460,residence,kyc_origination,2026-04-01,T3,"HOUSE 252, BLK B, RD 5, NEAR PETROL BUNK, GREEN PARK LAYOUT, NAVANAGARA EAST - 980301",4,address_not_traceable,34.0,0.0,0.0,0.0,0.0,0.0,4.0,0.0,85,Hard to find on the ground,Resolve the location (Problem Statement 3) before writing it off,Detailed address but agent could not locate pin (34s dwell); resolve geocode (PS3)
AD000593,AC000461,residence,kyc_origination,2026-04-01,T1,"1ST CROSS, 4TH MAIN, NR GANESH TEMPLE, ASHOKA LAYOUT, KAVERIPURA - 960104",0,,0.0,,,,,,,,73,Valid and occupied,Visit,Unvisited address with complete description; schedule initial field visit
AD000594,AC000462,residence,kyc_origination,2026-04-01,T1,"No. 355, 3rd Cross, 1st Mn, Medical Shop hinde, Kaveripura - 960104",0,,0.0,,,,,,,,67,Valid and occupied,Visit,Unvisited address with complete description; schedule initial field visit
AD000595,AC000463,residence,kyc_origination,2026-04-01,T3,"BLK C, RD 3, BARAT GHAR KE PASS, RAILWAY COL, NAVANAGARA EAST - 980304",0,,0.0,,,,,,,,70,Valid and occupied,Visit,Unvisited address with complete description; schedule initial field visit
AD000596,AC000464,residence,kyc_origination,2026-04-01,T3,blk d rd 6 nr. govt school teachers colny navanagara eats - 980302,5,met_family,416.0,0.0,1.0,2.0,0.0,0.0,2.0,0.0,66,"Valid, but borrower usually absent",Change the visit time,Premises locked or met family; shift visit to evening/weekend slot
AD000597,AC000464,office,kyc_origination,2026-04-01,T3,blk b rd 6 bus stop hattira palm meadows navanagara east - 980302,0,,0.0,,,,,,,,65,Valid and occupied,Visit,Unvisited address with complete description; schedule initial field visit
AD000598,AC000465,residence,kyc_origination,2026-04-01,T2,"Dawai ki Dukaan ke paas, Patel Nagar, Devgarh Nagr - 970202",2,locked_premises,209.0,0.0,0.0,1.0,1.0,0.0,0.0,0.0,59,"Valid, but borrower usually absent",Change the visit time,Premises locked or met family; shift visit to evening/weekend slot
AD000599,AC000466,residence,kyc_origination,2026-04-01,T1,"House 350, Lakshmi Nilaya, 2nd X, 3rd Main, Kaveripura - 960101",4,address_not_traceable,32.0,0.0,0.0,0.0,0.0,0.0,4.0,0.0,63,Hard to find on the ground,Resolve the location (Problem Statement 3) before writing it off,Detailed address but agent could not locate pin (32s dwell); resolve geocode (PS3)
AD000600,AC000467,residence,kyc_origination,2026-04-01,T2,"#183, behind Pharmacy, Patel Nagar, Devgarh Nagar - 970203",6,locked_premises,188.0,0.0,2.0,4.0,0.0,0.0,0.0,0.0,58,"Valid, but borrower usually absent",Change the visit time,Premises locked or met family; shift visit to evening/weekend slot
AD000601,AC000468,residence,kyc_origination,2026-04-01,T2,no. 193 gali 12 nr pds shop devgarh nagr - 970201,0,,0.0,,,,,,,,49,Valid and occupied,Visit,Unvisited address with complete description; schedule initial field visit
AD000602,AC000469,residence,kyc_origination,2026-04-01,T1,house 62 11th cross 5th main nehru colony kaveripura - 960102,9,address_not_traceable,43.0,3.0,4.0,1.0,0.0,0.0,1.0,0.0,61,Valid and occupied,Visit,Borrower confirmed at address on prior visit; schedule visit
AD000603,AC000470,residence,kyc_origination,2026-04-01,T2,"No. 247, Gali 13, b/h Post Office, Nehru Colny, Devgarh Nagar - 970201",1,address_not_traceable,60.0,0.0,0.0,0.0,0.0,0.0,1.0,0.0,70,Hard to find on the ground,Resolve the location (Problem Statement 3) before writing it off,Detailed address but agent could not locate pin (60s dwell); resolve geocode (PS3)
AD000604,AC000471,residence,kyc_origination,2026-04-01,T1,h.no. 6 1st x 8th main gandhi nagar kaveripura - 960102,0,,0.0,,,,,,,,55,Valid and occupied,Visit,Unvisited address with complete description; schedule initial field visit
AD000605,AC000472,residence,kyc_origination,2026-04-01,T3,"Huose 29, Blk B, Rd 5, Girja Ghar ke peeche, Silver Oak Layout, Navanagara East - 980301",1,met_family,231.0,0.0,1.0,0.0,0.0,0.0,0.0,0.0,88,"Valid, but borrower usually absent",Change the visit time,Premises locked or met family; shift visit to evening/weekend slot
AD000606,AC000473,residence,kyc_origination,2026-04-01,T3,166/1 e block 3rd road community hall ke peeche sunrise enclave navanagara east - 980304,1,met_family,474.0,0.0,1.0,0.0,0.0,0.0,0.0,0.0,88,"Valid, but borrower usually absent",Change the visit time,Premises locked or met family; shift visit to evening/weekend slot
AD000607,AC000474,residence,kyc_origination,2026-04-01,T3,"House 319, A Block, 1st Road, bhd PDS Shop, Orchid Enclave, Navanagara East - 980301",9,neighbour_says_shifted,294.0,0.0,0.0,3.0,3.0,2.0,1.0,0.0,84,"Valid, but borrower usually absent",Change the visit time,Premises locked or met family; shift visit to evening/weekend slot
AD000608,AC000475,residence,kyc_origination,2026-04-01,T1,2nd cross 6th main nr community hall gandhi nagar kaveripura - 960102,9,met_family,467.0,3.0,3.0,3.0,0.0,0.0,0.0,0.0,69,Valid and occupied,Visit,Borrower confirmed at address on prior visit; schedule visit
AD000609,AC000476,residence,kyc_origination,2026-04-01,T2,"NO. 128, GALI 4, DOODH DAIRY KE SAAMNE, SUBHASH NGR, DEVGARH NAGAR - 970201",0,,0.0,,,,,,,,75,Valid and occupied,Visit,Unvisited address with complete description; schedule initial field visit
AD000610,AC000476,office,kyc_origination,2026-04-01,T2,"119/1, GALI NO. 11, CLOSE TO GOVERNMENT SCHOOL, RAM NAGAR, DEVGARH NAGAR - 970203",0,,0.0,,,,,,,,81,Valid and occupied,Visit,Unvisited address with complete description; schedule initial field visit
AD000611,AC000477,residence,kyc_origination,2026-04-01,T2,"#246, Gali no-10, Ganesh Mandir ke samne, Krishna Puri, Devgarh Nagar - 970202",0,,0.0,,,,,,,,78,Valid and occupied,Visit,Unvisited address with complete description; schedule initial field visit
AD000612,AC000477,office,kyc_origination,2026-04-01,T2,"No. 75, Gali No. 2, Ward 7, nr. Masjid, Gandhi Basti, Devgarh Nagar - 970203",1,address_not_traceable,110.0,0.0,0.0,0.0,0.0,0.0,1.0,0.0,76,Hard to find on the ground,Resolve the location (Problem Statement 3) before writing it off,Detailed address but agent could not locate pin (110s dwell); resolve geocode (PS3)
AD000613,AC000478,residence,kyc_origination,2026-04-01,T2,"House 33, Gali no-5, Ward 6, close to Bus Stand, Nehru Colony, Devgarh Nagar - 970203",5,met_family,320.0,1.0,2.0,0.0,0.0,0.0,1.0,1.0,85,Valid and occupied,Visit,Borrower confirmed at address on prior visit; schedule visit
AD000614,AC000479,residence,kyc_origination,2026-04-01,T3,"bhd Masjid, Railway Colony, Navanagara East - 980304",1,met_borrower,1128.0,1.0,0.0,0.0,0.0,0.0,0.0,0.0,52,Valid and occupied,Visit,Borrower confirmed at address on prior visit; schedule visit
AD000615,AC000479,office,kyc_origination,2026-04-01,T3,"292/3, B Blk., 6th Road, Tanki ke paas, Sunrise Enclave, Navanagara East - 980301",0,,0.0,,,,,,,,81,Valid and occupied,Visit,Unvisited address with complete description; schedule initial field visit
AD000616,AC000480,residence,kyc_origination,2026-04-01,T3,blk f rd 1 nr ganapathi temple navanagara east - 980301,0,,0.0,,,,,,,,55,Valid and occupied,Visit,Unvisited address with complete description; schedule initial field visit
AD000617,AC000481,residence,kyc_origination,2026-04-01,T3,"No. 51, Blk D, Rd 6, Neerina Tank hindhe, Silver Oak Layout, Navanagara East - 980301",9,met_family,272.0,1.0,5.0,1.0,0.0,0.0,2.0,0.0,85,Valid and occupied,Visit,Borrower confirmed at address on prior visit; schedule visit
AD000618,AC000481,permanent_native,kyc_origination,2026-04-01,OUT,"Village Bilagi, Tehsil C, District West - 992031",0,,0.0,,,,,,,,48,Valid and occupied,Visit,Unvisited address with complete description; schedule initial field visit
AD000619,AC000482,residence,kyc_origination,2026-04-01,T1,ashoka layout kaveripura - 960104,0,,0.0,,,,,,,,33,Valid and occupied,Visit,Unvisited address with complete description; schedule initial field visit
AD000620,AC000483,residence,kyc_origination,2026-04-01,T2,shanti kunj gali 4 petrol pump ke paas gandhi basti devgarh nagar - 97023,0,,0.0,,,,,,,,73,Valid and occupied,Visit,Unvisited address with complete description; schedule initial field visit
AD000621,AC000483,office,kyc_origination,2026-04-01,T2,"Gali No. 5, Ward 7, near Post Office, Gandhi Basti, Devgarh Nagar - 970203",0,,0.0,,,,,,,,74,Valid and occupied,Visit,Unvisited address with complete description; schedule initial field visit
AD000622,AC000484,residence,kyc_origination,2026-04-01,T1,"House 252, Om Sai Complex, 1st Cross, 3rd Main, Masidi hattira, Nehru Colony, Kaveripura - 960102",6,met_family,302.0,0.0,2.0,4.0,0.0,0.0,0.0,0.0,97,"Valid, but borrower usually absent",Change the visit time,Premises locked or met family; shift visit to evening/weekend slot
AD000623,AC000484,office,kyc_origination,2026-04-01,T1,303/2 masidi hattira vidya ngr kaveripura,3,locked_premises,192.0,1.0,0.0,2.0,0.0,0.0,0.0,0.0,41,Valid and occupied,Visit,Borrower confirmed at address on prior visit; schedule visit
AD000624,AC000485,residence,kyc_origination,2026-04-01,T2,29/1 gali no-11 bus stop ke piche devgarh nagar - 970201,2,met_borrower,1383.0,2.0,0.0,0.0,0.0,0.0,0.0,0.0,56,Valid and occupied,Visit,Borrower confirmed at address on prior visit; schedule visit
AD000625,AC000486,residence,kyc_origination,2026-04-01,T2,gali no-4 ward 7 jama masjid ke saamne devgarh nagar - 970203,1,address_not_traceable,60.0,0.0,0.0,0.0,0.0,0.0,1.0,0.0,61,Hard to find on the ground,Resolve the location (Problem Statement 3) before writing it off,Detailed address but agent could not locate pin (60s dwell); resolve geocode (PS3)
AD000626,AC000486,office,kyc_origination,2026-04-01,T2,no. 285 gali no. 9 subhash nagar devgarh nagar - 970201,0,,0.0,,,,,,,,55,Valid and occupied,Visit,Unvisited address with complete description; schedule initial field visit
AD000627,AC000487,residence,kyc_origination,2026-04-01,T3,"A BLOCK, 3RD ROAD, ORCHID ENCLAVE, NAVANAGARA EAST",5,locked_premises,69.0,0.0,0.0,1.0,0.0,0.0,4.0,0.0,50,"Valid, but borrower usually absent",Change the visit time,Premises locked or met family; shift visit to evening/weekend slot
AD000628,AC000488,residence,kyc_origination,2026-04-01,T3,"Blk D, Rd 2, close to Bus Stop, Sunrise Enclave, Navanagara East - 980304",0,,0.0,,,,,,,,73,Valid and occupied,Visit,Unvisited address with complete description; schedule initial field visit
AD000629,AC000488,office,kyc_origination,2026-04-01,T3,house 13 near milk booth railway colony navanagara east - 980304,0,,0.0,,,,,,,,64,Valid and occupied,Visit,Unvisited address with complete description; schedule initial field visit
AD000630,AC000489,residence,kyc_origination,2026-04-01,T1,"House 182, Lakshmi Nilaya, 12th Cross, 4th Main, Nehru Colny, Kaveripura - 960102",2,met_borrower,363.0,2.0,0.0,0.0,0.0,0.0,0.0,0.0,81,Valid and occupied,Visit,Borrower confirmed at address on prior visit; schedule visit
AD000631,AC000490,residence,kyc_origination,2026-04-01,T3,"H.NO. 206, BLK D, RD 3, BEHIND MILK DAIRY, SILVER OAK LAYOUT, NAVANAGARA EAST - 980301",7,locked_premises,206.0,4.0,0.0,2.0,0.0,0.0,0.0,1.0,86,Valid and occupied,Visit,Borrower confirmed at address on prior visit; schedule visit
AD000632,AC000491,residence,kyc_origination,2026-04-01,T3,"H.No. 200, Blk A, Rd 1, Orchid Enlcave, Navanagara East",4,neighbour_says_shifted,218.0,0.0,1.0,0.0,3.0,0.0,0.0,0.0,55,Borrower has moved,Trace the new address,Neighbours or occupants confirmed borrower relocated; trace new address
AD000633,AC000492,residence,kyc_origination,2026-04-01,T2,"H.No. 49, Gali No. 1, Krishna Puri, Devgarh Nagar",1,address_not_traceable,42.0,0.0,0.0,0.0,0.0,0.0,1.0,0.0,49,Hard to find on the ground,Resolve the location (Problem Statement 3) before writing it off,Detailed address but agent could not locate pin (42s dwell); resolve geocode (PS3)
AD000634,AC000493,residence,kyc_origination,2026-04-01,T2,"HOUSE 105, GALI NO. 14, NR. GANAPATHI TEMPLE, PATEL NAGAR, DEVGARH NAGAR - 970204",4,met_borrower,858.0,3.0,0.0,1.0,0.0,0.0,0.0,0.0,81,Valid and occupied,Visit,Borrower confirmed at address on prior visit; schedule visit
AD000635,AC000494,residence,kyc_origination,2026-04-01,T1,"No. 240, 1st Cr, 5th Mn, nr. Hanuman Temple, Kuvempu Layout, Kaveripura",1,met_family,424.0,0.0,1.0,0.0,0.0,0.0,0.0,0.0,71,"Valid, but borrower usually absent",Change the visit time,Premises locked or met family; shift visit to evening/weekend slot
AD000636,AC000494,office,kyc_origination,2026-04-01,T1,6th cross 3rd main neerina tank hattira kaveripura - 960101,0,,0.0,,,,,,,,59,Valid and occupied,Visit,Unvisited address with complete description; schedule initial field visit
AD000637,AC000495,residence,kyc_origination,2026-04-01,T1,"5/1, 9th Cr, 3rd Main, opp. Bus Stand, Kaveripura - 960102",0,,0.0,,,,,,,,58,Valid and occupied,Visit,Unvisited address with complete description; schedule initial field visit
AD000638,AC000496,residence,kyc_origination,2026-04-01,T1,"No. 17, 2nd X, 8th Mn, Hanuman Mandir ke pass, Siddeshwara Colony, Kaveripura - 960102",1,met_family,534.0,0.0,1.0,0.0,0.0,0.0,0.0,0.0,86,"Valid, but borrower usually absent",Change the visit time,Premises locked or met family; shift visit to evening/weekend slot
AD000639,AC000497,residence,kyc_origination,2026-04-01,T3,"#71, B Block, 6th Road, Medical Store ke pass, Teachers Colony, Navanagara East - 980302",9,met_family,557.0,4.0,1.0,3.0,0.0,0.0,1.0,0.0,88,Valid and occupied,Visit,Borrower confirmed at address on prior visit; schedule visit
AD000640,AC000497,permanent_native,kyc_origination,2026-04-01,OUT,"Village Devipur, Tehsil C, District West - 996519",0,,0.0,,,,,,,,49,Valid and occupied,Visit,Unvisited address with complete description; schedule initial field visit
AD000641,AC000498,residence,kyc_origination,2026-04-01,T1,9th x 7th main close to community hall nehru colny kaveripura - 960102,3,met_borrower,1442.0,1.0,1.0,0.0,0.0,0.0,1.0,0.0,70,Valid and occupied,Visit,Borrower confirmed at address on prior visit; schedule visit
AD000642,AC000499,residence,kyc_origination,2026-04-01,T2,"166/1, INDIRA COLONY, DEVGARH NAGAR - 970202",4,met_borrower,1295.0,1.0,0.0,1.0,0.0,0.0,2.0,0.0,44,Valid and occupied,Visit,Borrower confirmed at address on prior visit; schedule visit
AD000643,AC000499,permanent_native,kyc_origination,2026-04-01,OUT,"Village Bilagi, Taluk B, District West - 995084",0,,0.0,,,,,,,,47,Valid and occupied,Visit,Unvisited address with complete description; schedule initial field visit
AD000644,AC000500,residence,kyc_origination,2026-04-01,T3,"Annapoorna Nilaya, Blk D, Rd 2, nr Water Tank, Silvir Oak Layout, Navanagara East - 980301",0,,0.0,,,,,,,,90,Valid and occupied,Visit,Unvisited address with complete description; schedule initial field visit
AD000645,AC000501,residence,kyc_origination,2026-04-01,T3,"A Block, 1st Road, Lakeview Phase 2, Navanagara East - 980303",9,no_such_person,293.0,0.0,0.0,1.0,3.0,2.0,3.0,0.0,61,"Valid, but borrower usually absent",Change the visit time,Premises locked or met family; shift visit to evening/weekend slot
AD000646,AC000502,residence,kyc_origination,2026-04-01,T1,"H.No. 229, near Pharmacy, Nehur Colny, Kaveripura - 960102",2,address_not_traceable,55.0,1.0,0.0,0.0,0.0,0.0,1.0,0.0,58,Valid and occupied,Visit,Borrower confirmed at address on prior visit; schedule visit
AD000647,AC000503,residence,kyc_origination,2026-04-01,T3,"F Blk., 5th Road, opposite Community Hall, Orrchid Enclave, Navanagara East - 980301",2,neighbour_says_shifted,241.0,0.0,0.0,0.0,1.0,0.0,1.0,0.0,84,Borrower has moved,Trace the new address,Neighbours or occupants confirmed borrower relocated; trace new address
AD000648,AC000503,office,kyc_origination,2026-04-01,T3,ganga apartments b blk 5th road hanuman mandir ke saamne navanagara east - 980301,1,address_not_traceable,109.0,0.0,0.0,0.0,0.0,0.0,1.0,0.0,81,Hard to find on the ground,Resolve the location (Problem Statement 3) before writing it off,Detailed address but agent could not locate pin (109s dwell); resolve geocode (PS3)
AD000649,AC000504,residence,kyc_origination,2026-04-01,T1,"34/1, 3rd Crs, 6th Mn, Sarkari Shaale hattira, Vinayaka Nagar, Kaveripura - 960102",8,address_not_traceable,77.0,0.0,0.0,0.0,0.0,2.0,6.0,0.0,82,Hard to find on the ground,Resolve the location (Problem Statement 3) before writing it off,Detailed address but agent could not locate pin (77s dwell); resolve geocode (PS3)
AD000650,AC000505,residence,kyc_origination,2026-04-01,T3,"445/3, C Block, 5th Rd., Lakeview Phase 2, Navanagara East - 980303",3,address_not_traceable,35.0,0.0,0.0,1.0,0.0,0.0,2.0,0.0,67,"Valid, but borrower usually absent",Change the visit time,Premises locked or met family; shift visit to evening/weekend slot
AD000651,AC000505,office,kyc_origination,2026-04-01,T3,h.no. 41 blk d rd 6 barat ghhar ke paas lakeview phase 2 navanagara east - 980303,1,address_not_traceable,106.0,0.0,0.0,0.0,0.0,0.0,1.0,0.0,81,Hard to find on the ground,Resolve the location (Problem Statement 3) before writing it off,Detailed address but agent could not locate pin (106s dwell); resolve geocode (PS3)
AD000652,AC000506,residence,kyc_origination,2026-04-01,T1,"#328, ANJANEYA SWAMY TEMPLE EDURU, NEHRU COL, KAVERIPURA - 960102",9,locked_premises,98.0,2.0,2.0,5.0,0.0,0.0,0.0,0.0,65,Valid and occupied,Visit,Borrower confirmed at address on prior visit; schedule visit
AD000653,AC000507,residence,kyc_origination,2026-04-01,T1,"12th Cross, 4th Main Rd, ಸರ್ಕಾರಿ ಶಾಲೆ ಎದುರು, Siddeshwara Colony, Kaveripura - 960101",0,,0.0,,,,,,,,84,Valid and occupied,Visit,Unvisited address with complete description; schedule initial field visit
AD000654,AC000508,residence,kyc_origination,2026-04-01,T3,"Om Sai Complex, close to Milk Dairy, Navanagara East - 980304",7,address_not_traceable,90.0,0.0,0.0,3.0,0.0,0.0,4.0,0.0,61,"Valid, but borrower usually absent",Change the visit time,Premises locked or met family; shift visit to evening/weekend slot
AD000655,AC000509,residence,kyc_origination,2026-04-01,T1,108/3 6th x 1st main opposite community hall hosa badavane kaveripura - 960101,0,,0.0,,,,,,,,78,Valid and occupied,Visit,Unvisited address with complete description; schedule initial field visit
AD000656,AC000510,residence,kyc_origination,2026-04-01,T1,"8TH CROSS, 4TH MAIN, VIDYA NAGAR, KAVERIPURA - 960103",1,address_not_traceable,31.0,0.0,0.0,0.0,0.0,0.0,1.0,0.0,53,Hard to find on the ground,Resolve the location (Problem Statement 3) before writing it off,Detailed address but agent could not locate pin (31s dwell); resolve geocode (PS3)
AD000657,AC000510,office,kyc_origination,2026-04-01,T1,"12TH CR, 6TH MN, SHANTHI NAGAR, KAVERIPURA - 960101",0,,0.0,,,,,,,,51,Valid and occupied,Visit,Unvisited address with complete description; schedule initial field visit
AD000658,AC000511,residence,kyc_origination,2026-04-01,T1,"HOUSE 447, 4TH CROSS, 2ND MAIN, NEHRU COLNY, KAVERIPURA - 960102",7,met_family,298.0,6.0,1.0,0.0,0.0,0.0,0.0,0.0,64,Valid and occupied,Visit,Borrower confirmed at address on prior visit; schedule visit
AD000659,AC000511,permanent_native,kyc_origination,2026-04-01,OUT,"Village Bilagi, Taluk B, District South - 998010",0,,0.0,,,,,,,,48,Valid and occupied,Visit,Unvisited address with complete description; schedule initial field visit
AD000660,AC000512,residence,kyc_origination,2026-04-01,T2,no. 251 gali 9 subhash ngr devgarh ngr - 970201,3,neighbour_says_shifted,257.0,0.0,0.0,1.0,2.0,0.0,0.0,0.0,47,"Valid, but borrower usually absent",Change the visit time,Premises locked or met family; shift visit to evening/weekend slot
AD000661,AC000512,permanent_native,kyc_origination,2026-04-01,OUT,"Village Bilagi, Taluk A, District East - 993740",0,,0.0,,,,,,,,47,Valid and occupied,Visit,Unvisited address with complete description; schedule initial field visit
AD000662,AC000513,residence,kyc_origination,2026-04-01,T3,house 274 nr milk booth sunrise enclave navanagara east - 980304,8,locked_premises,118.0,2.0,1.0,3.0,0.0,0.0,2.0,0.0,64,Valid and occupied,Visit,Borrower confirmed at address on prior visit; schedule visit
AD000663,AC000514,residence,kyc_origination,2026-04-01,T1,6th cross 1st mn near hanuman temple vidya nagar kaveripura - 960103,1,no_such_person,151.0,0.0,0.0,0.0,0.0,1.0,0.0,0.0,68,Borrower has moved,Trace the new address,Neighbours or occupants confirmed borrower relocated; trace new address
AD000664,AC000514,office,kyc_origination,2026-04-01,T1,#382 6th cross 7th main doodh dairy ke pass ashoka layout kaveripura - 960101,0,,0.0,,,,,,,,77,Valid and occupied,Visit,Unvisited address with complete description; schedule initial field visit
AD000665,AC000515,residence,kyc_origination,2026-04-01,T1,"440/1, 4TH X, 6TH MAIN RD, HAALINA DAIRY HATTIRA, BASAVA NAGAR, KAVERIPURA - 960101",0,,0.0,,,,,,,,83,Valid and occupied,Visit,Unvisited address with complete description; schedule initial field visit
AD000666,AC000516,residence,kyc_origination,2026-04-01,T3,"109/1, Blk B, Rd 5, Silvre Oak Layout, Navanagara East - 980301",5,cash_collected,1400.0,2.0,0.0,2.0,0.0,0.0,0.0,1.0,63,Valid and occupied,Visit,Borrower confirmed at address on prior visit; schedule visit
AD000667,AC000517,residence,kyc_origination,2026-04-01,T1,"476/2, 2nd Cross, 1st Main, Nehru Col, Kaveripura - 960102",7,met_borrower,1028.0,3.0,1.0,1.0,0.0,0.0,2.0,0.0,58,Valid and occupied,Visit,Borrower confirmed at address on prior visit; schedule visit
AD000668,AC000518,residence,kyc_origination,2026-04-01,T1,house 340 anche kacheri hattira vidya nagar kaveripura - 960103,8,locked_premises,99.0,1.0,3.0,2.0,0.0,0.0,1.0,1.0,63,Valid and occupied,Visit,Borrower confirmed at address on prior visit; schedule visit
AD000669,AC000519,residence,kyc_origination,2026-04-01,T1,"#462, 1st Cross, 2nd Main, behind Psot Office, Vidya Nagar, Kaveripura - 960103",7,met_borrower,892.0,3.0,1.0,2.0,0.0,0.0,1.0,0.0,79,Valid and occupied,Visit,Borrower confirmed at address on prior visit; schedule visit
AD000670,AC000519,permanent_native,kyc_origination,2026-04-01,OUT,"Village Chikkapura, Tehsil C, District West - 994779",0,,0.0,,,,,,,,52,Valid and occupied,Visit,Unvisited address with complete description; schedule initial field visit
AD000671,AC000520,residence,kyc_origination,2026-04-01,T3,"HOUSE 425, C BLOCK, 6TH RD, TEACHERS COLNY, NAVANAGARA EAST - 980302",2,met_family,521.0,1.0,1.0,0.0,0.0,0.0,0.0,0.0,68,Valid and occupied,Visit,Borrower confirmed at address on prior visit; schedule visit
AD000672,AC000521,residence,kyc_origination,2026-04-01,T2,"453/3, GALI NO-6, NR MEDICAL STORE, AZAD MOHALLA, DEVGARH NAGAR - 970203",8,address_not_traceable,115.0,2.0,2.0,3.0,0.0,0.0,1.0,0.0,72,Valid and occupied,Visit,Borrower confirmed at address on prior visit; schedule visit
AD000673,AC000522,residence,kyc_origination,2026-04-01,T2,no. 230 ration dukan ke pass devgarh nagar - 970202,0,,0.0,,,,,,,,51,Valid and occupied,Visit,Unvisited address with complete description; schedule initial field visit
AD000674,AC000523,residence,kyc_origination,2026-04-01,T2,"No. 367, गली नं. 7, बारात घर के पास, Devgarh Nagar - 970202",4,address_not_traceable,71.0,0.0,0.0,1.0,0.0,0.0,3.0,0.0,59,"Valid, but borrower usually absent",Change the visit time,Premises locked or met family; shift visit to evening/weekend slot
AD000675,AC000523,office,kyc_origination,2026-04-01,T2,"गली नं. 7, पानी की टंकी के पास, Krishna Puri, Devgarh Nagar - 97202",2,locked_premises,151.0,1.0,0.0,1.0,0.0,0.0,0.0,0.0,67,Valid and occupied,Visit,Borrower confirmed at address on prior visit; schedule visit
AD000676,AC000524,residence,kyc_origination,2026-04-01,T2,"House 440, Gali no-4, Community Hall ke samne, Devgarh Nagar - 970202",1,address_not_traceable,39.0,0.0,0.0,0.0,0.0,0.0,1.0,0.0,69,Hard to find on the ground,Resolve the location (Problem Statement 3) before writing it off,Detailed address but agent could not locate pin (39s dwell); resolve geocode (PS3)
AD000677,AC000524,office,kyc_origination,2026-04-01,T2,"No. 266, Gali no-12, Ward 4, nr Pharmacy, Ram Nagar, Devgarh Nagar - 970203",0,,0.0,,,,,,,,75,Valid and occupied,Visit,Unvisited address with complete description; schedule initial field visit
AD000678,AC000525,residence,kyc_origination,2026-04-01,T3,#73 sai residency e block 2nd road teachers col navanagara east - 980302,1,neighbour_says_shifted,220.0,0.0,0.0,0.0,1.0,0.0,0.0,0.0,72,Borrower has moved,Trace the new address,Neighbours or occupants confirmed borrower relocated; trace new address
AD000679,AC000526,residence,kyc_origination,2026-04-01,T3,"#130, Blk C, Rd 5, b/h Mdeical Store, Teachers Colony, Navanagara East - 980302",0,,0.0,,,,,,,,79,Valid and occupied,Visit,Unvisited address with complete description; schedule initial field visit
AD000680,AC000527,residence,kyc_origination,2026-04-01,T2,gali no-5 ambedkar nagar devgarh nagr,2,met_family,538.0,0.0,1.0,1.0,0.0,0.0,0.0,0.0,37,"Valid, but borrower usually absent",Change the visit time,Premises locked or met family; shift visit to evening/weekend slot
AD000681,AC000528,residence,kyc_origination,2026-04-01,T3,"#107, Blk D, Rd 1, Royal Gardens, Navanagara East - 980303",0,,0.0,,,,,,,,58,Valid and occupied,Visit,Unvisited address with complete description; schedule initial field visit
AD000682,AC000528,office,kyc_origination,2026-04-01,T3,"H.No. 156, Blk F, Rd 2, Teachers Colony, Navanagara East - 980320",0,,0.0,,,,,,,,65,Valid and occupied,Visit,Unvisited address with complete description; schedule initial field visit
AD000683,AC000529,residence,kyc_origination,2026-04-01,T1,"10TH CROSS, 4TH MN, ANJANEYA BADAVANE, KAVERIPURA - 960103",0,,0.0,,,,,,,,58,Valid and occupied,Visit,Unvisited address with complete description; schedule initial field visit
AD000684,AC000529,office,kyc_origination,2026-04-01,T1,"NO. 270, 5TH X, 7TH MAIN, NR MILK BOOTH, NEHRU COLNY, KAVERIPURA - 960102",0,,0.0,,,,,,,,73,Valid and occupied,Visit,Unvisited address with complete description; schedule initial field visit
AD000685,AC000530,residence,kyc_origination,2026-04-01,T2,304/2 gali no. 5 ward 1 shivaji nagar devgarh nagar - 970203,1,locked_premises,152.0,0.0,0.0,1.0,0.0,0.0,0.0,0.0,60,"Valid, but borrower usually absent",Change the visit time,Premises locked or met family; shift visit to evening/weekend slot
AD000686,AC000531,residence,kyc_origination,2026-04-01,T2,"No. 343, Gali No. 11, Tanki ke pass, Nehru Colony, Devgarh Nagar - 970203",4,met_family,473.0,0.0,1.0,1.0,0.0,0.0,2.0,0.0,73,"Valid, but borrower usually absent",Change the visit time,Premises locked or met family; shift visit to evening/weekend slot
AD000687,AC000532,residence,kyc_origination,2026-04-01,T1,"#275, 5TH CRS, 7TH MN, NR RATION SHOP, VIDYA NAGAR, KAVERIPURA - 960103",0,,0.0,,,,,,,,71,Valid and occupied,Visit,Unvisited address with complete description; schedule initial field visit
AD000688,AC000533,residence,kyc_origination,2026-04-01,T1,"5th Cross, 7th Mn, nr Ganapathi Temple, Gandhi Nagar, Kaveripura - 960102",0,,0.0,,,,,,,,73,Valid and occupied,Visit,Unvisited address with complete description; schedule initial field visit
AD000689,AC000534,residence,kyc_origination,2026-04-01,T1,#90 nr. medical store nehru colony kaveripura - 960102,1,address_not_traceable,41.0,0.0,0.0,0.0,0.0,0.0,1.0,0.0,54,Hard to find on the ground,Resolve the location (Problem Statement 3) before writing it off,Detailed address but agent could not locate pin (41s dwell); resolve geocode (PS3)
AD000690,AC000535,residence,kyc_origination,2026-04-01,T1,"10th Cross, 2nd Main, Church hattira, Ashoka Layout, Kaveripura - 960104",0,,0.0,,,,,,,,72,Valid and occupied,Visit,Unvisited address with complete description; schedule initial field visit
AD000691,AC000535,permanent_native,kyc_origination,2026-04-01,OUT,"Village Devipur, Taluk A, District East - 995213",0,,0.0,,,,,,,,48,Valid and occupied,Visit,Unvisited address with complete description; schedule initial field visit
AD000692,AC000536,residence,kyc_origination,2026-04-01,T3,"D BLK, 5TH ROAD, DEFENCE COLONY, NAVANAGARA EAST - 980301",0,,0.0,,,,,,,,57,Valid and occupied,Visit,Unvisited address with complete description; schedule initial field visit
AD000693,AC000537,residence,kyc_origination,2026-04-01,T1,house 35 4th cross 2nd main rd ಮೆಡಿಕಲ್ ಶಾಪ್ ಹತ್ತಿರ kuvempu layout kaveripura - 960102,0,,0.0,,,,,,,,85,Valid and occupied,Visit,Unvisited address with complete description; schedule initial field visit
AD000694,AC000538,residence,kyc_origination,2026-04-01,T2,"H.NO. 391, GALI NO-5, PSOT OFFICE KE PASS, SUBHASH NAGAR, DEVGARH NAGR - 970201",0,,0.0,,,,,,,,79,Valid and occupied,Visit,Unvisited address with complete description; schedule initial field visit
AD000695,AC000538,office,kyc_origination,2026-04-01,T2,"#71, GALI NO. 12, HANUMAN MANDIR KE PAAS, SHASTRI NAGR, DEVGARH NAGAR - 970201",0,,0.0,,,,,,,,78,Valid and occupied,Visit,Unvisited address with complete description; schedule initial field visit
AD000696,AC000539,residence,kyc_origination,2026-04-01,T1,"85/1, 7th Cross, 3rd Main, Vidya Nagar, Kaveripura - 960103",1,locked_premises,145.0,0.0,0.0,1.0,0.0,0.0,0.0,0.0,59,"Valid, but borrower usually absent",Change the visit time,Premises locked or met family; shift visit to evening/weekend slot
AD000697,AC000540,residence,kyc_origination,2026-04-01,T2,no. 56 gali no-5 dawai ki dukaan ke pass ambedkar nagar devgarh nagr - 970204,0,,0.0,,,,,,,,77,Valid and occupied,Visit,Unvisited address with complete description; schedule initial field visit
AD000698,AC000540,office,kyc_origination,2026-04-01,T2,"Post Office ke samne, Gandhi Basti, Devgarh Ngr - 970203",0,,0.0,,,,,,,,56,Valid and occupied,Visit,Unvisited address with complete description; schedule initial field visit
AD000699,AC000541,residence,kyc_origination,2026-04-01,T1,Kaveripura - 960102,1,met_family,584.0,0.0,1.0,0.0,0.0,0.0,0.0,0.0,19,"Valid, but borrower usually absent",Change the visit time,Premises locked or met family; shift visit to evening/weekend slot
AD000700,AC000542,residence,kyc_origination,2026-04-01,T1,"8TH CR, 2ND MAIN, SAMUDAYA BHAVANA HATTIRA, ANJANEYA BADAVANE, KAVERIPURA - 960103",0,,0.0,,,,,,,,82,Valid and occupied,Visit,Unvisited address with complete description; schedule initial field visit
AD000701,AC000543,residence,kyc_origination,2026-04-01,T2,"b/h PDS Shop, Indira Col, Devgarh Nagar - 970202",0,,0.0,,,,,,,,48,Valid and occupied,Visit,Unvisited address with complete description; schedule initial field visit
AD000702,AC000544,residence,kyc_origination,2026-04-01,T1,"#375, 1ST CROSS, 5TH MAIN, DOODH DAIRY KE PASS, NEHRU COL, KAVERIPURA - 960102",0,,0.0,,,,,,,,78,Valid and occupied,Visit,Unvisited address with complete description; schedule initial field visit
AD000703,AC000545,residence,kyc_origination,2026-04-01,T2,h.no. 197 nr. church indira colony devgarh nagar - 970202,2,address_not_traceable,95.0,0.0,0.0,1.0,0.0,0.0,1.0,0.0,57,"Valid, but borrower usually absent",Change the visit time,Premises locked or met family; shift visit to evening/weekend slot
AD000704,AC000546,residence,kyc_origination,2026-04-01,T2,"#17, Gali No. 1, Krishna Puri, Devgarh Nagar - 970202",2,address_not_traceable,53.0,0.0,0.0,0.0,0.0,0.0,2.0,0.0,53,Hard to find on the ground,Resolve the location (Problem Statement 3) before writing it off,Detailed address but agent could not locate pin (53s dwell); resolve geocode (PS3)
AD000705,AC000547,residence,kyc_origination,2026-04-01,T3,"#66, B Block, 5th Rd., nr Park, Palm Meadows, Navanagara East",1,met_borrower,519.0,1.0,0.0,0.0,0.0,0.0,0.0,0.0,61,Valid and occupied,Visit,Borrower confirmed at address on prior visit; schedule visit
AD000706,AC000547,office,kyc_origination,2026-04-01,T3,"House 6, F Blk., 4th Rooad, Neerina Tank hattira, Sunrise Enclave, Navanagara East - 980304",0,,0.0,,,,,,,,91,Valid and occupied,Visit,Unvisited address with complete description; schedule initial field visit
AD000707,AC000548,residence,kyc_origination,2026-04-01,T2,shastri ngr devgrah nagar,0,,0.0,,,,,,,,25,Valid and occupied,Visit,Unvisited address with complete description; schedule initial field visit
AD000708,AC000549,residence,kyc_origination,2026-04-01,T2,"48/3, Gali 2, Nehru Colony, Devgarh Nagar - 970203",0,,0.0,,,,,,,,50,Valid and occupied,Visit,Unvisited address with complete description; schedule initial field visit
AD000709,AC000549,office,kyc_origination,2026-04-01,T2,"Gali no-2, Dak Ghar ke paas, Shivaji Ngr, Devgarh Nagar - 970201",0,,0.0,,,,,,,,64,Valid and occupied,Visit,Unvisited address with complete description; schedule initial field visit
AD000710,AC000550,residence,kyc_origination,2026-04-01,T2,#177 गली नं. 3 सरकारी स्कूल के पास gandhi basti devgarh nagar - 970204,2,met_borrower,1189.0,1.0,0.0,0.0,0.0,0.0,0.0,1.0,70,Valid and occupied,Visit,Borrower confirmed at address on prior visit; schedule visit
AD000711,AC000551,residence,kyc_origination,2026-04-01,T2,"NR. RATION SHOP, AZAD MOHALLA, DEVAGRH NAGAR - 970203",8,address_not_traceable,105.0,3.0,2.0,1.0,0.0,0.0,2.0,0.0,53,Valid and occupied,Visit,Borrower confirmed at address on prior visit; schedule visit
AD000712,AC000552,residence,kyc_origination,2026-04-01,T2,"314/2, गली नं. 8, Ward 5, दूध डेयरी के पास, Subhash Nagar, Devgarh Nagar - 970201",0,,0.0,,,,,,,,81,Valid and occupied,Visit,Unvisited address with complete description; schedule initial field visit
AD000713,AC000553,residence,kyc_origination,2026-04-01,T2,house 7 gali no-2 ward 8 nr. children park azad mohalla devgarh nagar - 970203,0,,0.0,,,,,,,,78,Valid and occupied,Visit,Unvisited address with complete description; schedule initial field visit
AD000714,AC000553,permanent_native,kyc_origination,2026-04-01,OUT,"Village Rampura Kalan, Tehsil D, District North - 999495",0,,0.0,,,,,,,,56,Valid and occupied,Visit,Unvisited address with complete description; schedule initial field visit
AD000715,AC000554,residence,kyc_origination,2026-04-01,T2,"Gali no-9, Church ke paas, Patel Nagr, Devgarh Nagr - 970202",0,,0.0,,,,,,,,60,Valid and occupied,Visit,Unvisited address with complete description; schedule initial field visit
AD000716,AC000554,permanent_native,kyc_origination,2026-04-01,OUT,"Village Hosahalli, Tehsil C, District East - 996700",0,,0.0,,,,,,,,51,Valid and occupied,Visit,Unvisited address with complete description; schedule initial field visit
AD000717,AC000555,residence,kyc_origination,2026-04-01,T3,"#309, B Blk., 3rd Rd., nr. Pharmacy, HMT Colony, Navanagara East - 98304",0,,0.0,,,,,,,,72,Valid and occupied,Visit,Unvisited address with complete description; schedule initial field visit
AD000718,AC000556,residence,kyc_origination,2026-04-01,T2,"Gali 7, Ward 8, nr. Church, Azad Mohalla, Devgarh Nagar - 970203",1,address_not_traceable,72.0,0.0,0.0,0.0,0.0,0.0,1.0,0.0,64,Hard to find on the ground,Resolve the location (Problem Statement 3) before writing it off,Detailed address but agent could not locate pin (72s dwell); resolve geocode (PS3)
AD000719,AC000557,residence,kyc_origination,2026-04-01,T1,"201/2, 11TH CR, 3RD MAIN, NEXT TO GANESH TEMPLE, NEHRU COLONY, KAVERIPURA - 960102",7,neighbour_says_shifted,386.0,0.0,0.0,1.0,4.0,2.0,0.0,0.0,82,"Valid, but borrower usually absent",Change the visit time,Premises locked or met family; shift visit to evening/weekend slot
AD000720,AC000558,residence,kyc_origination,2026-04-01,T2,"H.No. 115, Gali no-6, Indira Colony, Devgarh Ngr - 97002",0,,0.0,,,,,,,,56,Valid and occupied,Visit,Unvisited address with complete description; schedule initial field visit
AD000721,AC000559,residence,kyc_origination,2026-04-01,T3,"H.NO. 89, BHD MILK BOOTH, SILVER OAK LAYT, NAVANAGARA EST - 980301",5,locked_premises,112.0,2.0,1.0,1.0,0.0,0.0,1.0,0.0,66,Valid and occupied,Visit,Borrower confirmed at address on prior visit; schedule visit
AD000722,AC000560,residence,kyc_origination,2026-04-01,T3,"C Block, 6th Road, opp. Hanuman Temple, Lakeview Phase 2, Navanagara East - 980303",8,met_borrower,456.0,5.0,2.0,0.0,0.0,0.0,1.0,0.0,82,Valid and occupied,Visit,Borrower confirmed at address on prior visit; schedule visit
AD000723,AC000561,residence,kyc_origination,2026-04-01,T1,"4TH CROSS, 5TH MN, NR. POST OFFICE, VINAYAKA NAGAR, KAVERIPURA - 960104",0,,0.0,,,,,,,,71,Valid and occupied,Visit,Unvisited address with complete description; schedule initial field visit
AD000724,AC000561,permanent_native,kyc_origination,2026-04-01,OUT,"Village Mallapura, Tehsil D, District East - 997202",0,,0.0,,,,,,,,51,Valid and occupied,Visit,Unvisited address with complete description; schedule initial field visit
AD000725,AC000562,residence,kyc_origination,2026-04-01,T2,no. 101 gali no-1 मेडिकल स्टोर के पास ambedkar nagar devgarh nagar,0,,0.0,,,,,,,,66,Valid and occupied,Visit,Unvisited address with complete description; schedule initial field visit
AD000726,AC000562,permanent_native,kyc_origination,2026-04-01,OUT,"Village Hosahalli, Taluk B, District West - 991630",0,,0.0,,,,,,,,50,Valid and occupied,Visit,Unvisited address with complete description; schedule initial field visit
AD000727,AC000563,residence,kyc_origination,2026-04-01,T3,302/3 sai residency blk b rd 5 near petrol bunk silver oak layt navanagara east - 980301,8,locked_premises,217.0,3.0,3.0,1.0,1.0,0.0,0.0,0.0,88,Valid and occupied,Visit,Borrower confirmed at address on prior visit; schedule visit
AD000728,AC000564,residence,kyc_origination,2026-04-01,T1,sai residency 1st cross 8th main basava nagar kaveripura - 960101,1,address_not_traceable,104.0,0.0,0.0,0.0,0.0,0.0,1.0,0.0,65,Hard to find on the ground,Resolve the location (Problem Statement 3) before writing it off,Detailed address but agent could not locate pin (104s dwell); resolve geocode (PS3)
AD000729,AC000564,permanent_native,kyc_origination,2026-04-01,OUT,"Village Kodihalli, Tehsil D, District North - 994526",0,,0.0,,,,,,,,52,Valid and occupied,Visit,Unvisited address with complete description; schedule initial field visit
AD000730,AC000565,residence,kyc_origination,2026-04-01,T2,"No. 395, Gali no-5, close to Pharmacy, Indira Colony, Devgarh Ngr - 970202",0,,0.0,,,,,,,,74,Valid and occupied,Visit,Unvisited address with complete description; schedule initial field visit
AD000731,AC000566,residence,kyc_origination,2026-04-01,T1,"No. 338, 2nd Cross, 8th Main Rd, near Millk Dairy, Nehru Colony, Kaveripura - 960102",0,,0.0,,,,,,,,84,Valid and occupied,Visit,Unvisited address with complete description; schedule initial field visit
AD000732,AC000567,residence,kyc_origination,2026-04-01,T3,4/2 blk a rd 4 defence colony navanagara east - 980301,0,,0.0,,,,,,,,54,Valid and occupied,Visit,Unvisited address with complete description; schedule initial field visit
AD000733,AC000568,residence,kyc_origination,2026-04-01,T1,"H.No. 187, 6th Cross, 5th Main, opp. Kalyana Mantapa, Nehru Colony, Kaveripura - 960102",8,locked_premises,117.0,2.0,3.0,3.0,0.0,0.0,0.0,0.0,87,Valid and occupied,Visit,Borrower confirmed at address on prior visit; schedule visit
AD000734,AC000569,residence,kyc_origination,2026-04-01,T3,"Blk F, Rd 2, bhd Bus Stand, Lakeview Phase 2, Navanagara East - 980303",0,,0.0,,,,,,,,70,Valid and occupied,Visit,Unvisited address with complete description; schedule initial field visit
AD000735,AC000570,residence,kyc_origination,2026-04-01,T1,"H.NO. 94, 4TH CROSS, 4TH MAIN, NEHRU COL, KAVERPURA - 960102",8,neighbour_says_shifted,250.0,1.0,3.0,0.0,2.0,1.0,1.0,0.0,60,Valid and occupied,Visit,Borrower confirmed at address on prior visit; schedule visit
AD000736,AC000571,residence,kyc_origination,2026-04-01,T1,"4th Cros,s 2nd Main Rd, b/h Medicals, Vidya Nagar, Kaveripura - 960103",0,,0.0,,,,,,,,70,Valid and occupied,Visit,Unvisited address with complete description; schedule initial field visit
AD000737,AC000571,office,kyc_origination,2026-04-01,T1,"No. 67, nr Church, Basava Nagar, Kaveripura - 960101",1,locked_premises,205.0,0.0,0.0,1.0,0.0,0.0,0.0,0.0,52,"Valid, but borrower usually absent",Change the visit time,Premises locked or met family; shift visit to evening/weekend slot
AD000738,AC000572,residence,kyc_origination,2026-04-01,T1,"190/3, 10th X, 7th Main, opp. Govt School, Hosa Badavane, Kaveripura - 960101",4,locked_premises,147.0,0.0,0.0,3.0,0.0,0.0,1.0,0.0,77,"Valid, but borrower usually absent",Change the visit time,Premises locked or met family; shift visit to evening/weekend slot
AD000739,AC000573,residence,kyc_origination,2026-04-01,T1,"174/1, 4th Cross, 4th Mn, nr Kalyana Mantapa, Gandhi Nagar, Kaveripura - 960102",2,met_family,544.0,0.0,1.0,1.0,0.0,0.0,0.0,0.0,79,"Valid, but borrower usually absent",Change the visit time,Premises locked or met family; shift visit to evening/weekend slot
AD000740,AC000573,office,kyc_origination,2026-04-01,T1,"Ganga Apartment,s 7th Crs, 4th Mn, Park eduru, Siddeshwara Col, Kaveriprua - 960102",1,locked_premises,70.0,0.0,0.0,1.0,0.0,0.0,0.0,0.0,83,"Valid, but borrower usually absent",Change the visit time,Premises locked or met family; shift visit to evening/weekend slot
AD000741,AC000574,residence,kyc_origination,2026-04-01,T3,no. 180 a blk. 3rd road sunrise enclave navanagara east - 980304,7,no_such_person,127.0,2.0,2.0,1.0,1.0,1.0,0.0,0.0,64,Valid and occupied,Visit,Borrower confirmed at address on prior visit; schedule visit
AD000742,AC000575,residence,kyc_origination,2026-04-01,T1,"No. 213, 4th Cross, 6th Main Rd, Ration ki Dukaan ke saamne, Anjaneya Badavane, Kaveripura - 960103",0,,0.0,,,,,,,,99,Valid and occupied,Visit,Unvisited address with complete description; schedule initial field visit
AD000743,AC000576,residence,kyc_origination,2026-04-01,T1,307/1 10th cross 8th mn nr. church shanthi nagar kaveripura - 960101,6,address_not_traceable,112.0,0.0,0.0,0.0,0.0,1.0,5.0,0.0,68,Hard to find on the ground,Resolve the location (Problem Statement 3) before writing it off,Detailed address but agent could not locate pin (112s dwell); resolve geocode (PS3)
AD000744,AC000577,residence,kyc_origination,2026-04-01,T3,"H.NO. 290, B BLK., 1ST ROAD, MEDICAL SHOP HATTIRA, TEACHERS COLONY, NAVANAGARA EAST - 980302",2,address_not_traceable,45.0,1.0,0.0,0.0,0.0,0.0,1.0,0.0,92,Valid and occupied,Visit,Borrower confirmed at address on prior visit; schedule visit
AD000745,AC000578,residence,kyc_origination,2026-04-01,T2,"#110, GALI 8, NEAR HANUMAN TEMPLLE, SUBHASH NAGAR, DEVGARH NAGR - 970201",0,,0.0,,,,,,,,72,Valid and occupied,Visit,Unvisited address with complete description; schedule initial field visit
AD000746,AC000579,residence,kyc_origination,2026-04-01,T2,"House 71, Gali no-12, opp. PDS Shop, Nehru Colony, Devgarh Nagar - 970203",0,,0.0,,,,,,,,73,Valid and occupied,Visit,Unvisited address with complete description; schedule initial field visit
AD000747,AC000579,permanent_native,kyc_origination,2026-04-01,OUT,"Village Chikkapura, Taluk B, District West - 994229",0,,0.0,,,,,,,,51,Valid and occupied,Visit,Unvisited address with complete description; schedule initial field visit
AD000748,AC000580,residence,kyc_origination,2026-04-01,T1,"H.No. 138, 6th Crs, 5th Main, ಚರ್ಚ್ ಹತ್ತಿರ, Kuvempu Lyt, Kaveripura - 960102",0,,0.0,,,,,,,,76,Valid and occupied,Visit,Unvisited address with complete description; schedule initial field visit
AD000749,AC000581,residence,kyc_origination,2026-04-01,T3,no. 330 blk f rd 3 nr. kalynaa mantapa orchid enclave navanaagara east - 980301,4,met_family,306.0,0.0,3.0,0.0,0.0,0.0,1.0,0.0,79,"Valid, but borrower usually absent",Change the visit time,Premises locked or met family; shift visit to evening/weekend slot
AD000750,AC000581,office,kyc_origination,2026-04-01,T3,blk f rd 1 sunrise enclave navanagara east - 980304,1,locked_premises,151.0,0.0,0.0,1.0,0.0,0.0,0.0,0.0,51,"Valid, but borrower usually absent",Change the visit time,Premises locked or met family; shift visit to evening/weekend slot
AD000751,AC000582,residence,kyc_origination,2026-04-01,T2,no. 388 nr. pharmacy gandhi basti devgarh nagar - 970203,0,,0.0,,,,,,,,56,Valid and occupied,Visit,Unvisited address with complete description; schedule initial field visit
AD000752,AC000582,office,kyc_origination,2026-04-01,T2,"No. 472, Lakshmi Nilaya, Gali 5, nr. Medical Store, Ambedkar Nagar, Devgarh Nagar - 970204",0,,0.0,,,,,,,,90,Valid and occupied,Visit,Unvisited address with complete description; schedule initial field visit
AD000753,AC000583,residence,kyc_origination,2026-04-01,T1,13/1 doodh dairy ke paas nehru col kaveripura,7,met_family,558.0,3.0,2.0,0.0,0.0,0.0,2.0,0.0,45,Valid and occupied,Visit,Borrower confirmed at address on prior visit; schedule visit
AD000754,AC000584,residence,kyc_origination,2026-04-01,T2,"NO. 351, GALI NO-9, GAANESH MANDIR KE PICHE, DEVGARH NAGR - 970203",0,,0.0,,,,,,,,66,Valid and occupied,Visit,Unvisited address with complete description; schedule initial field visit
AD000755,AC000585,residence,kyc_origination,2026-04-01,T2,"NO. 317, GALI NO. 3, मेडिकल स्टोर के पास, SHIVAJI NAGAR, DEVGARH NGR - 970202",4,address_not_traceable,82.0,0.0,0.0,0.0,0.0,0.0,4.0,0.0,77,Hard to find on the ground,Resolve the location (Problem Statement 3) before writing it off,Detailed address but agent could not locate pin (82s dwell); resolve geocode (PS3)
AD000756,AC000586,residence,kyc_origination,2026-04-01,T2,house 263 gali no-7 doodh dairy ke samne patel nagar devgarh nagar - 970202,7,met_borrower,1314.0,4.0,2.0,0.0,0.0,0.0,1.0,0.0,75,Valid and occupied,Visit,Borrower confirmed at address on prior visit; schedule visit
AD000757,AC000587,residence,kyc_origination,2026-04-01,T2,gali no. 12 गणेश मंदिर के पास krishna puri devgarh nagar - 970202,0,,0.0,,,,,,,,65,Valid and occupied,Visit,Unvisited address with complete description; schedule initial field visit
AD000758,AC000588,residence,kyc_origination,2026-04-01,T2,#166 shivaji nagar devgarh nagar - 970202,0,,0.0,,,,,,,,41,Valid and occupied,Visit,Unvisited address with complete description; schedule initial field visit
AD000759,AC000589,residence,kyc_origination,2026-04-01,T2,"#371, GALI 6, WADR 6, NEHRU COL, DEVGARH NAGAR - 970203",2,met_borrower,1240.0,1.0,1.0,0.0,0.0,0.0,0.0,0.0,55,Valid and occupied,Visit,Borrower confirmed at address on prior visit; schedule visit
AD000760,AC000590,residence,kyc_origination,2026-04-01,T1,#375 3rd cross 5th main nehru colny kaveripura - 960102,1,address_not_traceable,50.0,0.0,0.0,0.0,0.0,0.0,1.0,0.0,55,Hard to find on the ground,Resolve the location (Problem Statement 3) before writing it off,Detailed address but agent could not locate pin (50s dwell); resolve geocode (PS3)
AD000761,AC000590,office,kyc_origination,2026-04-01,T1,"Huse 317, 7th X, 6th Mian, close to Masjid, Vidya Ngr, Kaveripura - 960103",1,met_borrower,1117.0,1.0,0.0,0.0,0.0,0.0,0.0,0.0,74,Valid and occupied,Visit,Borrower confirmed at address on prior visit; schedule visit
AD000762,AC000591,residence,kyc_origination,2026-04-01,T3,"BLK B, RD 3, NR POST OFFICE, SILVER OAK LYT, NAVANAGARA EAST - 980301",0,,0.0,,,,,,,,69,Valid and occupied,Visit,Unvisited address with complete description; schedule initial field visit
AD000763,AC000591,office,kyc_origination,2026-04-01,T3,"H.NO. 162, BLK D, RD 6, NR POST OFFICE, PALM MEADOWS, NAVANAGARA EAST - 980302",0,,0.0,,,,,,,,78,Valid and occupied,Visit,Unvisited address with complete description; schedule initial field visit
AD000764,AC000592,residence,kyc_origination,2026-04-01,T1,"#375, 9TH CROSS, 3RD MAIN, ನ್ಯಾಯಬೆಲೆ ಅಂಗಡಿ ಹಿಂದೆ, GANDHI NAGAR, KAVERIPURA - 960102",0,,0.0,,,,,,,,83,Valid and occupied,Visit,Unvisited address with complete description; schedule initial field visit
AD000765,AC000593,residence,kyc_origination,2026-04-01,T3,blk b rd 6 opp pds shop hmt colony navanagara east - 980301,0,,0.0,,,,,,,,59,Valid and occupied,Visit,Unvisited address with complete description; schedule initial field visit
AD000766,AC000593,office,kyc_origination,2026-04-01,T3,h.no. 77 near post office palm meadows navanagara east - 980302,0,,0.0,,,,,,,,63,Valid and occupied,Visit,Unvisited address with complete description; schedule initial field visit
AD000767,AC000594,residence,kyc_origination,2026-04-01,T1,no. 36 8th cross 5th main ಗಣಪತಿ ದೇವಸ್ಥಾನ ಎದುರು gandhi nagar kaveripura - 960102,1,address_not_traceable,69.0,0.0,0.0,0.0,0.0,0.0,1.0,0.0,79,Hard to find on the ground,Resolve the location (Problem Statement 3) before writing it off,Detailed address but agent could not locate pin (69s dwell); resolve geocode (PS3)
AD000768,AC000595,residence,kyc_origination,2026-04-01,T2,"H.NO. 113, GALI 3, WARD 10, CLOSE TO PDS SHOP, KRISHNA PURI, DEGVARH NAGAR - 970202",8,neighbour_says_shifted,139.0,2.0,2.0,2.0,1.0,0.0,1.0,0.0,83,Valid and occupied,Visit,Borrower confirmed at address on prior visit; schedule visit
AD000769,AC000596,residence,kyc_origination,2026-04-01,T2,house 476 गली नं. 11 पेट्रोल पंप के सामने tilak nagr devgarh nagar - 970204,0,,0.0,,,,,,,,75,Valid and occupied,Visit,Unvisited address with complete description; schedule initial field visit
AD000770,AC000597,residence,kyc_origination,2026-04-01,T2,lakshmi nilaya gali no-12 krishna puri devgarh nagr - 970202,0,,0.0,,,,,,,,60,Valid and occupied,Visit,Unvisited address with complete description; schedule initial field visit
AD000771,AC000598,residence,kyc_origination,2026-04-01,T3,blk e rd 4 bus adda ke passs teachers colny navanagara east - 980302,2,met_borrower,753.0,1.0,1.0,0.0,0.0,0.0,0.0,0.0,68,Valid and occupied,Visit,Borrower confirmed at address on prior visit; schedule visit
AD000772,AC000598,office,kyc_origination,2026-04-01,T3,"#452, Blk C, Rd 8, nr. Overhead Tank, Sunrise Enclave, Navanagara East - 980304",0,,0.0,,,,,,,,79,Valid and occupied,Visit,Unvisited address with complete description; schedule initial field visit
AD000773,AC000599,residence,kyc_origination,2026-04-01,T2,"#74, Gali no-1, Jama Masjid ke paas, Patel Ngr, Devgarh Nagar - 970202",0,,0.0,,,,,,,,70,Valid and occupied,Visit,Unvisited address with complete description; schedule initial field visit
AD000774,AC000600,residence,kyc_origination,2026-04-01,T3,"H.NO. 107, D BLOCK, 2ND RD, SARKARI SCHOOL KE PASS, RAILWAY COLONY, NAVANAGARA EAST - 980304",6,met_borrower,486.0,3.0,1.0,2.0,0.0,0.0,0.0,0.0,92,Valid and occupied,Visit,Borrower confirmed at address on prior visit; schedule visit
AD000775,AC000601,residence,kyc_origination,2026-04-01,T3,"No. 419, E Blk., 5th Rd, HMT Colony, Navanagara East - 980301",1,met_borrower,424.0,1.0,0.0,0.0,0.0,0.0,0.0,0.0,61,Valid and occupied,Visit,Borrower confirmed at address on prior visit; schedule visit
AD000776,AC000602,residence,kyc_origination,2026-04-01,T3,no. 121 blk a rd 6 lakeview phase 2 navanagara east - 980303,1,no_such_person,223.0,0.0,0.0,0.0,0.0,1.0,0.0,0.0,60,Borrower has moved,Trace the new address,Neighbours or occupants confirmed borrower relocated; trace new address
AD000777,AC000602,permanent_native,kyc_origination,2026-04-01,OUT,"Village Hosahalli, Taluk A, District South - 996756",0,,0.0,,,,,,,,51,Valid and occupied,Visit,Unvisited address with complete description; schedule initial field visit
AD000778,AC000603,residence,kyc_origination,2026-04-01,T1,"House 476, 10th Cr, 6th Main, opp. Petrol Pump, Siddeshwara Colny, Kaveripura - 960102",0,,0.0,,,,,,,,86,Valid and occupied,Visit,Unvisited address with complete description; schedule initial field visit
AD000779,AC000604,residence,kyc_origination,2026-04-01,T1,"SARKARI SCHOOL KE PAAS, VIDYA NAGAR, KVERIPURA - 960103",8,met_family,502.0,1.0,3.0,3.0,0.0,0.0,1.0,0.0,55,Valid and occupied,Visit,Borrower confirmed at address on prior visit; schedule visit
AD000780,AC000604,office,kyc_origination,2026-04-01,T1,"H.NO. 206, 3RD CR, 5TH MAIN, NR CHURCH, GANDHI NAGAR, KAVERIPURA - 960102",0,,0.0,,,,,,,,73,Valid and occupied,Visit,Unvisited address with complete description; schedule initial field visit
AD000781,AC000605,residence,kyc_origination,2026-04-01,T3,"House 165, Blk E, Rd 2, near Bus Stand, Lakeview Phase 2, Navanagara East - 980303",6,met_borrower,1194.0,1.0,2.0,2.0,0.0,0.0,0.0,1.0,82,Valid and occupied,Visit,Borrower confirmed at address on prior visit; schedule visit
AD000782,AC000606,residence,kyc_origination,2026-04-01,T1,"NO. 33, 12TH CRS, 4TH MAIN, ಸರ್ಕಾರಿ ಶಾಲೆ ಎದುರು, GANDHI NAGAR, KAVERIPURA - 960102",3,address_not_traceable,31.0,1.0,1.0,0.0,0.0,0.0,1.0,0.0,81,Valid and occupied,Visit,Borrower confirmed at address on prior visit; schedule visit
AD000783,AC000606,office,kyc_origination,2026-04-01,T1,"#268, 12TH CR, 5TH MAIN, GANDHI NGR, KAVERIPURA - 960102",1,locked_premises,63.0,0.0,0.0,1.0,0.0,0.0,0.0,0.0,56,"Valid, but borrower usually absent",Change the visit time,Premises locked or met family; shift visit to evening/weekend slot
AD000784,AC000607,residence,kyc_origination,2026-04-01,T3,"A Block, 1st Rd., Defence Colny, Navanagara East - 980301",0,,0.0,,,,,,,,57,Valid and occupied,Visit,Unvisited address with complete description; schedule initial field visit
AD000785,AC000608,residence,kyc_origination,2026-04-01,T1,"No. 46, ಮಸೀದಿ ಹತ್ತಿರ, Kaveripura - 960102",9,neighbour_says_shifted,238.0,2.0,0.0,1.0,1.0,0.0,5.0,0.0,41,Valid and occupied,Visit,Borrower confirmed at address on prior visit; schedule visit
AD000786,AC000608,permanent_native,kyc_origination,2026-04-01,OUT,"Village Mallapura, Taluk B, District North - 997388",0,,0.0,,,,,,,,51,Valid and occupied,Visit,Unvisited address with complete description; schedule initial field visit
AD000787,AC000609,residence,kyc_origination,2026-04-01,T3,"H.No. 232, B Block, 2nd Rd, nr Church, Teachers Col, Navanagara East - 980302",7,address_not_traceable,69.0,3.0,1.0,2.0,0.0,0.0,1.0,0.0,77,Valid and occupied,Visit,Borrower confirmed at address on prior visit; schedule visit
AD000788,AC000610,residence,kyc_origination,2026-04-01,T1,"H.No. 102, 10th Cross, 3rd Main, nr. Community Hlal, Kuvempu Layout, Kaveripura - 960102",8,address_not_traceable,67.0,0.0,0.0,0.0,0.0,5.0,3.0,0.0,88,Hard to find on the ground,Resolve the location (Problem Statement 3) before writing it off,Detailed address but agent could not locate pin (67s dwell); resolve geocode (PS3)
AD000789,AC000611,residence,kyc_origination,2026-04-01,T3,"Blk E, Rd 4, Silver Oak Layout, Navanagara East - 980301",0,,0.0,,,,,,,,56,Valid and occupied,Visit,Unvisited address with complete description; schedule initial field visit
AD000790,AC000612,residence,kyc_origination,2026-04-01,T2,"Gali No. 8, Ward 8, Bus Adda ke pass, Azad Mohalla, Devgarh Nagar - 970203",1,address_not_traceable,59.0,0.0,0.0,0.0,0.0,0.0,1.0,0.0,74,Hard to find on the ground,Resolve the location (Problem Statement 3) before writing it off,Detailed address but agent could not locate pin (59s dwell); resolve geocode (PS3)
AD000791,AC000613,residence,kyc_origination,2026-04-01,T1,341/2 7th cr 7th main hanuman mandir ke pass nehru colony kaveripura - 960102,0,,0.0,,,,,,,,77,Valid and occupied,Visit,Unvisited address with complete description; schedule initial field visit
AD000792,AC000614,residence,kyc_origination,2026-04-01,T2,"187/2, GALI NO. 4, GANDHI BASTI, DEVGARH NAGAR - 970203",9,met_family,509.0,0.0,3.0,1.0,0.0,0.0,5.0,0.0,55,"Valid, but borrower usually absent",Change the visit time,Premises locked or met family; shift visit to evening/weekend slot
AD000793,AC000614,office,kyc_origination,2026-04-01,T2,"#400, GALI NO. 2, OPPOSITE MASJID, TILAK NAGAR, DAVGARH NAGIR - 970204",0,,0.0,,,,,,,,70,Valid and occupied,Visit,Unvisited address with complete description; schedule initial field visit
AD000794,AC000615,residence,kyc_origination,2026-04-01,T2,gali no. 11 ward 4 sarkari school ke pass ram nagar devgarh ngr - 970204,0,,0.0,,,,,,,,72,Valid and occupied,Visit,Unvisited address with complete description; schedule initial field visit
AD000795,AC000616,residence,kyc_origination,2026-04-01,T3,"Blk D, Rd 5, Neerina Tank edhuru, Silver Oak Layout, Navanagara East - 980301",1,met_borrower,1279.0,1.0,0.0,0.0,0.0,0.0,0.0,0.0,77,Valid and occupied,Visit,Borrower confirmed at address on prior visit; schedule visit
AD000796,AC000616,permanent_native,kyc_origination,2026-04-01,OUT,"Village Hosahalli, Taluk B, District South - 995938",0,,0.0,,,,,,,,51,Valid and occupied,Visit,Unvisited address with complete description; schedule initial field visit
AD000797,AC000617,residence,kyc_origination,2026-04-01,T2,250/1 gali no. 7 ward 10 post office ke samne krishna puri devgarh nagr - 970202,7,neighbour_says_shifted,189.0,0.0,0.0,2.0,4.0,1.0,0.0,0.0,80,"Valid, but borrower usually absent",Change the visit time,Premises locked or met family; shift visit to evening/weekend slot
AD000798,AC000618,residence,kyc_origination,2026-04-01,T2,no. 37 gandhi basti devgarh nagar - 970203,0,,0.0,,,,,,,,42,Valid and occupied,Visit,Unvisited address with complete description; schedule initial field visit
AD000799,AC000618,office,kyc_origination,2026-04-01,T2,"House 330, Gali no-4, Ward 2, बस स्टॉप के पीछे, Indira Colony, Devgarh Nagar - 970202",2,locked_premises,194.0,0.0,0.0,2.0,0.0,0.0,0.0,0.0,85,"Valid, but borrower usually absent",Change the visit time,Premises locked or met family; shift visit to evening/weekend slot
AD000800,AC000619,residence,kyc_origination,2026-04-01,T1,"3rd Crs, 3rd Main, Kuvempu Layout, Kaveripura",0,,0.0,,,,,,,,45,Valid and occupied,Visit,Unvisited address with complete description; schedule initial field visit
AD000801,AC000620,residence,kyc_origination,2026-04-01,T3,"F Block, 3rd Road, nr. Mosque, Teachers Col, Navanagara East - 980302",1,met_borrower,1163.0,1.0,0.0,0.0,0.0,0.0,0.0,0.0,69,Valid and occupied,Visit,Borrower confirmed at address on prior visit; schedule visit
AD000802,AC000621,residence,kyc_origination,2026-04-01,T1,185/3 om sai complex sarkari shaale hattira kuvempu layout kaveripura - 960102,2,locked_premises,77.0,0.0,1.0,1.0,0.0,0.0,0.0,0.0,78,"Valid, but borrower usually absent",Change the visit time,Premises locked or met family; shift visit to evening/weekend slot
AD000803,AC000621,office,kyc_origination,2026-04-01,T1,"No. 422, 4th Cross, 5th Main, ಮೆಡಿಕಲ್ ಶಾಪ್ ಹತ್ತಿರ, Hosa Badavane, Kaveripura - 960101",1,met_borrower,992.0,1.0,0.0,0.0,0.0,0.0,0.0,0.0,85,Valid and occupied,Visit,Borrower confirmed at address on prior visit; schedule visit
AD000804,AC000622,residence,kyc_origination,2026-04-01,T3,#118 f blk. 5th rd. silver oak layout navanagara east - 980301,0,,0.0,,,,,,,,62,Valid and occupied,Visit,Unvisited address with complete description; schedule initial field visit
AD000805,AC000622,office,kyc_origination,2026-04-01,T3,house 313 blk e rd 5 close to petrol bunk green park layout navnagara east - 980301,0,,0.0,,,,,,,,83,Valid and occupied,Visit,Unvisited address with complete description; schedule initial field visit
AD000806,AC000623,residence,kyc_origination,2026-04-01,T2,"House 171, Gali No. 3, Ram Nagar, Devgarh Nagar - 970203",0,,0.0,,,,,,,,56,Valid and occupied,Visit,Unvisited address with complete description; schedule initial field visit
AD000807,AC000624,residence,kyc_origination,2026-04-01,T3,b blk. 4th rd opp. church defence colony navanagara east - 980304,0,,0.0,,,,,,,,65,Valid and occupied,Visit,Unvisited address with complete description; schedule initial field visit
AD000808,AC000625,residence,kyc_origination,2026-04-01,T3,#264 blk d rd 5 opp children park sunrise enclave navanagara east - 980304,5,address_not_traceable,112.0,1.0,3.0,0.0,0.0,0.0,1.0,0.0,74,Valid and occupied,Visit,Borrower confirmed at address on prior visit; schedule visit
AD000809,AC000626,residence,kyc_origination,2026-04-01,T1,"H.NO. 335, 11TH CR, 1ST MAIN, ಬಸ್ ನಿಲ್ದಾಣ ಪಕ್ಕ, KUVEMPU LAYOUT, KAVERIPURA - 960102",5,met_borrower,1389.0,3.0,1.0,1.0,0.0,0.0,0.0,0.0,83,Valid and occupied,Visit,Borrower confirmed at address on prior visit; schedule visit
AD000810,AC000627,residence,kyc_origination,2026-04-01,T1,"H.No. 67, 4th Cross, 8th Main, Gandhi Nagr, Kaveripura - 960102",4,met_borrower,431.0,2.0,1.0,0.0,0.0,0.0,1.0,0.0,63,Valid and occupied,Visit,Borrower confirmed at address on prior visit; schedule visit
AD000811,AC000627,permanent_native,kyc_origination,2026-04-01,OUT,"Village Mallapura, Tehsil D, District North - 997926",0,,0.0,,,,,,,,52,Valid and occupied,Visit,Unvisited address with complete description; schedule initial field visit
AD000812,AC000628,residence,kyc_origination,2026-04-01,T1,"NO. 209, 12TH CROOSS, 2ND MAIN RD, ANJANEYA GUID HATTIRA, KAVERIPURA - 960101",4,met_borrower,841.0,2.0,0.0,2.0,0.0,0.0,0.0,0.0,77,Valid and occupied,Visit,Borrower confirmed at address on prior visit; schedule visit
AD000813,AC000629,residence,kyc_origination,2026-04-01,T1,"154/1, 7TH CROSS, 7TH MN, RATION ANGADI HATTIRA, NEHRU COLONY, KAVERIPURA - 960102",3,neighbour_says_shifted,281.0,0.0,0.0,2.0,1.0,0.0,0.0,0.0,82,"Valid, but borrower usually absent",Change the visit time,Premises locked or met family; shift visit to evening/weekend slot
AD000814,AC000630,residence,kyc_origination,2026-04-01,T1,10th cross 1st main kaveripura - 960101,0,,0.0,,,,,,,,39,Valid and occupied,Visit,Unvisited address with complete description; schedule initial field visit
AD000815,AC000631,residence,kyc_origination,2026-04-01,T3,"HOUSE 455, A BLK, 5TH RD., PALM MEADOWS, NAVANAGARA EAST - 980302",4,met_borrower,1200.0,3.0,0.0,1.0,0.0,0.0,0.0,0.0,65,Valid and occupied,Visit,Borrower confirmed at address on prior visit; schedule visit
AD000816,AC000632,residence,kyc_origination,2026-04-01,T2,"GALI NO. 8, NR. BUS STAND, AZAD MOHALLA, DEVGARH NAGAR - 970203",0,,0.0,,,,,,,,63,Valid and occupied,Visit,Unvisited address with complete description; schedule initial field visit
AD000817,AC000633,residence,kyc_origination,2026-04-01,T2,"Annapoorna Nilaya, bhd Milk Dairy, Patel Nagar, Devgarh Nagar - 970202",8,locked_premises,84.0,1.0,1.0,2.0,0.0,0.0,3.0,1.0,70,Valid and occupied,Visit,Borrower confirmed at address on prior visit; schedule visit
AD000818,AC000634,residence,kyc_origination,2026-04-01,T2,"NO. 428, GALI NO-,2 INDIRA COLONY, DEVGARH NAGAR - 970220",0,,0.0,,,,,,,,57,Valid and occupied,Visit,Unvisited address with complete description; schedule initial field visit
AD000819,AC000634,office,kyc_origination,2026-04-01,T2,"GALI NO-9, WARD 10, GANESH MANDIR KE PAAS, KRISHNA PURI, DEVGARH NGR - 970202",0,,0.0,,,,,,,,77,Valid and occupied,Visit,Unvisited address with complete description; schedule initial field visit
AD000820,AC000635,residence,kyc_origination,2026-04-01,T1,"H.NO. 209, 7TH CROSS, 1ST MAIN, NEAR GANAPATHI TEMPLE, NEHRU COLONY, KAVERIPURA - 960102",0,,0.0,,,,,,,,88,Valid and occupied,Visit,Unvisited address with complete description; schedule initial field visit
AD000821,AC000636,residence,kyc_origination,2026-04-01,T2,no. 421 gali 10 ward 11 ration ki dukaan ke samne patel nagar devgarh nagar,2,address_not_traceable,54.0,0.0,0.0,0.0,0.0,0.0,2.0,0.0,75,Hard to find on the ground,Resolve the location (Problem Statement 3) before writing it off,Detailed address but agent could not locate pin (54s dwell); resolve geocode (PS3)
AD000822,AC000637,residence,kyc_origination,2026-04-01,T1,"#219, 9TH CROSS, 2ND MAIN, NR. RATION SHOP, GANDHI NGR, KAVERIPURA - 960102",4,met_borrower,637.0,2.0,1.0,1.0,0.0,0.0,0.0,0.0,75,Valid and occupied,Visit,Borrower confirmed at address on prior visit; schedule visit
AD000823,AC000637,office,kyc_origination,2026-04-01,T1,"11TH CROSS, 3RD MAIN, OPPOSITE COMMUNITY HALL, VINAYAKA NAGAR, KAVERIPURA - 960104",0,,0.0,,,,,,,,82,Valid and occupied,Visit,Unvisited address with complete description; schedule initial field visit
AD000824,AC000638,residence,kyc_origination,2026-04-01,T3,"H.NO. 284, BLK A, RD 3, NAVANAGARA EAST - 980302",4,address_not_traceable,36.0,0.0,0.0,0.0,0.0,0.0,4.0,0.0,48,Hard to find on the ground,Resolve the location (Problem Statement 3) before writing it off,Detailed address but agent could not locate pin (36s dwell); resolve geocode (PS3)
AD000825,AC000639,residence,kyc_origination,2026-04-01,T3,"Blk C, Rd 2, near Community Hall, Railway Colony, Navanagara East - 980304",4,met_borrower,784.0,3.0,0.0,0.0,0.0,0.0,1.0,0.0,74,Valid and occupied,Visit,Borrower confirmed at address on prior visit; schedule visit
AD000826,AC000640,residence,kyc_origination,2026-04-01,T1,"4th Cross, 7th Main, Basava Ngr, Kaveripura - 960101",0,,0.0,,,,,,,,52,Valid and occupied,Visit,Unvisited address with complete description; schedule initial field visit
AD000827,AC000641,residence,kyc_origination,2026-04-01,T3,"Green View Apts, Doodh Dairy ke samne, Palm Meadows, Navanagara East - 980303",3,address_not_traceable,64.0,0.0,1.0,1.0,0.0,0.0,1.0,0.0,77,"Valid, but borrower usually absent",Change the visit time,Premises locked or met family; shift visit to evening/weekend slot
AD000828,AC000641,office,kyc_origination,2026-04-01,T3,"129/1, E Block, 6th Road, Navanagara East - 980301",2,address_not_traceable,62.0,0.0,0.0,0.0,0.0,0.0,2.0,0.0,50,Hard to find on the ground,Resolve the location (Problem Statement 3) before writing it off,Detailed address but agent could not locate pin (62s dwell); resolve geocode (PS3)
AD000829,AC000642,residence,kyc_origination,2026-04-01,T2,"H.NO. 351, LAKSHMI NILAYA, GALI NO-8, GANESH MANDIR KE PAAS, DEVGARH NAGR",0,,0.0,,,,,,,,73,Valid and occupied,Visit,Unvisited address with complete description; schedule initial field visit
AD000830,AC000643,residence,kyc_origination,2026-04-01,T1,"H.NO. 104, 2ND X, 4TH MAIN, CLOSE TO MASJID, VIDYA NAGAR, KAVERIPURA - 960103",3,met_borrower,1163.0,2.0,0.0,0.0,0.0,0.0,1.0,0.0,77,Valid and occupied,Visit,Borrower confirmed at address on prior visit; schedule visit
AD000831,AC000644,residence,kyc_origination,2026-04-01,T1,"10th Cross, 2nd Main, near Petrol Pump, Ashoka Layt, Kaveripura - 960104",0,,0.0,,,,,,,,72,Valid and occupied,Visit,Unvisited address with complete description; schedule initial field visit
AD000832,AC000645,residence,kyc_origination,2026-04-01,T1,"No. 454, 10th Cr, 8th Main, Bus Nildana hattira, Nehru Colony, Kaveripura - 9601102",3,met_borrower,420.0,1.0,0.0,0.0,0.0,0.0,2.0,0.0,83,Valid and occupied,Visit,Borrower confirmed at address on prior visit; schedule visit
AD000833,AC000646,residence,kyc_origination,2026-04-01,T3,"#384, B Blk., 1st Road, nr. Bus Stop, Silver Oak Layout, Navanagara East - 980301",0,,0.0,,,,,,,,81,Valid and occupied,Visit,Unvisited address with complete description; schedule initial field visit
AD000834,AC000647,residence,kyc_origination,2026-04-01,T3,"No. 297, Blk D, Rd 1, Polm Meadows, Navanagara East - 980302",0,,0.0,,,,,,,,60,Valid and occupied,Visit,Unvisited address with complete description; schedule initial field visit
AD000835,AC000648,residence,kyc_origination,2026-04-01,T2,"House 187, Gali No. 3, Indira Colony, Devgarh Ngr - 970202",0,,0.0,,,,,,,,58,Valid and occupied,Visit,Unvisited address with complete description; schedule initial field visit
AD000836,AC000649,residence,kyc_origination,2026-04-01,T1,"Green View Apts, close to Hanuman Temple, Kuvempu Lyt, Kaveripura - 960102",7,met_family,181.0,1.0,2.0,2.0,0.0,0.0,2.0,0.0,74,Valid and occupied,Visit,Borrower confirmed at address on prior visit; schedule visit
AD000837,AC000650,residence,kyc_origination,2026-04-01,T1,"No. 110, 1st Crs, 2nd Main, ಬಸ್ ನಿಲ್ದಾಣ ಎದುರು, Kaveripura - 960101",3,address_not_traceable,101.0,0.0,0.0,0.0,0.0,1.0,2.0,0.0,66,Hard to find on the ground,Resolve the location (Problem Statement 3) before writing it off,Detailed address but agent could not locate pin (101s dwell); resolve geocode (PS3)
AD000838,AC000650,office,kyc_origination,2026-04-01,T1,"9th Cross, 7th Main Rd, Petrol Bunk hattira, Vinayaka Nagar, Kaveripura - 960104",0,,0.0,,,,,,,,80,Valid and occupied,Visit,Unvisited address with complete description; schedule initial field visit
AD000839,AC000651,residence,kyc_origination,2026-04-01,T2,384/2 opp. church azad mohalla devgarh nagar - 970203,0,,0.0,,,,,,,,53,Valid and occupied,Visit,Unvisited address with complete description; schedule initial field visit
AD000840,AC000652,residence,kyc_origination,2026-04-01,T1,"5th Cross, 8th Main, close to Milk Booth, Kaveripura - 960102",5,met_borrower,558.0,1.0,1.0,0.0,0.0,0.0,3.0,0.0,61,Valid and occupied,Visit,Borrower confirmed at address on prior visit; schedule visit
AD000841,AC000653,residence,kyc_origination,2026-04-01,T2,"Gali No. 2, close to Medicals, Patel Nagar, Devgarh Nagar",4,met_borrower,330.0,1.0,1.0,0.0,0.0,0.0,2.0,0.0,57,Valid and occupied,Visit,Borrower confirmed at address on prior visit; schedule visit
AD000842,AC000653,office,kyc_origination,2026-04-01,T2,"No. 135, Gali 8, Ward 7, Ganesh Mandir ke bagal me, Gandhi Basti, Devgarh Nagar - 970023",1,met_borrower,818.0,1.0,0.0,0.0,0.0,0.0,0.0,0.0,88,Valid and occupied,Visit,Borrower confirmed at address on prior visit; schedule visit
AD000843,AC000654,residence,kyc_origination,2026-04-01,T1,"H.No. 55, 1st Cross, 5th Main, Kaveripura - 960102",4,address_not_traceable,116.0,0.0,0.0,0.0,1.0,1.0,2.0,0.0,50,Borrower has moved,Trace the new address,Neighbours or occupants confirmed borrower relocated; trace new address
AD000844,AC000655,residence,kyc_origination,2026-04-01,T1,house 352 4th cross 2nd main anjaneya swamy temple hattira sidddeshwara colny kaveripura - 960102,0,,0.0,,,,,,,,97,Valid and occupied,Visit,Unvisited address with complete description; schedule initial field visit
AD000845,AC000655,office,kyc_origination,2026-04-01,T1,#282 sai residency 8th x 5th main kaveripura - 960102,0,,0.0,,,,,,,,53,Valid and occupied,Visit,Unvisited address with complete description; schedule initial field visit
AD000846,AC000656,residence,kyc_origination,2026-04-01,T2,"House 218, Gali 2, Post Office ke paas, Devgarh Nagar - 970201",8,neighbour_says_shifted,238.0,0.0,3.0,2.0,1.0,0.0,2.0,0.0,62,"Valid, but borrower usually absent",Change the visit time,Premises locked or met family; shift visit to evening/weekend slot
AD000847,AC000657,residence,kyc_origination,2026-04-01,T1,"8th Cross, 7th Main Rd, ಗಣಪತಿ ದೇವಸ್ಥಾನ ಹತ್ತಿರ, Gandhi Ngr, Kaveripura - 960102",0,,0.0,,,,,,,,78,Valid and occupied,Visit,Unvisited address with complete description; schedule initial field visit
AD000848,AC000658,residence,kyc_origination,2026-04-01,T3,"301/1, E Block, 4th Road, ಉದ್ಯಾನವನ ಹತ್ತಿರ, Orchid Enclave, Navanagara East - 980301",0,,0.0,,,,,,,,83,Valid and occupied,Visit,Unvisited address with complete description; schedule initial field visit
AD000849,AC000658,office,kyc_origination,2026-04-01,T3,close to community hall green park layout navanagara east - 980301,0,,0.0,,,,,,,,66,Valid and occupied,Visit,Unvisited address with complete description; schedule initial field visit
AD000850,AC000659,residence,kyc_origination,2026-04-01,T3,blk b rd 6 lakeview phase 2 navanagara east - 980302,5,met_borrower,1192.0,2.0,1.0,2.0,0.0,0.0,0.0,0.0,52,Valid and occupied,Visit,Borrower confirmed at address on prior visit; schedule visit
AD000851,AC000660,residence,kyc_origination,2026-04-01,T2,"House 41, Gali no-1, nr Kalyana Mantapa, Nehru Colny, Devgarh Nagar - 970203",0,,0.0,,,,,,,,76,Valid and occupied,Visit,Unvisited address with complete description; schedule initial field visit
AD000852,AC000661,residence,kyc_origination,2026-04-01,T3,"H.No. 115, Om Sai Complex, Blk E, Rd 6, close to Milk Dairy, Green Park Layt, Navanagara East - 980302",2,met_family,495.0,0.0,1.0,0.0,0.0,0.0,1.0,0.0,102,"Valid, but borrower usually absent",Change the visit time,Premises locked or met family; shift visit to evening/weekend slot
AD000853,AC000661,office,kyc_origination,2026-04-01,T3,"Blk A, Rd 2, behind Milk Dairy, Green Park Lyt, Navanagara East - 980301",0,,0.0,,,,,,,,72,Valid and occupied,Visit,Unvisited address with complete description; schedule initial field visit
AD000854,AC000662,residence,kyc_origination,2026-04-01,T2,"#469, Jama Masjid ke pass, Patel Nagar, Devgarh Ngr - 970202",6,met_borrower,606.0,2.0,3.0,0.0,0.0,0.0,1.0,0.0,60,Valid and occupied,Visit,Borrower confirmed at address on prior visit; schedule visit
AD000855,AC000662,office,kyc_origination,2026-04-01,T2,"House 50, Shanti Kunj, गली नं. 6, Ward 8, सरकारी स्कूल के पास, Azad Mohalla, Devgarh Nagar - 970203",0,,0.0,,,,,,,,99,Valid and occupied,Visit,Unvisited address with complete description; schedule initial field visit
AD000856,AC000663,residence,kyc_origination,2026-04-01,T3,"#399, C Block, 4th Road, nr Masjid, HMT Colony, Navanagara East - 980301",4,met_family,324.0,0.0,2.0,0.0,0.0,0.0,2.0,0.0,72,"Valid, but borrower usually absent",Change the visit time,Premises locked or met family; shift visit to evening/weekend slot
AD000857,AC000664,residence,kyc_origination,2026-04-01,T2,#61 gali no. 1 behind park indira colony devgarh ngr - 970202,0,,0.0,,,,,,,,61,Valid and occupied,Visit,Unvisited address with complete description; schedule initial field visit
AD000858,AC000665,residence,kyc_origination,2026-04-01,T3,"E BLK, 1ST ROAD, BEHIND GANESH TEMPLE, DEFENCE COLONY, NAVANAGARA EAST - 980301",0,,0.0,,,,,,,,79,Valid and occupied,Visit,Unvisited address with complete description; schedule initial field visit
AD000859,AC000665,permanent_native,kyc_origination,2026-04-01,OUT,"Village Rampura Kalan, Taluk A, District East - 994567",0,,0.0,,,,,,,,54,Valid and occupied,Visit,Unvisited address with complete description; schedule initial field visit
AD000860,AC000666,residence,kyc_origination,2026-04-01,T2,"263/3, Gali no-10, हनुमान मंदिर के पास, Patel Nagr, Devgarh Nagar - 970202",7,no_such_person,283.0,0.0,0.0,2.0,4.0,1.0,0.0,0.0,74,"Valid, but borrower usually absent",Change the visit time,Premises locked or met family; shift visit to evening/weekend slot
AD000861,AC000667,residence,kyc_origination,2026-04-01,T2,"गली नं. 12, Ward 6, मेडिकल स्टोर के पास, Nehru Colony, Devgarh Nagar - 970203",0,,0.0,,,,,,,,77,Valid and occupied,Visit,Unvisited address with complete description; schedule initial field visit
AD000862,AC000668,residence,kyc_origination,2026-04-01,T1,house 259 opposite overhead tannk kalyana nagar kaveripura - 960104,0,,0.0,,,,,,,,67,Valid and occupied,Visit,Unvisited address with complete description; schedule initial field visit
AD000863,AC000669,residence,kyc_origination,2026-04-01,T2,gali no-11 ward 11 behind ganesh temple patel nagar devgarh nagar - 970202,1,address_not_traceable,104.0,0.0,0.0,0.0,0.0,0.0,1.0,0.0,74,Hard to find on the ground,Resolve the location (Problem Statement 3) before writing it off,Detailed address but agent could not locate pin (104s dwell); resolve geocode (PS3)
AD000864,AC000670,residence,kyc_origination,2026-04-01,T2,house 366 गली नं. 4 मेडिकल स्टोर के पास subhash nagar devgarh nagar - 970201,0,,0.0,,,,,,,,76,Valid and occupied,Visit,Unvisited address with complete description; schedule initial field visit
AD000865,AC000671,residence,kyc_origination,2026-04-01,T3,"BLK E, RD 6, CLOSE TO PETROL PUMP, RAILWAY COL, NAVANAGARA EAST - 980304",0,,0.0,,,,,,,,72,Valid and occupied,Visit,Unvisited address with complete description; schedule initial field visit
AD000866,AC000672,residence,kyc_origination,2026-04-01,T2,"#369, GALI NO-5, WARD 11, PATEL NAGAR, DEVGARH NAGR - 970202",4,no_such_person,209.0,1.0,1.0,1.0,0.0,1.0,0.0,0.0,60,Valid and occupied,Visit,Borrower confirmed at address on prior visit; schedule visit
AD000867,AC000673,residence,kyc_origination,2026-04-01,T1,257/1 3rd crs 7th main haalina dairy hinde nehru colony kaveripura - 960102,7,locked_premises,168.0,1.0,2.0,1.0,0.0,0.0,3.0,0.0,75,Valid and occupied,Visit,Borrower confirmed at address on prior visit; schedule visit
AD000868,AC000674,residence,kyc_origination,2026-04-01,T2,"#256, Gali no-12, Ward 2, Indira Col, Devgarh Nagar - 970202",2,met_family,595.0,0.0,1.0,1.0,0.0,0.0,0.0,0.0,60,"Valid, but borrower usually absent",Change the visit time,Premises locked or met family; shift visit to evening/weekend slot
AD000869,AC000675,residence,kyc_origination,2026-04-01,T3,"F BLK., 2ND ROAD, NR GANESH TEMPLE, RAILWAY COLNY, NAVANAGARA EAST - 980304",9,met_borrower,603.0,5.0,0.0,3.0,0.0,0.0,1.0,0.0,75,Valid and occupied,Visit,Borrower confirmed at address on prior visit; schedule visit
AD000870,AC000676,residence,kyc_origination,2026-04-01,T3,"Blk B, Rd 1, nr. Water Tank, Palm Meadows, Navanagara East - 980302",6,locked_premises,200.0,0.0,1.0,3.0,0.0,0.0,2.0,0.0,67,"Valid, but borrower usually absent",Change the visit time,Premises locked or met family; shift visit to evening/weekend slot
AD000871,AC000677,residence,kyc_origination,2026-04-01,T2,"Gali No. 7, सरकारी स्कूल के पास, Krishna Puri, Devgarh Ngr - 970202",0,,0.0,,,,,,,,67,Valid and occupied,Visit,Unvisited address with complete description; schedule initial field visit
AD000872,AC000677,office,kyc_origination,2026-04-01,T2,"House 207, Gali no-10, opp. Government School, Ram Nagar, Devgarh Nagar - 970203",0,,0.0,,,,,,,,80,Valid and occupied,Visit,Unvisited address with complete description; schedule initial field visit
AD000873,AC000678,residence,kyc_origination,2026-04-01,T1,h.no. 13 om sai complex 3rd cross 8th mn vinayaka nagr kaveripura - 960104,0,,0.0,,,,,,,,74,Valid and occupied,Visit,Unvisited address with complete description; schedule initial field visit
AD000874,AC000679,residence,kyc_origination,2026-04-01,T3,#85 nr. medicals green park layout navanagara east - 980301,2,met_family,526.0,0.0,2.0,0.0,0.0,0.0,0.0,0.0,59,"Valid, but borrower usually absent",Change the visit time,Premises locked or met family; shift visit to evening/weekend slot
AD000875,AC000680,residence,kyc_origination,2026-04-01,T3,"C Blk., 4th Road, Lakeview Phase 2, Navanagara East - 980303",0,,0.0,,,,,,,,60,Valid and occupied,Visit,Unvisited address with complete description; schedule initial field visit
AD000876,AC000681,residence,kyc_origination,2026-04-01,T3,h.no. 377 f block 5th rd. medical store ke paas navanagara east - 980301,0,,0.0,,,,,,,,72,Valid and occupied,Visit,Unvisited address with complete description; schedule initial field visit
AD000877,AC000682,residence,kyc_origination,2026-04-01,T3,no. 479 blk f rd 1 b/h masjid navanagara east - 980302,0,,0.0,,,,,,,,54,Valid and occupied,Visit,Unvisited address with complete description; schedule initial field visit
AD000878,AC000683,residence,kyc_origination,2026-04-01,T1,"No. 250, 5th Cross, 5th Main Rd, opposite Government School, Kalyana Nagr, Kaveripura - 960104",0,,0.0,,,,,,,,94,Valid and occupied,Visit,Unvisited address with complete description; schedule initial field visit
AD000879,AC000684,residence,kyc_origination,2026-04-01,T3,"#379, Blk E, Rd 3, opp Government School, Orchid Enclave, Navanagara East - 980302",0,,0.0,,,,,,,,82,Valid and occupied,Visit,Unvisited address with complete description; schedule initial field visit
AD000880,AC000685,residence,kyc_origination,2026-04-01,T1,"H.NO. 26, 5TH CROSS, 1ST MAIN, MASJID KE PASS, NEHRU COLONY, KAVERIPURA - 960102",0,,0.0,,,,,,,,80,Valid and occupied,Visit,Unvisited address with complete description; schedule initial field visit
AD000881,AC000686,residence,kyc_origination,2026-04-01,T1,"H.No. 192, ಮೆಡಿಕಲ್ ಶಾಪ್ ಹತ್ತಿರ, Anjaneya Badavane, Kaveripura - 960103",0,,0.0,,,,,,,,70,Valid and occupied,Visit,Unvisited address with complete description; schedule initial field visit
AD000882,AC000686,office,kyc_origination,2026-04-01,T1,"No. 370, 8th Crs, 5th Mn, opp Ganesh Temple, Anjaneya Badavane, Kaveripura - 960103",0,,0.0,,,,,,,,83,Valid and occupied,Visit,Unvisited address with complete description; schedule initial field visit
AD000883,AC000687,residence,kyc_origination,2026-04-01,T2,"H.No. 89, Gali No. 7, Ward 6, nr Milk Dairy, Nehru Colony, Devgarh Nagar - 970203",0,,0.0,,,,,,,,81,Valid and occupied,Visit,Unvisited address with complete description; schedule initial field visit
AD000884,AC000688,residence,kyc_origination,2026-04-01,T2,"House 467, Gali no-7, Sarkari School ke paas, Azad Mohalla, Devgarh Nagar - 970203",1,locked_premises,238.0,0.0,0.0,1.0,0.0,0.0,0.0,0.0,82,"Valid, but borrower usually absent",Change the visit time,Premises locked or met family; shift visit to evening/weekend slot
AD000885,AC000689,residence,kyc_origination,2026-04-01,T3,"A Blk, 3rd Road, b/h Milk Dairy, Palm Meadows, Navanagara East - 980302",1,met_borrower,1186.0,1.0,0.0,0.0,0.0,0.0,0.0,0.0,71,Valid and occupied,Visit,Borrower confirmed at address on prior visit; schedule visit
AD000886,AC000690,residence,kyc_origination,2026-04-01,T2,"Gali 8, Ward 2, Indira Colony, Devgarh Nagar",1,met_family,517.0,0.0,1.0,0.0,0.0,0.0,0.0,0.0,44,"Valid, but borrower usually absent",Change the visit time,Premises locked or met family; shift visit to evening/weekend slot
AD000887,AC000690,permanent_native,kyc_origination,2026-04-01,OUT,"Village Devipur, Tehsil C, District West - 992740",0,,0.0,,,,,,,,49,Valid and occupied,Visit,Unvisited address with complete description; schedule initial field visit
AD000888,AC000691,residence,kyc_origination,2026-04-01,T1,house 264 6th cross 4th main kalyana mantapa eduru gandhi nagr kaveripura - 960102,0,,0.0,,,,,,,,82,Valid and occupied,Visit,Unvisited address with complete description; schedule initial field visit
AD000889,AC000691,office,kyc_origination,2026-04-01,T1,h.no. 411 4th cross 7th main nehru colony kaveripura - 960102,0,,0.0,,,,,,,,61,Valid and occupied,Visit,Unvisited address with complete description; schedule initial field visit
AD000890,AC000692,residence,kyc_origination,2026-04-01,T2,112/1 गली नं. 12 हनुमान मंदिर के पास ambedkar nagar devgarh nagar - 970204,0,,0.0,,,,,,,,74,Valid and occupied,Visit,Unvisited address with complete description; schedule initial field visit
AD000891,AC000692,office,kyc_origination,2026-04-01,T2,"No. 170, गली नं. 6, Ward 9, डाकघर के पास, Devgarh Nagar - 970201",0,,0.0,,,,,,,,64,Valid and occupied,Visit,Unvisited address with complete description; schedule initial field visit
AD000892,AC000693,residence,kyc_origination,2026-04-01,T3,"H.No. 162, Blk E, Rd 6, near Govt School, Orchid Enclave, Navanagara East - 980301",0,,0.0,,,,,,,,82,Valid and occupied,Visit,Unvisited address with complete description; schedule initial field visit
AD000893,AC000693,permanent_native,kyc_origination,2026-04-01,OUT,"Village Devipur, Tehsil C, District East - 991658",0,,0.0,,,,,,,,49,Valid and occupied,Visit,Unvisited address with complete description; schedule initial field visit
AD000894,AC000694,residence,kyc_origination,2026-04-01,T3,blk b rd 3 teachers col navanagara east - 980302,0,,0.0,,,,,,,,48,Valid and occupied,Visit,Unvisited address with complete description; schedule initial field visit
AD000895,AC000695,residence,kyc_origination,2026-04-01,T1,#30 6th cross 5th main bhd pds shop anjaneya badavane kaveripura - 960103,3,neighbour_says_shifted,278.0,0.0,1.0,0.0,1.0,0.0,1.0,0.0,73,Borrower has moved,Trace the new address,Neighbours or occupants confirmed borrower relocated; trace new address
AD000896,AC000695,permanent_native,kyc_origination,2026-04-01,OUT,"Village Sundarpur, Taluk A, District West - 993321",0,,0.0,,,,,,,,50,Valid and occupied,Visit,Unvisited address with complete description; schedule initial field visit
AD000897,AC000696,residence,kyc_origination,2026-04-01,T2,"NO. 113, GALI 2, MEDICAL STORE KE PEECHE, PATEL NAGR, DEVGARH NAGAR - 970202",2,locked_premises,66.0,1.0,0.0,1.0,0.0,0.0,0.0,0.0,76,Valid and occupied,Visit,Borrower confirmed at address on prior visit; schedule visit
AD000898,AC000697,residence,kyc_origination,2026-04-01,T1,"#281, 2nd Cross, 8th Main Rd, Gandhi Nagar, Kaveripura - 960102",1,met_family,345.0,0.0,1.0,0.0,0.0,0.0,0.0,0.0,63,"Valid, but borrower usually absent",Change the visit time,Premises locked or met family; shift visit to evening/weekend slot
AD000899,AC000698,residence,kyc_origination,2026-04-01,T3,"#432, A Blk, 6th Road, nr Milk Dairy, Navanagara East - 980302",0,,0.0,,,,,,,,62,Valid and occupied,Visit,Unvisited address with complete description; schedule initial field visit
AD000900,AC000698,office,kyc_origination,2026-04-01,T3,"H.No. 252, F Blk., 1st Road, oposite Government School, Silver Oak Layout, Navanagara East - 980301",0,,0.0,,,,,,,,99,Valid and occupied,Visit,Unvisited address with complete description; schedule initial field visit
AD000901,AC000699,residence,kyc_origination,2026-04-01,T2,patel nagar devgarh nagar - 970202,1,locked_premises,112.0,0.0,0.0,1.0,0.0,0.0,0.0,0.0,34,"Valid, but borrower usually absent",Change the visit time,Premises locked or met family; shift visit to evening/weekend slot
AD000902,AC000700,residence,kyc_origination,2026-04-01,T2,"#63, near Petrol Bunk, Azad Mohalla, Devgarh Nagar - 970203",3,met_family,397.0,0.0,1.0,0.0,0.0,0.0,2.0,0.0,59,"Valid, but borrower usually absent",Change the visit time,Premises locked or met family; shift visit to evening/weekend slot
AD000903,AC000701,residence,kyc_origination,2026-04-01,T1,"#78, 1st Cross, 8th Main Rd, opp Milk Booth, Nehru Colony, Kaveripura - 960012",5,met_family,242.0,1.0,3.0,1.0,0.0,0.0,0.0,0.0,78,Valid and occupied,Visit,Borrower confirmed at address on prior visit; schedule visit
AD000904,AC000701,office,kyc_origination,2026-04-01,T1,no. 267 10th cross 6th main nr ganesh temple gandhi nagar kaveripura - 960102,3,locked_premises,227.0,2.0,0.0,1.0,0.0,0.0,0.0,0.0,77,Valid and occupied,Visit,Borrower confirmed at address on prior visit; schedule visit
AD000905,AC000702,residence,kyc_origination,2026-04-01,T3,no. 196 blk d rd 1 ration ki dukkaan ke paas royal gardens navanagara east - 980303,0,,0.0,,,,,,,,83,Valid and occupied,Visit,Unvisited address with complete description; schedule initial field visit
AD000906,AC000702,office,kyc_origination,2026-04-01,T3,"No. 319, Blk E, Rd 2, Lakeview Phase 2, Navanagara East - 980303",0,,0.0,,,,,,,,64,Valid and occupied,Visit,Unvisited address with complete description; schedule initial field visit
AD000907,AC000703,residence,kyc_origination,2026-04-01,T3,"No. 315, Blk C, Rd 4, Bagicha ke samne, Palm Meadowss, Navanagara East - 980302",0,,0.0,,,,,,,,79,Valid and occupied,Visit,Unvisited address with complete description; schedule initial field visit
AD000908,AC000704,residence,kyc_origination,2026-04-01,T2,"RAM NAGAR, DEVGARH NAGAR - 970203",0,,0.0,,,,,,,,33,Valid and occupied,Visit,Unvisited address with complete description; schedule initial field visit
AD000909,AC000704,permanent_native,kyc_origination,2026-04-01,OUT,"Village Mallapura, Taluk A, District West - 996162",0,,0.0,,,,,,,,50,Valid and occupied,Visit,Unvisited address with complete description; schedule initial field visit
AD000910,AC000705,residence,kyc_origination,2026-04-01,T1,"2nd Cross, 4th Main, Hanuman Mandir ke pass, Nehru Colony, Kaveripura - 960102",0,,0.0,,,,,,,,78,Valid and occupied,Visit,Unvisited address with complete description; schedule initial field visit
AD000911,AC000705,office,kyc_origination,2026-04-01,T1,"No. 281, 2nd Cross, 1st Main, near Park, Hosa Badavane, Kaveripura - 960101",0,,0.0,,,,,,,,75,Valid and occupied,Visit,Unvisited address with complete description; schedule initial field visit
AD000912,AC000706,residence,kyc_origination,2026-04-01,T2,"No. 148, Gali No. 12, Patel Nagr, Devarh Nagar",1,met_family,388.0,0.0,1.0,0.0,0.0,0.0,0.0,0.0,46,"Valid, but borrower usually absent",Change the visit time,Premises locked or met family; shift visit to evening/weekend slot
AD000913,AC000707,residence,kyc_origination,2026-04-01,T3,"BLK D, RD 4, NR. BUS STOP, TEACHERS COLONY, NAVANAGARA EAST - 980302",1,met_borrower,929.0,1.0,0.0,0.0,0.0,0.0,0.0,0.0,68,Valid and occupied,Visit,Borrower confirmed at address on prior visit; schedule visit
AD000914,AC000708,residence,kyc_origination,2026-04-01,T2,gali no. 4 patel ngr devgarh nagar - 970202,0,,0.0,,,,,,,,43,Valid and occupied,Visit,Unvisited address with complete description; schedule initial field visit
AD000915,AC000709,residence,kyc_origination,2026-04-01,T3,"near Post Office, Defence Colony, Navanagara East - 980301",5,neighbour_says_shifted,286.0,0.0,0.0,1.0,1.0,0.0,3.0,0.0,58,"Valid, but borrower usually absent",Change the visit time,Premises locked or met family; shift visit to evening/weekend slot
AD000916,AC000710,residence,kyc_origination,2026-04-01,T1,"11TH CROSS, 1ST MAIN RD, RATION ANGADI HINDHE, SIDDESHWARA COLONY, KAVERIPURA - 960102",0,,0.0,,,,,,,,86,Valid and occupied,Visit,Unvisited address with complete description; schedule initial field visit
AD000917,AC000711,residence,kyc_origination,2026-04-01,T2,"Gali 2, Azad Mohalla, Devgarh Nagar - 970203",5,address_not_traceable,74.0,0.0,1.0,2.0,0.0,0.0,2.0,0.0,44,"Valid, but borrower usually absent",Change the visit time,Premises locked or met family; shift visit to evening/weekend slot
AD000918,AC000711,office,kyc_origination,2026-04-01,T2,"Green View Apts, Gali 5, behind Community Hall, Ram Nagar, Dvgarh Nagar - 970203",3,locked_premises,220.0,1.0,0.0,1.0,0.0,0.0,1.0,0.0,80,Valid and occupied,Visit,Borrower confirmed at address on prior visit; schedule visit
AD000919,AC000712,residence,kyc_origination,2026-04-01,T1,nr hanuman temple nehru colony kaveripura - 960101,7,met_family,405.0,2.0,2.0,0.0,0.0,0.0,3.0,0.0,50,Valid and occupied,Visit,Borrower confirmed at address on prior visit; schedule visit
AD000920,AC000712,office,kyc_origination,2026-04-01,T1,"H.No. 401, 8th X, 4th Main Rd, Petrol Pump ke pass, Kaveripura - 960104",2,met_borrower,804.0,1.0,0.0,1.0,0.0,0.0,0.0,0.0,71,Valid and occupied,Visit,Borrower confirmed at address on prior visit; schedule visit
AD000921,AC000713,residence,kyc_origination,2026-04-01,T2,gali no. 3 patel nagar devgarh nagar - 970202,2,locked_premises,228.0,0.0,0.0,1.0,0.0,0.0,1.0,0.0,45,"Valid, but borrower usually absent",Change the visit time,Premises locked or met family; shift visit to evening/weekend slot
AD000922,AC000713,office,kyc_origination,2026-04-01,T2,"175/1, गली नं. 2, डाकघर के पास, Subhash Nagr, Devgarh Nagar - 970201",1,address_not_traceable,107.0,0.0,0.0,0.0,0.0,0.0,1.0,0.0,68,Hard to find on the ground,Resolve the location (Problem Statement 3) before writing it off,Detailed address but agent could not locate pin (107s dwell); resolve geocode (PS3)
AD000923,AC000714,residence,kyc_origination,2026-04-01,T1,h.no. 457 ganga apartments 2nd cross 2nd main nr church gandhi nagar kaveripura - 960102,2,met_borrower,1242.0,1.0,1.0,0.0,0.0,0.0,0.0,0.0,88,Valid and occupied,Visit,Borrower confirmed at address on prior visit; schedule visit
AD000924,AC000715,residence,kyc_origination,2026-04-01,T2,"H.No. 220, Geli no-12, near Medicals, Shivai Nagar, Devgarh Nagar - 970202",8,locked_premises,180.0,1.0,2.0,5.0,0.0,0.0,0.0,0.0,74,Valid and occupied,Visit,Borrower confirmed at address on prior visit; schedule visit
AD000925,AC000716,residence,kyc_origination,2026-04-01,T2,house 71 gali no-12 barat ghar ke saamne patel nagar devgarh nagar - 970202,0,,0.0,,,,,,,,75,Valid and occupied,Visit,Unvisited address with complete description; schedule initial field visit
AD000926,AC000717,residence,kyc_origination,2026-04-01,T3,"#178, F BLOCK, 3RD ROAD, CLOSE TO GANAPATHI TEMPLE, TEACHERS COLNY, NAVANAGARA EAST - 980302",0,,0.0,,,,,,,,92,Valid and occupied,Visit,Unvisited address with complete description; schedule initial field visit
AD000927,AC000718,residence,kyc_origination,2026-04-01,T2,"NO. 362, पानी की टंकी के पास, KRISHNA PURI, DEVGARH NAGR - 970202",0,,0.0,,,,,,,,65,Valid and occupied,Visit,Unvisited address with complete description; schedule initial field visit
AD000928,AC000719,residence,kyc_origination,2026-04-01,T1,"2ND CR, 6TH MAIN, OPP PDS SHOP, VIDYA NGR, KAVERIPURA - 960103",0,,0.0,,,,,,,,62,Valid and occupied,Visit,Unvisited address with complete description; schedule initial field visit
AD000929,AC000720,residence,kyc_origination,2026-04-01,T1,"H.No. 278, 12th Cross, 1st Main, Kaveripura - 960102",0,,0.0,,,,,,,,52,Valid and occupied,Visit,Unvisited address with complete description; schedule initial field visit
AD000930,AC000721,residence,kyc_origination,2026-04-01,T1,"364/2, 10th Cross, 8th Main, Petrol Bunk hattira, Vinayaka Ngr, Kaveripura - 960104",1,neighbour_says_shifted,383.0,0.0,0.0,0.0,1.0,0.0,0.0,0.0,83,Borrower has moved,Trace the new address,Neighbours or occupants confirmed borrower relocated; trace new address
AD000931,AC000721,permanent_native,kyc_origination,2026-04-01,OUT,"Village Kodihalli, Tehsil C, District East - 995959",0,,0.0,,,,,,,,51,Valid and occupied,Visit,Unvisited address with complete description; schedule initial field visit
AD000932,AC000722,residence,kyc_origination,2026-04-01,T3,#133 petrol pump ke peeche green parrk layout navanagara east - 980303,0,,0.0,,,,,,,,70,Valid and occupied,Visit,Unvisited address with complete description; schedule initial field visit
AD000933,AC000723,residence,kyc_origination,2026-04-01,T2,#73 gali no-7 ward 11 nr church patel nagar devgarh nagar - 9770202,0,,0.0,,,,,,,,67,Valid and occupied,Visit,Unvisited address with complete description; schedule initial field visit
AD000934,AC000724,residence,kyc_origination,2026-04-01,T2,"Gali No. 1, near Kalyana Mantapa, Azad Mohalla, Devgarh Nagar - 970203",0,,0.0,,,,,,,,70,Valid and occupied,Visit,Unvisited address with complete description; schedule initial field visit
AD000935,AC000725,residence,kyc_origination,2026-04-01,T3,356/1 f block 6th rd orchid enclave navanagara east - 980301,0,,0.0,,,,,,,,60,Valid and occupied,Visit,Unvisited address with complete description; schedule initial field visit
AD000936,AC000726,residence,kyc_origination,2026-04-01,T1,"House 272, close to Ganapathi Temple, Gandhi Nagar, Kaveripura - 960102",9,met_borrower,605.0,4.0,1.0,2.0,0.0,0.0,2.0,0.0,71,Valid and occupied,Visit,Borrower confirmed at address on prior visit; schedule visit
AD000937,AC000727,residence,kyc_origination,2026-04-01,T2,"323/1, Ambedkar Ngr, Devgarh Nagr - 970204",0,,0.0,,,,,,,,42,Valid and occupied,Visit,Unvisited address with complete description; schedule initial field visit
AD000938,AC000728,residence,kyc_origination,2026-04-01,T1,#300 1st cross 4th main rd near hnuman temple siddeshwara colony kaveripura - 960102,0,,0.0,,,,,,,,84,Valid and occupied,Visit,Unvisited address with complete description; schedule initial field visit
AD000939,AC000728,office,kyc_origination,2026-04-01,T1,"House 78, 12th Cross, 6th Main, Vidya Nagar, Kaveripura - 960103",0,,0.0,,,,,,,,64,Valid and occupied,Visit,Unvisited address with complete description; schedule initial field visit
AD000940,AC000729,residence,kyc_origination,2026-04-01,T1,"Bus Nildana hattira, Ganddhi Nagr, Kaveripura - 960102",4,address_not_traceable,94.0,0.0,0.0,2.0,0.0,1.0,1.0,0.0,54,"Valid, but borrower usually absent",Change the visit time,Premises locked or met family; shift visit to evening/weekend slot
AD000941,AC000729,permanent_native,kyc_origination,2026-04-01,OUT,"Village Hosahalli, Tehsil D, District West - 999036",0,,0.0,,,,,,,,51,Valid and occupied,Visit,Unvisited address with complete description; schedule initial field visit
AD000942,AC000730,residence,kyc_origination,2026-04-01,T2,"H.NO. 261, गली नं. 12, AZAD MOHALLA, DEVGARH NAGAR - 970203",2,met_borrower,466.0,2.0,0.0,0.0,0.0,0.0,0.0,0.0,59,Valid and occupied,Visit,Borrower confirmed at address on prior visit; schedule visit
AD000943,AC000731,residence,kyc_origination,2026-04-01,T3,#42 blk b rd 5 opp church silver oak layout navanagara east - 980301,1,met_family,219.0,0.0,1.0,0.0,0.0,0.0,0.0,0.0,68,"Valid, but borrower usually absent",Change the visit time,Premises locked or met family; shift visit to evening/weekend slot
AD000944,AC000732,residence,kyc_origination,2026-04-01,T3,"behind Mosque, Railway Colony, Navanagara East - 980304",3,met_family,369.0,0.0,2.0,0.0,0.0,0.0,1.0,0.0,55,"Valid, but borrower usually absent",Change the visit time,Premises locked or met family; shift visit to evening/weekend slot
AD000945,AC000733,residence,kyc_origination,2026-04-01,T1,"2nd Cross, 7th Mn, opp Ration Shop, Vidya Nagar, Kaveripura - 960103",0,,0.0,,,,,,,,68,Valid and occupied,Visit,Unvisited address with complete description; schedule initial field visit
AD000946,AC000733,office,kyc_origination,2026-04-01,T1,"8th Cr, 5th Main, nr Petrol Pump, Vinayaka Nagr, Kaveripura - 960104",0,,0.0,,,,,,,,68,Valid and occupied,Visit,Unvisited address with complete description; schedule initial field visit
AD000947,AC000734,residence,kyc_origination,2026-04-01,T2,"H.No. 51, Gali no-10, Sarkari School ke paas, Azad Mohalla, Devgarh Nagar - 970203",0,,0.0,,,,,,,,82,Valid and occupied,Visit,Unvisited address with complete description; schedule initial field visit
AD000948,AC000735,residence,kyc_origination,2026-04-01,T3,"No. 15, Lakshmi Nilaya, E Blk., 2nd Rd, Teachers Colony, Navanagara East - 980302",3,cash_collected,507.0,0.0,1.0,0.0,0.0,0.0,0.0,2.0,81,Valid and occupied,Visit,Borrower confirmed at address on prior visit; schedule visit
AD000949,AC000736,residence,kyc_origination,2026-04-01,T3,"300/1, Annapoorna Nilaya, Blk E, Rd 3, opp Post Office, HMT Colny, Naanagara East - 980301",0,,0.0,,,,,,,,90,Valid and occupied,Visit,Unvisited address with complete description; schedule initial field visit
AD000950,AC000737,residence,kyc_origination,2026-04-01,T3,"H.No. 74, Blk D, Rd 1, Silver Oak Layout, Navanagara East - 980301",5,met_family,232.0,1.0,3.0,1.0,0.0,0.0,0.0,0.0,66,Valid and occupied,Visit,Borrower confirmed at address on prior visit; schedule visit
AD000951,AC000738,residence,kyc_origination,2026-04-01,T2,house 252 गली नं. 7 मेडिकल स्टोर के पास indira colony devgarh nagr - 970202,0,,0.0,,,,,,,,75,Valid and occupied,Visit,Unvisited address with complete description; schedule initial field visit
AD000952,AC000738,office,kyc_origination,2026-04-01,T2,gali no-12 near church ambedkar nagar devgarh nagar - 970204,0,,0.0,,,,,,,,60,Valid and occupied,Visit,Unvisited address with complete description; schedule initial field visit
AD000953,AC000739,residence,kyc_origination,2026-04-01,T2,"GALI 6, CLOSE TO PDS SHOP, SHIVAJI NGR, DEVGARH NAGAR - 970202",6,met_borrower,1416.0,3.0,0.0,1.0,0.0,0.0,2.0,0.0,62,Valid and occupied,Visit,Borrower confirmed at address on prior visit; schedule visit
AD000954,AC000740,residence,kyc_origination,2026-04-01,T3,"457/2, Blk B, Rd 1, close to Masjid, Railway Colony, Navanagara East - 980303",4,address_not_traceable,91.0,1.0,0.0,2.0,0.0,0.0,1.0,0.0,77,Valid and occupied,Visit,Borrower confirmed at address on prior visit; schedule visit
AD000955,AC000741,residence,kyc_origination,2026-04-01,T1,"H.No. 249, 12th Cr, 6th Mn, Ganapathi Gudi hattira, Nehru Colny, Kaveripura - 960102",9,no_such_person,202.0,0.0,0.0,2.0,4.0,3.0,0.0,0.0,84,"Valid, but borrower usually absent",Change the visit time,Premises locked or met family; shift visit to evening/weekend slot
AD000956,AC000741,permanent_native,kyc_origination,2026-04-01,OUT,"Village Kodihalli, Taluk B, District North - 991759",0,,0.0,,,,,,,,51,Valid and occupied,Visit,Unvisited address with complete description; schedule initial field visit
AD000957,AC000742,residence,kyc_origination,2026-04-01,T2,"Gali no-2, Nehru Colony, Devgarh Nagr - 970203",1,met_borrower,706.0,1.0,0.0,0.0,0.0,0.0,0.0,0.0,46,Valid and occupied,Visit,Borrower confirmed at address on prior visit; schedule visit
AD000958,AC000742,office,kyc_origination,2026-04-01,T2,"438/3, Gali 8, Krishna Puri, Devgarh Nagar - 970202",0,,0.0,,,,,,,,51,Valid and occupied,Visit,Unvisited address with complete description; schedule initial field visit
AD000959,AC000743,residence,kyc_origination,2026-04-01,T1,17/2 1st cross 8th main ಹಾಲಿನ ಡೈರಿ ಹತ್ತಿರ nehru colony kaveripura - 960102,1,neighbour_says_shifted,347.0,0.0,0.0,0.0,1.0,0.0,0.0,0.0,74,Borrower has moved,Trace the new address,Neighbours or occupants confirmed borrower relocated; trace new address
AD000960,AC000743,permanent_native,kyc_origination,2026-04-01,OUT,"Village Chikkapura, Tehsil C, District East - 992498",0,,0.0,,,,,,,,52,Valid and occupied,Visit,Unvisited address with complete description; schedule initial field visit
AD000961,AC000744,residence,kyc_origination,2026-04-01,T2,"Gali 7, पानी की टंकी के पास, Nehru Colony, Devgarh Ngr - 970203",0,,0.0,,,,,,,,63,Valid and occupied,Visit,Unvisited address with complete description; schedule initial field visit
AD000962,AC000745,residence,kyc_origination,2026-04-01,T2,"NO. 435, गली नं. 4, RAM NGR, DEVGARH NAGR - 970203",5,address_not_traceable,41.0,0.0,2.0,0.0,0.0,0.0,3.0,0.0,50,Hard to find on the ground,Resolve the location (Problem Statement 3) before writing it off,Detailed address but agent could not locate pin (41s dwell); resolve geocode (PS3)
AD000963,AC000746,residence,kyc_origination,2026-04-01,T1,"House 247, 12th X, 3rd Main, bhd Ganapathi Temple, Kaveripura - 960102",8,no_such_person,165.0,0.0,0.0,0.0,0.0,5.0,3.0,0.0,70,Borrower has moved,Trace the new address,Neighbours or occupants confirmed borrower relocated; trace new address
AD000964,AC000747,residence,kyc_origination,2026-04-01,T2,"GALI NO. 8, OPP. PDS SHOP, PATEL NAGAR, DEVGARH NAGR - 970202",3,address_not_traceable,117.0,0.0,0.0,1.0,1.0,0.0,1.0,0.0,61,"Valid, but borrower usually absent",Change the visit time,Premises locked or met family; shift visit to evening/weekend slot
AD000965,AC000748,residence,kyc_origination,2026-04-01,T1,3rd crs 5th mn anche kacheri hattira shanthi ngr kaveripura - 960101,0,,0.0,,,,,,,,68,Valid and occupied,Visit,Unvisited address with complete description; schedule initial field visit
AD000966,AC000748,permanent_native,kyc_origination,2026-04-01,OUT,"Village Mallapura, Tehsil C, District East - 998245",0,,0.0,,,,,,,,51,Valid and occupied,Visit,Unvisited address with complete description; schedule initial field visit
AD000967,AC000749,residence,kyc_origination,2026-04-01,T3,"near Masjid, Silver Oak Lyt, Navanagara East - 980301",0,,0.0,,,,,,,,53,Valid and occupied,Visit,Unvisited address with complete description; schedule initial field visit
AD000968,AC000750,residence,kyc_origination,2026-04-01,T3,b blk 6th road railway colony navanagara east - 980304,0,,0.0,,,,,,,,54,Valid and occupied,Visit,Unvisited address with complete description; schedule initial field visit
AD000969,AC000751,residence,kyc_origination,2026-04-01,T1,6th crs 1st main medical shop edhuru vidya nagar kaveripura - 960103,5,neighbour_says_shifted,184.0,0.0,2.0,1.0,2.0,0.0,0.0,0.0,68,"Valid, but borrower usually absent",Change the visit time,Premises locked or met family; shift visit to evening/weekend slot
AD000970,AC000751,office,kyc_origination,2026-04-01,T1,"#217, 12th Crs, 6th Main, Vidya Nagar, Kaveripura - 960103",3,met_borrower,774.0,2.0,0.0,1.0,0.0,0.0,0.0,0.0,58,Valid and occupied,Visit,Borrower confirmed at address on prior visit; schedule visit
AD000971,AC000752,residence,kyc_origination,2026-04-01,T1,"House 197, 7th Cross, 5th Mn, near Ganesh Temple, Gandhi Nagar, Kaveripura - 960102",3,met_borrower,984.0,2.0,1.0,0.0,0.0,0.0,0.0,0.0,83,Valid and occupied,Visit,Borrower confirmed at address on prior visit; schedule visit
AD000972,AC000753,residence,kyc_origination,2026-04-01,T3,house 275 blk c rd 6 ಹಾಲಿನ ಡೈರಿ ಹತ್ತಿರ navanagara east - 980301,0,,0.0,,,,,,,,63,Valid and occupied,Visit,Unvisited address with complete description; schedule initial field visit
AD000973,AC000754,residence,kyc_origination,2026-04-01,T3,"252/3, Lakeview Phase 2, Navanagara East - 980303",0,,0.0,,,,,,,,49,Valid and occupied,Visit,Unvisited address with complete description; schedule initial field visit
AD000974,AC000755,residence,kyc_origination,2026-04-01,T3,"H.No. 258, F Block, 6th Rd., bhd Ganapathi Temple, Navanagara East - 980302",0,,0.0,,,,,,,,75,Valid and occupied,Visit,Unvisited address with complete description; schedule initial field visit
AD000975,AC000756,residence,kyc_origination,2026-04-01,T2,"No. 48, Gali 6, Ward 9, nr. Milk Booth, Shastri Nagar, Devgarh Nagr - 970201",8,address_not_traceable,69.0,0.0,0.0,0.0,0.0,3.0,5.0,0.0,76,Hard to find on the ground,Resolve the location (Problem Statement 3) before writing it off,Detailed address but agent could not locate pin (69s dwell); resolve geocode (PS3)
AD000976,AC000757,residence,kyc_origination,2026-04-01,T1,nr. hanuman temple basava nagar kaveripura - 960101,0,,0.0,,,,,,,,51,Valid and occupied,Visit,Unvisited address with complete description; schedule initial field visit
AD000977,AC000757,permanent_native,kyc_origination,2026-04-01,OUT,"Village Rampura Kalan, Tehsil D, District North - 997209",0,,0.0,,,,,,,,56,Valid and occupied,Visit,Unvisited address with complete description; schedule initial field visit
AD000978,AC000758,residence,kyc_origination,2026-04-01,T3,"No. 47, Blk A, Rd 6, close to Government School, HMT Colony, Navanagara East - 980301",7,neighbour_says_shifted,231.0,0.0,0.0,2.0,2.0,2.0,1.0,0.0,85,"Valid, but borrower usually absent",Change the visit time,Premises locked or met family; shift visit to evening/weekend slot
AD000979,AC000759,residence,kyc_origination,2026-04-01,T2,"No. 80, Gali 7, Ward 8, Azda Mohalla, Devgarh Ngr - 970203",1,address_not_traceable,60.0,0.0,0.0,0.0,0.0,0.0,1.0,0.0,58,Hard to find on the ground,Resolve the location (Problem Statement 3) before writing it off,Detailed address but agent could not locate pin (60s dwell); resolve geocode (PS3)
AD000980,AC000760,residence,kyc_origination,2026-04-01,T2,"House 378, Gali 7, Ward 2, near Bus Stand, Indira Colony, Devgarh Nagr - 970202",4,met_family,397.0,0.0,1.0,3.0,0.0,0.0,0.0,0.0,79,"Valid, but borrower usually absent",Change the visit time,Premises locked or met family; shift visit to evening/weekend slot
AD000981,AC000761,residence,kyc_origination,2026-04-01,T3,"H.NO. 42, E BLK., 3RD ROAD, NEAR GOVERNMENT SCHOOL, SILVER OAK LAYOUT, NAVANAGARA EAST - 980301",1,met_borrower,688.0,1.0,0.0,0.0,0.0,0.0,0.0,0.0,95,Valid and occupied,Visit,Borrower confirmed at address on prior visit; schedule visit
AD000982,AC000762,residence,kyc_origination,2026-04-01,T3,"BLK F, RD 6, NR. PHARMACY, LAKEVIEW PHASE 2, NAVANAGARA EAST - 980302",4,met_borrower,1163.0,1.0,1.0,0.0,0.0,0.0,2.0,0.0,69,Valid and occupied,Visit,Borrower confirmed at address on prior visit; schedule visit
AD000983,AC000762,permanent_native,kyc_origination,2026-04-01,OUT,"Village Rampura Kalan, Tehsil D, District West - 999467",0,,0.0,,,,,,,,55,Valid and occupied,Visit,Unvisited address with complete description; schedule initial field visit
AD000984,AC000763,residence,kyc_origination,2026-04-01,T1,"H.NO. 417, CLOSE TO OVERHEAD TANK, SHANTHI NAGAR, KAVERIPURA - 960101",1,met_family,576.0,0.0,1.0,0.0,0.0,0.0,0.0,0.0,69,"Valid, but borrower usually absent",Change the visit time,Premises locked or met family; shift visit to evening/weekend slot
AD000985,AC000764,residence,kyc_origination,2026-04-01,T3,"NO. 36, F BLK., 6TH RD, SARKARI SCHOOL KE PASS, SILVER OAK LAYT, NAVANAGARA EAST - 980301",0,,0.0,,,,,,,,89,Valid and occupied,Visit,Unvisited address with complete description; schedule initial field visit
AD000986,AC000765,residence,kyc_origination,2026-04-01,T2,41/2 gali no. 6 adj. pharmacy azad mohalla devgarh nagar - 970203,5,met_borrower,772.0,1.0,2.0,1.0,0.0,0.0,1.0,0.0,65,Valid and occupied,Visit,Borrower confirmed at address on prior visit; schedule visit
AD000987,AC000766,residence,kyc_origination,2026-04-01,T1,"H.No. 102, 8th Cross, 8th Main, near Mosque, Vidya Nagar, Kaveripura - 960103",3,address_not_traceable,79.0,0.0,1.0,0.0,0.0,0.0,2.0,0.0,77,Hard to find on the ground,Resolve the location (Problem Statement 3) before writing it off,Detailed address but agent could not locate pin (79s dwell); resolve geocode (PS3)
AD000988,AC000767,residence,kyc_origination,2026-04-01,T1,"#459, 8th Cross, 5th Main, bhd Petrol Pump, Vinayaka Nagar, Kaveripura - 960104",0,,0.0,,,,,,,,79,Valid and occupied,Visit,Unvisited address with complete description; schedule initial field visit
AD000989,AC000768,residence,kyc_origination,2026-04-01,T2,no. 250 gali no. 12 ward 10 krishna puri devgarh nagar - 970202,0,,0.0,,,,,,,,63,Valid and occupied,Visit,Unvisited address with complete description; schedule initial field visit
AD000990,AC000768,office,kyc_origination,2026-04-01,T2,"House 219, Gali 8, Ration ki Dukaan ke pass, Indira Colony, Devgarh Nagar - 970202",0,,0.0,,,,,,,,82,Valid and occupied,Visit,Unvisited address with complete description; schedule initial field visit
AD000991,AC000769,residence,kyc_origination,2026-04-01,T2,h.no. 435 gali 10 दूध डेयरी के पास ambedkar nagr devgarh nagar - 970204,3,locked_premises,238.0,0.0,0.0,2.0,0.0,0.0,1.0,0.0,71,"Valid, but borrower usually absent",Change the visit time,Premises locked or met family; shift visit to evening/weekend slot
AD000992,AC000769,office,kyc_origination,2026-04-01,T2,h.no. 72 gali 6 opposite water tank krishna puri devgarh nagar - 970202,1,locked_premises,125.0,0.0,0.0,1.0,0.0,0.0,0.0,0.0,71,"Valid, but borrower usually absent",Change the visit time,Premises locked or met family; shift visit to evening/weekend slot
AD000993,AC000770,residence,kyc_origination,2026-04-01,T1,361/2 bus stop hattira nehru colony kaveripura - 960102,0,,0.0,,,,,,,,55,Valid and occupied,Visit,Unvisited address with complete description; schedule initial field visit
AD000994,AC000771,residence,kyc_origination,2026-04-01,T2,"Glai no-5, Ambedkar Ngr, Devgarh Nagar - 970204",0,,0.0,,,,,,,,47,Valid and occupied,Visit,Unvisited address with complete description; schedule initial field visit
AD000995,AC000771,office,kyc_origination,2026-04-01,T2,"H.No. 252, Gali No. 10, nr. Kalyana Mantapa, Shivaji Nagr, Devgarh Nagar - 970203",0,,0.0,,,,,,,,81,Valid and occupied,Visit,Unvisited address with complete description; schedule initial field visit
AD000996,AC000772,residence,kyc_origination,2026-04-01,T2,"H.No. 394, Green View Apts, near Ration Sho, Patel Ngr, Devgarh Ngr - 970202",0,,0.0,,,,,,,,76,Valid and occupied,Visit,Unvisited address with complete description; schedule initial field visit
AD000997,AC000773,residence,kyc_origination,2026-04-01,T2,gali 8 subhash ngr devgarh nagar - 970201,0,,0.0,,,,,,,,41,Valid and occupied,Visit,Unvisited address with complete description; schedule initial field visit
AD000998,AC000773,office,kyc_origination,2026-04-01,T2,house 253 annapoorna nilaya ambedkar nagar devgarh nagar - 970204,0,,0.0,,,,,,,,65,Valid and occupied,Visit,Unvisited address with complete description; schedule initial field visit
AD000999,AC000774,residence,kyc_origination,2026-04-01,T3,"Samudaya Bhavana hattira, Orchid Enclave, Naavnagara East - 980301",1,neighbour_says_shifted,328.0,0.0,0.0,0.0,1.0,0.0,0.0,0.0,66,Borrower has moved,Trace the new address,Neighbours or occupants confirmed borrower relocated; trace new address
AD001000,AC000775,residence,kyc_origination,2026-04-01,T1,"#146, 2nd Cr, 7th Man, Bagicha ke paas, Siddeshwara Colony, Kaveripura - 960102",2,address_not_traceable,101.0,0.0,0.0,0.0,1.0,0.0,1.0,0.0,79,Borrower has moved,Trace the new address,Neighbours or occupants confirmed borrower relocated; trace new address
AD001001,AC000776,residence,kyc_origination,2026-04-01,T3,house 273 sai residency e block 5th road ganesh mandir ke pass lakeview phase 2 navanagara east - 980303,1,neighbour_says_shifted,321.0,0.0,0.0,0.0,1.0,0.0,0.0,0.0,104,Borrower has moved,Trace the new address,Neighbours or occupants confirmed borrower relocated; trace new address
AD001002,AC000776,office,kyc_origination,2026-04-01,T3,446/3 blk f rd 4 behind ganapathi temple railway colony navanagara east - 980304,0,,0.0,,,,,,,,80,Valid and occupied,Visit,Unvisited address with complete description; schedule initial field visit
AD001003,AC000777,residence,kyc_origination,2026-04-01,T2,"No. 258, Gali No. 9, Shastri Ngr, Devgarh Naar - 970201",3,neighbour_says_shifted,221.0,0.0,0.0,1.0,1.0,0.0,1.0,0.0,55,"Valid, but borrower usually absent",Change the visit time,Premises locked or met family; shift visit to evening/weekend slot
AD001004,AC000778,residence,kyc_origination,2026-04-01,T1,"2ND CROSS, 2ND MAIN, CLOSE TO HANUMAN TEMPLE, KUVEMPU LAYT, KAVEIPURA - 960102",1,address_not_traceable,65.0,0.0,0.0,0.0,0.0,0.0,1.0,0.0,78,Hard to find on the ground,Resolve the location (Problem Statement 3) before writing it off,Detailed address but agent could not locate pin (65s dwell); resolve geocode (PS3)
AD001005,AC000779,residence,kyc_origination,2026-04-01,T1,"nr Milk Dairy, Kaveripura - 960101",0,,0.0,,,,,,,,34,Valid and occupied,Visit,Unvisited address with complete description; schedule initial field visit
AD001006,AC000780,residence,kyc_origination,2026-04-01,T3,"374/2, B Blk., 1st Rd, Teachers Colony, Navanagara East - 980302",1,locked_premises,71.0,0.0,0.0,1.0,0.0,0.0,0.0,0.0,64,"Valid, but borrower usually absent",Change the visit time,Premises locked or met family; shift visit to evening/weekend slot
AD001007,AC000781,residence,kyc_origination,2026-04-01,T1,"114/2, 3RD CR, 3RD MN, SARKARI SHAALE HATTIRA, VINAYAKA NAGR, KAVERIPURA - 960104",1,address_not_traceable,72.0,0.0,0.0,0.0,0.0,0.0,1.0,0.0,81,Hard to find on the ground,Resolve the location (Problem Statement 3) before writing it off,Detailed address but agent could not locate pin (72s dwell); resolve geocode (PS3)
AD001008,AC000782,residence,kyc_origination,2026-04-01,T1,"4th Cr, 2nd Main Rd, ಸರ್ಕಾರಿ ಶಾಲೆ ಹತ್ತಿರ, Kalyana Nagar, Kaveripura - 960104",0,,0.0,,,,,,,,76,Valid and occupied,Visit,Unvisited address with complete description; schedule initial field visit
AD001009,AC000783,residence,kyc_origination,2026-04-01,T2,h.no. 232 gali no. 3 behind medicals devgarh nagar - 970202,1,met_family,480.0,0.0,1.0,0.0,0.0,0.0,0.0,0.0,59,"Valid, but borrower usually absent",Change the visit time,Premises locked or met family; shift visit to evening/weekend slot
AD001010,AC000784,residence,kyc_origination,2026-04-01,T2,"#286, Gali 2, Indira Colony, Devgarh Nagr - 970202",0,,0.0,,,,,,,,50,Valid and occupied,Visit,Unvisited address with complete description; schedule initial field visit
AD001011,AC000785,residence,kyc_origination,2026-04-01,T2,"House 340, Doodh Dairy ke pass, Ambedkar Nagr, Devgarh Nagar - 970204",0,,0.0,,,,,,,,69,Valid and occupied,Visit,Unvisited address with complete description; schedule initial field visit
AD001012,AC000786,residence,kyc_origination,2026-04-01,T1,3rd x 5th mn kalyana mantapa hattira gandhi nagar kaveripura - 960102,7,neighbour_says_shifted,132.0,0.0,0.0,0.0,5.0,1.0,1.0,0.0,69,Borrower has moved,Trace the new address,Neighbours or occupants confirmed borrower relocated; trace new address
AD001013,AC000787,residence,kyc_origination,2026-04-01,T2,"148/1, GALI NO. 7, CLOSE TO KALYANA MANTAPA, PATEL NAGAR, DEVGARH NGR - 970202",9,no_such_person,266.0,0.0,0.0,2.0,3.0,2.0,2.0,0.0,78,"Valid, but borrower usually absent",Change the visit time,Premises locked or met family; shift visit to evening/weekend slot
AD001014,AC000787,permanent_native,kyc_origination,2026-04-01,OUT,"Village Bilagi, Tehsil C, District East - 999178",0,,0.0,,,,,,,,48,Valid and occupied,Visit,Unvisited address with complete description; schedule initial field visit
AD001015,AC000788,residence,kyc_origination,2026-04-01,T3,"355/2, Blk D, Rd 1, nr. Ration Shop, Lakeview Phase 2, Navanagara East - 980303",0,,0.0,,,,,,,,79,Valid and occupied,Visit,Unvisited address with complete description; schedule initial field visit
AD001016,AC000788,office,kyc_origination,2026-04-01,T3,"No. 121, E Block, 4th Road, Tanki ke pass, Royal Gardens, Navanagara East - 980303",0,,0.0,,,,,,,,82,Valid and occupied,Visit,Unvisited address with complete description; schedule initial field visit
AD001017,AC000789,residence,kyc_origination,2026-04-01,T3,"B/H RATION SHOP, HMT COLONY, NAVANAGARA EAST - 980301",2,neighbour_says_shifted,167.0,0.0,0.0,0.0,1.0,0.0,1.0,0.0,53,Borrower has moved,Trace the new address,Neighbours or occupants confirmed borrower relocated; trace new address
AD001018,AC000790,residence,kyc_origination,2026-04-01,T3,"H.No. 223, Blk A, Rd 6, Sarkari School ke pass, HMT Colony, Navanagara East - 980303",0,,0.0,,,,,,,,84,Valid and occupied,Visit,Unvisited address with complete description; schedule initial field visit
AD001019,AC000791,residence,kyc_origination,2026-04-01,T2,"HOUSE 461, GALI 10, OPP. POST OFFICE, NEHRU COLNY, DEVGARH NAGAR - 970203",0,,0.0,,,,,,,,73,Valid and occupied,Visit,Unvisited address with complete description; schedule initial field visit
AD001020,AC000792,residence,kyc_origination,2026-04-01,T1,"144/1, 11th Cross, 1st Main, ಗಣಪತಿ ದೇವಸ್ಥಾನ ಎದುರು, Nehru Colony, Kaveripura - 960102",0,,0.0,,,,,,,,84,Valid and occupied,Visit,Unvisited address with complete description; schedule initial field visit
AD001021,AC000793,residence,kyc_origination,2026-04-01,T1,"34/02, Sarkari Shaale eduru, Hosa Badavane, Kaveripura - 960101",1,met_borrower,1284.0,1.0,0.0,0.0,0.0,0.0,0.0,0.0,63,Valid and occupied,Visit,Borrower confirmed at address on prior visit; schedule visit
AD001022,AC000793,office,kyc_origination,2026-04-01,T1,"103/2, 5th Crs, 5th Main, Anjjaneya Gudi hattira, Siddeshwara Colny, Kaveripura - 960102",0,,0.0,,,,,,,,88,Valid and occupied,Visit,Unvisited address with complete description; schedule initial field visit
AD001023,AC000794,residence,kyc_origination,2026-04-01,T3,"BLK E, RD 6, BUS STOP HATTIRA, NAVANAGARA EIST - 980301",0,,0.0,,,,,,,,55,Valid and occupied,Visit,Unvisited address with complete description; schedule initial field visit
AD001024,AC000795,residence,kyc_origination,2026-04-01,T3,"No. 111, Sarkari Shaaale hindhe, Royal Gardens, Navanagara East - 980303",0,,0.0,,,,,,,,72,Valid and occupied,Visit,Unvisited address with complete description; schedule initial field visit
AD001025,AC000796,residence,kyc_origination,2026-04-01,T2,"H.No. 425, Gali No. 4, behind Church, Shastri Nagr, Devgarh Nagar - 970201",0,,0.0,,,,,,,,74,Valid and occupied,Visit,Unvisited address with complete description; schedule initial field visit
AD001026,AC000797,residence,kyc_origination,2026-04-01,T2,गली नं. 1 azad mohalla devgarh nagar - 970203,4,locked_premises,186.0,0.0,0.0,2.0,1.0,1.0,0.0,0.0,45,"Valid, but borrower usually absent",Change the visit time,Premises locked or met family; shift visit to evening/weekend slot
AD001027,AC000797,office,kyc_origination,2026-04-01,T2,"H.No. 460, Gali No. 9, Ward 8, nr Petrol Bunk, Azad Mohalla, Devgarh Nagar - 970203",0,,0.0,,,,,,,,83,Valid and occupied,Visit,Unvisited address with complete description; schedule initial field visit
AD001028,AC000798,residence,kyc_origination,2026-04-01,T2,"GALI NO. 9, SARKARI SCHOOL KE PASS, DEVGARH NAGAR - 970203",0,,0.0,,,,,,,,58,Valid and occupied,Visit,Unvisited address with complete description; schedule initial field visit
AD001029,AC000799,residence,kyc_origination,2026-04-01,T2,h.no. 268 gali no. 1 sarkari school ke paas azad mohalla devgarh nagr - 970203,1,address_not_traceable,74.0,0.0,0.0,0.0,0.0,0.0,1.0,0.0,78,Hard to find on the ground,Resolve the location (Problem Statement 3) before writing it off,Detailed address but agent could not locate pin (74s dwell); resolve geocode (PS3)
AD001030,AC000799,permanent_native,kyc_origination,2026-04-01,OUT,"Village Rampura Kalan, Tehsil C, District South - 999706",0,,0.0,,,,,,,,56,Valid and occupied,Visit,Unvisited address with complete description; schedule initial field visit
AD001031,AC000800,residence,kyc_origination,2026-04-01,T2,gali no-6 मेडिकल स्टोर के पास patel nagr devgarh nagar - 970202,7,met_borrower,1122.0,2.0,1.0,3.0,0.0,0.0,0.0,1.0,63,Valid and occupied,Visit,Borrower confirmed at address on prior visit; schedule visit
AD001032,AC000801,residence,kyc_origination,2026-04-01,T2,"333/3, SHANTI KUNJ, GALI NO-11, SHASTRI NGR, DEVGARH NAGAR - 970204",0,,0.0,,,,,,,,67,Valid and occupied,Visit,Unvisited address with complete description; schedule initial field visit
AD001033,AC000802,residence,kyc_origination,2026-04-01,T1,"H.No. 195, 1st Cross, 3rd Main, ಸರ್ಕಾರಿ ಶಾಲೆ ಎದುರು, Basava Nagar, Kaveeripura - 960102",2,no_such_person,215.0,0.0,0.0,0.0,0.0,1.0,1.0,0.0,86,Borrower has moved,Trace the new address,Neighbours or occupants confirmed borrower relocated; trace new address
AD001034,AC000803,residence,kyc_origination,2026-04-01,T1,"H.No. 22, Sri Krishna Nivas, 11th X, 7th Main, Nyayabele Angadi hattira, Nehru Colony, Kaveripura",5,neighbour_says_shifted,151.0,0.0,0.0,1.0,3.0,0.0,1.0,0.0,97,"Valid, but borrower usually absent",Change the visit time,Premises locked or met family; shift visit to evening/weekend slot
AD001035,AC000804,residence,kyc_origination,2026-04-01,T1,"#148, ANJANEYA SWAMY TEMPLE EDHURU, KUVEMUP LAYUOT, KAVERIPURA - 960102",8,met_borrower,731.0,4.0,1.0,1.0,0.0,0.0,1.0,1.0,71,Valid and occupied,Visit,Borrower confirmed at address on prior visit; schedule visit
AD001036,AC000805,residence,kyc_origination,2026-04-01,T3,"No. 63, close to Petrol Bunk, Silver Oak Layout, Navanagara East - 980304",5,no_such_person,210.0,0.0,0.0,1.0,1.0,1.0,2.0,0.0,73,"Valid, but borrower usually absent",Change the visit time,Premises locked or met family; shift visit to evening/weekend slot
AD001037,AC000806,residence,kyc_origination,2026-04-01,T3,"E BLOCK, 1ST RD, NR. MILK BOOTH, RAILWAY COL, NAVANAGARA EAST - 980304",0,,0.0,,,,,,,,70,Valid and occupied,Visit,Unvisited address with complete description; schedule initial field visit
AD001038,AC000806,permanent_native,kyc_origination,2026-04-01,OUT,"Village Hosahalli, Taluk A, District South - 991847",0,,0.0,,,,,,,,51,Valid and occupied,Visit,Unvisited address with complete description; schedule initial field visit
AD001039,AC000807,residence,kyc_origination,2026-04-01,T3,"A BLOCK, 4TH ROAD, NR. HANUMAN TEMPLE, PALM MEADOWS, NAVANAGARA EAST - 980302",2,met_borrower,674.0,1.0,0.0,0.0,0.0,0.0,1.0,0.0,77,Valid and occupied,Visit,Borrower confirmed at address on prior visit; schedule visit
AD001040,AC000808,residence,kyc_origination,2026-04-01,T3,"House 427, Blk A, Rd 6, opp. Church, Teachers Colony, Navanagara East",8,locked_premises,162.0,1.0,3.0,4.0,0.0,0.0,0.0,0.0,69,Valid and occupied,Visit,Borrower confirmed at address on prior visit; schedule visit
AD001041,AC000809,residence,kyc_origination,2026-04-01,T1,"6th Cross, 5th Main, close to Mosque, Kaveripura - 960103",1,address_not_traceable,70.0,0.0,0.0,0.0,0.0,0.0,1.0,0.0,57,Hard to find on the ground,Resolve the location (Problem Statement 3) before writing it off,Detailed address but agent could not locate pin (70s dwell); resolve geocode (PS3)
AD001042,AC000810,residence,kyc_origination,2026-04-01,T1,"2ND CROSS, 2ND MAIN, VINAYAKA NGR, KAVERIPURA - 960104",6,locked_premises,98.0,0.0,3.0,1.0,2.0,0.0,0.0,0.0,54,"Valid, but borrower usually absent",Change the visit time,Premises locked or met family; shift visit to evening/weekend slot
AD001043,AC000810,office,kyc_origination,2026-04-01,T1,"4TH CR, 7TH MAIN, VINAYAKA NAGAR, KAVERIPURA - 960104",3,met_borrower,519.0,2.0,0.0,0.0,0.0,0.0,1.0,0.0,53,Valid and occupied,Visit,Borrower confirmed at address on prior visit; schedule visit
AD001044,AC000811,residence,kyc_origination,2026-04-01,T1,house 88 9th cross 3rd mn nehru colony kaveripura - 960102,0,,0.0,,,,,,,,58,Valid and occupied,Visit,Unvisited address with complete description; schedule initial field visit
AD001045,AC000812,residence,kyc_origination,2026-04-01,T1,"H.No. 217, 12th Cr, 6th Mn, Vidya Nagar, Kaveripura - 960103",6,met_borrower,940.0,3.0,1.0,0.0,0.0,0.0,2.0,0.0,60,Valid and occupied,Visit,Borrower confirmed at address on prior visit; schedule visit
AD001046,AC000813,residence,kyc_origination,2026-04-01,T3,"BLK D, RD 2, CLOSE TO MILK DAIRY, SILVER OAK LAYOUT, NAVANAGARA EAST",0,,0.0,,,,,,,,68,Valid and occupied,Visit,Unvisited address with complete description; schedule initial field visit
AD001047,AC000814,residence,kyc_origination,2026-04-01,T1,"6/2, 12th Cross, 2nd Main, Nehru Colony, Kaveripura - 960102",5,address_not_traceable,76.0,0.0,0.0,0.0,0.0,1.0,4.0,0.0,60,Hard to find on the ground,Resolve the location (Problem Statement 3) before writing it off,Detailed address but agent could not locate pin (76s dwell); resolve geocode (PS3)
AD001048,AC000814,office,kyc_origination,2026-04-01,T1,"House 89, 4th Cross, 1st Main, near Masjid, Nehru Col, Kaveripura - 960102",1,locked_premises,77.0,0.0,0.0,1.0,0.0,0.0,0.0,0.0,74,"Valid, but borrower usually absent",Change the visit time,Premises locked or met family; shift visit to evening/weekend slot
AD001049,AC000815,residence,kyc_origination,2026-04-01,T3,212/3 d block 4th road nr. government school hmt colny navanagara east - 980301,0,,0.0,,,,,,,,79,Valid and occupied,Visit,Unvisited address with complete description; schedule initial field visit
AD001050,AC000816,residence,kyc_origination,2026-04-01,T2,no. 116 nr post office nehru colony devgarh nagr - 970203,0,,0.0,,,,,,,,57,Valid and occupied,Visit,Unvisited address with complete description; schedule initial field visit
AD001051,AC000816,permanent_native,kyc_origination,2026-04-01,OUT,"Village Hosahalli, Taluk B, District South - 995733",0,,0.0,,,,,,,,51,Valid and occupied,Visit,Unvisited address with complete description; schedule initial field visit
AD001052,AC000817,residence,kyc_origination,2026-04-01,T1,"456/2, 1st Cross, 6th Main, nr. Milk Dairy, Nehru Colony, Kaveripura - 960102",0,,0.0,,,,,,,,77,Valid and occupied,Visit,Unvisited address with complete description; schedule initial field visit
AD001053,AC000818,residence,kyc_origination,2026-04-01,T3,e block 3rd road close to govt school teachers colony navanagara east - 980302,8,locked_premises,162.0,1.0,2.0,5.0,0.0,0.0,0.0,0.0,78,Valid and occupied,Visit,Borrower confirmed at address on prior visit; schedule visit
AD001054,AC000819,residence,kyc_origination,2026-04-01,T3,"#375, OM SAI COMPLEX, BLK C, RD 1, SUNRISE ENCLAVE, NAVANAGARA EAST - 980304",3,address_not_traceable,115.0,0.0,1.0,0.0,0.0,0.0,2.0,0.0,76,Hard to find on the ground,Resolve the location (Problem Statement 3) before writing it off,Detailed address but agent could not locate pin (115s dwell); resolve geocode (PS3)
AD001055,AC000820,residence,kyc_origination,2026-04-01,T2,"H.NO. 186, GALI 5, NR POST OFFICE, SHIVAJI NAGAR, DEVGARH NAGAR - 970202",6,locked_premises,73.0,0.0,3.0,2.0,0.0,0.0,1.0,0.0,72,"Valid, but borrower usually absent",Change the visit time,Premises locked or met family; shift visit to evening/weekend slot
AD001056,AC000820,permanent_native,kyc_origination,2026-04-01,OUT,"Village Chikkapura, Taluk A, District West - 997217",0,,0.0,,,,,,,,51,Valid and occupied,Visit,Unvisited address with complete description; schedule initial field visit
AD001057,AC000821,residence,kyc_origination,2026-04-01,T1,"#58, 8th Cross, 8th Mn, ಗಣಪತಿ ದೇವಸ್ಥಾನ ಹತ್ತಿರ, Gandhi Nagr, Kaveripura - 960102",2,met_family,263.0,0.0,2.0,0.0,0.0,0.0,0.0,0.0,79,"Valid, but borrower usually absent",Change the visit time,Premises locked or met family; shift visit to evening/weekend slot
AD001058,AC000821,office,kyc_origination,2026-04-01,T1,"#57, 1st Cross, 8th Mn, Nehru Colny, Kaveripura - 960102",0,,0.0,,,,,,,,56,Valid and occupied,Visit,Unvisited address with complete description; schedule initial field visit
AD001059,AC000822,residence,kyc_origination,2026-04-01,T2,"House 102, nr. Govt School, Indira Colony, Devgarh Nagar - 970201",0,,0.0,,,,,,,,65,Valid and occupied,Visit,Unvisited address with complete description; schedule initial field visit
AD001060,AC000823,residence,kyc_origination,2026-04-01,T2,"H.No. 477, close to Communitty Hall, Patel Nagar, Devgarh Ngr - 970202",1,met_borrower,832.0,1.0,0.0,0.0,0.0,0.0,0.0,0.0,70,Valid and occupied,Visit,Borrower confirmed at address on prior visit; schedule visit
AD001061,AC000823,permanent_native,kyc_origination,2026-04-01,OUT,"Village Kodihalli, Taluk A, District West - 997079",0,,0.0,,,,,,,,50,Valid and occupied,Visit,Unvisited address with complete description; schedule initial field visit
AD001062,AC000824,residence,kyc_origination,2026-04-01,T3,"Green View Apts, D Blk, 3rd Road, Ganesh Mandir ke pass, Lakeview Phase 2, Navanagara East - 980303",0,,0.0,,,,,,,,99,Valid and occupied,Visit,Unvisited address with complete description; schedule initial field visit
AD001063,AC000825,residence,kyc_origination,2026-04-01,T1,"NO. 239, NR. KALYANA MANTAPA, NEHRU COL, KAVERIPURA - 960102",2,locked_premises,187.0,0.0,0.0,1.0,0.0,0.0,1.0,0.0,60,"Valid, but borrower usually absent",Change the visit time,Premises locked or met family; shift visit to evening/weekend slot
AD001064,AC000826,residence,kyc_origination,2026-04-01,T3,"Hoase 1666, Blk D, Rd 5, opp. Milk Dairy, Green Park Layout, Navanagara East - 980301",9,met_family,503.0,2.0,4.0,1.0,0.0,0.0,2.0,0.0,85,Valid and occupied,Visit,Borrower confirmed at address on prior visit; schedule visit
AD001065,AC000827,residence,kyc_origination,2026-04-01,T1,"HOUSE 214, 8TH X, 3RD MAIN RD, NEAR MEDICAL STORE, KAVERIPURA - 960102",0,,0.0,,,,,,,,70,Valid and occupied,Visit,Unvisited address with complete description; schedule initial field visit
AD001066,AC000828,residence,kyc_origination,2026-04-01,T3,"#237, BLK C, RD 2, GREEN PARK LAYOUT, NAVANAGARA EAST",0,,0.0,,,,,,,,53,Valid and occupied,Visit,Unvisited address with complete description; schedule initial field visit
AD001067,AC000829,residence,kyc_origination,2026-04-01,T1,"213/1, 8TH X, 8TH MAIN, KAVERIPURA - 960102",2,locked_premises,70.0,0.0,0.0,1.0,0.0,0.0,1.0,0.0,43,"Valid, but borrower usually absent",Change the visit time,Premises locked or met family; shift visit to evening/weekend slot
AD001068,AC000830,residence,kyc_origination,2026-04-01,T3,"HOUSE 3, BLK C, RD 1, NR PETROL PUMP, ROYAL GARDENS, NAVANAGARA EAST - 980304",0,,0.0,,,,,,,,77,Valid and occupied,Visit,Unvisited address with complete description; schedule initial field visit
AD001069,AC000830,office,kyc_origination,2026-04-01,T3,"H.NO. 29, A BLOCK, 4TH ROAD, B/H GANAPATHI TEMPLE, NAVANAGARA EAST",0,,0.0,,,,,,,,66,Valid and occupied,Visit,Unvisited address with complete description; schedule initial field visit
AD001070,AC000831,residence,kyc_origination,2026-04-01,T1,9th cross 3rd main bus stop hattira shanthi ngr kaveriipura - 960101,0,,0.0,,,,,,,,68,Valid and occupied,Visit,Unvisited address with complete description; schedule initial field visit
AD001071,AC000832,residence,kyc_origination,2026-04-01,T3,h.no. 400 hmt colny navanagara east - 980301,4,locked_premises,135.0,2.0,0.0,2.0,0.0,0.0,0.0,0.0,44,Valid and occupied,Visit,Borrower confirmed at address on prior visit; schedule visit
AD001072,AC000832,permanent_native,kyc_origination,2026-04-01,OUT,"Village Kodihalli, Tehsil C, District East - 999474",0,,0.0,,,,,,,,51,Valid and occupied,Visit,Unvisited address with complete description; schedule initial field visit
AD001073,AC000833,residence,kyc_origination,2026-04-01,T3,c block 2nd rd. close to pharmacy teachers colony navanagara east - 980302,2,address_not_traceable,87.0,0.0,0.0,0.0,0.0,0.0,2.0,0.0,74,Hard to find on the ground,Resolve the location (Problem Statement 3) before writing it off,Detailed address but agent could not locate pin (87s dwell); resolve geocode (PS3)
AD001074,AC000834,residence,kyc_origination,2026-04-01,T1,no. 14 9th cross 1st main nr ganapathi temple nehru colony kaveripura - 960102,1,locked_premises,214.0,0.0,0.0,1.0,0.0,0.0,0.0,0.0,78,"Valid, but borrower usually absent",Change the visit time,Premises locked or met family; shift visit to evening/weekend slot
AD001075,AC000835,residence,kyc_origination,2026-04-01,T1,"H.No. 315, 5th Cross, 2nd Main, Anche Kacheri hattira, Vinayaka Nagar, Kaveripura - 960104",1,address_not_traceable,50.0,0.0,0.0,0.0,0.0,0.0,1.0,0.0,90,Hard to find on the ground,Resolve the location (Problem Statement 3) before writing it off,Detailed address but agent could not locate pin (50s dwell); resolve geocode (PS3)
AD001076,AC000836,residence,kyc_origination,2026-04-01,T3,"468/1, BHD MEDICAL STORE, HMT COLONY, NAVANAGARA EAST - 980301",0,,0.0,,,,,,,,62,Valid and occupied,Visit,Unvisited address with complete description; schedule initial field visit
AD001077,AC000836,permanent_native,kyc_origination,2026-04-01,OUT,"Village Rampura Kalan, Taluk A, District South - 997126",0,,0.0,,,,,,,,55,Valid and occupied,Visit,Unvisited address with complete description; schedule initial field visit
AD001078,AC000837,residence,kyc_origination,2026-04-01,T3,"House 464, D Block, 1st Road, nr Post Office, Palm Meadows, Navanagara Eat - 980301",8,neighbour_says_shifted,354.0,5.0,0.0,0.0,1.0,0.0,1.0,1.0,83,Valid and occupied,Visit,Borrower confirmed at address on prior visit; schedule visit
AD001079,AC000838,residence,kyc_origination,2026-04-01,T3,"NO. 63, BLK F, RD 4, OPPOSITE GOVERNMENT SCHHOOL, NAVANAGARA EAST - 980301",5,met_family,480.0,0.0,2.0,2.0,0.0,0.0,1.0,0.0,74,"Valid, but borrower usually absent",Change the visit time,Premises locked or met family; shift visit to evening/weekend slot
AD001080,AC000838,office,kyc_origination,2026-04-01,T3,"BLK F, RD 2, SILVR OAK LAYOUT, NAVANAGARA EAST - 980301",3,met_borrower,545.0,3.0,0.0,0.0,0.0,0.0,0.0,0.0,55,Valid and occupied,Visit,Borrower confirmed at address on prior visit; schedule visit
AD001081,AC000839,residence,kyc_origination,2026-04-01,T2,gali 5 nr pharmacy indira colony devgarh nagar - 970202,0,,0.0,,,,,,,,55,Valid and occupied,Visit,Unvisited address with complete description; schedule initial field visit
AD001082,AC000839,office,kyc_origination,2026-04-01,T2,no. 449 gali no-2 ward 8 ration ki dukaan ke paas azad mohalla devgarh nagr - 90203,0,,0.0,,,,,,,,83,Valid and occupied,Visit,Unvisited address with complete description; schedule initial field visit
AD001083,AC000840,residence,kyc_origination,2026-04-01,T1,no. 207 sai residency 3rd crs 5th main gandhi ngr kaveripura - 960102,8,neighbour_says_shifted,216.0,0.0,0.0,3.0,3.0,2.0,0.0,0.0,69,"Valid, but borrower usually absent",Change the visit time,Premises locked or met family; shift visit to evening/weekend slot
AD001084,AC000841,residence,kyc_origination,2026-04-01,T2,"86/1, Gali no-8, Sarkari School ke paas, Subhash Nagar, Devgarh Nagar - 970201",0,,0.0,,,,,,,,78,Valid and occupied,Visit,Unvisited address with complete description; schedule initial field visit
AD001085,AC000841,permanent_native,kyc_origination,2026-04-01,OUT,"Village Chikkapura, Tehsil D, District South - 995307",0,,0.0,,,,,,,,53,Valid and occupied,Visit,Unvisited address with complete description; schedule initial field visit
AD001086,AC000842,residence,kyc_origination,2026-04-01,T3,"F Block, 4th Rd, HMT Colny, Navanagara East - 980301",0,,0.0,,,,,,,,52,Valid and occupied,Visit,Unvisited address with complete description; schedule initial field visit
AD001087,AC000843,residence,kyc_origination,2026-04-01,T1,"#10, 11th Cross, 7th Main, close to Ganapathi Temple, Kaveripura - 960102",7,locked_premises,199.0,1.0,0.0,2.0,0.0,0.0,4.0,0.0,73,Valid and occupied,Visit,Borrower confirmed at address on prior visit; schedule visit
AD001088,AC000844,residence,kyc_origination,2026-04-01,T1,"#122, 5th Cross, 6th Main, nr Milk Dairy, Kuvempu Layout, Kaveripura - 960102",3,met_family,481.0,0.0,1.0,1.0,0.0,0.0,0.0,1.0,77,"Valid, but borrower usually absent",Change the visit time,Premises locked or met family; shift visit to evening/weekend slot
AD001089,AC000845,residence,kyc_origination,2026-04-01,T3,"nr Milk Dairy, Lakeveiw Phase 2, Navanagara East - 980303",0,,0.0,,,,,,,,57,Valid and occupied,Visit,Unvisited address with complete description; schedule initial field visit
AD001090,AC000845,permanent_native,kyc_origination,2026-04-01,OUT,"Village Hosahalli, Taluk A, District West - 994378",0,,0.0,,,,,,,,50,Valid and occupied,Visit,Unvisited address with complete description; schedule initial field visit
AD001091,AC000846,residence,kyc_origination,2026-04-01,T3,"#320, Blk E, Rd 4, near Petrol Bunk, Green Park Lyt, Navanagara East - 980301",2,cash_collected,652.0,1.0,0.0,0.0,0.0,0.0,0.0,1.0,77,Valid and occupied,Visit,Borrower confirmed at address on prior visit; schedule visit
AD001092,AC000847,residence,kyc_origination,2026-04-01,T3,h.no. 3226 blk d rd 3 sarkari school ke paas hmt colony navanagara east - 980301,0,,0.0,,,,,,,,80,Valid and occupied,Visit,Unvisited address with complete description; schedule initial field visit
AD001093,AC000847,permanent_native,kyc_origination,2026-04-01,OUT,"Village Kodihalli, Taluk A, District West - 997281",0,,0.0,,,,,,,,50,Valid and occupied,Visit,Unvisited address with complete description; schedule initial field visit
AD001094,AC000848,residence,kyc_origination,2026-04-01,T3,"H.No. 436, Blk E, Rd 4, nr. Overhead Tannk, Railway Colny, Navanagara East - 980304",3,locked_premises,164.0,1.0,0.0,1.0,1.0,0.0,0.0,0.0,83,Valid and occupied,Visit,Borrower confirmed at address on prior visit; schedule visit
AD001095,AC000849,residence,kyc_origination,2026-04-01,T2,"Gali 1, Ward 1, Devgarh Nagar - 970202",3,address_not_traceable,118.0,0.0,0.0,0.0,0.0,0.0,3.0,0.0,38,Hard to find on the ground,Resolve the location (Problem Statement 3) before writing it off,Detailed address but agent could not locate pin (118s dwell); resolve geocode (PS3)
AD001096,AC000850,residence,kyc_origination,2026-04-01,T1,"5th Cross, 6th Main, Masidi hattira, Vidya Ngr, Kaveripura - 960102",4,met_family,362.0,0.0,4.0,0.0,0.0,0.0,0.0,0.0,67,"Valid, but borrower usually absent",Change the visit time,Premises locked or met family; shift visit to evening/weekend slot
AD001097,AC000850,office,kyc_origination,2026-04-01,T1,"House 152, 6th X, 4th Main, close to Hanuman Temple, Siddeshwara Colony, Kaveripura - 960102",0,,0.0,,,,,,,,92,Valid and occupied,Visit,Unvisited address with complete description; schedule initial field visit
AD001098,AC000851,residence,kyc_origination,2026-04-01,T3,"Blk A, Rd 4, Navanagara East - 980302",1,address_not_traceable,32.0,0.0,0.0,0.0,0.0,0.0,1.0,0.0,37,Hard to find on the ground,Resolve the location (Problem Statement 3) before writing it off,Detailed address but agent could not locate pin (32s dwell); resolve geocode (PS3)
AD001099,AC000852,residence,kyc_origination,2026-04-01,T3,"H.NO. 230, BLK E, RD 5, NEAR BUS STAND, GREEN PARK LAYOUT, NAVANAGARA EAST - 980301",0,,0.0,,,,,,,,83,Valid and occupied,Visit,Unvisited address with complete description; schedule initial field visit
AD001100,AC000853,residence,kyc_origination,2026-04-01,T1,"164/2, ಹಾಲಿನ ಡೈರಿ ಎದುರು, Nehru Colony, Kaveripura - 960102",4,met_borrower,447.0,1.0,3.0,0.0,0.0,0.0,0.0,0.0,58,Valid and occupied,Visit,Borrower confirmed at address on prior visit; schedule visit
AD001101,AC000854,residence,kyc_origination,2026-04-01,T1,"#200, 12TH CROSS, 7TH MAIN, NR. GOVERNEMNT SCHOOL, GANDHI NAGAR, KAVERIPURA - 960102",2,address_not_traceable,108.0,0.0,0.0,0.0,0.0,0.0,2.0,0.0,84,Hard to find on the ground,Resolve the location (Problem Statement 3) before writing it off,Detailed address but agent could not locate pin (108s dwell); resolve geocode (PS3)
AD001102,AC000855,residence,kyc_origination,2026-04-01,T2,"Sai Residency, Gali No. 2, Ward 8, near Bus Stand, Azad Mohalla, Devgarh Nagar - 970203",0,,0.0,,,,,,,,87,Valid and occupied,Visit,Unvisited address with complete description; schedule initial field visit
AD001103,AC000856,residence,kyc_origination,2026-04-01,T1,"268/3, 11th Cross, 8th Main Rd, Bus Nildana hattira, Kaveripura",1,address_not_traceable,64.0,0.0,0.0,0.0,0.0,0.0,1.0,0.0,63,Hard to find on the ground,Resolve the location (Problem Statement 3) before writing it off,Detailed address but agent could not locate pin (64s dwell); resolve geocode (PS3)
AD001104,AC000856,office,kyc_origination,2026-04-01,T1,"H.No. 114, 7th Cross, 5th Mn, bhd Ganesh Temple, Kaveripura - 960103",1,address_not_traceable,101.0,0.0,0.0,0.0,0.0,0.0,1.0,0.0,68,Hard to find on the ground,Resolve the location (Problem Statement 3) before writing it off,Detailed address but agent could not locate pin (101s dwell); resolve geocode (PS3)
AD001105,AC000857,residence,kyc_origination,2026-04-01,T1,"#467, SRI KRISHNA NIVAS, 6TH CROSS, 5TH MAIN, ಆಂಜನೇಯ ದೇವಸ್ಥಾನ ಎದುರು, NEHRU COLONY, KAVERIPURA - 960102",7,met_borrower,1362.0,5.0,1.0,0.0,0.0,0.0,1.0,0.0,102,Valid and occupied,Visit,Borrower confirmed at address on prior visit; schedule visit
AD001106,AC000857,permanent_native,kyc_origination,2026-04-01,OUT,"Village Devipur, Tehsil D, District South - 999863",0,,0.0,,,,,,,,50,Valid and occupied,Visit,Unvisited address with complete description; schedule initial field visit
AD001107,AC000858,residence,kyc_origination,2026-04-01,T1,"House 254, 2nd X, 4th Main Rd, Anjaneya Swamy Temple hattira, Kaveripura - 960102",6,address_not_traceable,71.0,0.0,0.0,0.0,0.0,0.0,6.0,0.0,81,Hard to find on the ground,Resolve the location (Problem Statement 3) before writing it off,Detailed address but agent could not locate pin (71s dwell); resolve geocode (PS3)
AD001108,AC000858,office,kyc_origination,2026-04-01,T1,"No. 120, 9th Cross, 4th Main, close to Govt Schol, Anjaneya Badavane, Kaveripura - 960103",2,met_borrower,624.0,1.0,0.0,1.0,0.0,0.0,0.0,0.0,89,Valid and occupied,Visit,Borrower confirmed at address on prior visit; schedule visit
AD001109,AC000859,residence,kyc_origination,2026-04-01,T3,"Sarkari Shaale edhuru, Silver Oak Layout, Navanagara East - 980301",1,address_not_traceable,109.0,0.0,0.0,0.0,0.0,0.0,1.0,0.0,66,Hard to find on the ground,Resolve the location (Problem Statement 3) before writing it off,Detailed address but agent could not locate pin (109s dwell); resolve geocode (PS3)
AD001110,AC000860,residence,kyc_origination,2026-04-01,T1,#23 7th cross 6th main hosa badavane kaveripura - 960101,2,locked_premises,189.0,0.0,0.0,1.0,0.0,0.0,1.0,0.0,56,"Valid, but borrower usually absent",Change the visit time,Premises locked or met family; shift visit to evening/weekend slot
AD001111,AC000860,permanent_native,kyc_origination,2026-04-01,OUT,"Village Hosahalli, Tehsil D, District South - 996558",0,,0.0,,,,,,,,52,Valid and occupied,Visit,Unvisited address with complete description; schedule initial field visit
AD001112,AC000861,residence,kyc_origination,2026-04-01,T3,"#237, Blk F, Rd 2, ಗಣಪತಿ ದೇವಸ್ಥಾನ ಹತ್ತಿರ, Defence Colony, Navanagara East - 980301",0,,0.0,,,,,,,,82,Valid and occupied,Visit,Unvisited address with complete description; schedule initial field visit
AD001113,AC000861,office,kyc_origination,2026-04-01,T3,"H.No. 81, E Block, 4th Road, close to Bus Stand, Teachers Colony, Navanagara East - 980302",0,,0.0,,,,,,,,90,Valid and occupied,Visit,Unvisited address with complete description; schedule initial field visit
AD001114,AC000862,residence,kyc_origination,2026-04-01,T2,"403/1, Gali no-9, Paani ki Tanki ke pass, Krishna Puri, Devgarh Nagr - 970202",0,,0.0,,,,,,,,77,Valid and occupied,Visit,Unvisited address with complete description; schedule initial field visit
AD001115,AC000863,residence,kyc_origination,2026-04-01,T2,no. 193 gali 12 beside hanuman temple ambedkar ngr devgarh nagar - 970204,0,,0.0,,,,,,,,73,Valid and occupied,Visit,Unvisited address with complete description; schedule initial field visit
AD001116,AC000864,residence,kyc_origination,2026-04-01,T3,"No. 162, E Blk, 2nd Rd., close to Post Office, Palm Meadows, Navanagara East - 980302",4,locked_premises,158.0,0.0,2.0,2.0,0.0,0.0,0.0,0.0,85,"Valid, but borrower usually absent",Change the visit time,Premises locked or met family; shift visit to evening/weekend slot
AD001117,AC000865,residence,kyc_origination,2026-04-01,T2,"H.NO. 262, गली नं. 12, गणेश मंदिर के पास, KRISHNA PURI, DEVGARH NGAR - 970202",3,address_not_traceable,68.0,0.0,0.0,0.0,0.0,0.0,3.0,0.0,77,Hard to find on the ground,Resolve the location (Problem Statement 3) before writing it off,Detailed address but agent could not locate pin (68s dwell); resolve geocode (PS3)
AD001118,AC000866,residence,kyc_origination,2026-04-01,T3,"HOUSE 62, C BLK, 1ST ROAD, RAILWAY COLNY, NAVANAGARA EAST - 980304",0,,0.0,,,,,,,,66,Valid and occupied,Visit,Unvisited address with complete description; schedule initial field visit
AD001119,AC000866,office,kyc_origination,2026-04-01,T3,"LAKSHMI NILAYA, BLK F, RD 2, HANUMAN MANDIR KE PAAS, LAKEVIEW PHASE 2, NAVAANGARA EAST - 980303",0,,0.0,,,,,,,,95,Valid and occupied,Visit,Unvisited address with complete description; schedule initial field visit
AD001120,AC000867,residence,kyc_origination,2026-04-01,T3,31/2 b block 3rd rd. nr. hanuman temple green park layout navanagara east - 980301,0,,0.0,,,,,,,,82,Valid and occupied,Visit,Unvisited address with complete description; schedule initial field visit
AD001121,AC000868,residence,kyc_origination,2026-04-01,T3,"Blk E, Rd 5, opposite PDS Shop, Lakeview Phase 2, Navanagara East - 908303",5,met_borrower,469.0,4.0,0.0,0.0,0.0,0.0,1.0,0.0,74,Valid and occupied,Visit,Borrower confirmed at address on prior visit; schedule visit
AD001122,AC000869,residence,kyc_origination,2026-04-01,T3,"Blk D, Rd 5, opp. Community Hall, Lakeview Phase 2, Navanagara East - 980303",7,locked_premises,234.0,1.0,3.0,1.0,0.0,0.0,2.0,0.0,76,Valid and occupied,Visit,Borrower confirmed at address on prior visit; schedule visit
AD001123,AC000870,residence,kyc_origination,2026-04-01,T3,"H.NO. 380, D BLOCK, 6TH RD, SILVER OAK LAYOUT, NAVANAGARA EAST - 980301",0,,0.0,,,,,,,,71,Valid and occupied,Visit,Unvisited address with complete description; schedule initial field visit
AD001124,AC000871,residence,kyc_origination,2026-04-01,T2,"गली नं. 12, चर्च के पास, Patel Nagr, Devgarh Nagar - 970202",1,met_borrower,402.0,1.0,0.0,0.0,0.0,0.0,0.0,0.0,59,Valid and occupied,Visit,Borrower confirmed at address on prior visit; schedule visit
AD001125,AC000872,residence,kyc_origination,2026-04-01,T2,"No. 31, Gali 5, nr Bus Stop, Gandhi Basti, Devgarh Nagar - 970201",0,,0.0,,,,,,,,65,Valid and occupied,Visit,Unvisited address with complete description; schedule initial field visit
AD001126,AC000872,office,kyc_origination,2026-04-01,T2,"House 306, Gali no-9, Medical Store ke paas, Nehru Colony, Devgarh Nagar - 970203",0,,0.0,,,,,,,,81,Valid and occupied,Visit,Unvisited address with complete description; schedule initial field visit
AD001127,AC000873,residence,kyc_origination,2026-04-01,T2,"No. 151, Shivaji Nagr, Devgarh Nagr - 970202",8,met_borrower,818.0,3.0,1.0,1.0,0.0,0.0,2.0,1.0,44,Valid and occupied,Visit,Borrower confirmed at address on prior visit; schedule visit
AD001128,AC000874,residence,kyc_origination,2026-04-01,T3,h.no. 27 lakshmi nilaya a blk 1st road nr. ration shop teachers colony navanagara east - 980302,9,locked_premises,107.0,3.0,0.0,2.0,0.0,0.0,4.0,0.0,95,Valid and occupied,Visit,Borrower confirmed at address on prior visit; schedule visit
AD001129,AC000875,residence,kyc_origination,2026-04-01,T2,"House 138, Gali no-10, Sarkari School ke paas, Ambedkar Nagar, Devgarh Nagr - 970204",0,,0.0,,,,,,,,84,Valid and occupied,Visit,Unvisited address with complete description; schedule initial field visit
AD001130,AC000876,residence,kyc_origination,2026-04-01,T1,#311 4th cross 7th main nr. water tank basava ngr kaveripura - 960101,6,met_family,292.0,1.0,3.0,2.0,0.0,0.0,0.0,0.0,69,Valid and occupied,Visit,Borrower confirmed at address on prior visit; schedule visit
AD001131,AC000877,residence,kyc_origination,2026-04-01,T2,"No. 343, Gali 12, opp Kalyana Mantapa, Patel Nagar, Devgarh Nagr - 970202",2,met_family,347.0,1.0,1.0,0.0,0.0,0.0,0.0,0.0,73,Valid and occupied,Visit,Borrower confirmed at address on prior visit; schedule visit
AD001132,AC000877,office,kyc_origination,2026-04-01,T2,house 96 gali 1 ration dukan ke bagal me krishna puri devgarh nagar - 970202,0,,0.0,,,,,,,,76,Valid and occupied,Visit,Unvisited address with complete description; schedule initial field visit
AD001133,AC000878,residence,kyc_origination,2026-04-01,T2,"NR. GOVT SCHOOL, KRISHNA PURI, DEVGARH NAGAR - 970202",5,locked_premises,138.0,0.0,2.0,2.0,0.0,0.0,1.0,0.0,53,"Valid, but borrower usually absent",Change the visit time,Premises locked or met family; shift visit to evening/weekend slot
AD001134,AC000878,office,kyc_origination,2026-04-01,T2,"383/3, GALI NO-5, WARD 5, DAK GHAR KE PAAS, SHIVAJI NAGR, DEVGARH NGR",2,address_not_traceable,77.0,0.0,0.0,0.0,0.0,0.0,2.0,0.0,69,Hard to find on the ground,Resolve the location (Problem Statement 3) before writing it off,Detailed address but agent could not locate pin (77s dwell); resolve geocode (PS3)
AD001135,AC000879,residence,kyc_origination,2026-04-01,T2,"House 210, गली नं. 6, सरकारी स्कूल के पास, Ambedkar Nagr, Devgarh Nagar - 970204",7,met_borrower,682.0,3.0,2.0,1.0,0.0,0.0,0.0,1.0,80,Valid and occupied,Visit,Borrower confirmed at address on prior visit; schedule visit
AD001136,AC000880,residence,kyc_origination,2026-04-01,T2,"Sri Krishna Nivas, Gali 3, Ward 2, nr Children Park, Indira Col, Devgarh Nagar - 970202",5,locked_premises,176.0,0.0,2.0,2.0,0.0,0.0,1.0,0.0,87,"Valid, but borrower usually absent",Change the visit time,Premises locked or met family; shift visit to evening/weekend slot
AD001137,AC000880,office,kyc_origination,2026-04-01,T2,no. 134 गली नं. 5 दूध डेयरी के पास devgarh ngr - 970204,1,address_not_traceable,117.0,0.0,0.0,0.0,0.0,0.0,1.0,0.0,55,Hard to find on the ground,Resolve the location (Problem Statement 3) before writing it off,Detailed address but agent could not locate pin (117s dwell); resolve geocode (PS3)
AD001138,AC000881,residence,kyc_origination,2026-04-01,T3,429/2 blk e rd 5 nr children park orchid enclave navanagara east - 980301,2,locked_premises,141.0,0.0,0.0,2.0,0.0,0.0,0.0,0.0,73,"Valid, but borrower usually absent",Change the visit time,Premises locked or met family; shift visit to evening/weekend slot
AD001139,AC000882,residence,kyc_origination,2026-04-01,T1,"9th Cross, 8th Main, close to Park, Kaveripura - 960102",0,,0.0,,,,,,,,55,Valid and occupied,Visit,Unvisited address with complete description; schedule initial field visit
AD001140,AC000882,office,kyc_origination,2026-04-01,T1,"H.No. 77, 10th Crs, 6th Main, Milk Dairy hattira, Hosa Badavane, Kaveripura - 960101",0,,0.0,,,,,,,,84,Valid and occupied,Visit,Unvisited address with complete description; schedule initial field visit
AD001141,AC000883,residence,kyc_origination,2026-04-01,T3,"H.No. 231, F Block, 1st Rd., ಪೆಟ್ರೋಲ್ ಬಂಕ್ ಹತ್ತಿರ, Orchid Enclave, Navanagara East - 9803001",0,,0.0,,,,,,,,92,Valid and occupied,Visit,Unvisited address with complete description; schedule initial field visit
AD001142,AC000883,office,kyc_origination,2026-04-01,T3,d block 6th rd hmt colony navanagara east - 980301,0,,0.0,,,,,,,,50,Valid and occupied,Visit,Unvisited address with complete description; schedule initial field visit
AD001143,AC000884,residence,kyc_origination,2026-04-01,T3,"No. 109, Blk F, Rd 6, near PDS Shop, Palm Meadows, Navanagara East - 980302",0,,0.0,,,,,,,,75,Valid and occupied,Visit,Unvisited address with complete description; schedule initial field visit
AD001144,AC000885,residence,kyc_origination,2026-04-01,T1,"#351, 7th Crs, 4th Main, Church hattira, Hosa Badavane, Kaveripura - 960101",0,,0.0,,,,,,,,75,Valid and occupied,Visit,Unvisited address with complete description; schedule initial field visit
AD001145,AC000886,residence,kyc_origination,2026-04-01,T1,"13/3, 5th Cross, 6th Main, Anjaneya Badavane, Kaveripura - 960103",4,locked_premises,118.0,0.0,3.0,1.0,0.0,0.0,0.0,0.0,65,"Valid, but borrower usually absent",Change the visit time,Premises locked or met family; shift visit to evening/weekend slot
AD001146,AC000887,residence,kyc_origination,2026-04-01,T3,"No. 122, nr Mosque, Navanagara East",3,address_not_traceable,86.0,0.0,0.0,0.0,0.0,0.0,3.0,0.0,35,Hard to find on the ground,Resolve the location (Problem Statement 3) before writing it off,Detailed address but agent could not locate pin (86s dwell); resolve geocode (PS3)
AD001147,AC000888,residence,kyc_origination,2026-04-01,T3,"H.No. 242, Blk E, Rd 1, next to Bus Stop, Navanagara East - 980304",0,,0.0,,,,,,,,66,Valid and occupied,Visit,Unvisited address with complete description; schedule initial field visit
AD001148,AC000889,residence,kyc_origination,2026-04-01,T1,"House 91, Ashoka Layout, Kaveripura - 960104",0,,0.0,,,,,,,,44,Valid and occupied,Visit,Unvisited address with complete description; schedule initial field visit
AD001149,AC000890,residence,kyc_origination,2026-04-01,T2,"#109, Gali no-12, Ward 11, Patel Nagar, Devgarh Ngr - 970204",5,locked_premises,231.0,2.0,0.0,2.0,0.0,0.0,1.0,0.0,60,Valid and occupied,Visit,Borrower confirmed at address on prior visit; schedule visit
AD001150,AC000890,office,kyc_origination,2026-04-01,T2,"Gali No. 2, Ward 4, Bagicha ke paas, Devgarh Ngr - 970203",1,address_not_traceable,115.0,0.0,0.0,0.0,0.0,0.0,1.0,0.0,57,Hard to find on the ground,Resolve the location (Problem Statement 3) before writing it off,Detailed address but agent could not locate pin (115s dwell); resolve geocode (PS3)
AD001151,AC000891,residence,kyc_origination,2026-04-01,T1,"#202, behind Bus Stand, Gandhi Nagr, Kaveripura - 960102",6,met_family,328.0,0.0,3.0,3.0,0.0,0.0,0.0,0.0,56,"Valid, but borrower usually absent",Change the visit time,Premises locked or met family; shift visit to evening/weekend slot
AD001152,AC000892,residence,kyc_origination,2026-04-01,T2,"Gali No. 12, near Hanuman Temple, Indira Colony, Devgarh Nagar - 970202",6,locked_premises,141.0,1.0,4.0,1.0,0.0,0.0,0.0,0.0,71,Valid and occupied,Visit,Borrower confirmed at address on prior visit; schedule visit
AD001153,AC000892,office,kyc_origination,2026-04-01,T2,"Gali no-9, Hanuman Mandir ke passs, Devgarh Nagar - 970204",2,address_not_traceable,35.0,0.0,0.0,0.0,0.0,0.0,2.0,0.0,58,Hard to find on the ground,Resolve the location (Problem Statement 3) before writing it off,Detailed address but agent could not locate pin (35s dwell); resolve geocode (PS3)
AD001154,AC000893,residence,kyc_origination,2026-04-01,T1,"#467, 12th X, 8th Main, Petrol Bunk hattira, Vinayaka Ngr, Kaveripura - 960104",6,locked_premises,228.0,0.0,2.0,3.0,0.0,0.0,1.0,0.0,78,"Valid, but borrower usually absent",Change the visit time,Premises locked or met family; shift visit to evening/weekend slot
AD001155,AC000894,residence,kyc_origination,2026-04-01,T2,"378/1, Gali No. 4, opp Mosque, Gandhi Basti, Devgarh Nagar - 970203",0,,0.0,,,,,,,,67,Valid and occupied,Visit,Unvisited address with complete description; schedule initial field visit
AD001156,AC000895,residence,kyc_origination,2026-04-01,T2,"NO. 179, GALI NO-2, पार्क के पास, INIRA COLONY, DEVGARH NAGAR - 970202",4,met_family,549.0,0.0,3.0,1.0,0.0,0.0,0.0,0.0,70,"Valid, but borrower usually absent",Change the visit time,Premises locked or met family; shift visit to evening/weekend slot
AD001157,AC000895,office,kyc_origination,2026-04-01,T2,"290/1, GALI NO-6, WARD 5, SUBHASH NGR, DEVGARH NAGAR - 970201",1,locked_premises,112.0,0.0,0.0,1.0,0.0,0.0,0.0,0.0,61,"Valid, but borrower usually absent",Change the visit time,Premises locked or met family; shift visit to evening/weekend slot
AD001158,AC000896,residence,kyc_origination,2026-04-01,T2,house 123 gali no. 5 ward 8 beside government school azad mohalla devgarh nagr,1,met_family,535.0,0.0,1.0,0.0,0.0,0.0,0.0,0.0,78,"Valid, but borrower usually absent",Change the visit time,Premises locked or met family; shift visit to evening/weekend slot
AD001159,AC000896,permanent_native,kyc_origination,2026-04-01,OUT,"Village Kodihalli, Taluk A, District North - 994675",0,,0.0,,,,,,,,51,Valid and occupied,Visit,Unvisited address with complete description; schedule initial field visit
AD001160,AC000897,residence,kyc_origination,2026-04-01,T1,house 303 12th cross 6th main vinayaka nagar kaveripura - 960104,1,met_family,321.0,0.0,1.0,0.0,0.0,0.0,0.0,0.0,64,"Valid, but borrower usually absent",Change the visit time,Premises locked or met family; shift visit to evening/weekend slot
AD001161,AC000898,residence,kyc_origination,2026-04-01,T3,"HOUSE 164, BLK D, RD 4, BESIDE KALYNA MANTAPA, LAKEVIEW PHASE 2, NAVANAGARA EAST - 980303",0,,0.0,,,,,,,,89,Valid and occupied,Visit,Unvisited address with complete description; schedule initial field visit
AD001162,AC000899,residence,kyc_origination,2026-04-01,T3,"Blk F, Rd 1, Community Hall ke pass, Orchid Enclave, Navanagara East - 980301",4,address_not_traceable,66.0,1.0,0.0,0.0,0.0,0.0,3.0,0.0,77,Valid and occupied,Visit,Borrower confirmed at address on prior visit; schedule visit
AD001163,AC000900,residence,kyc_origination,2026-04-01,T2,"#406, Gali No. 7, Sarkari School ke pass, Subhash Nagar, Devgarh Nagar - 970201",0,,0.0,,,,,,,,79,Valid and occupied,Visit,Unvisited address with complete description; schedule initial field visit
AD001164,AC000901,residence,kyc_origination,2026-04-01,T3,"476/3, ಅಂಚೆ ಕಚೇರಿ ಹತ್ತಿರ, HMT Colony, Navanagara East - 980301",0,,0.0,,,,,,,,62,Valid and occupied,Visit,Unvisited address with complete description; schedule initial field visit
AD001165,AC000902,residence,kyc_origination,2026-04-01,T3,h.no. 142 blk c rd 3 surise enclave navanagara east - 980304,1,locked_premises,68.0,0.0,0.0,1.0,0.0,0.0,0.0,0.0,60,"Valid, but borrower usually absent",Change the visit time,Premises locked or met family; shift visit to evening/weekend slot
AD001166,AC000903,residence,kyc_origination,2026-04-01,T1,"97/1, 9TH CROSS, 7TH MAIN, VINAYAKA NAGAR, KAVERIPURA - 960104",0,,0.0,,,,,,,,62,Valid and occupied,Visit,Unvisited address with complete description; schedule initial field visit
AD001167,AC000904,residence,kyc_origination,2026-04-01,T1,#340 anjaneya gudi hattira kaveripura - 960102,0,,0.0,,,,,,,,46,Valid and occupied,Visit,Unvisited address with complete description; schedule initial field visit
AD001168,AC000905,residence,kyc_origination,2026-04-01,T2,no. 473 gali no-13 doodh dairy ke paas shastri ngr devgarh nagar - 970201,1,address_not_traceable,108.0,0.0,0.0,0.0,0.0,0.0,1.0,0.0,73,Hard to find on the ground,Resolve the location (Problem Statement 3) before writing it off,Detailed address but agent could not locate pin (108s dwell); resolve geocode (PS3)
AD001169,AC000905,permanent_native,kyc_origination,2026-04-01,OUT,"Village Bilagi, Taluk A, District East - 993859",0,,0.0,,,,,,,,47,Valid and occupied,Visit,Unvisited address with complete description; schedule initial field visit
AD001170,AC000906,residence,kyc_origination,2026-04-01,T3,"BLK F, RD 2, PALM MEADOWS, NAVANAGARA EAST - 980302",8,locked_premises,193.0,2.0,1.0,2.0,0.0,0.0,2.0,1.0,51,Valid and occupied,Visit,Borrower confirmed at address on prior visit; schedule visit
AD001171,AC000907,residence,kyc_origination,2026-04-01,T3,"House 97, Blk B, Rd 2, Petrol Bunk hattira, Silver Oak Layt, Navanagara East - 980301",2,met_family,563.0,0.0,1.0,0.0,0.0,0.0,1.0,0.0,85,"Valid, but borrower usually absent",Change the visit time,Premises locked or met family; shift visit to evening/weekend slot
AD001172,AC000908,residence,kyc_origination,2026-04-01,T1,"HOUSE 376, 9TH CROSS, 7TH MAIN RD, ನ್ಯಾಯಬೆಲೆ ಅಂಗಡಿ ಹಿಂದೆ, NEHRU COLNY, KAVERIPURA - 960102",0,,0.0,,,,,,,,90,Valid and occupied,Visit,Unvisited address with complete description; schedule initial field visit
AD001173,AC000908,office,kyc_origination,2026-04-01,T1,"2ND CROSS, 5TH MAIN, VIDYA NAGAR, KAVERIPURA - 960103",0,,0.0,,,,,,,,53,Valid and occupied,Visit,Unvisited address with complete description; schedule initial field visit
AD001174,AC000909,residence,kyc_origination,2026-04-01,T1,186/1 9th cross 2nd main close to ganesh temple nehru colony kaveripura - 960102,3,locked_premises,180.0,0.0,0.0,1.0,2.0,0.0,0.0,0.0,80,"Valid, but borrower usually absent",Change the visit time,Premises locked or met family; shift visit to evening/weekend slot
AD001175,AC000910,residence,kyc_origination,2026-04-01,T3,"H.NO. 142, E BLOCK, 2ND ROAD, TEACHERS COLONY, NAVANAGARA EAST - 980302",0,,0.0,,,,,,,,71,Valid and occupied,Visit,Unvisited address with complete description; schedule initial field visit
AD001176,AC000911,residence,kyc_origination,2026-04-01,T3,"Shanti Kunj, A Block, 2nd Rd, Lakeview Phase 2, Navanagara East - 980303",6,address_not_traceable,44.0,1.0,3.0,0.0,0.0,0.0,2.0,0.0,72,Valid and occupied,Visit,Borrower confirmed at address on prior visit; schedule visit
AD001177,AC000912,residence,kyc_origination,2026-04-01,T2,206/3 गली नं. 6 ward 8 azad mohalla devgarh nagar - 970203,0,,0.0,,,,,,,,58,Valid and occupied,Visit,Unvisited address with complete description; schedule initial field visit
AD001178,AC000913,residence,kyc_origination,2026-04-01,T2,"#209, Gali No. 6, Patel Nagr, Devgarh Nagar - 970202",3,address_not_traceable,112.0,2.0,0.0,0.0,0.0,0.0,1.0,0.0,52,Valid and occupied,Visit,Borrower confirmed at address on prior visit; schedule visit
AD001179,AC000913,permanent_native,kyc_origination,2026-04-01,OUT,"Village Bilagi, Tehsil C, District South - 997407",0,,0.0,,,,,,,,49,Valid and occupied,Visit,Unvisited address with complete description; schedule initial field visit
AD001180,AC000914,residence,kyc_origination,2026-04-01,T3,"No. 68, E Blk., 5th Road, Unity Nagr, Navanagara Easst - 98302",0,,0.0,,,,,,,,62,Valid and occupied,Visit,Unvisited address with complete description; schedule initial field visit
AD001181,AC000914,office,kyc_origination,2026-04-01,T3,"House 194, Blk A, Rd 1, Orchid Enclave, Navanagara East - 980301",0,,0.0,,,,,,,,64,Valid and occupied,Visit,Unvisited address with complete description; schedule initial field visit
AD001182,AC000915,residence,kyc_origination,2026-04-01,T2,344/1 gali no-2 ward 7 near hanuman temple gandhi basti devgarh nagar - 970203,1,address_not_traceable,42.0,0.0,0.0,0.0,0.0,0.0,1.0,0.0,78,Hard to find on the ground,Resolve the location (Problem Statement 3) before writing it off,Detailed address but agent could not locate pin (42s dwell); resolve geocode (PS3)
AD001183,AC000916,residence,kyc_origination,2026-04-01,T3,"H.NO. 19, E BLOCK, 5TH RD, CLOSE TO MASJAD, LAKEVIEW PHASE 2, NAVANAGARA ESAT",1,address_not_traceable,65.0,0.0,0.0,0.0,0.0,0.0,1.0,0.0,77,Hard to find on the ground,Resolve the location (Problem Statement 3) before writing it off,Detailed address but agent could not locate pin (65s dwell); resolve geocode (PS3)
AD001184,AC000917,residence,kyc_origination,2026-04-01,T3,"#354, A BLOCK, 5TH RD, NR CHURCH, TEACHERS COLNY, NAVANAGARA EAST - 980302",0,,0.0,,,,,,,,74,Valid and occupied,Visit,Unvisited address with complete description; schedule initial field visit
AD001185,AC000917,permanent_native,kyc_origination,2026-04-01,OUT,"Village Sundarpur, Taluk A, District East - 998961",0,,0.0,,,,,,,,50,Valid and occupied,Visit,Unvisited address with complete description; schedule initial field visit
AD001186,AC000918,residence,kyc_origination,2026-04-01,T1,"HOUSE 228, 9TH CROSS, 4TH MAIN, NEHRU COLONY, KAVERIPURA",8,met_borrower,423.0,5.0,1.0,1.0,0.0,0.0,1.0,0.0,56,Valid and occupied,Visit,Borrower confirmed at address on prior visit; schedule visit
AD001187,AC000919,residence,kyc_origination,2026-04-01,T1,"#135, 4th Cross, 6th Main, Church ke pass, Kuvempu Layout, Kaveripura - 960104",2,locked_premises,169.0,0.0,0.0,2.0,0.0,0.0,0.0,0.0,78,"Valid, but borrower usually absent",Change the visit time,Premises locked or met family; shift visit to evening/weekend slot
AD001188,AC000920,residence,kyc_origination,2026-04-01,T3,lakshmi nilaya lakeview phase 2 navanagara east - 980303,1,address_not_traceable,30.0,0.0,0.0,0.0,0.0,0.0,1.0,0.0,56,Hard to find on the ground,Resolve the location (Problem Statement 3) before writing it off,Detailed address but agent could not locate pin (30s dwell); resolve geocode (PS3)
AD001189,AC000921,residence,kyc_origination,2026-04-01,T2,"H.Ne. 178, Abedkar Nagar, Devgarh Nagar - 970204",0,,0.0,,,,,,,,48,Valid and occupied,Visit,Unvisited address with complete description; schedule initial field visit
AD001190,AC000921,office,kyc_origination,2026-04-01,T2,"No. 204, Gali No. 11, opp. Church, Indira Col, Devgarh Nagar - 970202",0,,0.0,,,,,,,,69,Valid and occupied,Visit,Unvisited address with complete description; schedule initial field visit
AD001191,AC000922,residence,kyc_origination,2026-04-01,T1,#4 12th x 5th main rd ಚರ್ಚ್ ಹಿಂದೆ anjaneya badavane kaveripura - 960103,1,met_borrower,317.0,1.0,0.0,0.0,0.0,0.0,0.0,0.0,71,Valid and occupied,Visit,Borrower confirmed at address on prior visit; schedule visit
AD001192,AC000922,office,kyc_origination,2026-04-01,T1,h.no. 35 10th cross 1st main ಮಸೀದಿ ಹಿಂದೆ basava nagar kaveripura - 960101,0,,0.0,,,,,,,,73,Valid and occupied,Visit,Unvisited address with complete description; schedule initial field visit
AD001193,AC000923,residence,kyc_origination,2026-04-01,T2,house 182 gali 12 nr pds shop ambedkar nagar devgarh nagr - 970204,0,,0.0,,,,,,,,66,Valid and occupied,Visit,Unvisited address with complete description; schedule initial field visit
AD001194,AC000924,residence,kyc_origination,2026-04-01,T2,"Gali no-6, Hanuman Mandir ke peeche, Krishna Puri, Devgarh Nagar - 970202",0,,0.0,,,,,,,,73,Valid and occupied,Visit,Unvisited address with complete description; schedule initial field visit
AD001195,AC000924,office,kyc_origination,2026-04-01,T2,"H.No. 423, Gali No. 10, डाकघर के पास, Krishna Puri, Devgarh Nagar - 970202",0,,0.0,,,,,,,,74,Valid and occupied,Visit,Unvisited address with complete description; schedule initial field visit
AD001196,AC000925,residence,kyc_origination,2026-04-01,T1,"No. 225, 9th Cross, 2nd Main Rd, nr Community Halll, Kaveripura - 960102",0,,0.0,,,,,,,,72,Valid and occupied,Visit,Unvisited address with complete description; schedule initial field visit
AD001197,AC000926,residence,kyc_origination,2026-04-01,T3,a block 4th road ration ki dukaan ke paas teachers colony navanagara east - 980302,8,met_family,65.0,1.0,1.0,1.0,0.0,0.0,5.0,0.0,82,Valid and occupied,Visit,Borrower confirmed at address on prior visit; schedule visit
AD001198,AC000927,residence,kyc_origination,2026-04-01,T1,"10th Cross, 4th Main, next to PDS Shop, Kaveripura - 960102",2,address_not_traceable,108.0,1.0,0.0,0.0,0.0,0.0,1.0,0.0,59,Valid and occupied,Visit,Borrower confirmed at address on prior visit; schedule visit
AD001199,AC000928,residence,kyc_origination,2026-04-01,T1,"House 53, 4th Crs, 5th Main, nr Medical Store, Kuvempu Lyt, Kaveripura - 960102",0,,0.0,,,,,,,,79,Valid and occupied,Visit,Unvisited address with complete description; schedule initial field visit
AD001200,AC000929,residence,kyc_origination,2026-04-01,T1,"332/3, 2nd Cross, 4th Main, close to Bus Stand, Vinayaka Ngr, Kaveripura",4,met_borrower,310.0,2.0,0.0,2.0,0.0,0.0,0.0,0.0,72,Valid and occupied,Visit,Borrower confirmed at address on prior visit; schedule visit
AD001201,AC000929,office,kyc_origination,2026-04-01,T1,"89/1, 12th Cross, 4th Main, Gandhi Nagar, Kaveripura - 960102",1,met_borrower,485.0,1.0,0.0,0.0,0.0,0.0,0.0,0.0,61,Valid and occupied,Visit,Borrower confirmed at address on prior visit; schedule visit
AD001202,AC000930,residence,kyc_origination,2026-04-01,T2,"190/1, NR. HANUMAN TEMPLE, SUBHASH NAGAR, DEVGARH NAGAR - 970201",0,,0.0,,,,,,,,64,Valid and occupied,Visit,Unvisited address with complete description; schedule initial field visit
AD001203,AC000931,residence,kyc_origination,2026-04-01,T3,"House 463, Blk B, Rd 5, Orchid Enclaev, Navanagara Eat - 980301",0,,0.0,,,,,,,,63,Valid and occupied,Visit,Unvisited address with complete description; schedule initial field visit
AD001204,AC000932,residence,kyc_origination,2026-04-01,T2,"353/3, JAMA MASJID KE BAGAL ME, PATEL NAGAR, DEVGARH NAGAR - 970202",0,,0.0,,,,,,,,67,Valid and occupied,Visit,Unvisited address with complete description; schedule initial field visit
AD001205,AC000932,permanent_native,kyc_origination,2026-04-01,OUT,"Village Kodihalli, Tehsil C, District West - 994618",0,,0.0,,,,,,,,51,Valid and occupied,Visit,Unvisited address with complete description; schedule initial field visit
AD001206,AC000933,residence,kyc_origination,2026-04-01,T3,"H.No. 63, F Blk., 4th Road, close to Govt School, Silver Oak Layout, Navanagara East - 980301",0,,0.0,,,,,,,,93,Valid and occupied,Visit,Unvisited address with complete description; schedule initial field visit
AD001207,AC000934,residence,kyc_origination,2026-04-01,T1,5th cross 4th main close to masjid vidya nagr kaveripura - 960103,5,neighbour_says_shifted,138.0,0.0,0.0,1.0,4.0,0.0,0.0,0.0,65,"Valid, but borrower usually absent",Change the visit time,Premises locked or met family; shift visit to evening/weekend slot
AD001208,AC000934,office,kyc_origination,2026-04-01,T1,"No. 452, ಮೆಡಿಕಲ್ ಶಾಪ್ ಹತ್ತಿರ, Siddeshwara Colony, Kaveripura - 960104",2,locked_premises,114.0,0.0,0.0,1.0,0.0,0.0,1.0,0.0,69,"Valid, but borrower usually absent",Change the visit time,Premises locked or met family; shift visit to evening/weekend slot
AD001209,AC000935,residence,kyc_origination,2026-04-01,T2,"473/3, GALI 8, NEAR GOVT SCHOOL, AMBEDKAR NAGAR, DEVGARH NAGAR",0,,0.0,,,,,,,,62,Valid and occupied,Visit,Unvisited address with complete description; schedule initial field visit
AD001210,AC000936,residence,kyc_origination,2026-04-01,T2,"111/3, Gali no-9, close to Petrol Bunk, Azad Mohalla, Devgarh Nagar - 970203",0,,0.0,,,,,,,,76,Valid and occupied,Visit,Unvisited address with complete description; schedule initial field visit
AD001211,AC000936,office,kyc_origination,2026-04-01,T2,"House 299, Gali No. 12, near Masjid, Indira Colony, Devgarh Nagr - 970202",0,,0.0,,,,,,,,73,Valid and occupied,Visit,Unvisited address with complete description; schedule initial field visit
AD001212,AC000937,residence,kyc_origination,2026-04-01,T3,"H.No. 250, close to Milk Dairy, Navanagara East - 980304",7,neighbour_says_shifted,287.0,2.0,0.0,2.0,2.0,0.0,1.0,0.0,56,Valid and occupied,Visit,Borrower confirmed at address on prior visit; schedule visit
AD001213,AC000937,office,kyc_origination,2026-04-01,T3,"463/3, Om Sai Complex, Blk C, Rd 5, Royal Gardens, Navanagara East - 980304",0,,0.0,,,,,,,,75,Valid and occupied,Visit,Unvisited address with complete description; schedule initial field visit
AD001214,AC000938,residence,kyc_origination,2026-04-01,T2,"गली नं. 5, राशन की दुकान के पास, Krishna Puri, Devgarh Nagr - 970202",1,locked_premises,93.0,0.0,0.0,1.0,0.0,0.0,0.0,0.0,68,"Valid, but borrower usually absent",Change the visit time,Premises locked or met family; shift visit to evening/weekend slot
AD001215,AC000938,office,kyc_origination,2026-04-01,T2,h.no. 363 ram nagr devgarh nagar - 970203,0,,0.0,,,,,,,,41,Valid and occupied,Visit,Unvisited address with complete description; schedule initial field visit
AD001216,AC000939,residence,kyc_origination,2026-04-01,T3,"470/3, E Block, 2nd Road, nr Government School, Teachers Colony, Navanagara East - 980302",1,locked_premises,133.0,0.0,0.0,1.0,0.0,0.0,0.0,0.0,89,"Valid, but borrower usually absent",Change the visit time,Premises locked or met family; shift visit to evening/weekend slot
AD001217,AC000939,office,kyc_origination,2026-04-01,T3,"Blk C, Rd 3, opp. Pharmacy, Teachers Colny, Navanagara East - 980302",0,,0.0,,,,,,,,68,Valid and occupied,Visit,Unvisited address with complete description; schedule initial field visit
AD001218,AC000940,residence,kyc_origination,2026-04-01,T1,"#196, 3RD X, 8TH MN, ASHOKA LAYOUT, KAVERIPURA - 960104",0,,0.0,,,,,,,,55,Valid and occupied,Visit,Unvisited address with complete description; schedule initial field visit
AD001219,AC000941,residence,kyc_origination,2026-04-01,T3,b block 5th road nr. mosque unity nagar navanagara east - 980301,8,address_not_traceable,65.0,0.0,1.0,0.0,0.0,0.0,7.0,0.0,64,Hard to find on the ground,Resolve the location (Problem Statement 3) before writing it off,Detailed address but agent could not locate pin (65s dwell); resolve geocode (PS3)
AD001220,AC000942,residence,kyc_origination,2026-04-01,T3,no. 411 blk f rd 5 railway colony navanagara east - 980304,6,met_family,482.0,1.0,2.0,1.0,0.0,0.0,2.0,0.0,58,Valid and occupied,Visit,Borrower confirmed at address on prior visit; schedule visit
AD001221,AC000942,permanent_native,kyc_origination,2026-04-01,OUT,"Village Rampura Kalan, Taluk B, District South - 991143",0,,0.0,,,,,,,,55,Valid and occupied,Visit,Unvisited address with complete description; schedule initial field visit
AD001222,AC000943,residence,kyc_origination,2026-04-01,T3,"#251, Lakeview Phase 2, Navanagara East - 980303",0,,0.0,,,,,,,,48,Valid and occupied,Visit,Unvisited address with complete description; schedule initial field visit
AD001223,AC000944,residence,kyc_origination,2026-04-01,T1,"NO. 383, 7TH CRS, 4TH MN, GANDHI NAGAR, KAVERIPURA - 960102",2,met_borrower,1070.0,1.0,1.0,0.0,0.0,0.0,0.0,0.0,59,Valid and occupied,Visit,Borrower confirmed at address on prior visit; schedule visit
AD001224,AC000945,residence,kyc_origination,2026-04-01,T1,"H.NO. 284, 3RD CROSS, 8TH MAIN, NEHRU COLONY, KAVERIPURA - 960102",9,address_not_traceable,39.0,0.0,0.0,0.0,0.0,0.0,9.0,0.0,65,Hard to find on the ground,Resolve the location (Problem Statement 3) before writing it off,Detailed address but agent could not locate pin (39s dwell); resolve geocode (PS3)
AD001225,AC000946,residence,kyc_origination,2026-04-01,T2,"#150, Gali No. 6, behind Ganapathi Temple, Shivaji Ngr, Devgarh Nagar - 970202",0,,0.0,,,,,,,,78,Valid and occupied,Visit,Unvisited address with complete description; schedule initial field visit
AD001226,AC000947,residence,kyc_origination,2026-04-01,T2,"GALI NO. 1, WARD 6, DEVGARH NAGAR - 970203",0,,0.0,,,,,,,,42,Valid and occupied,Visit,Unvisited address with complete description; schedule initial field visit
AD001227,AC000948,residence,kyc_origination,2026-04-01,T3,"H.No. 147, Blk E, Rd 6, Palm Meadows, Navanagara East - 980302",0,,0.0,,,,,,,,62,Valid and occupied,Visit,Unvisited address with complete description; schedule initial field visit
AD001228,AC000949,residence,kyc_origination,2026-04-01,T1,"#290, 3RD CROSS, 6TH MAIN RD, BASAVA NAGAR, KAVERIPURA",0,,0.0,,,,,,,,54,Valid and occupied,Visit,Unvisited address with complete description; schedule initial field visit
AD001229,AC000949,permanent_native,kyc_origination,2026-04-01,OUT,"Village Kodihalli, Taluk A, District North - 996377",0,,0.0,,,,,,,,51,Valid and occupied,Visit,Unvisited address with complete description; schedule initial field visit
AD001230,AC000950,residence,kyc_origination,2026-04-01,T2,"H.NO. 35, GALI NO-10, WARD 7, मेडिकल स्टोर के पास, GANDHI BASTI, DEVGARH NGR - 970203",0,,0.0,,,,,,,,85,Valid and occupied,Visit,Unvisited address with complete description; schedule initial field visit
AD001231,AC000951,residence,kyc_origination,2026-04-01,T1,"H.No. 404, 9th Cross, 6th Main, Nehru Colony, Kaveripura - 960102",3,neighbour_says_shifted,215.0,0.0,0.0,0.0,2.0,0.0,1.0,0.0,65,Borrower has moved,Trace the new address,Neighbours or occupants confirmed borrower relocated; trace new address
AD001232,AC000952,residence,kyc_origination,2026-04-01,T2,"HOUSE 321, SHIVAJI NAGAR, DEVGARH NAGR - 970202",7,cash_collected,878.0,3.0,1.0,1.0,0.0,0.0,0.0,2.0,47,Valid and occupied,Visit,Borrower confirmed at address on prior visit; schedule visit
AD001233,AC000953,residence,kyc_origination,2026-04-01,T1,"428/2, Masidi hattira, Nehru Colny, Kaveripura - 960103",7,met_borrower,639.0,3.0,0.0,0.0,0.0,0.0,2.0,2.0,55,Valid and occupied,Visit,Borrower confirmed at address on prior visit; schedule visit
AD001234,AC000954,residence,kyc_origination,2026-04-01,T3,"#17, Blk D, Rd 1, close to Church, Navanagaar East - 980301",0,,0.0,,,,,,,,59,Valid and occupied,Visit,Unvisited address with complete description; schedule initial field visit
AD001235,AC000954,permanent_native,kyc_origination,2026-04-01,OUT,"Village Chikkapura, Tehsil D, District South - 993495",0,,0.0,,,,,,,,53,Valid and occupied,Visit,Unvisited address with complete description; schedule initial field visit
AD001236,AC000955,residence,kyc_origination,2026-04-01,T1,no. 377 ಹಾಲಿನ ಡೈರಿ ಎದುರು nehru col kaveripura - 960102,8,met_family,199.0,2.0,1.0,3.0,0.0,0.0,2.0,0.0,54,Valid and occupied,Visit,Borrower confirmed at address on prior visit; schedule visit
AD001237,AC000956,residence,kyc_origination,2026-04-01,T2,"Gali 11, Dak Ghar ke paas, Nehru Col, Devgarh Nagar - 970203",2,cash_collected,1379.0,0.0,1.0,0.0,0.0,0.0,0.0,1.0,60,Valid and occupied,Visit,Borrower confirmed at address on prior visit; schedule visit
AD001238,AC000956,office,kyc_origination,2026-04-01,T2,"H.No. 24, Gail no-7, Church ke pass, Patel Nagar, Devgarh Ngr - 970202",0,,0.0,,,,,,,,70,Valid and occupied,Visit,Unvisited address with complete description; schedule initial field visit
AD001239,AC000957,residence,kyc_origination,2026-04-01,T1,no. 90 7th cross 7th main near church basava nagr kaveripura - 960101,4,met_borrower,1244.0,1.0,0.0,1.0,0.0,0.0,1.0,1.0,69,Valid and occupied,Visit,Borrower confirmed at address on prior visit; schedule visit
AD001240,AC000958,residence,kyc_origination,2026-04-01,T1,h.no. 298 5th cross 6th main kuvempu layt kaveripura - 960102,8,neighbour_says_shifted,398.0,0.0,0.0,1.0,4.0,2.0,1.0,0.0,61,"Valid, but borrower usually absent",Change the visit time,Premises locked or met family; shift visit to evening/weekend slot
AD001241,AC000958,permanent_native,kyc_origination,2026-04-01,OUT,"Village Chikkapura, Tehsil D, District West - 995686",0,,0.0,,,,,,,,52,Valid and occupied,Visit,Unvisited address with complete description; schedule initial field visit
AD001242,AC000959,residence,kyc_origination,2026-04-01,T2,"No. 257, Gali no-9, nr Hanuman Temple, Patel Nagar, Devgarh Nagar - 970202",8,neighbour_says_shifted,134.0,0.0,0.0,2.0,3.0,2.0,1.0,0.0,74,"Valid, but borrower usually absent",Change the visit time,Premises locked or met family; shift visit to evening/weekend slot
AD001243,AC000960,residence,kyc_origination,2026-04-01,T1,"4TH CRS, 6TH MAIN, ANJANEYA SWAMY TEMPLE HATTIRA, NEHRU COLONY, KAVERIPURA - 960102",0,,0.0,,,,,,,,83,Valid and occupied,Visit,Unvisited address with complete description; schedule initial field visit
AD001244,AC000960,permanent_native,kyc_origination,2026-04-01,OUT,"Village Hosahalli, Tehsil C, District East - 994844",0,,0.0,,,,,,,,51,Valid and occupied,Visit,Unvisited address with complete description; schedule initial field visit
AD001245,AC000961,residence,kyc_origination,2026-04-01,T2,gali 7 ward 11 next to church patel ngr devgarh ngr - 970202,1,locked_premises,135.0,0.0,0.0,1.0,0.0,0.0,0.0,0.0,60,"Valid, but borrower usually absent",Change the visit time,Premises locked or met family; shift visit to evening/weekend slot
AD001246,AC000962,residence,kyc_origination,2026-04-01,T1,"No. 471, Nehru Col, Kaveripura - 960102",2,address_not_traceable,98.0,0.0,0.0,0.0,0.0,0.0,2.0,0.0,39,Hard to find on the ground,Resolve the location (Problem Statement 3) before writing it off,Detailed address but agent could not locate pin (98s dwell); resolve geocode (PS3)
AD001247,AC000963,residence,kyc_origination,2026-04-01,T3,"H.No. 279, Blk E, Rd 3, nr Post Office, HMT Colony, Navanagara East - 980301",2,address_not_traceable,136.0,0.0,1.0,0.0,0.0,0.0,1.0,0.0,76,Hard to find on the ground,Resolve the location (Problem Statement 3) before writing it off,Detailed address but agent could not locate pin (136s dwell); resolve geocode (PS3)
AD001248,AC000964,residence,kyc_origination,2026-04-01,T3,"H.NO. 219, C BLOCK, 6TH ROAD, ಮೆಡಿಕಲ್ ಶಾಪ್ ಹತ್ತಿರ, TEACHERS COLNY, NAVANAGARA EAST - 980302",1,met_borrower,1382.0,1.0,0.0,0.0,0.0,0.0,0.0,0.0,91,Valid and occupied,Visit,Borrower confirmed at address on prior visit; schedule visit
AD001249,AC000965,residence,kyc_origination,2026-04-01,T3,"HOUSE 237, BLK A, RD 1, NEAR GOVT SCHOOL, TEACHERS COLNY, NAVANAGARA EAST - 980302",0,,0.0,,,,,,,,82,Valid and occupied,Visit,Unvisited address with complete description; schedule initial field visit
AD001250,AC000966,residence,kyc_origination,2026-04-01,T1,"Lakshmi Nilaya, 9th Cross, 7th Main, nr. PDS Shop, Nehru Colony, Kaveripura - 960102",0,,0.0,,,,,,,,84,Valid and occupied,Visit,Unvisited address with complete description; schedule initial field visit
AD001251,AC000966,office,kyc_origination,2026-04-01,T1,"#470, Gannapathi Gudi hattira, Ashoka Layout, Kaveripura - 960104",0,,0.0,,,,,,,,65,Valid and occupied,Visit,Unvisited address with complete description; schedule initial field visit
AD001252,AC000967,residence,kyc_origination,2026-04-01,T2,"Gali no-4, Dawai ki Dukaan ke paas, Shivaji Nagr, Devgarh Nagar - 970201",1,address_not_traceable,52.0,0.0,0.0,0.0,0.0,0.0,1.0,0.0,72,Hard to find on the ground,Resolve the location (Problem Statement 3) before writing it off,Detailed address but agent could not locate pin (52s dwell); resolve geocode (PS3)
AD001253,AC000968,residence,kyc_origination,2026-04-01,T1,"NO. 191, 4TH CR, 6TH MAIN RD, NR. CHURCH, BASAVA NAGAR, KAVERIPURA",0,,0.0,,,,,,,,66,Valid and occupied,Visit,Unvisited address with complete description; schedule initial field visit
AD001254,AC000969,residence,kyc_origination,2026-04-01,T2,"474/1, Gali no-4, nr. Bus Stop, Nehru Colony, Devgarh Nagar - 970203",7,met_borrower,783.0,1.0,3.0,2.0,0.0,0.0,1.0,0.0,68,Valid and occupied,Visit,Borrower confirmed at address on prior visit; schedule visit
AD001255,AC000970,residence,kyc_origination,2026-04-01,T3,house 63 blk e rd 5 lakeview phase 2 navanagara east - 980303,0,,0.0,,,,,,,,61,Valid and occupied,Visit,Unvisited address with complete description; schedule initial field visit
AD001256,AC000971,residence,kyc_origination,2026-04-01,T1,"close to Bus Stand, Nehru Col, Kaveripura - 960102",9,neighbour_says_shifted,355.0,0.0,1.0,3.0,2.0,1.0,2.0,0.0,50,"Valid, but borrower usually absent",Change the visit time,Premises locked or met family; shift visit to evening/weekend slot
AD001257,AC000972,residence,kyc_origination,2026-04-01,T1,12th cross 3rd main vidya nagar kaveripura - 960103,3,met_family,526.0,0.0,2.0,0.0,0.0,0.0,1.0,0.0,51,"Valid, but borrower usually absent",Change the visit time,Premises locked or met family; shift visit to evening/weekend slot
AD001258,AC000972,office,kyc_origination,2026-04-01,T1,h.no. 128 1st cross 1st mn anjaneya badavane kaveripura - 960103,2,met_borrower,368.0,1.0,0.0,0.0,0.0,0.0,1.0,0.0,64,Valid and occupied,Visit,Borrower confirmed at address on prior visit; schedule visit
AD001259,AC000973,residence,kyc_origination,2026-04-01,T3,"#241, nr. Post Office, Silver Oak Layout, Navanagara East - 980304",0,,0.0,,,,,,,,66,Valid and occupied,Visit,Unvisited address with complete description; schedule initial field visit
AD001260,AC000974,residence,kyc_origination,2026-04-01,T2,house 427 हनुमान मंदिर के पास krishna puri devgarh nagr,1,address_not_traceable,83.0,0.0,0.0,0.0,0.0,0.0,1.0,0.0,55,Hard to find on the ground,Resolve the location (Problem Statement 3) before writing it off,Detailed address but agent could not locate pin (83s dwell); resolve geocode (PS3)
AD001261,AC000975,residence,kyc_origination,2026-04-01,T1,"H.NO. 363, 5TH X, 1ST MAIN, ಚರ್ಚ್ ಹಿಂದೆ, GANDHI NAGAR, KAVERIPURA - 960102",0,,0.0,,,,,,,,74,Valid and occupied,Visit,Unvisited address with complete description; schedule initial field visit
AD001262,AC000976,residence,kyc_origination,2026-04-01,T3,h.no. 459 d block 1st road near ganesh temple hmt colony navanagara east - 980301,3,locked_premises,178.0,0.0,1.0,1.0,0.0,0.0,1.0,0.0,81,"Valid, but borrower usually absent",Change the visit time,Premises locked or met family; shift visit to evening/weekend slot
AD001263,AC000977,residence,kyc_origination,2026-04-01,T1,"#370, LAKSHMI NILAYA, 12TH CROSS, 2ND MAIN, NEERINA TANK HATTIRA, SHANTHI NAGAR, KAVERIPURA - 960101",2,address_not_traceable,45.0,0.0,0.0,0.0,0.0,0.0,2.0,0.0,100,Hard to find on the ground,Resolve the location (Problem Statement 3) before writing it off,Detailed address but agent could not locate pin (45s dwell); resolve geocode (PS3)
AD001264,AC000978,residence,kyc_origination,2026-04-01,T3,h.no. 378 blk e rd 6 close to park defence colny navanagara east - 980301,0,,0.0,,,,,,,,73,Valid and occupied,Visit,Unvisited address with complete description; schedule initial field visit
AD001265,AC000978,office,kyc_origination,2026-04-01,T3,"D Block, 6th Road, Defence Colony, Navanagara East - 980301",0,,0.0,,,,,,,,59,Valid and occupied,Visit,Unvisited address with complete description; schedule initial field visit
AD001266,AC000979,residence,kyc_origination,2026-04-01,T1,"No. 53, 1st Cr, 2nd Main, nr Mosque, Nehru Colny, Kaveripura - 960102",0,,0.0,,,,,,,,69,Valid and occupied,Visit,Unvisited address with complete description; schedule initial field visit
AD001267,AC000979,office,kyc_origination,2026-04-01,T1,11h crs 4th main near overhead tank shanthi nagar kaveripura - 960101,2,met_borrower,1295.0,1.0,0.0,0.0,0.0,0.0,1.0,0.0,69,Valid and occupied,Visit,Borrower confirmed at address on prior visit; schedule visit
AD001268,AC000980,residence,kyc_origination,2026-04-01,T3,no. 148 blk c rd 6 hmt colony navanagara east - 980301,5,met_family,420.0,2.0,1.0,1.0,0.0,0.0,0.0,1.0,54,Valid and occupied,Visit,Borrower confirmed at address on prior visit; schedule visit
AD001269,AC000981,residence,kyc_origination,2026-04-01,T3,"HOUE 218, SILVER OAK LAYOUT, NAVANAGARA EAST - 980301",1,met_family,353.0,0.0,1.0,0.0,0.0,0.0,0.0,0.0,53,"Valid, but borrower usually absent",Change the visit time,Premises locked or met family; shift visit to evening/weekend slot
AD001270,AC000982,residence,kyc_origination,2026-04-01,T1,"7th Cross, 1st Main, Hosa Badavane, Kaveripura - 960101",0,,0.0,,,,,,,,55,Valid and occupied,Visit,Unvisited address with complete description; schedule initial field visit
AD001271,AC000982,office,kyc_origination,2026-04-01,T1,"No. 196, 12th Cross, 4th Main, Ganapathi Gudi hattira, Nehru Colony, Kaveripura",1,locked_premises,60.0,0.0,0.0,1.0,0.0,0.0,0.0,0.0,79,"Valid, but borrower usually absent",Change the visit time,Premises locked or met family; shift visit to evening/weekend slot
AD001272,AC000983,residence,kyc_origination,2026-04-01,T3,"House 437, A Block, 4th Rd., Haalina Dairy hattiraa, Palm Meadows, Navanagara East - 980302",8,met_borrower,336.0,5.0,1.0,0.0,0.0,0.0,2.0,0.0,91,Valid and occupied,Visit,Borrower confirmed at address on prior visit; schedule visit
AD001273,AC000984,residence,kyc_origination,2026-04-01,T1,"279/3, 4TH CROSS, 1ST MAN, CLOSE TO MOSQUE, NEHRU COLONY, KAVERIPURA - 960102",5,neighbour_says_shifted,345.0,0.0,0.0,2.0,2.0,0.0,1.0,0.0,77,"Valid, but borrower usually absent",Change the visit time,Premises locked or met family; shift visit to evening/weekend slot
AD001274,AC000985,residence,kyc_origination,2026-04-01,T3,"#114, D Blk., 2nd Road, opposite Government School, Teachers Col, Navanagara East - 980302",1,met_borrower,729.0,1.0,0.0,0.0,0.0,0.0,0.0,0.0,90,Valid and occupied,Visit,Borrower confirmed at address on prior visit; schedule visit
AD001275,AC000986,residence,kyc_origination,2026-04-01,T3,"H.No. 44, E Block, 4th Rd, Paani ki Tanki ke paas, Silver Oak Layout, Navanagara East - 980301",0,,0.0,,,,,,,,94,Valid and occupied,Visit,Unvisited address with complete description; schedule initial field visit
AD001276,AC000987,residence,kyc_origination,2026-04-01,T1,"Siddeshwara Colony, Kaveripura - 960102",3,met_family,492.0,0.0,1.0,0.0,0.0,0.0,2.0,0.0,39,"Valid, but borrower usually absent",Change the visit time,Premises locked or met family; shift visit to evening/weekend slot
AD001277,AC000988,residence,kyc_origination,2026-04-01,T2,"Gali no-7, Paani ki Taanki ke pass, Krishna Puri, Devgarh Nagr",0,,0.0,,,,,,,,62,Valid and occupied,Visit,Unvisited address with complete description; schedule initial field visit
AD001278,AC000989,residence,kyc_origination,2026-04-01,T1,"2nd Crs, 8th Main, Anjaneya Badavane, Kaveripura - 960103",0,,0.0,,,,,,,,57,Valid and occupied,Visit,Unvisited address with complete description; schedule initial field visit
AD001279,AC000990,residence,kyc_origination,2026-04-01,T2,"#28, Gali No. 5, Sarkari School ke pass, Indira Colony, Devgarh Nagar - 970202",1,locked_premises,109.0,0.0,0.0,1.0,0.0,0.0,0.0,0.0,78,"Valid, but borrower usually absent",Change the visit time,Premises locked or met family; shift visit to evening/weekend slot
AD001280,AC000991,residence,kyc_origination,2026-04-01,T2,"Gali no-10, Ward 8, Azad Mohalla, Devgarh Ngr - 970203",1,address_not_traceable,97.0,0.0,0.0,0.0,0.0,0.0,1.0,0.0,54,Hard to find on the ground,Resolve the location (Problem Statement 3) before writing it off,Detailed address but agent could not locate pin (97s dwell); resolve geocode (PS3)
AD001281,AC000992,residence,kyc_origination,2026-04-01,T2,"H.No. 268, Gali No. 3, near Milk Booth, Patel Nagar, Devgarh Nagar - 970202",1,met_family,569.0,0.0,1.0,0.0,0.0,0.0,0.0,0.0,75,"Valid, but borrower usually absent",Change the visit time,Premises locked or met family; shift visit to evening/weekend slot
AD001282,AC000993,residence,kyc_origination,2026-04-01,T3,"#444, A Blk, 5th Road, close to Ration Shop, Teachers Colny, Navanagara East - 980302",0,,0.0,,,,,,,,85,Valid and occupied,Visit,Unvisited address with complete description; schedule initial field visit
AD001283,AC000994,residence,kyc_origination,2026-04-01,T3,f blk. 4th road nr. hanuman temlpe lakeview phase 2 navanagara east - 980304,0,,0.0,,,,,,,,76,Valid and occupied,Visit,Unvisited address with complete description; schedule initial field visit
AD001284,AC000995,residence,kyc_origination,2026-04-01,T2,"Gali No. 6, Patel Ngr, Devgarh Nagr - 970202",0,,0.0,,,,,,,,44,Valid and occupied,Visit,Unvisited address with complete description; schedule initial field visit
AD001285,AC000995,office,kyc_origination,2026-04-01,T2,"Gali No. 3, Ambedkar Ngr, Devgarh Nagr - 970204",0,,0.0,,,,,,,,47,Valid and occupied,Visit,Unvisited address with complete description; schedule initial field visit
AD001286,AC000996,residence,kyc_origination,2026-04-01,T3,#443 c blk. 3rd road unity nagar navanagara east - 980304,0,,0.0,,,,,,,,57,Valid and occupied,Visit,Unvisited address with complete description; schedule initial field visit
AD001287,AC000996,office,kyc_origination,2026-04-01,T3,h.no. 179 blk f rd 3 green park layt navanagara east - 980301,0,,0.0,,,,,,,,61,Valid and occupied,Visit,Unvisited address with complete description; schedule initial field visit
AD001288,AC000997,residence,kyc_origination,2026-04-01,T1,4th cross 4th main behind church kuvempu layt kaveripura - 960102,1,address_not_traceable,98.0,0.0,0.0,0.0,0.0,0.0,1.0,0.0,65,Hard to find on the ground,Resolve the location (Problem Statement 3) before writing it off,Detailed address but agent could not locate pin (98s dwell); resolve geocode (PS3)
AD001289,AC000998,residence,kyc_origination,2026-04-01,T3,"House 6, Annapoorna Nilaya, F Blk, 4th Road, close to Hanuman Temple, Lakeview Phase 2, Navanagara East - 98003",0,,0.0,,,,,,,,111,Valid and occupied,Visit,Unvisited address with complete description; schedule initial field visit
AD001290,AC000999,residence,kyc_origination,2026-04-01,T3,"B Block, 5th Road, Teachers Colony, Navanagara East - 980302",3,met_borrower,748.0,1.0,0.0,2.0,0.0,0.0,0.0,0.0,60,Valid and occupied,Visit,Borrower confirmed at address on prior visit; schedule visit
AD001291,AC001000,residence,kyc_origination,2026-04-01,T3,"E Block, 2nd Rd, near Govt School, Teachers Col, Navanagra East - 980302",6,locked_premises,105.0,1.0,1.0,4.0,0.0,0.0,0.0,0.0,72,Valid and occupied,Visit,Borrower confirmed at address on prior visit; schedule visit
AD001292,AC001000,permanent_native,kyc_origination,2026-04-01,OUT,"Village Hosahalli, Taluk A, District West - 998827",0,,0.0,,,,,,,,50,Valid and occupied,Visit,Unvisited address with complete description; schedule initial field visit
AD001293,AC001001,residence,kyc_origination,2026-04-01,T3,"232/2, Green View Apts, D Block, 6th Rd., HMT Colony, Navanagara East - 980301",1,met_borrower,636.0,1.0,0.0,0.0,0.0,0.0,0.0,0.0,78,Valid and occupied,Visit,Borrower confirmed at address on prior visit; schedule visit
AD001294,AC001002,residence,kyc_origination,2026-04-01,T1,"HOUSE 286, 3RD CROSS, 5TH MAIN, CLOSE TO HANUMAN TEMPLE, KAVERIPURA - 960102",3,met_borrower,1194.0,1.0,2.0,0.0,0.0,0.0,0.0,0.0,76,Valid and occupied,Visit,Borrower confirmed at address on prior visit; schedule visit
AD001295,AC001003,residence,kyc_origination,2026-04-01,T1,"Gandhi Nagar, Kaveripura - 960102",1,address_not_traceable,74.0,0.0,0.0,0.0,0.0,0.0,1.0,0.0,33,Hard to find on the ground,Resolve the location (Problem Statement 3) before writing it off,Detailed address but agent could not locate pin (74s dwell); resolve geocode (PS3)
AD001296,AC001004,residence,kyc_origination,2026-04-01,T2,gali 7 close to medicals nehru colony devgarh ngr - 970203,0,,0.0,,,,,,,,58,Valid and occupied,Visit,Unvisited address with complete description; schedule initial field visit
AD001297,AC001004,office,kyc_origination,2026-04-01,T2,"House 371, Gali No. 5, Ration ki Dukaan ke pass, Ram Nagar, Devgarh Nagar - 970203",0,,0.0,,,,,,,,82,Valid and occupied,Visit,Unvisited address with complete description; schedule initial field visit
AD001298,AC001005,residence,kyc_origination,2026-04-01,T1,"8th Cross, 6th Main Rd, beside Church, Basava Nagar, Kaveripura - 960101",1,met_family,581.0,0.0,1.0,0.0,0.0,0.0,0.0,0.0,72,"Valid, but borrower usually absent",Change the visit time,Premises locked or met family; shift visit to evening/weekend slot
AD001299,AC001005,office,kyc_origination,2026-04-01,T1,"6th X, 4th Main, Church hindhe, Hosa Badavane, Kaveripura",0,,0.0,,,,,,,,57,Valid and occupied,Visit,Unvisited address with complete description; schedule initial field visit
AD001300,AC001006,residence,kyc_origination,2026-04-01,T2,h.no. 64 gali 4 behind pharmacy patel nagar devgarh nagar - 970202,0,,0.0,,,,,,,,66,Valid and occupied,Visit,Unvisited address with complete description; schedule initial field visit
AD001301,AC001007,residence,kyc_origination,2026-04-01,T2,"H.No. 396, Gali No. 4, Dak Ghar ke peeche, Subhash Nagar, Devgarh Nagr - 970201",0,,0.0,,,,,,,,79,Valid and occupied,Visit,Unvisited address with complete description; schedule initial field visit
AD001302,AC001008,residence,kyc_origination,2026-04-01,T3,"Blk A, Rd 5, bhd Pharmacy, Green Park Layout, Navanagara East - 980301",0,,0.0,,,,,,,,70,Valid and occupied,Visit,Unvisited address with complete description; schedule initial field visit
AD001303,AC001009,residence,kyc_origination,2026-04-01,T2,"293/2, Ganga Apartments, Gali No. 7, Krishna Puri, Devgarh Nagar - 970202",0,,0.0,,,,,,,,73,Valid and occupied,Visit,Unvisited address with complete description; schedule initial field visit
AD001304,AC001010,residence,kyc_origination,2026-04-01,T1,"142/1, 2nd Cross, 5th Main, opp Ration Shop, Shanthi Nagar, Kaveripura - 960101",0,,0.0,,,,,,,,79,Valid and occupied,Visit,Unvisited address with complete description; schedule initial field visit
AD001305,AC001011,residence,kyc_origination,2026-04-01,T3,"H.No. 227, bhd Church, Silver Oak Layout, Navanagara East - 980301",0,,0.0,,,,,,,,66,Valid and occupied,Visit,Unvisited address with complete description; schedule initial field visit
AD001306,AC001012,residence,kyc_origination,2026-04-01,T1,"nr Community Hall, Nehru Colny, Kaveripura - 960102",1,locked_premises,146.0,0.0,0.0,1.0,0.0,0.0,0.0,0.0,51,"Valid, but borrower usually absent",Change the visit time,Premises locked or met family; shift visit to evening/weekend slot
AD001307,AC001012,office,kyc_origination,2026-04-01,T1,"H.No. 220, 6th Cross, 1st Main, adj. Water Tank, Gandhi Nagar, Kaveripura - 960102",2,met_borrower,1311.0,1.0,0.0,1.0,0.0,0.0,0.0,0.0,82,Valid and occupied,Visit,Borrower confirmed at address on prior visit; schedule visit
AD001308,AC001013,residence,kyc_origination,2026-04-01,T1,"7TH CROSS, 7TH MAIN, NR BUS STOP, VINAYAKA NAGAR, KAVERIPURA - 960104",0,,0.0,,,,,,,,69,Valid and occupied,Visit,Unvisited address with complete description; schedule initial field visit
AD001309,AC001013,office,kyc_origination,2026-04-01,T1,"HOUSE 15, CLOSE TO BUS STOP, HOSA BADAVANE, KAVERIPURA - 960101",0,,0.0,,,,,,,,63,Valid and occupied,Visit,Unvisited address with complete description; schedule initial field visit
AD001310,AC001014,residence,kyc_origination,2026-04-01,T2,"#375, Gali no-10, Ram Ngr, Devgarh Nagar - 970203",0,,0.0,,,,,,,,49,Valid and occupied,Visit,Unvisited address with complete description; schedule initial field visit
AD001311,AC001015,residence,kyc_origination,2026-04-01,T1,"#330, 3rd Cross, 1st Main Rd, opp Ganesh Temple, Vinayaka Ngr, Kaveripura - 960104",0,,0.0,,,,,,,,82,Valid and occupied,Visit,Unvisited address with complete description; schedule initial field visit
AD001312,AC001016,residence,kyc_origination,2026-04-01,T1,231/1 5th cross 8th main near government school vinayaka ngr kaveripura - 960104,0,,0.0,,,,,,,,80,Valid and occupied,Visit,Unvisited address with complete description; schedule initial field visit
AD001313,AC001016,permanent_native,kyc_origination,2026-04-01,OUT,"Village Bilagi, Tehsil D, District North - 994649",0,,0.0,,,,,,,,49,Valid and occupied,Visit,Unvisited address with complete description; schedule initial field visit
AD001314,AC001017,residence,kyc_origination,2026-04-01,T1,"HOUSE 258, 6TH CR, 8TH MN, VINAYAKA NGR, KAVERIPURA - 960104",9,met_family,471.0,2.0,4.0,2.0,0.0,0.0,0.0,1.0,60,Valid and occupied,Visit,Borrower confirmed at address on prior visit; schedule visit
AD001315,AC001018,residence,kyc_origination,2026-04-01,T1,"NR GANAPATHI TEMPLE, VINAYAKA NAGAR, KAVERIPURA - 960104",0,,0.0,,,,,,,,56,Valid and occupied,Visit,Unvisited address with complete description; schedule initial field visit
AD001316,AC001018,office,kyc_origination,2026-04-01,T1,"45/3, 11TH CROSS, 6TH MAIN, ಚರ್ಚ್ ಹತ್ತಿರ, BASAVA NAGR, KAVERIPUURA - 960101",0,,0.0,,,,,,,,75,Valid and occupied,Visit,Unvisited address with complete description; schedule initial field visit
AD001317,AC001019,residence,kyc_origination,2026-04-01,T1,"House 202, 4th Cross, 4th Main, Siddeshwara Colony, Kaveripura",0,,0.0,,,,,,,,62,Valid and occupied,Visit,Unvisited address with complete description; schedule initial field visit
AD001318,AC001020,residence,kyc_origination,2026-04-01,T2,"HOUSE 119, GALI NO-7, NR BUS STAND, INDIRA COL, DEVGARH NAGAR - 970202",7,no_such_person,130.0,0.0,0.0,0.0,0.0,3.0,4.0,0.0,70,Borrower has moved,Trace the new address,Neighbours or occupants confirmed borrower relocated; trace new address
AD001319,AC001021,residence,kyc_origination,2026-04-01,T3,"H.No. 118, near Children Park, Sunrise Enclave, Navanagara East - 980304",0,,0.0,,,,,,,,72,Valid and occupied,Visit,Unvisited address with complete description; schedule initial field visit
AD001320,AC001022,residence,kyc_origination,2026-04-01,T1,"NO. 229, 9TH CROSS, 4TH MAIN RD, NR. CHURCH, HOSA BADAVANE, KAVERIPURA - 960101",0,,0.0,,,,,,,,79,Valid and occupied,Visit,Unvisited address with complete description; schedule initial field visit
AD001321,AC001022,office,kyc_origination,2026-04-01,T1,"7TH CROSS, 6TH MN, NYAYABEE ANGADI HATTIRA, ANJANEYA BADAVANE, KAVERIPURA - 960103",0,,0.0,,,,,,,,82,Valid and occupied,Visit,Unvisited address with complete description; schedule initial field visit
AD001322,AC001023,residence,kyc_origination,2026-04-01,T1,"3rd X, 1st Main, Kaveripura - 960103",4,address_not_traceable,43.0,0.0,1.0,0.0,0.0,0.0,3.0,0.0,36,Hard to find on the ground,Resolve the location (Problem Statement 3) before writing it off,Detailed address but agent could not locate pin (43s dwell); resolve geocode (PS3)
AD001323,AC001024,residence,kyc_origination,2026-04-01,T1,"10TH X, 4TH MAIN, BESIDE RATION SHOP, GANDHI NOGAR, KAVERIPURA - 960102",1,locked_premises,143.0,0.0,0.0,1.0,0.0,0.0,0.0,0.0,71,"Valid, but borrower usually absent",Change the visit time,Premises locked or met family; shift visit to evening/weekend slot
AD001324,AC001025,residence,kyc_origination,2026-04-01,T1,"9TH CROSS, 2ND MAIN, NEHRU COLONY, KAVERIPURA - 960102",7,met_borrower,1045.0,2.0,3.0,2.0,0.0,0.0,0.0,0.0,54,Valid and occupied,Visit,Borrower confirmed at address on prior visit; schedule visit
AD001325,AC001026,residence,kyc_origination,2026-04-01,T2,"Gali no-4, Subhash Nagar, Devagrh Nagar - 970201",0,,0.0,,,,,,,,48,Valid and occupied,Visit,Unvisited address with complete description; schedule initial field visit
AD001326,AC001026,office,kyc_origination,2026-04-01,T2,gali no-1 ward 7 bhd park gandhi basti devgarh nagar - 970202,0,,0.0,,,,,,,,61,Valid and occupied,Visit,Unvisited address with complete description; schedule initial field visit
AD001327,AC001027,residence,kyc_origination,2026-04-01,T2,"H.NO. 441, SHANTI KUNJ, GALI 10, WARD 11, PATEL NAGAR, DEVGARH NAGAR - 970202",0,,0.0,,,,,,,,77,Valid and occupied,Visit,Unvisited address with complete description; schedule initial field visit
AD001328,AC001027,office,kyc_origination,2026-04-01,T2,"H.NO. 464, DOODH DAIRY KE PAAS, AZAD MOHALLA, DEVGARH NAGR - 970204",0,,0.0,,,,,,,,67,Valid and occupied,Visit,Unvisited address with complete description; schedule initial field visit
AD001329,AC001028,residence,kyc_origination,2026-04-01,T3,"Blk E, Rd 3, nr Masjid, Teachers Col, Navangara East - 980302",0,,0.0,,,,,,,,61,Valid and occupied,Visit,Unvisited address with complete description; schedule initial field visit
AD001330,AC001029,residence,kyc_origination,2026-04-01,T3,"Blk C, Rd 4, near Church, Green Park Layout, Navanagara East - 980301",8,neighbour_says_shifted,272.0,0.0,0.0,1.0,4.0,0.0,3.0,0.0,69,"Valid, but borrower usually absent",Change the visit time,Premises locked or met family; shift visit to evening/weekend slot
AD001331,AC001030,residence,kyc_origination,2026-04-01,T3,"#134, Blk D, Rd 5, Silver Oak Layout, Navanagara East - 980301",1,met_family,572.0,0.0,1.0,0.0,0.0,0.0,0.0,0.0,62,"Valid, but borrower usually absent",Change the visit time,Premises locked or met family; shift visit to evening/weekend slot
AD001332,AC001030,office,kyc_origination,2026-04-01,T3,"#103, D Block, 6th Rd., nr Masjid, Defence Colony, Navanagara Est - 980301",0,,0.0,,,,,,,,74,Valid and occupied,Visit,Unvisited address with complete description; schedule initial field visit
AD001333,AC001031,residence,kyc_origination,2026-04-01,T3,"close to Petrol Pump, Silver Oak Layout, Navanagara East",9,address_not_traceable,108.0,0.0,0.0,0.0,0.0,3.0,6.0,0.0,56,Hard to find on the ground,Resolve the location (Problem Statement 3) before writing it off,Detailed address but agent could not locate pin (108s dwell); resolve geocode (PS3)
AD001334,AC001031,permanent_native,kyc_origination,2026-04-01,OUT,"Village Kodihalli, Tehsil C, District East - 992153",0,,0.0,,,,,,,,51,Valid and occupied,Visit,Unvisited address with complete description; schedule initial field visit
AD001335,AC001032,residence,kyc_origination,2026-04-01,T1,3rd cross 3rd main rd neerina tank hattira shanthi ngr kaveripura - 960101,1,locked_premises,153.0,0.0,0.0,1.0,0.0,0.0,0.0,0.0,74,"Valid, but borrower usually absent",Change the visit time,Premises locked or met family; shift visit to evening/weekend slot
AD001336,AC001033,residence,kyc_origination,2026-04-01,T1,"No. 176, 11th Cr, 2nd Mn, nr Ganesh Temple, Nehru Collony, Kaveriprua - 960102",8,met_family,399.0,0.0,3.0,5.0,0.0,0.0,0.0,0.0,78,"Valid, but borrower usually absent",Change the visit time,Premises locked or met family; shift visit to evening/weekend slot
AD001337,AC001034,residence,kyc_origination,2026-04-01,T2,"मस्जिद के बगल में, PATEL NAGAR, DEVGARH NAGAR - 970202",1,neighbour_says_shifted,374.0,0.0,0.0,0.0,1.0,0.0,0.0,0.0,54,Borrower has moved,Trace the new address,Neighbours or occupants confirmed borrower relocated; trace new address
AD001338,AC001035,residence,kyc_origination,2026-04-01,T2,"House 453, Gali 8, Tanki ke piche, Nehru Colony, Devgarh Nagar - 970203",2,met_family,185.0,1.0,1.0,0.0,0.0,0.0,0.0,0.0,71,Valid and occupied,Visit,Borrower confirmed at address on prior visit; schedule visit
AD001339,AC001036,residence,kyc_origination,2026-04-01,T2,"H.NO. 86, GALI NO-7, CLOSE TO PARK, AZAD MOHALLA, DEVGARH NAGRA - 970203",5,met_family,496.0,1.0,2.0,1.0,0.0,0.0,1.0,0.0,72,Valid and occupied,Visit,Borrower confirmed at address on prior visit; schedule visit
AD001340,AC001037,residence,kyc_origination,2026-04-01,T2,#383 gali no. 6 near bus stop azad mohalla devgarh nagar - 970203,0,,0.0,,,,,,,,65,Valid and occupied,Visit,Unvisited address with complete description; schedule initial field visit
AD001341,AC001038,residence,kyc_origination,2026-04-01,T3,"431/2, Lakshmi Nilaya, Blk F, Rd 6, Defence Colny, Navanagara East - 980301",0,,0.0,,,,,,,,75,Valid and occupied,Visit,Unvisited address with complete description; schedule initial field visit
AD001342,AC001039,residence,kyc_origination,2026-04-01,T2,"House 28, Gali 3, Nehru Colny, Devgarh Nagar - 970203",0,,0.0,,,,,,,,53,Valid and occupied,Visit,Unvisited address with complete description; schedule initial field visit
AD001343,AC001040,residence,kyc_origination,2026-04-01,T3,"H.No. 339, Blk D, Rd 1, nr. Govt School, HMT Colony, Navanagara East - 980301",2,met_borrower,86.0,1.0,0.0,1.0,0.0,0.0,0.0,0.0,77,Valid and occupied,Visit,Borrower confirmed at address on prior visit; schedule visit
AD001344,AC001041,residence,kyc_origination,2026-04-01,T3,"No. 96, E Block, 5th Road, opp. Children Park, Defence Colony, Navanagara East - 980301",0,,0.0,,,,,,,,87,Valid and occupied,Visit,Unvisited address with complete description; schedule initial field visit
AD001345,AC001041,permanent_native,kyc_origination,2026-04-01,OUT,"Village Mallapura, Taluk A, District North - 997550",0,,0.0,,,,,,,,51,Valid and occupied,Visit,Unvisited address with complete description; schedule initial field visit
AD001346,AC001042,residence,kyc_origination,2026-04-01,T2,"House 161, Gali no-2, मस्जिद के पास, Shastri Nagr, Devgarh Ngr - 970201",1,met_family,248.0,0.0,1.0,0.0,0.0,0.0,0.0,0.0,71,"Valid, but borrower usually absent",Change the visit time,Premises locked or met family; shift visit to evening/weekend slot
AD001347,AC001042,permanent_native,kyc_origination,2026-04-01,OUT,"Village Rampura Kalan, Taluk A, District East - 998926",0,,0.0,,,,,,,,54,Valid and occupied,Visit,Unvisited address with complete description; schedule initial field visit
AD001348,AC001043,residence,kyc_origination,2026-04-01,T1,"#232, 1ST CR, 6TH MAIN, MILK DAIRY HATTIRA, NEHRU COL, KAVERIPURA - 960102",1,address_not_traceable,117.0,0.0,0.0,0.0,0.0,0.0,1.0,0.0,74,Hard to find on the ground,Resolve the location (Problem Statement 3) before writing it off,Detailed address but agent could not locate pin (117s dwell); resolve geocode (PS3)
AD001349,AC001044,residence,kyc_origination,2026-04-01,T1,"1st X, 4th Main Rd, Anjaneya Gudi hinde, Siddeshwara Colony, Kaveripura",0,,0.0,,,,,,,,71,Valid and occupied,Visit,Unvisited address with complete description; schedule initial field visit
AD001350,AC001045,residence,kyc_origination,2026-04-01,T2,"#346, near Medical Store, Subhash Nagr, Devgarh Ngr",0,,0.0,,,,,,,,51,Valid and occupied,Visit,Unvisited address with complete description; schedule initial field visit
AD001351,AC001045,office,kyc_origination,2026-04-01,T2,"House 309, Hanuman Mandir ke paas, Indira Colony, Devgarh Nagar - 970202",1,met_borrower,1154.0,1.0,0.0,0.0,0.0,0.0,0.0,0.0,72,Valid and occupied,Visit,Borrower confirmed at address on prior visit; schedule visit
AD001352,AC001046,residence,kyc_origination,2026-04-01,T3,"#96, C Block, 6th Road, nr Bus Stop, Lakeview Phase 2, Navanagara East",9,locked_premises,189.0,3.0,2.0,3.0,0.0,0.0,1.0,0.0,70,Valid and occupied,Visit,Borrower confirmed at address on prior visit; schedule visit
AD001353,AC001047,residence,kyc_origination,2026-04-01,T3,"D Block, 3rd Road, nr. Hanuman Temple, Lakeview Phaes 2, Navanagara East - 980032",1,address_not_traceable,59.0,0.0,0.0,0.0,0.0,0.0,1.0,0.0,81,Hard to find on the ground,Resolve the location (Problem Statement 3) before writing it off,Detailed address but agent could not locate pin (59s dwell); resolve geocode (PS3)
AD001354,AC001048,residence,kyc_origination,2026-04-01,T1,"317/3, 9th Cross, 5th Main Rd, b/h Bus Stop, Nehru Col, Kaveripura - 960101",6,locked_premises,152.0,0.0,2.0,1.0,0.0,0.0,3.0,0.0,75,"Valid, but borrower usually absent",Change the visit time,Premises locked or met family; shift visit to evening/weekend slot
AD001355,AC001049,residence,kyc_origination,2026-04-01,T1,"12TH CROSS, 4TH MAIN RD, NEXT TO GOVT SCHOOL, GANDHI NAGR, KAVERIPURA - 960102",1,met_family,257.0,0.0,1.0,0.0,0.0,0.0,0.0,0.0,78,"Valid, but borrower usually absent",Change the visit time,Premises locked or met family; shift visit to evening/weekend slot
AD001356,AC001049,office,kyc_origination,2026-04-01,T1,"2ND CROSS, 4TH MN, ANJANEYA BADAVANE, KAVERIPURA - 960102",0,,0.0,,,,,,,,57,Valid and occupied,Visit,Unvisited address with complete description; schedule initial field visit
AD001357,AC001050,residence,kyc_origination,2026-04-01,T3,"House 176, Sunrise Enclave, Navanagara East - 980302",2,met_family,496.0,0.0,2.0,0.0,0.0,0.0,0.0,0.0,52,"Valid, but borrower usually absent",Change the visit time,Premises locked or met family; shift visit to evening/weekend slot
AD001358,AC001050,permanent_native,kyc_origination,2026-04-01,OUT,"Village Chikkapura, Taluk B, District West - 992726",0,,0.0,,,,,,,,51,Valid and occupied,Visit,Unvisited address with complete description; schedule initial field visit
AD001359,AC001051,residence,kyc_origination,2026-04-01,T2,"H.No. 107, near Medicals, Ambedkar Nagar, Devgarh Nagar",0,,0.0,,,,,,,,55,Valid and occupied,Visit,Unvisited address with complete description; schedule initial field visit
AD001360,AC001052,residence,kyc_origination,2026-04-01,T3,"Blk C, Rd 3, near Ganesh Temple, Railway Colony, Navanagara East - 980304",2,met_family,573.0,0.0,1.0,1.0,0.0,0.0,0.0,0.0,73,"Valid, but borrower usually absent",Change the visit time,Premises locked or met family; shift visit to evening/weekend slot
AD001361,AC001053,residence,kyc_origination,2026-04-01,T1,"11TH CROSS, 8TH MAIN RD, CLOSE TO CHURCH, BASAVA NAGAR, KAVERIPURA - 960101",1,locked_premises,88.0,0.0,0.0,1.0,0.0,0.0,0.0,0.0,75,"Valid, but borrower usually absent",Change the visit time,Premises locked or met family; shift visit to evening/weekend slot
AD001362,AC001054,residence,kyc_origination,2026-04-01,T1,"12h Cross, 2nd Main, nr. Pharmacy, Kaveripura - 960104",2,met_borrower,532.0,1.0,0.0,0.0,0.0,0.0,1.0,0.0,54,Valid and occupied,Visit,Borrower confirmed at address on prior visit; schedule visit
AD001363,AC001055,residence,kyc_origination,2026-04-01,T1,"H.NO. 457, GREEN VIEW APTS, BUS NILDANA HATTIRA, NEHRU COLONY, KAVERIPURA - 960102",3,met_family,467.0,0.0,2.0,1.0,0.0,0.0,0.0,0.0,82,"Valid, but borrower usually absent",Change the visit time,Premises locked or met family; shift visit to evening/weekend slot
AD001364,AC001056,residence,kyc_origination,2026-04-01,T1,"H.No. 222, 4th X, 5th Main, b/h Hanuman Temple, Nehru Colony, Kaveripura - 960102",2,met_borrower,1438.0,1.0,0.0,0.0,0.0,0.0,0.0,1.0,81,Valid and occupied,Visit,Borrower confirmed at address on prior visit; schedule visit
AD001365,AC001057,residence,kyc_origination,2026-04-01,T2,"गली नं. 10, Ward 10, गणेश मंदिर के पीछे, Devgarh Nagar - 970202",0,,0.0,,,,,,,,63,Valid and occupied,Visit,Unvisited address with complete description; schedule initial field visit
AD001366,AC001058,residence,kyc_origination,2026-04-01,T1,"232/2, 9th Cross, 1st Main, ಹಾಲಿನ ಡೈರಿ ಪಕ್ಕ, Siddeshwara Colony, Kaveripura - 960102",0,,0.0,,,,,,,,84,Valid and occupied,Visit,Unvisited address with complete description; schedule initial field visit
AD001367,AC001058,office,kyc_origination,2026-04-01,T1,"136/2, 12th X, 8th Main, Anjaneya Badavane, Kaveripura - 960103",0,,0.0,,,,,,,,63,Valid and occupied,Visit,Unvisited address with complete description; schedule initial field visit
AD001368,AC001059,residence,kyc_origination,2026-04-01,T2,"Gail no-8, Azad Mohalla, Devgarh Nagr - 970203",0,,0.0,,,,,,,,46,Valid and occupied,Visit,Unvisited address with complete description; schedule initial field visit
AD001369,AC001060,residence,kyc_origination,2026-04-01,T3,house 179 blk f rd 2 paani ki tanki ke bagal me hmt col navanagara east - 980302,1,address_not_traceable,105.0,0.0,0.0,0.0,0.0,0.0,1.0,0.0,80,Hard to find on the ground,Resolve the location (Problem Statement 3) before writing it off,Detailed address but agent could not locate pin (105s dwell); resolve geocode (PS3)
AD001370,AC001061,residence,kyc_origination,2026-04-01,T1,"#94, 12th Cross, 5th Main, nr Bus Stand, Kaveripura - 960103",1,address_not_traceable,92.0,0.0,0.0,0.0,0.0,0.0,1.0,0.0,60,Hard to find on the ground,Resolve the location (Problem Statement 3) before writing it off,Detailed address but agent could not locate pin (92s dwell); resolve geocode (PS3)
AD001371,AC001062,residence,kyc_origination,2026-04-01,T3,no. 228 blk a rd 1 silver oak layout navanagara east - 980301,4,locked_premises,156.0,0.0,1.0,3.0,0.0,0.0,0.0,0.0,61,"Valid, but borrower usually absent",Change the visit time,Premises locked or met family; shift visit to evening/weekend slot
AD001372,AC001063,residence,kyc_origination,2026-04-01,T1,"451/2, 4TH CROSS, 7TH MAIN RD, NEAR HANUMAN TEMPLE, NEHRU COLONY, KAVERIPURA - 960102",6,met_family,366.0,1.0,4.0,0.0,0.0,0.0,1.0,0.0,85,Valid and occupied,Visit,Borrower confirmed at address on prior visit; schedule visit
AD001373,AC001064,residence,kyc_origination,2026-04-01,T2,"House 289, गली नं. 1, Ward 4, पार्क के पास, Ram Nagar, Devgarh Nagar - 970203",0,,0.0,,,,,,,,77,Valid and occupied,Visit,Unvisited address with complete description; schedule initial field visit
AD001374,AC001065,residence,kyc_origination,2026-04-01,T1,#218 hanumn mandir ke piche siddeshwara colony kaveripura - 960102,0,,0.0,,,,,,,,66,Valid and occupied,Visit,Unvisited address with complete description; schedule initial field visit
AD001375,AC001065,office,kyc_origination,2026-04-01,T1,no. 455 ganapathi gudi hinde vinayaka nagar kaveripura - 960104,0,,0.0,,,,,,,,63,Valid and occupied,Visit,Unvisited address with complete description; schedule initial field visit
AD001376,AC001066,residence,kyc_origination,2026-04-01,T3,"#279, Blk B, Rd 1, nr Mosque, HMT Colony, Navanagara East - 980301",1,address_not_traceable,76.0,0.0,0.0,0.0,0.0,0.0,1.0,0.0,66,Hard to find on the ground,Resolve the location (Problem Statement 3) before writing it off,Detailed address but agent could not locate pin (76s dwell); resolve geocode (PS3)
AD001377,AC001066,office,kyc_origination,2026-04-01,T3,"H.No. 237, Blk A, Rd 3, close to Government School, Teachers Colony, Navanagara East - 980302",0,,0.0,,,,,,,,93,Valid and occupied,Visit,Unvisited address with complete description; schedule initial field visit
AD001378,AC001067,residence,kyc_origination,2026-04-01,T1,"close to Ganesh Temple, Siddeshwara Colony, Kaveripura - 960102",0,,0.0,,,,,,,,63,Valid and occupied,Visit,Unvisited address with complete description; schedule initial field visit
AD001379,AC001067,permanent_native,kyc_origination,2026-04-01,OUT,"Village Bilagi, Tehsil D, District West - 992982",0,,0.0,,,,,,,,48,Valid and occupied,Visit,Unvisited address with complete description; schedule initial field visit
AD001380,AC001068,residence,kyc_origination,2026-04-01,T2,"No. 360, गली नं. 9, Ward 11, चर्च के पीछे, Patel Nagr, Devgarh Nagar - 970202",8,met_borrower,1043.0,2.0,3.0,2.0,0.0,0.0,0.0,1.0,77,Valid and occupied,Visit,Borrower confirmed at address on prior visit; schedule visit
AD001381,AC001068,office,kyc_origination,2026-04-01,T2,"No. 25, Gali No. 1, Park ke samne, Indira Colony, Devgarh Nagr - 970202",1,neighbour_says_shifted,189.0,0.0,0.0,0.0,1.0,0.0,0.0,0.0,71,Borrower has moved,Trace the new address,Neighbours or occupants confirmed borrower relocated; trace new address
AD001382,AC001069,residence,kyc_origination,2026-04-01,T3,"NO. 453, PARK KE PASS, ORCHID ENCLAVE, NAVANAGARA EAST - 980301",1,met_family,462.0,0.0,1.0,0.0,0.0,0.0,0.0,0.0,63,"Valid, but borrower usually absent",Change the visit time,Premises locked or met family; shift visit to evening/weekend slot
AD001383,AC001070,residence,kyc_origination,2026-04-01,T1,"7th Cross, 5th Min, Kaveripura - 960102",2,locked_premises,176.0,0.0,0.0,1.0,0.0,0.0,1.0,0.0,39,"Valid, but borrower usually absent",Change the visit time,Premises locked or met family; shift visit to evening/weekend slot
AD001384,AC001071,residence,kyc_origination,2026-04-01,T3,"#144, GANGA APARTMENTS, BLK B, RD 5, CHURCH KE PAAS, SILVER OAK LYT, NAVANAGARA EAST - 980301",4,locked_premises,198.0,0.0,0.0,2.0,1.0,0.0,1.0,0.0,93,"Valid, but borrower usually absent",Change the visit time,Premises locked or met family; shift visit to evening/weekend slot
AD001385,AC001071,office,kyc_origination,2026-04-01,T3,"#461, F BLOCK, 4TH ROAD, COMMUNITY HALL KE BAGAL MEIN, UNITY NAGAR, NAVANAGARA EAST - 980302",0,,0.0,,,,,,,,92,Valid and occupied,Visit,Unvisited address with complete description; schedule initial field visit
AD001386,AC001072,residence,kyc_origination,2026-04-01,T3,"NO. 446, BLK E, RD 3, CLOSE TO MASJID, ORCHID ENCLAVE, NAVANAGARA EAST - 980301",8,neighbour_says_shifted,195.0,0.0,0.0,0.0,8.0,0.0,0.0,0.0,79,Borrower has moved,Trace the new address,Neighbours or occupants confirmed borrower relocated; trace new address
AD001387,AC001073,residence,kyc_origination,2026-04-01,T1,248/1 bus nildana hatitra nehru col kaveripura - 960102,4,neighbour_says_shifted,347.0,0.0,0.0,1.0,1.0,0.0,2.0,0.0,55,"Valid, but borrower usually absent",Change the visit time,Premises locked or met family; shift visit to evening/weekend slot
AD001388,AC001073,office,kyc_origination,2026-04-01,T1,"H.No. 436, 2nd Cross, 8th Mn, Kaveripura - 960102",1,address_not_traceable,36.0,0.0,0.0,0.0,0.0,0.0,1.0,0.0,49,Hard to find on the ground,Resolve the location (Problem Statement 3) before writing it off,Detailed address but agent could not locate pin (36s dwell); resolve geocode (PS3)
AD001389,AC001074,residence,kyc_origination,2026-04-01,T1,"#328, 6th Cross, 6th Main, Anjaneya Badavane, Kaveripura - 960103",1,met_borrower,1134.0,1.0,0.0,0.0,0.0,0.0,0.0,0.0,65,Valid and occupied,Visit,Borrower confirmed at address on prior visit; schedule visit
AD001390,AC001075,residence,kyc_origination,2026-04-01,T3,"#137, D Blk, 5th Road, Orchid Enclave, Navanagara East - 980301",0,,0.0,,,,,,,,63,Valid and occupied,Visit,Unvisited address with complete description; schedule initial field visit
AD001391,AC001076,residence,kyc_origination,2026-04-01,T3,"#156, Blk E, Rd 5, opp. Govt School, Silver Oak Layt, Navanagara East",4,met_borrower,449.0,1.0,0.0,2.0,0.0,0.0,1.0,0.0,69,Valid and occupied,Visit,Borrower confirmed at address on prior visit; schedule visit
AD001392,AC001076,office,kyc_origination,2026-04-01,T3,"#104, Blk F, Rd 4, close to Ganesh Temple, Green Park Layout, Navanagara East",0,,0.0,,,,,,,,77,Valid and occupied,Visit,Unvisited address with complete description; schedule initial field visit
AD001393,AC001077,residence,kyc_origination,2026-04-01,T1,"7th X, 3rd Main, Ashoka Lyt, Kaveripura - 960104",1,locked_premises,77.0,0.0,0.0,1.0,0.0,0.0,0.0,0.0,48,"Valid, but borrower usually absent",Change the visit time,Premises locked or met family; shift visit to evening/weekend slot
AD001394,AC001078,residence,kyc_origination,2026-04-01,T3,"H.No. 138, Blk A, Rd 1, behind Milk Booth, Palm Meadows, Navanagara East - 980302",1,address_not_traceable,92.0,0.0,0.0,0.0,0.0,0.0,1.0,0.0,81,Hard to find on the ground,Resolve the location (Problem Statement 3) before writing it off,Detailed address but agent could not locate pin (92s dwell); resolve geocode (PS3)
AD001395,AC001079,residence,kyc_origination,2026-04-01,T3,"No. 102, C Blk, 1st Road, Medical Store ke paas, Teachers Colony, Navanagara East - 980302",6,locked_premises,200.0,0.0,0.0,2.0,4.0,0.0,0.0,0.0,90,"Valid, but borrower usually absent",Change the visit time,Premises locked or met family; shift visit to evening/weekend slot
AD001396,AC001079,office,kyc_origination,2026-04-01,T3,"H.No. 450, Blk D, Rd 2, Orchid Enclave, Navanagara East - 980301",1,met_borrower,448.0,1.0,0.0,0.0,0.0,0.0,0.0,0.0,64,Valid and occupied,Visit,Borrower confirmed at address on prior visit; schedule visit
AD001397,AC001080,residence,kyc_origination,2026-04-01,T2,57/3 om sai complex gali no. 11 ganesh mandir ke bagal mein patel nagar devgarh nagar - 970202,4,locked_premises,160.0,0.0,2.0,2.0,0.0,0.0,0.0,0.0,94,"Valid, but borrower usually absent",Change the visit time,Premises locked or met family; shift visit to evening/weekend slot
AD001398,AC001080,permanent_native,kyc_origination,2026-04-01,OUT,"Village Hosahalli, Taluk A, District East - 991761",0,,0.0,,,,,,,,50,Valid and occupied,Visit,Unvisited address with complete description; schedule initial field visit
AD001399,AC001081,residence,kyc_origination,2026-04-01,T3,"Blk F, Rd 5, Railway Col, Navanagara East - 980304",1,address_not_traceable,73.0,0.0,0.0,0.0,0.0,0.0,1.0,0.0,50,Hard to find on the ground,Resolve the location (Problem Statement 3) before writing it off,Detailed address but agent could not locate pin (73s dwell); resolve geocode (PS3)
AD001400,AC001081,permanent_native,kyc_origination,2026-04-01,OUT,"Village Chikkapura, Taluk A, District South - 999344",0,,0.0,,,,,,,,52,Valid and occupied,Visit,Unvisited address with complete description; schedule initial field visit
AD001401,AC001082,residence,kyc_origination,2026-04-01,T1,49/1 3rd cross 3rd main rd close to pharmacy basava nagar kaveripura - 960101,0,,0.0,,,,,,,,77,Valid and occupied,Visit,Unvisited address with complete description; schedule initial field visit
AD001402,AC001082,office,kyc_origination,2026-04-01,T1,9th cross 2nd main opp kalyana mantapa anjaneya badavane kaveripura - 960103,0,,0.0,,,,,,,,76,Valid and occupied,Visit,Unvisited address with complete description; schedule initial field visit
AD001403,AC001083,residence,kyc_origination,2026-04-01,T2,"Gali No. 5, Ration ki Dukaan ke bagal me, Indira Colony, Devgarh Naagr - 970202",0,,0.0,,,,,,,,79,Valid and occupied,Visit,Unvisited address with complete description; schedule initial field visit
AD001404,AC001083,office,kyc_origination,2026-04-01,T2,"Gali 3, nr. Post Office, Subhash Ngr, Devgarh Ngr - 970201",0,,0.0,,,,,,,,58,Valid and occupied,Visit,Unvisited address with complete description; schedule initial field visit
AD001405,AC001084,residence,kyc_origination,2026-04-01,T3,"#202, F Blk, 1st Rd, Green Park Layt, Navanagara East - 980301",0,,0.0,,,,,,,,62,Valid and occupied,Visit,Unvisited address with complete description; schedule initial field visit
AD001406,AC001084,office,kyc_origination,2026-04-01,T3,"H.No. 88, E Blk, 6th Rd., near Bus Stand, Green Park Layout, Navanagara East - 980301",0,,0.0,,,,,,,,85,Valid and occupied,Visit,Unvisited address with complete description; schedule initial field visit
AD001407,AC001085,residence,kyc_origination,2026-04-01,T3,"Blk B, Rd 6, Sunrise Enclave, Navanagara East - 980304",0,,0.0,,,,,,,,54,Valid and occupied,Visit,Unvisited address with complete description; schedule initial field visit
AD001408,AC001086,residence,kyc_origination,2026-04-01,T1,5th cross 6th main next to mosque vidya nagar kaveripura - 960103,8,neighbour_says_shifted,219.0,4.0,1.0,0.0,1.0,0.0,2.0,0.0,65,Valid and occupied,Visit,Borrower confirmed at address on prior visit; schedule visit
AD001409,AC001087,residence,kyc_origination,2026-04-01,T2,"Ganga Apartments, Gali No. 2, Subhash Nagar, Devgarh Naagr - 970201",0,,0.0,,,,,,,,67,Valid and occupied,Visit,Unvisited address with complete description; schedule initial field visit
AD001410,AC001087,office,kyc_origination,2026-04-01,T2,"#190, Green View Apts, Gali 3, Ward 3, Ambedkar Nagar, Devgarh Nagar - 970202",0,,0.0,,,,,,,,77,Valid and occupied,Visit,Unvisited address with complete description; schedule initial field visit
AD001411,AC001088,residence,kyc_origination,2026-04-01,T1,6th x 6th main bhd hanuman temple nehru colony kaveripura - 960102,0,,0.0,,,,,,,,66,Valid and occupied,Visit,Unvisited address with complete description; schedule initial field visit
AD001412,AC001089,residence,kyc_origination,2026-04-01,T1,"No. 161, 4th Cross, 4th Mn, Vinayaka Ngr, Kaveripura - 960104",0,,0.0,,,,,,,,61,Valid and occupied,Visit,Unvisited address with complete description; schedule initial field visit
AD001413,AC001089,office,kyc_origination,2026-04-01,T1,"No. 400, 2nd Cross, 3rd Main, nr Ganesh Temple, Vinayaka Nagar, Kaveripura - 960104",0,,0.0,,,,,,,,83,Valid and occupied,Visit,Unvisited address with complete description; schedule initial field visit
AD001414,AC001090,residence,kyc_origination,2026-04-01,T1,"No. 83, 12th Cross, 3rd Main, b/h Govt School, Gandhi Nagar, Kaveripura - 960102",1,locked_premises,76.0,0.0,0.0,1.0,0.0,0.0,0.0,0.0,80,"Valid, but borrower usually absent",Change the visit time,Premises locked or met family; shift visit to evening/weekend slot
AD001415,AC001090,office,kyc_origination,2026-04-01,T1,"H.No. 200, 4th Cros, 8th Main, Jama Masjid ke pass, Vidya Nagar, Kaveripura - 960103",0,,0.0,,,,,,,,84,Valid and occupied,Visit,Unvisited address with complete description; schedule initial field visit
AD001416,AC001091,residence,kyc_origination,2026-04-01,T1,"#161, 12TH CROSS, 1ST MAIN RD, CLOSE TO GANAPATHI TEMPLE, NEHRU COLONY, KAVERIPURA - 960102",4,met_borrower,974.0,2.0,2.0,0.0,0.0,0.0,0.0,0.0,91,Valid and occupied,Visit,Borrower confirmed at address on prior visit; schedule visit
AD001417,AC001092,residence,kyc_origination,2026-04-01,T2,#233 gali no-1 near children park indira colony devgarh ngr,6,met_family,404.0,1.0,2.0,2.0,0.0,0.0,1.0,0.0,59,Valid and occupied,Visit,Borrower confirmed at address on prior visit; schedule visit
AD001418,AC001092,permanent_native,kyc_origination,2026-04-01,OUT,"Village Kodihalli, Tehsil D, District South - 991193",0,,0.0,,,,,,,,52,Valid and occupied,Visit,Unvisited address with complete description; schedule initial field visit
AD001419,AC001093,residence,kyc_origination,2026-04-01,T1,"1ST CROSS, 7TH MN, KAVERIPURA - 960102",2,address_not_traceable,72.0,0.0,0.0,0.0,0.0,0.0,2.0,0.0,38,Hard to find on the ground,Resolve the location (Problem Statement 3) before writing it off,Detailed address but agent could not locate pin (72s dwell); resolve geocode (PS3)
AD001420,AC001093,office,kyc_origination,2026-04-01,T1,"H.NO. 356, 11TH CROSS, 5TH MN, GANAPATHI GUDI HATTIRA, SHANTHI NAGAR, KAVERIPURA - 960101",1,met_borrower,1447.0,1.0,0.0,0.0,0.0,0.0,0.0,0.0,89,Valid and occupied,Visit,Borrower confirmed at address on prior visit; schedule visit
AD001421,AC001094,residence,kyc_origination,2026-04-01,T3,"Blk B, Rd 5, Silver Oak Layout, Navanagara East - 980301",0,,0.0,,,,,,,,56,Valid and occupied,Visit,Unvisited address with complete description; schedule initial field visit
AD001422,AC001095,residence,kyc_origination,2026-04-01,T3,"House 113, F Block, 4th Rd., Lakeview Phase 2, Navanagara East - 980303",8,met_family,228.0,4.0,2.0,1.0,0.0,0.0,1.0,0.0,71,Valid and occupied,Visit,Borrower confirmed at address on prior visit; schedule visit
AD001423,AC001095,permanent_native,kyc_origination,2026-04-01,OUT,"Village Hosahalli, Taluk A, District East - 998020",0,,0.0,,,,,,,,50,Valid and occupied,Visit,Unvisited address with complete description; schedule initial field visit
AD001424,AC001096,residence,kyc_origination,2026-04-01,T2,"H.No. 254, Gali No. 3, Ward 8, Sarkari School ke paas, Azad Mohalla, Devgarh Nagar - 970203",2,met_borrower,576.0,1.0,0.0,1.0,0.0,0.0,0.0,0.0,91,Valid and occupied,Visit,Borrower confirmed at address on prior visit; schedule visit
AD001425,AC001096,office,kyc_origination,2026-04-01,T2,"Gali 3, Ward 1, हनुमान मंदिर के पास, Shivaji Nagar, Devgarh Nagar - 970202",1,locked_premises,143.0,0.0,0.0,1.0,0.0,0.0,0.0,0.0,74,"Valid, but borrower usually absent",Change the visit time,Premises locked or met family; shift visit to evening/weekend slot
AD001426,AC001097,residence,kyc_origination,2026-04-01,T1,house 435 9th cross 8th main kaveripura - 960104,0,,0.0,,,,,,,,48,Valid and occupied,Visit,Unvisited address with complete description; schedule initial field visit
AD001427,AC001098,residence,kyc_origination,2026-04-01,T3,"A Block, 6th Road, close to Church, Teachers Col, Navanagara East - 980302",0,,0.0,,,,,,,,74,Valid and occupied,Visit,Unvisited address with complete description; schedule initial field visit
AD001428,AC001099,residence,kyc_origination,2026-04-01,T1,"#163, 1ST CROSS, 4TH MAIN RD, POST OFFICE EDURU, VINAYAKA NAGAR, KAVEROPURA - 960104",1,address_not_traceable,79.0,0.0,0.0,0.0,0.0,0.0,1.0,0.0,84,Hard to find on the ground,Resolve the location (Problem Statement 3) before writing it off,Detailed address but agent could not locate pin (79s dwell); resolve geocode (PS3)
AD001429,AC001099,permanent_native,kyc_origination,2026-04-01,OUT,"Village Rampura Kalan, Tehsil D, District South - 993161",0,,0.0,,,,,,,,56,Valid and occupied,Visit,Unvisited address with complete description; schedule initial field visit
AD001430,AC001100,residence,kyc_origination,2026-04-01,T2,"House 449, Ganga Apartments, Gali no-12, Ward 8, Bus Adda ke paas, Azad Mohalla, Devgarh Nagar - 970203",2,locked_premises,201.0,0.0,1.0,1.0,0.0,0.0,0.0,0.0,103,"Valid, but borrower usually absent",Change the visit time,Premises locked or met family; shift visit to evening/weekend slot
AD001431,AC001101,residence,kyc_origination,2026-04-01,T1,"2ND CRS, 6TH MAIN, NR. HANUMAN TEMPLE, KUVEMPU LYT, KAVERIPURA - 960102",0,,0.0,,,,,,,,71,Valid and occupied,Visit,Unvisited address with complete description; schedule initial field visit
AD001432,AC001102,residence,kyc_origination,2026-04-01,T3,66/3 blk e rd 3 orchid enclave navanagara east - 980301,1,locked_premises,231.0,0.0,0.0,1.0,0.0,0.0,0.0,0.0,55,"Valid, but borrower usually absent",Change the visit time,Premises locked or met family; shift visit to evening/weekend slot
AD001433,AC001103,residence,kyc_origination,2026-04-01,T1,2/2 3rd crs 5th main anjaneya swamy temple hattira nehru colony kaveripura - 960102,9,met_borrower,787.0,1.0,5.0,2.0,0.0,0.0,1.0,0.0,83,Valid and occupied,Visit,Borrower confirmed at address on prior visit; schedule visit
AD001434,AC001104,residence,kyc_origination,2026-04-01,T3,"D Block, 3rd Road, Teachers Col, Navanagara East - 980302",1,met_family,481.0,0.0,1.0,0.0,0.0,0.0,0.0,0.0,57,"Valid, but borrower usually absent",Change the visit time,Premises locked or met family; shift visit to evening/weekend slot
AD001435,AC001104,office,kyc_origination,2026-04-01,T3,"No. 350, Blk C, Rd 5, opp Petrol Pump, Sunrise Enclave, Navanagara East - 980303",0,,0.0,,,,,,,,80,Valid and occupied,Visit,Unvisited address with complete description; schedule initial field visit
AD001436,AC001105,residence,kyc_origination,2026-04-01,T3,39/1 c blk. 3rd road nr mosque raiwlay colny navanagara east,8,locked_premises,62.0,0.0,3.0,4.0,0.0,0.0,1.0,0.0,60,"Valid, but borrower usually absent",Change the visit time,Premises locked or met family; shift visit to evening/weekend slot
AD001437,AC001106,residence,kyc_origination,2026-04-01,T3,"No. 173, Masjid ke samne, Silver Oak Layout, Navanagara East - 980301",4,met_family,573.0,0.0,2.0,1.0,0.0,0.0,1.0,0.0,69,"Valid, but borrower usually absent",Change the visit time,Premises locked or met family; shift visit to evening/weekend slot
AD001438,AC001107,residence,kyc_origination,2026-04-01,T3,"No. 12, A Blk., 2nd Road, Railway Colny, Navanagara East - 980304",0,,0.0,,,,,,,,65,Valid and occupied,Visit,Unvisited address with complete description; schedule initial field visit
AD001439,AC001108,residence,kyc_origination,2026-04-01,T3,"Blk B, Rd 5, Orchid Enclave, Navanagara East - 980301",0,,0.0,,,,,,,,53,Valid and occupied,Visit,Unvisited address with complete description; schedule initial field visit
AD001440,AC001108,office,kyc_origination,2026-04-01,T3,"#437, Blk D, Rd 6, HMT Colony, Navanagara East - 980301",0,,0.0,,,,,,,,55,Valid and occupied,Visit,Unvisited address with complete description; schedule initial field visit
AD001441,AC001109,residence,kyc_origination,2026-04-01,T3,"HNO. 110, A BLK., 4TH RD., LAKEVIEW PHASE 2, NAVANAGARA EAST - 980303",1,met_borrower,1169.0,1.0,0.0,0.0,0.0,0.0,0.0,0.0,69,Valid and occupied,Visit,Borrower confirmed at address on prior visit; schedule visit
AD001442,AC001110,residence,kyc_origination,2026-04-01,T1,no. 187 opp milk booth kaveripura - 960102,1,address_not_traceable,50.0,0.0,0.0,0.0,0.0,0.0,1.0,0.0,42,Hard to find on the ground,Resolve the location (Problem Statement 3) before writing it off,Detailed address but agent could not locate pin (50s dwell); resolve geocode (PS3)
AD001443,AC001111,residence,kyc_origination,2026-04-01,T3,"nr Hanuman Temple, Orchid Enclave, Navanagara East - 980301",8,met_family,301.0,1.0,4.0,3.0,0.0,0.0,0.0,0.0,59,Valid and occupied,Visit,Borrower confirmed at address on prior visit; schedule visit
AD001444,AC001112,residence,kyc_origination,2026-04-01,T1,"No. 147, Kuvempu Layout, Kaveripura - 960102",6,locked_premises,213.0,0.0,1.0,1.0,0.0,0.0,4.0,0.0,44,"Valid, but borrower usually absent",Change the visit time,Premises locked or met family; shift visit to evening/weekend slot
AD001445,AC001113,residence,kyc_origination,2026-04-01,T2,gandhi basti devgarh nagar,1,address_not_traceable,109.0,0.0,0.0,0.0,0.0,0.0,1.0,0.0,26,Hard to find on the ground,Resolve the location (Problem Statement 3) before writing it off,Detailed address but agent could not locate pin (109s dwell); resolve geocode (PS3)
AD001446,AC001113,office,kyc_origination,2026-04-01,T2,no. 322 gali no. 1 ward 11 close to medicals devgarh nagar - 970202,0,,0.0,,,,,,,,67,Valid and occupied,Visit,Unvisited address with complete description; schedule initial field visit
AD001447,AC001114,residence,kyc_origination,2026-04-01,T2,"145/1, GALI NO. 4, WARD 5, DOODH DAIRY KE PASS, SUBHASH NAGAR, DEVGARH NAGAR - 970201",8,met_borrower,917.0,4.0,2.0,2.0,0.0,0.0,0.0,0.0,85,Valid and occupied,Visit,Borrower confirmed at address on prior visit; schedule visit
AD001448,AC001115,residence,kyc_origination,2026-04-01,T3,"No. 254, B Block, 6th Road, opp Church, Silver Oak Layout, Navanagara East - 980301",1,address_not_traceable,233.0,0.0,0.0,0.0,0.0,0.0,1.0,0.0,83,Hard to find on the ground,Resolve the location (Problem Statement 3) before writing it off,Detailed address but agent could not locate pin (233s dwell); resolve geocode (PS3)
AD001449,AC001116,residence,kyc_origination,2026-04-01,T1,363/3 3rd x 4th main samudaya bhavana hattira kaveripura - 960102,3,address_not_traceable,43.0,0.0,0.0,0.0,0.0,0.0,3.0,0.0,65,Hard to find on the ground,Resolve the location (Problem Statement 3) before writing it off,Detailed address but agent could not locate pin (43s dwell); resolve geocode (PS3)
AD001450,AC001117,residence,kyc_origination,2026-04-01,T2,ganga apartments gali no. 8 krishna puri devgarh nagar - 9702002,7,neighbour_says_shifted,322.0,0.0,0.0,0.0,5.0,2.0,0.0,0.0,64,Borrower has moved,Trace the new address,Neighbours or occupants confirmed borrower relocated; trace new address
AD001451,AC001118,residence,kyc_origination,2026-04-01,T2,"NO. 197, GALI 5, POTS OFFICE KE PASS, SHASTRI NAGAR, DEVGARH NAGAR - 970201",0,,0.0,,,,,,,,75,Valid and occupied,Visit,Unvisited address with complete description; schedule initial field visit
AD001452,AC001118,permanent_native,kyc_origination,2026-04-01,OUT,"Village Chikkapura, Taluk A, District West - 999767",0,,0.0,,,,,,,,51,Valid and occupied,Visit,Unvisited address with complete description; schedule initial field visit
AD001453,AC001119,residence,kyc_origination,2026-04-01,T3,"BLK D, RD 1, NEAR PETROL BUNK, RAILWAY COLONY, NAVANAGARA EAST",0,,0.0,,,,,,,,62,Valid and occupied,Visit,Unvisited address with complete description; schedule initial field visit
AD001454,AC001120,residence,kyc_origination,2026-04-01,T1,"265/2, 12TH CROSS, 6TH MAI,N NR. CHURCH, BASAVA NAGAR, KAVERIPURA - 960101",0,,0.0,,,,,,,,74,Valid and occupied,Visit,Unvisited address with complete description; schedule initial field visit
AD001455,AC001121,residence,kyc_origination,2026-04-01,T2,"GALI 7, DOODH DAIRY KE BAGAL ME, PATEL NAGAR, DEVGARH NAGAR - 970202",0,,0.0,,,,,,,,68,Valid and occupied,Visit,Unvisited address with complete description; schedule initial field visit
AD001456,AC001121,office,kyc_origination,2026-04-01,T2,"HOUSE 90, सरकारी स्कूल के पास, INDIRA COLONY, DEVGARH NAGAR - 970202",1,address_not_traceable,40.0,0.0,0.0,0.0,0.0,0.0,1.0,0.0,68,Hard to find on the ground,Resolve the location (Problem Statement 3) before writing it off,Detailed address but agent could not locate pin (40s dwell); resolve geocode (PS3)
AD001457,AC001122,residence,kyc_origination,2026-04-01,T2,"Gali no-6, opposite Government School, Azad Mohalla, Devgarh Nagar - 970203",2,neighbour_says_shifted,260.0,0.0,0.0,0.0,2.0,0.0,0.0,0.0,75,Borrower has moved,Trace the new address,Neighbours or occupants confirmed borrower relocated; trace new address
AD001458,AC001123,residence,kyc_origination,2026-04-01,T3,43/1 blk a rd 5 close to medical store silver oak layt navanagara east - 980301,8,met_borrower,405.0,3.0,1.0,3.0,0.0,0.0,0.0,1.0,79,Valid and occupied,Visit,Borrower confirmed at address on prior visit; schedule visit
AD001459,AC001123,permanent_native,kyc_origination,2026-04-01,OUT,"Village Bilagi, Tehsil C, District West - 994563",0,,0.0,,,,,,,,48,Valid and occupied,Visit,Unvisited address with complete description; schedule initial field visit
AD001460,AC001124,residence,kyc_origination,2026-04-01,T3,blk e rd 3 nr. post office palm meadows navanagraa east - 980302,0,,0.0,,,,,,,,64,Valid and occupied,Visit,Unvisited address with complete description; schedule initial field visit
AD001461,AC001125,residence,kyc_origination,2026-04-01,T1,h.no. 439 3rd cross 5th main nr. post office vinayaka nagar kaveripura,3,address_not_traceable,33.0,0.0,0.0,0.0,0.0,0.0,3.0,0.0,70,Hard to find on the ground,Resolve the location (Problem Statement 3) before writing it off,Detailed address but agent could not locate pin (33s dwell); resolve geocode (PS3)
AD001462,AC001126,residence,kyc_origination,2026-04-01,T1,"2nd X, 6th Mn, near Community Hall, Gandhi Nagar, Kaveripura - 960102",6,met_borrower,1029.0,3.0,2.0,0.0,0.0,0.0,1.0,0.0,69,Valid and occupied,Visit,Borrower confirmed at address on prior visit; schedule visit
AD001463,AC001127,residence,kyc_origination,2026-04-01,T3,community hall ke pass railway colony navanagara east - 980303,0,,0.0,,,,,,,,62,Valid and occupied,Visit,Unvisited address with complete description; schedule initial field visit
AD001464,AC001127,permanent_native,kyc_origination,2026-04-01,OUT,"Village Sundarpur, Tehsil C, District West - 996541",0,,0.0,,,,,,,,51,Valid and occupied,Visit,Unvisited address with complete description; schedule initial field visit
AD001465,AC001128,residence,kyc_origination,2026-04-01,T2,"459/3, Gali No. 1, close to Masjid, Shastri Nagar, Devgarh Nagar - 970201",3,met_family,348.0,2.0,1.0,0.0,0.0,0.0,0.0,0.0,73,Valid and occupied,Visit,Borrower confirmed at address on prior visit; schedule visit
AD001466,AC001129,residence,kyc_origination,2026-04-01,T3,232/1 blk a rd 2 lakeview phase 2 navanagara east,8,met_borrower,1239.0,3.0,3.0,1.0,0.0,0.0,1.0,0.0,49,Valid and occupied,Visit,Borrower confirmed at address on prior visit; schedule visit
AD001467,AC001130,residence,kyc_origination,2026-04-01,T3,"463/1, D Blk, 4th Road, near Post Office, Palm Meadows, Navanagara East - 908302",2,address_not_traceable,77.0,0.0,0.0,0.0,0.0,0.0,2.0,0.0,80,Hard to find on the ground,Resolve the location (Problem Statement 3) before writing it off,Detailed address but agent could not locate pin (77s dwell); resolve geocode (PS3)
AD001468,AC001131,residence,kyc_origination,2026-04-01,T1,"4th Cross, 1st Main, Gandhi Nagar, Kaveripura - 960102",2,no_such_person,235.0,0.0,0.0,0.0,0.0,1.0,1.0,0.0,54,Borrower has moved,Trace the new address,Neighbours or occupants confirmed borrower relocated; trace new address
AD001469,AC001132,residence,kyc_origination,2026-04-01,T3,house 98 b block 6th rd railway col navanagara east - 980304,5,locked_premises,89.0,1.0,2.0,2.0,0.0,0.0,0.0,0.0,60,Valid and occupied,Visit,Borrower confirmed at address on prior visit; schedule visit
AD001470,AC001132,office,kyc_origination,2026-04-01,T3,house 148 green view apts blk d rd 4 opp pds shop royal gardens navanagara east - 980303,0,,0.0,,,,,,,,88,Valid and occupied,Visit,Unvisited address with complete description; schedule initial field visit
AD001471,AC001133,residence,kyc_origination,2026-04-01,T1,11th cross 6th main opp. ration shop nehru colony kaveripura - 960102,0,,0.0,,,,,,,,69,Valid and occupied,Visit,Unvisited address with complete description; schedule initial field visit
AD001472,AC001134,residence,kyc_origination,2026-04-01,T3,"No. 402, Blk B, Rd 1, Unity Nagar, Navanagara East - 980301",6,address_not_traceable,86.0,0.0,3.0,2.0,0.0,0.0,1.0,0.0,59,"Valid, but borrower usually absent",Change the visit time,Premises locked or met family; shift visit to evening/weekend slot
AD001473,AC001134,office,kyc_origination,2026-04-01,T3,"No. 110, C Block, 5th Road, nr. Petrol Bunk, Royal Gardens, Navanagara East - 980303",2,met_borrower,518.0,1.0,0.0,0.0,0.0,0.0,1.0,0.0,84,Valid and occupied,Visit,Borrower confirmed at address on prior visit; schedule visit
AD001474,AC001135,residence,kyc_origination,2026-04-01,T2,"Sai Residency, Gali no-8, Sarkari School ke samne, Patel Nagar, Devgarh Nagar - 970202",0,,0.0,,,,,,,,86,Valid and occupied,Visit,Unvisited address with complete description; schedule initial field visit
AD001475,AC001135,office,kyc_origination,2026-04-01,T2,"Om Sai Complex, Indira Colony, Devgarh Ngr - 970202",0,,0.0,,,,,,,,51,Valid and occupied,Visit,Unvisited address with complete description; schedule initial field visit
AD001476,AC001136,residence,kyc_origination,2026-04-01,T3,#257 blk d rd 5 opposite children park sunrise enclave navanagara east - 980304,0,,0.0,,,,,,,,79,Valid and occupied,Visit,Unvisited address with complete description; schedule initial field visit
AD001477,AC001137,residence,kyc_origination,2026-04-01,T1,"H.No. 145, 10th Cr, 6th Mn, Hosa Badavane, Kaveripura - 960101",0,,0.0,,,,,,,,62,Valid and occupied,Visit,Unvisited address with complete description; schedule initial field visit
AD001478,AC001138,residence,kyc_origination,2026-04-01,T2,"#311, Gali 3, Masjid ke bagal mein, Tilak Nagar, Devgarh Nagar - 970204",0,,0.0,,,,,,,,71,Valid and occupied,Visit,Unvisited address with complete description; schedule initial field visit
AD001479,AC001139,residence,kyc_origination,2026-04-01,T1,"MILK DAIRY HATTIRA, NEHRU COLONY, KAVERIPURA - 960102",9,met_borrower,912.0,4.0,2.0,2.0,0.0,0.0,1.0,0.0,53,Valid and occupied,Visit,Borrower confirmed at address on prior visit; schedule visit
AD001480,AC001140,residence,kyc_origination,2026-04-01,T3,312/1 nr mosque palm meadows navanagara east - 980302,7,neighbour_says_shifted,224.0,0.0,0.0,1.0,2.0,1.0,3.0,0.0,53,"Valid, but borrower usually absent",Change the visit time,Premises locked or met family; shift visit to evening/weekend slot
AD001481,AC001141,residence,kyc_origination,2026-04-01,T3,d block 6th road palm meadows navanagara east - 980302,8,met_family,123.0,1.0,3.0,3.0,0.0,0.0,1.0,0.0,54,Valid and occupied,Visit,Borrower confirmed at address on prior visit; schedule visit
AD001482,AC001142,residence,kyc_origination,2026-04-01,T3,"293/2, Ganesh Mandir ke peeche, Palm Meadows, Navanagara East - 980302",0,,0.0,,,,,,,,70,Valid and occupied,Visit,Unvisited address with complete description; schedule initial field visit
AD001483,AC001143,residence,kyc_origination,2026-04-01,T3,"HOUSE 396, A BLOCK, 6TH RD, AD. CHURCH, SUNRISE ENCLAVE, NAVANAGARA EAST - 980303",0,,0.0,,,,,,,,81,Valid and occupied,Visit,Unvisited address with complete description; schedule initial field visit
AD001484,AC001144,residence,kyc_origination,2026-04-01,T1,"H.No. 149, Ganapathi Gudi hattira, Nehru Colony, Kaveripura - 960102",2,address_not_traceable,81.0,0.0,0.0,0.0,0.0,0.0,2.0,0.0,68,Hard to find on the ground,Resolve the location (Problem Statement 3) before writing it off,Detailed address but agent could not locate pin (81s dwell); resolve geocode (PS3)
AD001485,AC001144,office,kyc_origination,2026-04-01,T1,"#295, Ganapathi Gudi eduru, Gandhi Nagar, Kaveripura - 960102",0,,0.0,,,,,,,,61,Valid and occupied,Visit,Unvisited address with complete description; schedule initial field visit
AD001486,AC001145,residence,kyc_origination,2026-04-01,T3,"#214, Blk B, Rd 6, nr Mosque, Navanagara East",0,,0.0,,,,,,,,45,Valid and occupied,Visit,Unvisited address with complete description; schedule initial field visit
AD001487,AC001146,residence,kyc_origination,2026-04-01,T2,"गली नं. 12, हनुमान मंदिर के पास, Patel Nagar, Devgarh Ngr - 970202",3,address_not_traceable,107.0,0.0,0.0,0.0,0.0,1.0,2.0,0.0,66,Hard to find on the ground,Resolve the location (Problem Statement 3) before writing it off,Detailed address but agent could not locate pin (107s dwell); resolve geocode (PS3)
AD001488,AC001146,office,kyc_origination,2026-04-01,T2,gali no. 5 warrd 5 subhash ngr devgarh nagar - 970201,2,met_borrower,701.0,1.0,0.0,1.0,0.0,0.0,0.0,0.0,53,Valid and occupied,Visit,Borrower confirmed at address on prior visit; schedule visit
AD001489,AC001147,residence,kyc_origination,2026-04-01,T2,"गली नं. 11, चर्च के पास, Patel Nagr, Devgarh Nagar - 970202",2,locked_premises,68.0,0.0,0.0,1.0,1.0,0.0,0.0,0.0,59,"Valid, but borrower usually absent",Change the visit time,Premises locked or met family; shift visit to evening/weekend slot
AD001490,AC001148,residence,kyc_origination,2026-04-01,T1,house 78 ashoka layout kaveripura - 960104,4,address_not_traceable,63.0,0.0,1.0,1.0,0.0,0.0,2.0,0.0,42,"Valid, but borrower usually absent",Change the visit time,Premises locked or met family; shift visit to evening/weekend slot
AD001491,AC001149,residence,kyc_origination,2026-04-01,T3,no. 273 c blk. 2nd road bhd park palm meadows navanagara east - 980302,0,,0.0,,,,,,,,70,Valid and occupied,Visit,Unvisited address with complete description; schedule initial field visit
AD001492,AC001149,permanent_native,kyc_origination,2026-04-01,OUT,"Village Rampura Kalan, Taluk B, District North - 998875",0,,0.0,,,,,,,,55,Valid and occupied,Visit,Unvisited address with complete description; schedule initial field visit
AD001493,AC001150,residence,kyc_origination,2026-04-01,T2,"Gali 8, Shivaji Nagar, Devgarh Nagr - 970203",7,locked_premises,169.0,0.0,1.0,2.0,0.0,0.0,4.0,0.0,44,"Valid, but borrower usually absent",Change the visit time,Premises locked or met family; shift visit to evening/weekend slot
AD001494,AC001150,office,kyc_origination,2026-04-01,T2,"Gali No. 6, nr. Church, Shivaji Ngr, Devgarh Ngr - 970202",1,met_borrower,804.0,1.0,0.0,0.0,0.0,0.0,0.0,0.0,57,Valid and occupied,Visit,Borrower confirmed at address on prior visit; schedule visit
AD001495,AC001151,residence,kyc_origination,2026-04-01,T2,"Gali No. 10, opp Community Hall, Devgarh Nagar - 970202",9,met_borrower,450.0,2.0,2.0,4.0,0.0,0.0,0.0,1.0,55,Valid and occupied,Visit,Borrower confirmed at address on prior visit; schedule visit
AD001496,AC001152,residence,kyc_origination,2026-04-01,T1,"H.No. 169, 3rd Cross, 3rd Main Rd, ಮಸೀದಿ ಹತ್ತಿರ, Siddeshwara Colony, Kaveripura - 960102",1,neighbour_says_shifted,190.0,0.0,0.0,0.0,1.0,0.0,0.0,0.0,88,Borrower has moved,Trace the new address,Neighbours or occupants confirmed borrower relocated; trace new address
AD001497,AC001153,residence,kyc_origination,2026-04-01,T2,"142/1, GALI NO. 7, NEAR GANAPATHI TEMPLE, PATEL NGR, DEVGARH NAGAR - 970202",0,,0.0,,,,,,,,75,Valid and occupied,Visit,Unvisited address with complete description; schedule initial field visit
AD001498,AC001154,residence,kyc_origination,2026-04-01,T1,"89/3, 3rd Cross, 7th Main, ಕಲ್ಯಾಣ ಮಂಟಪ ಹತ್ತಿರ, Nehru Col, Kaveripura - 960102",0,,0.0,,,,,,,,77,Valid and occupied,Visit,Unvisited address with complete description; schedule initial field visit
AD001499,AC001155,residence,kyc_origination,2026-04-01,T3,"165/2, A Block, 3rd Road, Lakeview Phase 2, Navanagara East - 980303",8,locked_premises,168.0,1.0,2.0,5.0,0.0,0.0,0.0,0.0,68,Valid and occupied,Visit,Borrower confirmed at address on prior visit; schedule visit
AD001500,AC001156,residence,kyc_origination,2026-04-01,T3,"217/1, A Block, 4th Rd, Milk Dairy hattira, Railway Colny, Navanagara East - 980304",0,,0.0,,,,,,,,83,Valid and occupied,Visit,Unvisited address with complete description; schedule initial field visit
AD001501,AC001156,office,kyc_origination,2026-04-01,T3,"House 54, Blk E, Rd 4, ಅಂಚೆ ಕಚೇರಿ ಹಿಂದೆ, Navanagara East - 980302",0,,0.0,,,,,,,,65,Valid and occupied,Visit,Unvisited address with complete description; schedule initial field visit
AD001502,AC001157,residence,kyc_origination,2026-04-01,T3,"B BLK., 5TH RD, GANAPATHI GUDI HATTIRA, NAVANAGARA EAST - 980301",0,,0.0,,,,,,,,64,Valid and occupied,Visit,Unvisited address with complete description; schedule initial field visit
AD001503,AC001158,residence,kyc_origination,2026-04-01,T2,38/2 gali no. 6 ganesh mandir ke pass krishna puri devgarh ngr - 970202,8,neighbour_says_shifted,380.0,0.0,0.0,2.0,5.0,0.0,1.0,0.0,71,"Valid, but borrower usually absent",Change the visit time,Premises locked or met family; shift visit to evening/weekend slot
AD001504,AC001159,residence,kyc_origination,2026-04-01,T2,"H.No. 114, Gali no-11, near Church, Azad Mohalla, Devgarh Nagar - 970203",0,,0.0,,,,,,,,72,Valid and occupied,Visit,Unvisited address with complete description; schedule initial field visit
AD001505,AC001160,residence,kyc_origination,2026-04-01,T2,"Gali no-7, बस स्टॉप के पीछे, Azad Mohalla, Devgarh Nagar - 970203",7,locked_premises,184.0,1.0,2.0,4.0,0.0,0.0,0.0,0.0,65,Valid and occupied,Visit,Borrower confirmed at address on prior visit; schedule visit
AD001506,AC001160,office,kyc_origination,2026-04-01,T2,"Gali No. 10, Ward 3, Ambedkar Nagar, Devgarh Nagar - 970204",0,,0.0,,,,,,,,59,Valid and occupied,Visit,Unvisited address with complete description; schedule initial field visit
AD001507,AC001161,residence,kyc_origination,2026-04-01,T3,railway colony navanagara east - 980304,0,,0.0,,,,,,,,39,Valid and occupied,Visit,Unvisited address with complete description; schedule initial field visit
AD001508,AC001162,residence,kyc_origination,2026-04-01,T1,"203/1, NEAR GOVERNMENT SCHOOL, SHANTHI NAGR, KAVERIPURA - 960101",0,,0.0,,,,,,,,64,Valid and occupied,Visit,Unvisited address with complete description; schedule initial field visit
AD001509,AC001163,residence,kyc_origination,2026-04-01,T1,"4TH CRS, 8TH MAIN RD, NEHRU COLONY, KAVERIPURA - 960101",9,met_family,287.0,1.0,6.0,0.0,0.0,0.0,2.0,0.0,55,Valid and occupied,Visit,Borrower confirmed at address on prior visit; schedule visit
AD001510,AC001164,residence,kyc_origination,2026-04-01,T2,gali no-4 ward 2 indira colony devgarh nagar - 970202,0,,0.0,,,,,,,,53,Valid and occupied,Visit,Unvisited address with complete description; schedule initial field visit
AD001511,AC001165,residence,kyc_origination,2026-04-01,T2,no. 36 gali no-9 post office ke pass gandhhi basti devgarh nagar - 970203,0,,0.0,,,,,,,,73,Valid and occupied,Visit,Unvisited address with complete description; schedule initial field visit
AD001512,AC001166,residence,kyc_origination,2026-04-01,T3,377/3 blk e rd 3 nr post office hmt colony navanagara east - 980301,0,,0.0,,,,,,,,67,Valid and occupied,Visit,Unvisited address with complete description; schedule initial field visit
AD001513,AC001166,office,kyc_origination,2026-04-01,T3,3/1 e blk. 5th road royal gardens navanagara east - 980303,0,,0.0,,,,,,,,58,Valid and occupied,Visit,Unvisited address with complete description; schedule initial field visit
AD001514,AC001167,residence,kyc_origination,2026-04-01,T1,"#325, 5TH CROSS, 5TH MN, CLOSE TO WATER TANK, KAVERIPURA - 960101",0,,0.0,,,,,,,,65,Valid and occupied,Visit,Unvisited address with complete description; schedule initial field visit
AD001515,AC001168,residence,kyc_origination,2026-04-01,T2,"H.No. 278, Gali No. 2, Ward 11, Dawai ki Dukaan ke peeche, Patel Nagar, Devgarh Nagar - 970202",0,,0.0,,,,,,,,94,Valid and occupied,Visit,Unvisited address with complete description; schedule initial field visit
AD001516,AC001169,residence,kyc_origination,2026-04-01,T1,"GANGA APARTMENTS, 12TH CROSS, 4TH MAIN, SARKARI SCHOOL KE BAGAL MEIN, KAVERIPURA - 960102",8,neighbour_says_shifted,341.0,0.0,0.0,0.0,6.0,0.0,2.0,0.0,89,Borrower has moved,Trace the new address,Neighbours or occupants confirmed borrower relocated; trace new address
AD001517,AC001170,residence,kyc_origination,2026-04-01,T1,"Ganga Apartments, 5th Cross, 8th Main, nr. Ganesh Temple, Gandhi Nagar, Kaveripura - 960102",0,,0.0,,,,,,,,91,Valid and occupied,Visit,Unvisited address with complete description; schedule initial field visit
AD001518,AC001170,permanent_native,kyc_origination,2026-04-01,OUT,"Village Devipur, Tehsil D, District North - 999148",0,,0.0,,,,,,,,50,Valid and occupied,Visit,Unvisited address with complete description; schedule initial field visit
AD001519,AC001171,residence,kyc_origination,2026-04-01,T3,"H.No. 218, Blk C, Rd 3, opposite Government Schaol, Unity Nagr, Navanagaara East",0,,0.0,,,,,,,,80,Valid and occupied,Visit,Unvisited address with complete description; schedule initial field visit
AD001520,AC001172,residence,kyc_origination,2026-04-01,T3,121/1 a blk. 5th road orchid enclave navanagara east - 980301,9,met_family,375.0,2.0,5.0,1.0,0.0,0.0,1.0,0.0,61,Valid and occupied,Visit,Borrower confirmed at address on prior visit; schedule visit
AD001521,AC001173,residence,kyc_origination,2026-04-01,T3,"No. 418, Blk D, Rd 3, Barat Ghhar ke saamne, Sunrise Enclave, Navanagara East - 980304",6,locked_premises,153.0,2.0,1.0,3.0,0.0,0.0,0.0,0.0,86,Valid and occupied,Visit,Borrower confirmed at address on prior visit; schedule visit
AD001522,AC001173,permanent_native,kyc_origination,2026-04-01,OUT,"Village Chikkapura, Taluk A, District North - 999928",0,,0.0,,,,,,,,52,Valid and occupied,Visit,Unvisited address with complete description; schedule initial field visit
AD001523,AC001174,residence,kyc_origination,2026-04-01,T2,"NO. 433, GALI 3, WARD 6, OPP KALYANA MANTAPA, NEHRU COLONY, DEVGARH NAGAR - 970203",6,met_borrower,1024.0,3.0,1.0,0.0,0.0,0.0,2.0,0.0,82,Valid and occupied,Visit,Borrower confirmed at address on prior visit; schedule visit
AD001524,AC001175,residence,kyc_origination,2026-04-01,T3,"No. 264, Blk C, Rd 1, Lakeview Phase 2, Navanagara East - 980303",8,locked_premises,233.0,0.0,0.0,5.0,1.0,1.0,1.0,0.0,64,"Valid, but borrower usually absent",Change the visit time,Premises locked or met family; shift visit to evening/weekend slot
AD001525,AC001175,office,kyc_origination,2026-04-01,T3,"H.No. 232, Sri Krishna Nivas, B Block, 2nd Road, nr PDS Shop, HMT Colony, Navanagara East - 980301",0,,0.0,,,,,,,,98,Valid and occupied,Visit,Unvisited address with complete description; schedule initial field visit
AD001526,AC001176,residence,kyc_origination,2026-04-01,T2,"Gali no-8, बारात घर के पास, Shivaji Nagr, Devgarh Nagar - 970202",1,met_borrower,397.0,1.0,0.0,0.0,0.0,0.0,0.0,0.0,64,Valid and occupied,Visit,Borrower confirmed at address on prior visit; schedule visit
AD001527,AC001176,permanent_native,kyc_origination,2026-04-01,OUT,"Village Kodihalli, Taluk B, District South - 993104",0,,0.0,,,,,,,,51,Valid and occupied,Visit,Unvisited address with complete description; schedule initial field visit
AD001528,AC001177,residence,kyc_origination,2026-04-01,T2,"GALI NO. 1, NR MASJID, PATEL NGR, DEVGARH NAGAR - 970202",5,met_borrower,1015.0,3.0,0.0,0.0,0.0,0.0,2.0,0.0,56,Valid and occupied,Visit,Borrower confirmed at address on prior visit; schedule visit
AD001529,AC001177,permanent_native,kyc_origination,2026-04-01,OUT,"Village Sundarpur, Taluk B, District East - 996386",0,,0.0,,,,,,,,50,Valid and occupied,Visit,Unvisited address with complete description; schedule initial field visit
AD001530,AC001178,residence,kyc_origination,2026-04-01,T1,house 367 green view apts 4th crs 4th main kuvempu layout kaveripura - 960102,1,locked_premises,236.0,0.0,0.0,1.0,0.0,0.0,0.0,0.0,77,"Valid, but borrower usually absent",Change the visit time,Premises locked or met family; shift visit to evening/weekend slot
AD001531,AC001178,office,kyc_origination,2026-04-01,T1,#211 1st cross 4th main rd near ganesh temple kaveripura - 960104,0,,0.0,,,,,,,,65,Valid and occupied,Visit,Unvisited address with complete description; schedule initial field visit
AD001532,AC001179,residence,kyc_origination,2026-04-01,T1,"4th Crs, 1st Main Rd, close to Community Hall, Kaveripura - 960101",0,,0.0,,,,,,,,66,Valid and occupied,Visit,Unvisited address with complete description; schedule initial field visit
AD001533,AC001180,residence,kyc_origination,2026-04-01,T1,"211/2, BEHIND GANESH TEMPLE, GANDHI NAGAR, KAVERIPURA - 960102",0,,0.0,,,,,,,,62,Valid and occupied,Visit,Unvisited address with complete description; schedule initial field visit
AD001534,AC001181,residence,kyc_origination,2026-04-01,T3,no. 431 blk e rd 2 navanagara east - 980301,7,cash_collected,327.0,1.0,2.0,2.0,0.0,0.0,1.0,1.0,43,Valid and occupied,Visit,Borrower confirmed at address on prior visit; schedule visit
AD001535,AC001181,office,kyc_origination,2026-04-01,T3,house 474 b block 6th road sunrise enclave navanagara east - 980304,2,locked_premises,92.0,0.0,0.0,1.0,0.0,0.0,1.0,0.0,67,"Valid, but borrower usually absent",Change the visit time,Premises locked or met family; shift visit to evening/weekend slot
AD001536,AC001182,residence,kyc_origination,2026-04-01,T3,no. 79 railway colony navanagara east - 980302,0,,0.0,,,,,,,,46,Valid and occupied,Visit,Unvisited address with complete description; schedule initial field visit
AD001537,AC001183,residence,kyc_origination,2026-04-01,T2,"#204, Gali 9, Hanuman Mandir ke paas, Subhash Nagar, Devgarh Nagar - 970201",0,,0.0,,,,,,,,75,Valid and occupied,Visit,Unvisited address with complete description; schedule initial field visit
AD001538,AC001183,office,kyc_origination,2026-04-01,T2,house 199 गली नं. 12 ward 7 gandhi basti devgarh nagar - 970203,0,,0.0,,,,,,,,63,Valid and occupied,Visit,Unvisited address with complete description; schedule initial field visit
AD001539,AC001184,residence,kyc_origination,2026-04-01,T1,"8/1, 2nd X, 2nd Main, Milk Dairy hattira, Anjaneya Badavane, Kaveripura - 960103",3,cash_collected,626.0,0.0,2.0,0.0,0.0,0.0,0.0,1.0,80,Valid and occupied,Visit,Borrower confirmed at address on prior visit; schedule visit
AD001540,AC001185,residence,kyc_origination,2026-04-01,T3,"House 99, E Blk., 6th Road, b/h Petrol Puump, Railway Colony, Navanagara East - 980304",3,met_borrower,673.0,2.0,1.0,0.0,0.0,0.0,0.0,0.0,86,Valid and occupied,Visit,Borrower confirmed at address on prior visit; schedule visit
AD001541,AC001186,residence,kyc_origination,2026-04-01,T1,no. 23 nr. ganesh temple kalyana nagir kaveripura - 960104,0,,0.0,,,,,,,,58,Valid and occupied,Visit,Unvisited address with complete description; schedule initial field visit
AD001542,AC001187,residence,kyc_origination,2026-04-01,T3,#220 blk d rd 4 orchid enclave navanagara east - 980301,0,,0.0,,,,,,,,55,Valid and occupied,Visit,Unvisited address with complete description; schedule initial field visit
AD001543,AC001188,residence,kyc_origination,2026-04-01,T2,house 269 gali no-7 near water tank krishna puri devgarh nagar - 970202,0,,0.0,,,,,,,,71,Valid and occupied,Visit,Unvisited address with complete description; schedule initial field visit
AD001544,AC001189,residence,kyc_origination,2026-04-01,T3,"Blk B, Rd 3, Sunrise Enclave, Navanagara East - 980304",0,,0.0,,,,,,,,54,Valid and occupied,Visit,Unvisited address with complete description; schedule initial field visit
AD001545,AC001189,office,kyc_origination,2026-04-01,T3,"#336, Annapoorna Nilaya, Blk C, Rd 6, nr Park, Palm Meadows, Navanagara East - 980302",0,,0.0,,,,,,,,85,Valid and occupied,Visit,Unvisited address with complete description; schedule initial field visit
AD001546,AC001190,residence,kyc_origination,2026-04-01,T1,"1st Cross, 2nd Main, Basava Nagar, Kaveripura - 960101",1,met_family,203.0,0.0,1.0,0.0,0.0,0.0,0.0,0.0,54,"Valid, but borrower usually absent",Change the visit time,Premises locked or met family; shift visit to evening/weekend slot
AD001547,AC001190,permanent_native,kyc_origination,2026-04-01,OUT,"Village Rampura Kalan, Tehsil C, District South - 996393",0,,0.0,,,,,,,,56,Valid and occupied,Visit,Unvisited address with complete description; schedule initial field visit
AD001548,AC001191,residence,kyc_origination,2026-04-01,T1,"33/1, 3rd Crs, 2nd Main Rd, Siddeshwara Colony, Kaveripura - 960102",0,,0.0,,,,,,,,67,Valid and occupied,Visit,Unvisited address with complete description; schedule initial field visit
AD001549,AC001192,residence,kyc_origination,2026-04-01,T2,"No. 16, Gali No. 4, nr Govvt School, Krishna Puri, Devgrh Nagar - 970202",3,locked_premises,219.0,1.0,0.0,1.0,0.0,0.0,1.0,0.0,72,Valid and occupied,Visit,Borrower confirmed at address on prior visit; schedule visit
AD001550,AC001192,permanent_native,kyc_origination,2026-04-01,OUT,"Village Chikkapura, Tehsil C, District North - 995466",0,,0.0,,,,,,,,53,Valid and occupied,Visit,Unvisited address with complete description; schedule initial field visit
AD001551,AC001193,residence,kyc_origination,2026-04-01,T2,"385/3, Lakshmi Nilaya, Gali 1, Patel Nagar, Devgarh Nagar - 970202",3,met_borrower,1058.0,2.0,1.0,0.0,0.0,0.0,0.0,0.0,66,Valid and occupied,Visit,Borrower confirmed at address on prior visit; schedule visit
AD001552,AC001194,residence,kyc_origination,2026-04-01,T1,"#175, 1st X, 6th Main, ನ್ಯಾಯಬೆಲೆ ಅಂಗಡಿ ಹತ್ತಿರ, Vidya Ngr, Kaveripura - 960103",0,,0.0,,,,,,,,77,Valid and occupied,Visit,Unvisited address with complete description; schedule initial field visit
AD001553,AC001195,residence,kyc_origination,2026-04-01,T2,"#304, Gali no-9, Ward 8, nr. Ganesh Temple, Azad Mohalla, Devgarh Nagar - 970203",0,,0.0,,,,,,,,80,Valid and occupied,Visit,Unvisited address with complete description; schedule initial field visit
AD001554,AC001196,residence,kyc_origination,2026-04-01,T1,"H.No. 55, 6th Crs, 3rd Main, Nehru Colny, Kaveripura - 960102",4,cash_collected,1064.0,0.0,1.0,1.0,0.0,0.0,0.0,2.0,61,Valid and occupied,Visit,Borrower confirmed at address on prior visit; schedule visit
AD001555,AC001197,residence,kyc_origination,2026-04-01,T3,"H.No. 157, Blk D, Rd 4, opp. Petrol Pump, Railway Colny, Navanaggara East - 980304",8,met_borrower,157.0,5.0,3.0,0.0,0.0,0.0,0.0,0.0,82,Valid and occupied,Visit,Borrower confirmed at address on prior visit; schedule visit
AD001556,AC001198,residence,kyc_origination,2026-04-01,T2,bus stop ke pass azad mohalla devgarh nagar - 970203,7,met_borrower,1243.0,1.0,4.0,2.0,0.0,0.0,0.0,0.0,52,Valid and occupied,Visit,Borrower confirmed at address on prior visit; schedule visit
AD001557,AC001199,residence,kyc_origination,2026-04-01,T2,"H.No. 391, गली नं. 11, Patel Nagr, Devagrh Nagar - 970202",0,,0.0,,,,,,,,57,Valid and occupied,Visit,Unvisited address with complete description; schedule initial field visit
AD001558,AC001199,office,kyc_origination,2026-04-01,T2,गली नं. 9 ward 6 पानी की टंकी के सामने devgarh ngr - 970203,0,,0.0,,,,,,,,59,Valid and occupied,Visit,Unvisited address with complete description; schedule initial field visit
AD001559,AC001200,residence,kyc_origination,2026-04-01,T2,292/3 gali 1 ward 10 krishna puri devgarh nagar - 970202,0,,0.0,,,,,,,,56,Valid and occupied,Visit,Unvisited address with complete description; schedule initial field visit
AD001560,AC001201,residence,kyc_origination,2026-04-01,T3,"#463, B BLOCKK, 4TH RD, OPP. HANUMAN TEMPLE, GREEN PARK LAYOUT, NAVANAGARA EAST - 980301",0,,0.0,,,,,,,,88,Valid and occupied,Visit,Unvisited address with complete description; schedule initial field visit
AD001561,AC001202,residence,kyc_origination,2026-04-01,T1,"House 242, 8th Cross, 5th Mn, Medical Stare ke paas, Kuvempu Layout, Kaveripura - 960104",0,,0.0,,,,,,,,88,Valid and occupied,Visit,Unvisited address with complete description; schedule initial field visit
AD001562,AC001202,permanent_native,kyc_origination,2026-04-01,OUT,"Village Mallapura, Taluk A, District North - 999125",0,,0.0,,,,,,,,51,Valid and occupied,Visit,Unvisited address with complete description; schedule initial field visit
AD001563,AC001203,residence,kyc_origination,2026-04-01,T3,"H.NO. 263, BLK B, RD 6, NR. MILK BOOTH, HMT COLONY, NAVANAGARA EAST - 980301",4,neighbour_says_shifted,255.0,0.0,0.0,3.0,1.0,0.0,0.0,0.0,76,"Valid, but borrower usually absent",Change the visit time,Premises locked or met family; shift visit to evening/weekend slot
AD001564,AC001204,residence,kyc_origination,2026-04-01,T3,"D Blk., 6th Rd, near Hanuman Temple, Orchid Enclave, Navanagara East - 980301",4,address_not_traceable,37.0,0.0,0.0,0.0,0.0,1.0,3.0,0.0,77,Hard to find on the ground,Resolve the location (Problem Statement 3) before writing it off,Detailed address but agent could not locate pin (37s dwell); resolve geocode (PS3)
AD001565,AC001204,office,kyc_origination,2026-04-01,T3,#458 blk f rd 6 sunrise enclave navanagara east - 980304,1,locked_premises,159.0,0.0,0.0,1.0,0.0,0.0,0.0,0.0,56,"Valid, but borrower usually absent",Change the visit time,Premises locked or met family; shift visit to evening/weekend slot
AD001566,AC001205,residence,kyc_origination,2026-04-01,T2,gali no-7 near ganapathi temple patel nagr devgarh nagar - 970202,2,address_not_traceable,33.0,0.0,0.0,0.0,0.0,0.0,2.0,0.0,65,Hard to find on the ground,Resolve the location (Problem Statement 3) before writing it off,Detailed address but agent could not locate pin (33s dwell); resolve geocode (PS3)
AD001567,AC001206,residence,kyc_origination,2026-04-01,T1,8th cross 5th main adj. community hall nehru colony kaveripura - 960102,7,locked_premises,115.0,0.0,0.0,2.0,2.0,3.0,0.0,0.0,71,"Valid, but borrower usually absent",Change the visit time,Premises locked or met family; shift visit to evening/weekend slot
AD001568,AC001207,residence,kyc_origination,2026-04-01,T1,house 391 11th cr 5th main ಗಣಪತಿ ದೇವಸ್ಥಾನ ಹತ್ತಿರ nehru colony kaveripura - 960102,0,,0.0,,,,,,,,81,Valid and occupied,Visit,Unvisited address with complete description; schedule initial field visit
AD001569,AC001208,residence,kyc_origination,2026-04-01,T3,257/2 f block 6th road navanagara east - 980302,4,met_borrower,1347.0,1.0,0.0,0.0,0.0,0.0,3.0,0.0,47,Valid and occupied,Visit,Borrower confirmed at address on prior visit; schedule visit
AD001570,AC001209,residence,kyc_origination,2026-04-01,T1,"185/2, 9th Cross, 6th Main, Vidya Nagar, Kaveripura - 960103",3,met_family,377.0,0.0,1.0,0.0,0.0,0.0,2.0,0.0,60,"Valid, but borrower usually absent",Change the visit time,Premises locked or met family; shift visit to evening/weekend slot
AD001571,AC001210,residence,kyc_origination,2026-04-01,T1,"8th Crs, 2nd Main Rd, ಮೆಡಿಕಲ್ ಶಾಪ್ ಹತ್ತಿರ, Vidya Nagar, Kaveripura - 960103",0,,0.0,,,,,,,,75,Valid and occupied,Visit,Unvisited address with complete description; schedule initial field visit
AD001572,AC001211,residence,kyc_origination,2026-04-01,T3,467/2 f block 4th road defence colny navanagara east - 980301,0,,0.0,,,,,,,,61,Valid and occupied,Visit,Unvisited address with complete description; schedule initial field visit
AD001573,AC001211,office,kyc_origination,2026-04-01,T3,house 189 om sai complex blk f rd 2 jama masjid ke paas teachers colony navanagara east - 980302,0,,0.0,,,,,,,,96,Valid and occupied,Visit,Unvisited address with complete description; schedule initial field visit
AD001574,AC001212,residence,kyc_origination,2026-04-01,T3,"No. 314, B Block, 1st Road, Lakeview Phase 2, Navanagara East - 980303",5,neighbour_says_shifted,178.0,0.0,0.0,1.0,2.0,1.0,1.0,0.0,70,"Valid, but borrower usually absent",Change the visit time,Premises locked or met family; shift visit to evening/weekend slot
AD001575,AC001213,residence,kyc_origination,2026-04-01,T2,"Gali No. 10, Ward 1, close to Kalyana Mantapa, Shivaji Nagar, Devgarh Nagr",1,met_family,301.0,0.0,1.0,0.0,0.0,0.0,0.0,0.0,74,"Valid, but borrower usually absent",Change the visit time,Premises locked or met family; shift visit to evening/weekend slot
AD001576,AC001214,residence,kyc_origination,2026-04-01,T1,380/3 3rd cross 6th mn gandhi nagar kaveripura - 960102,0,,0.0,,,,,,,,55,Valid and occupied,Visit,Unvisited address with complete description; schedule initial field visit
AD001577,AC001215,residence,kyc_origination,2026-04-01,T2,"House 245, Gali No. 12, Indira Colny, Devgarh Nagar",8,no_such_person,236.0,0.0,0.0,1.0,5.0,1.0,1.0,0.0,51,"Valid, but borrower usually absent",Change the visit time,Premises locked or met family; shift visit to evening/weekend slot
AD001578,AC001216,residence,kyc_origination,2026-04-01,T3,no. 258 f blk 4th road near ganapathi temple railway colny navanagara east - 980304,8,met_borrower,1479.0,2.0,4.0,2.0,0.0,0.0,0.0,0.0,83,Valid and occupied,Visit,Borrower confirmed at address on prior visit; schedule visit
AD001579,AC001217,residence,kyc_origination,2026-04-01,T1,"#194, 4th Cross, 3rd Mn, Nehru Colony, Kaveripura - 960102",7,address_not_traceable,43.0,0.0,0.0,0.0,0.0,2.0,5.0,0.0,58,Hard to find on the ground,Resolve the location (Problem Statement 3) before writing it off,Detailed address but agent could not locate pin (43s dwell); resolve geocode (PS3)
AD001580,AC001217,permanent_native,kyc_origination,2026-04-01,OUT,"Village Bilagi, Tehsil D, District North - 997774",0,,0.0,,,,,,,,49,Valid and occupied,Visit,Unvisited address with complete description; schedule initial field visit
AD001581,AC001218,residence,kyc_origination,2026-04-01,T1,"HOUSE 300, 11TH CROSS, 2ND MAIN, NR. CHILDREN PURK, NEHRU COLONY, KAVERIPURA - 960102",5,met_family,215.0,0.0,5.0,0.0,0.0,0.0,0.0,0.0,85,"Valid, but borrower usually absent",Change the visit time,Premises locked or met family; shift visit to evening/weekend slot
AD001582,AC001219,residence,kyc_origination,2026-04-01,T3,house 19 blk a rd 5 teachers colony navanagara east - 980302,2,met_borrower,102.0,1.0,0.0,1.0,0.0,0.0,0.0,0.0,60,Valid and occupied,Visit,Borrower confirmed at address on prior visit; schedule visit
AD001583,AC001220,residence,kyc_origination,2026-04-01,T3,"Blk E, Rd 2, nr Millk Dairy, HMT Colony, Navanagara East",0,,0.0,,,,,,,,56,Valid and occupied,Visit,Unvisited address with complete description; schedule initial field visit
AD001584,AC001221,residence,kyc_origination,2026-04-01,T2,"Gali no-7, Patel Naagr, Devgarh Ngr - 970202",7,neighbour_says_shifted,125.0,0.0,0.0,1.0,5.0,0.0,1.0,0.0,44,"Valid, but borrower usually absent",Change the visit time,Premises locked or met family; shift visit to evening/weekend slot
AD001585,AC001222,residence,kyc_origination,2026-04-01,T3,367/2 nr mosque teachers colony navanagara east - 980302,0,,0.0,,,,,,,,56,Valid and occupied,Visit,Unvisited address with complete description; schedule initial field visit
AD001586,AC001223,residence,kyc_origination,2026-04-01,T2,"#288, GALI 10, दूध डेयरी के पास, PATEL NAGR, DVEGARH NAGAR - 970202",6,met_borrower,708.0,3.0,1.0,2.0,0.0,0.0,0.0,0.0,67,Valid and occupied,Visit,Borrower confirmed at address on prior visit; schedule visit
AD001587,AC001224,residence,kyc_origination,2026-04-01,T3,"#133, Annapoorna Nilaya, Sunrise Enclave, Navanagara East - 980304",3,met_family,185.0,0.0,2.0,1.0,0.0,0.0,0.0,0.0,66,"Valid, but borrower usually absent",Change the visit time,Premises locked or met family; shift visit to evening/weekend slot
AD001588,AC001225,residence,kyc_origination,2026-04-01,T1,"233/3, 10th Cross, 6th Main, Kaveripura",0,,0.0,,,,,,,,39,Valid and occupied,Visit,Unvisited address with complete description; schedule initial field visit
AD001589,AC001226,residence,kyc_origination,2026-04-01,T2,"Gali 10, Ward 8, nr. Petrol Bunk, Azad Mohalla, Devgarh Nagar - 970203",2,locked_premises,124.0,0.0,0.0,2.0,0.0,0.0,0.0,0.0,70,"Valid, but borrower usually absent",Change the visit time,Premises locked or met family; shift visit to evening/weekend slot
AD001590,AC001227,residence,kyc_origination,2026-04-01,T3,"No. 371, close to Children Park, Orchid Enclave, Navanagara East - 980301",0,,0.0,,,,,,,,73,Valid and occupied,Visit,Unvisited address with complete description; schedule initial field visit
AD001591,AC001228,residence,kyc_origination,2026-04-01,T2,h.no. 355 gali no. 5 dawai ki dukaan ke paas subhash nagar devgarh nagar - 970201,2,locked_premises,230.0,1.0,0.0,1.0,0.0,0.0,0.0,0.0,81,Valid and occupied,Visit,Borrower confirmed at address on prior visit; schedule visit
AD001592,AC001229,residence,kyc_origination,2026-04-01,T2,"#52, GALI NO-11, PATEL NGR, DEVAGRH NAGAR - 970201",2,met_borrower,1313.0,2.0,0.0,0.0,0.0,0.0,0.0,0.0,50,Valid and occupied,Visit,Borrower confirmed at address on prior visit; schedule visit
AD001593,AC001230,residence,kyc_origination,2026-04-01,T3,#341 blk c rd 3 nr milk dairy defence colony navangara east - 980301,0,,0.0,,,,,,,,68,Valid and occupied,Visit,Unvisited address with complete description; schedule initial field visit
AD001594,AC001231,residence,kyc_origination,2026-04-01,T2,#398 gali 8 ward 8 sarkari school ke paas azad mohalla devgarh ngr - 970203,0,,0.0,,,,,,,,75,Valid and occupied,Visit,Unvisited address with complete description; schedule initial field visit
AD001595,AC001231,permanent_native,kyc_origination,2026-04-01,OUT,"Village Mallapura, Taluk B, District South - 998658",0,,0.0,,,,,,,,51,Valid and occupied,Visit,Unvisited address with complete description; schedule initial field visit
AD001596,AC001232,residence,kyc_origination,2026-04-01,T1,"4th Cross, 4th Main, behind Community Hall, Gandhi Nagr, Kaveripura",5,neighbour_says_shifted,270.0,1.0,0.0,1.0,2.0,0.0,1.0,0.0,67,Valid and occupied,Visit,Borrower confirmed at address on prior visit; schedule visit
AD001597,AC001233,residence,kyc_origination,2026-04-01,T2,h.no. 401 गली नं. 8 गणेश मंदिर के पास shivaji nagar devgarh nagar - 970202,0,,0.0,,,,,,,,74,Valid and occupied,Visit,Unvisited address with complete description; schedule initial field visit
AD001598,AC001234,residence,kyc_origination,2026-04-01,T3,"bhd Mosque, Navanagara East - 980302",0,,0.0,,,,,,,,36,Valid and occupied,Visit,Unvisited address with complete description; schedule initial field visit
AD001599,AC001234,permanent_native,kyc_origination,2026-04-01,OUT,"Village Mallapura, Taluk B, District South - 991825",0,,0.0,,,,,,,,51,Valid and occupied,Visit,Unvisited address with complete description; schedule initial field visit
AD001600,AC001235,residence,kyc_origination,2026-04-01,T2,"#110, nr Milk Dairy, Patel Ngr, Devgarh Nagar - 970202",0,,0.0,,,,,,,,54,Valid and occupied,Visit,Unvisited address with complete description; schedule initial field visit
AD001601,AC001236,residence,kyc_origination,2026-04-01,T2,"H.NO. 231, GALI 8, OPP PETROL PUMP, TILAK NGR, DEVGARH NGR - 970202",0,,0.0,,,,,,,,67,Valid and occupied,Visit,Unvisited address with complete description; schedule initial field visit
AD001602,AC001237,residence,kyc_origination,2026-04-01,T1,"77/2, 9th Cross, 1st Main Rd, Medical Shop hattira, Kaveripura - 960102",0,,0.0,,,,,,,,71,Valid and occupied,Visit,Unvisited address with complete description; schedule initial field visit
AD001603,AC001237,office,kyc_origination,2026-04-01,T1,"11th Cross, 6th Main, Milk Dairy hindhe, Kuvempu Layout, Kaveripura - 960102",0,,0.0,,,,,,,,76,Valid and occupied,Visit,Unvisited address with complete description; schedule initial field visit
AD001604,AC001238,residence,kyc_origination,2026-04-01,T1,"1st Cr, 8th Main, near Government School, Kalyana Ngr, Kaveripura",0,,0.0,,,,,,,,65,Valid and occupied,Visit,Unvisited address with complete description; schedule initial field visit
AD001605,AC001239,residence,kyc_origination,2026-04-01,T3,"#269, E Block, 4th Road, opposite Ration Shop, Lakeview Phase 2, Navanagara East - 980303",7,met_borrower,896.0,2.0,2.0,1.0,0.0,0.0,2.0,0.0,89,Valid and occupied,Visit,Borrower confirmed at address on prior visit; schedule visit
AD001606,AC001240,residence,kyc_origination,2026-04-01,T3,"No. 97, C Block, 3rd Road, opposite Mosque, Silver Oak Layout, Navanagara East - 980301",0,,0.0,,,,,,,,87,Valid and occupied,Visit,Unvisited address with complete description; schedule initial field visit
AD001607,AC001240,office,kyc_origination,2026-04-01,T3,"H.No. 452, Palm Meadows, Navanagara East - 980302",0,,0.0,,,,,,,,49,Valid and occupied,Visit,Unvisited address with complete description; schedule initial field visit
AD001608,AC001241,residence,kyc_origination,2026-04-01,T2,"#444, Park ke pass, Ambedkar Nagar, Devgarh Nagar - 970204",0,,0.0,,,,,,,,58,Valid and occupied,Visit,Unvisited address with complete description; schedule initial field visit
AD001609,AC001242,residence,kyc_origination,2026-04-01,T2,"No. 292, Gali No. 9, Ganesh Mandir ke pass, Ram Nagar, Devgarh Nagr - 970203",0,,0.0,,,,,,,,76,Valid and occupied,Visit,Unvisited address with complete description; schedule initial field visit
AD001610,AC001243,residence,kyc_origination,2026-04-01,T1,"NO. 177, CLOSE TO PDS SHOP, BASAVA NAGAR, KAVERIPURA - 960101",0,,0.0,,,,,,,,61,Valid and occupied,Visit,Unvisited address with complete description; schedule initial field visit
AD001611,AC001244,residence,kyc_origination,2026-04-01,T2,"गली नं. 10, Shivaji Nagar, Devgarh Nagar - 970202",0,,0.0,,,,,,,,49,Valid and occupied,Visit,Unvisited address with complete description; schedule initial field visit
AD001612,AC001245,residence,kyc_origination,2026-04-01,T2,"House 26, Gali no-3, Ward 2, Park ke saamne, Devgarh Nagar - 970202",0,,0.0,,,,,,,,67,Valid and occupied,Visit,Unvisited address with complete description; schedule initial field visit
AD001613,AC001245,office,kyc_origination,2026-04-01,T2,"Sai Residency, Galli No. 8, Indira Colony, Devgarh Nagar - 970202",0,,0.0,,,,,,,,65,Valid and occupied,Visit,Unvisited address with complete description; schedule initial field visit
AD001614,AC001246,residence,kyc_origination,2026-04-01,T2,"No. 202, Gali no-9, Ward 10, Ganesh Mandir ke saamne, Krishna Puri, Devgarh Nagar - 970202",0,,0.0,,,,,,,,90,Valid and occupied,Visit,Unvisited address with complete description; schedule initial field visit
AD001615,AC001247,residence,kyc_origination,2026-04-01,T1,"1ST X, 2ND MN, SARKARI SCHOOL KE PAAS, KALYANA NAGAR, KAVERIPURA - 960104",0,,0.0,,,,,,,,73,Valid and occupied,Visit,Unvisited address with complete description; schedule initial field visit
AD001616,AC001248,residence,kyc_origination,2026-04-01,T1,"11th Cross, 5th Main Rd, nr Bus Stand, Vidya Nagar, Kaveripura - 960103",4,neighbour_says_shifted,202.0,0.0,0.0,2.0,2.0,0.0,0.0,0.0,71,"Valid, but borrower usually absent",Change the visit time,Premises locked or met family; shift visit to evening/weekend slot
AD001617,AC001248,office,kyc_origination,2026-04-01,T1,"Anjaneya Badavane, Kaveripura - 960103",1,locked_premises,62.0,0.0,0.0,1.0,0.0,0.0,0.0,0.0,38,"Valid, but borrower usually absent",Change the visit time,Premises locked or met family; shift visit to evening/weekend slot
AD001618,AC001249,residence,kyc_origination,2026-04-01,T3,"200/2, Blk F, Rd 6, Jama Masjid ke samne, Teachers Colony, Navanagara East - 9803002",2,met_family,372.0,0.0,2.0,0.0,0.0,0.0,0.0,0.0,84,"Valid, but borrower usually absent",Change the visit time,Premises locked or met family; shift visit to evening/weekend slot
AD001619,AC001250,residence,kyc_origination,2026-04-01,T2,"NO. 283, GALI NO-9, DAK GHAR KE PAAS, KRISHNA PURI, DEVGARH NAGAR - 970202",4,met_borrower,395.0,3.0,0.0,0.0,0.0,0.0,0.0,1.0,74,Valid and occupied,Visit,Borrower confirmed at address on prior visit; schedule visit
AD001620,AC001251,residence,kyc_origination,2026-04-01,T3,"No. 472, Blk F, Rd 3, close to Government School, Orchid Enclave, Navanagara East - 980301",9,met_family,282.0,1.0,3.0,2.0,0.0,0.0,3.0,0.0,90,Valid and occupied,Visit,Borrower confirmed at address on prior visit; schedule visit
AD001621,AC001252,residence,kyc_origination,2026-04-01,T3,"F BLOCK, 2ND ROAD, SUNRISE ENCCLAVE, NAVANAGARA EAST - 980304",3,met_family,466.0,0.0,1.0,0.0,0.0,0.0,2.0,0.0,61,"Valid, but borrower usually absent",Change the visit time,Premises locked or met family; shift visit to evening/weekend slot
AD001622,AC001253,residence,kyc_origination,2026-04-01,T3,322/2 lakshmi nilaya blk b rd 6 nr. medical store teachers colony navanagara east - 980302,3,locked_premises,95.0,1.0,0.0,1.0,0.0,0.0,1.0,0.0,90,Valid and occupied,Visit,Borrower confirmed at address on prior visit; schedule visit
AD001623,AC001254,residence,kyc_origination,2026-04-01,T1,"Om Sai Complex, 4th Crs, 8th Main, nr Milk Dairy, Nehru Colny, Kiveripura - 960102",0,,0.0,,,,,,,,82,Valid and occupied,Visit,Unvisited address with complete description; schedule initial field visit
AD001624,AC001254,office,kyc_origination,2026-04-01,T1,"3rd Cross, 3rd Main Rd, Post Office ke pass, Vinayaka Nagar, Kaveripura - 960104",0,,0.0,,,,,,,,80,Valid and occupied,Visit,Unvisited address with complete description; schedule initial field visit
AD001625,AC001255,residence,kyc_origination,2026-04-01,T1,"No. 325, nr. Govt School, Vinayaka Nagar, Kaveripura - 960104",1,locked_premises,67.0,0.0,0.0,1.0,0.0,0.0,0.0,0.0,61,"Valid, but borrower usually absent",Change the visit time,Premises locked or met family; shift visit to evening/weekend slot
AD001626,AC001255,office,kyc_origination,2026-04-01,T1,"#104, 8th Cross, 7th Main, Basava Nagar, Kaveripura - 960101",1,locked_premises,185.0,0.0,0.0,1.0,0.0,0.0,0.0,0.0,60,"Valid, but borrower usually absent",Change the visit time,Premises locked or met family; shift visit to evening/weekend slot
AD001627,AC001256,residence,kyc_origination,2026-04-01,T2,"HOUSE 330, BESIDE MILK BOOTH, DEVGARH NAGAR - 970202",4,met_borrower,1404.0,2.0,1.0,1.0,0.0,0.0,0.0,0.0,52,Valid and occupied,Visit,Borrower confirmed at address on prior visit; schedule visit
AD001628,AC001257,residence,kyc_origination,2026-04-01,T2,"NO. 66, GALI 8, AZAD MOHALLA, DEVGARH NAGAR - 970203",2,locked_premises,60.0,0.0,0.0,1.0,0.0,0.0,1.0,0.0,52,"Valid, but borrower usually absent",Change the visit time,Premises locked or met family; shift visit to evening/weekend slot
AD001629,AC001258,residence,kyc_origination,2026-04-01,T1,no. 417 7th cross 3rd main nr. overhead tank gandhi ngr kaveripura - 9601102,2,neighbour_says_shifted,157.0,0.0,0.0,1.0,1.0,0.0,0.0,0.0,76,"Valid, but borrower usually absent",Change the visit time,Premises locked or met family; shift visit to evening/weekend slot
AD001630,AC001258,office,kyc_origination,2026-04-01,T1,house 223 12th cross 7th main rd anjaneya badavane kaveripura - 960103,6,met_borrower,740.0,2.0,0.0,2.0,0.0,0.0,1.0,1.0,70,Valid and occupied,Visit,Borrower confirmed at address on prior visit; schedule visit
AD001631,AC001259,residence,kyc_origination,2026-04-01,T2,"#283, Gali no-7, Ward 6, Devgarh Ngr - 970203",4,neighbour_says_shifted,252.0,0.0,0.0,1.0,3.0,0.0,0.0,0.0,45,"Valid, but borrower usually absent",Change the visit time,Premises locked or met family; shift visit to evening/weekend slot
AD001632,AC001259,permanent_native,kyc_origination,2026-04-01,OUT,"Village Hosahalli, Taluk B, District East - 991924",0,,0.0,,,,,,,,50,Valid and occupied,Visit,Unvisited address with complete description; schedule initial field visit
AD001633,AC001260,residence,kyc_origination,2026-04-01,T1,215/1 12th cross 1st main nyayabele angadi hattira siddeshwara colny kaveripura - 960102,1,met_borrower,1405.0,1.0,0.0,0.0,0.0,0.0,0.0,0.0,88,Valid and occupied,Visit,Borrower confirmed at address on prior visit; schedule visit
AD001634,AC001261,residence,kyc_origination,2026-04-01,T1,41/2 9th cr 3rd main bhd bus stand gandhi nagr kaveripura - 960102,0,,0.0,,,,,,,,66,Valid and occupied,Visit,Unvisited address with complete description; schedule initial field visit
AD001635,AC001262,residence,kyc_origination,2026-04-01,T3,"BLK E, RD 1, RAILWAY COLNY, NAVANAGARA EAST - 980304",0,,0.0,,,,,,,,52,Valid and occupied,Visit,Unvisited address with complete description; schedule initial field visit
AD001636,AC001262,permanent_native,kyc_origination,2026-04-01,OUT,"Village Rampura Kalan, Tehsil C, District West - 999517",0,,0.0,,,,,,,,55,Valid and occupied,Visit,Unvisited address with complete description; schedule initial field visit
AD001637,AC001263,residence,kyc_origination,2026-04-01,T2,"269/2, Gali no-1, Dawai ki Dukaan ke paas, Shivaji Ngr, Devgarh Nagr - 970202",1,address_not_traceable,104.0,0.0,0.0,0.0,0.0,0.0,1.0,0.0,77,Hard to find on the ground,Resolve the location (Problem Statement 3) before writing it off,Detailed address but agent could not locate pin (104s dwell); resolve geocode (PS3)
AD001638,AC001264,residence,kyc_origination,2026-04-01,T1,no. 407 gandhi nagar kaveripura - 960102,7,locked_premises,238.0,3.0,2.0,1.0,0.0,0.0,1.0,0.0,40,Valid and occupied,Visit,Borrower confirmed at address on prior visit; schedule visit
AD001639,AC001265,residence,kyc_origination,2026-04-01,T1,"H.NO. 179, 6TH CROSS, 8TH MAIN, NR. PDS SHOP, ANJANEYA BADAVANE, KAVERIPURA - 960104",0,,0.0,,,,,,,,84,Valid and occupied,Visit,Unvisited address with complete description; schedule initial field visit
AD001640,AC001266,residence,kyc_origination,2026-04-01,T3,h.no. 245 unity nagar navanagara east - 980302,0,,0.0,,,,,,,,46,Valid and occupied,Visit,Unvisited address with complete description; schedule initial field visit
AD001641,AC001267,residence,kyc_origination,2026-04-01,T3,"#283, Shanti Kunj, D Blk., 2nd Road, nr Kalyana Mantapa, Lakeview Phase 2, Navanagara East - 980303",1,address_not_traceable,130.0,0.0,0.0,0.0,0.0,0.0,1.0,0.0,99,Hard to find on the ground,Resolve the location (Problem Statement 3) before writing it off,Detailed address but agent could not locate pin (130s dwell); resolve geocode (PS3)
AD001642,AC001268,residence,kyc_origination,2026-04-01,T1,house 362 9th cross 3rd main close to ration shop kaveripura - 960102,0,,0.0,,,,,,,,69,Valid and occupied,Visit,Unvisited address with complete description; schedule initial field visit
AD001643,AC001269,residence,kyc_origination,2026-04-01,T2,गली नं. 4 ward 11 patel nagar devgarh nagar - 970202,0,,0.0,,,,,,,,52,Valid and occupied,Visit,Unvisited address with complete description; schedule initial field visit
AD001644,AC001270,residence,kyc_origination,2026-04-01,T2,"BAGICHA KE PAAS, AZAD MOHALLA, DEVGARH NGR - 970203",0,,0.0,,,,,,,,51,Valid and occupied,Visit,Unvisited address with complete description; schedule initial field visit
AD001645,AC001271,residence,kyc_origination,2026-04-01,T1,"7TH CRS, 1ST MAIN, NEHRU COLONY, KAVERIPURA - 960102",0,,0.0,,,,,,,,52,Valid and occupied,Visit,Unvisited address with complete description; schedule initial field visit
AD001646,AC001271,office,kyc_origination,2026-04-01,T1,"NO. 290, 11TH X, 6TH MAIN, NEAR MILK DAIRY, KUVEMPU LYT, KAVERIPURA - 960102",0,,0.0,,,,,,,,76,Valid and occupied,Visit,Unvisited address with complete description; schedule initial field visit
AD001647,AC001272,residence,kyc_origination,2026-04-01,T2,"225/2, Gali No. 5, close to Milk Booth, Subhash Naggar, Devgarh Nagar - 970201",8,met_family,393.0,1.0,5.0,2.0,0.0,0.0,0.0,0.0,78,Valid and occupied,Visit,Borrower confirmed at address on prior visit; schedule visit
AD001648,AC001272,permanent_native,kyc_origination,2026-04-01,OUT,"Village Rampura Kalan, Taluk B, District West - 995140",0,,0.0,,,,,,,,54,Valid and occupied,Visit,Unvisited address with complete description; schedule initial field visit
AD001649,AC001273,residence,kyc_origination,2026-04-01,T1,"H.NO. 198, 1ST CROSS, 1ST MAIN RD, NEHRU COLONY, KAVERIPURA - 960102",9,address_not_traceable,105.0,1.0,1.0,2.0,0.0,0.0,5.0,0.0,68,Valid and occupied,Visit,Borrower confirmed at address on prior visit; schedule visit
AD001650,AC001273,permanent_native,kyc_origination,2026-04-01,OUT,"Village Sundarpur, Taluk B, District West - 995739",0,,0.0,,,,,,,,50,Valid and occupied,Visit,Unvisited address with complete description; schedule initial field visit
AD001651,AC001274,residence,kyc_origination,2026-04-01,T1,"10th Cross, 6th Main, Basava Nagar, Kaveripura - 960101",2,locked_premises,155.0,0.0,0.0,2.0,0.0,0.0,0.0,0.0,55,"Valid, but borrower usually absent",Change the visit time,Premises locked or met family; shift visit to evening/weekend slot
AD001652,AC001275,residence,kyc_origination,2026-04-01,T2,"Gali 2, Jama Masjid ke saamne, Patel Nagar, Devgarh Nagar - 970202",2,locked_premises,79.0,0.0,0.0,1.0,0.0,1.0,0.0,0.0,66,"Valid, but borrower usually absent",Change the visit time,Premises locked or met family; shift visit to evening/weekend slot
AD001653,AC001276,residence,kyc_origination,2026-04-01,T1,h.no. 269 12th crs 4th main ನ್ಯಾಯಬೆಲೆ ಅಂಗಡಿ ಹತ್ತಿರ kuvempu layout kaevripura - 960102,2,address_not_traceable,64.0,0.0,1.0,0.0,0.0,0.0,1.0,0.0,85,Hard to find on the ground,Resolve the location (Problem Statement 3) before writing it off,Detailed address but agent could not locate pin (64s dwell); resolve geocode (PS3)
AD001654,AC001277,residence,kyc_origination,2026-04-01,T2,h.no. 430 ration ki dukaan ke paas azad mohalla devgarh nagar - 970202,6,address_not_traceable,53.0,0.0,0.0,2.0,3.0,0.0,1.0,0.0,70,"Valid, but borrower usually absent",Change the visit time,Premises locked or met family; shift visit to evening/weekend slot
AD001655,AC001278,residence,kyc_origination,2026-04-01,T1,"#273, 9TH CROSS, 3RD MN, NR WATER TANK, SHATHI NAGAR, KAVERIPURA - 960101",0,,0.0,,,,,,,,73,Valid and occupied,Visit,Unvisited address with complete description; schedule initial field visit
AD001656,AC001279,residence,kyc_origination,2026-04-01,T2,"H.No. 246, Gali no-6, nr. PDS Shop, Indira Colny, Devgaarh Nagar - 970202",1,no_such_person,103.0,0.0,0.0,0.0,0.0,1.0,0.0,0.0,73,Borrower has moved,Trace the new address,Neighbours or occupants confirmed borrower relocated; trace new address
AD001657,AC001279,office,kyc_origination,2026-04-01,T2,bagicha ke piche devgarh ngr - 970203,0,,0.0,,,,,,,,37,Valid and occupied,Visit,Unvisited address with complete description; schedule initial field visit
AD001658,AC001280,residence,kyc_origination,2026-04-01,T3,"No. 378, Blk F, Rd 5, Hanuman Mandir ke paas, Sunrise Enclave, Navanagara East",0,,0.0,,,,,,,,78,Valid and occupied,Visit,Unvisited address with complete description; schedule initial field visit
AD001659,AC001280,office,kyc_origination,2026-04-01,T3,"427/3, D Block, 6th Rd, ಸರ್ಕಾರಿ ಶಾಲೆ ಹತ್ತಿರ, Railway Colony, Navanagara East - 980304",0,,0.0,,,,,,,,85,Valid and occupied,Visit,Unvisited address with complete description; schedule initial field visit
AD001660,AC001281,residence,kyc_origination,2026-04-01,T2,"78/1, GALI NO-4, AZAD MOHALLA, DEVGARH NAGAR - 970203",1,met_family,472.0,0.0,1.0,0.0,0.0,0.0,0.0,0.0,53,"Valid, but borrower usually absent",Change the visit time,Premises locked or met family; shift visit to evening/weekend slot
AD001661,AC001281,permanent_native,kyc_origination,2026-04-01,OUT,"Village Bilagi, Tehsil C, District West - 996765",0,,0.0,,,,,,,,48,Valid and occupied,Visit,Unvisited address with complete description; schedule initial field visit
AD001662,AC001282,residence,kyc_origination,2026-04-01,T2,"H.No. 302, गली नं. 12, Ambedkar Nagar, Devgarh Nagar - 970204",7,met_family,524.0,2.0,3.0,1.0,0.0,0.0,1.0,0.0,61,Valid and occupied,Visit,Borrower confirmed at address on prior visit; schedule visit
AD001663,AC001282,office,kyc_origination,2026-04-01,T2,"House 238, Gali no-1, close to Mosque, Shastri Nagr, Devgarh Nagar - 970201",0,,0.0,,,,,,,,75,Valid and occupied,Visit,Unvisited address with complete description; schedule initial field visit
AD001664,AC001283,residence,kyc_origination,2026-04-01,T2,"Sri Krishna Nivas, close to Milk Dairy, Patel Nagar, Devgarh Nagar - 970202",1,met_borrower,629.0,1.0,0.0,0.0,0.0,0.0,0.0,0.0,75,Valid and occupied,Visit,Borrower confirmed at address on prior visit; schedule visit
AD001665,AC001284,residence,kyc_origination,2026-04-01,T3,"MILK DAIRY PAKKADALLI, SUNRISE ENCLAVE, NAVANAGARA EAST - 980304",0,,0.0,,,,,,,,64,Valid and occupied,Visit,Unvisited address with complete description; schedule initial field visit
AD001666,AC001284,office,kyc_origination,2026-04-01,T3,"NO. 434, NR. MILK BOOTH, PALM MEADOWS, NAVANAGARA EAST - 980302",0,,0.0,,,,,,,,63,Valid and occupied,Visit,Unvisited address with complete description; schedule initial field visit
AD001667,AC001285,residence,kyc_origination,2026-04-01,T3,"House 469, Blk D, Rd 3, nr. PDS Shop, Royal Gardens, Navanagara East - 980303",0,,0.0,,,,,,,,77,Valid and occupied,Visit,Unvisited address with complete description; schedule initial field visit
AD001668,AC001285,permanent_native,kyc_origination,2026-04-01,OUT,"Village Chikkapura, Taluk B, District South - 998734",0,,0.0,,,,,,,,52,Valid and occupied,Visit,Unvisited address with complete description; schedule initial field visit
AD001669,AC001286,residence,kyc_origination,2026-04-01,T1,no. 153 nehru colny kaveripura - 960102,0,,0.0,,,,,,,,39,Valid and occupied,Visit,Unvisited address with complete description; schedule initial field visit
AD001670,AC001286,permanent_native,kyc_origination,2026-04-01,OUT,"Village Chikkapura, Taluk B, District West - 991658",0,,0.0,,,,,,,,51,Valid and occupied,Visit,Unvisited address with complete description; schedule initial field visit
AD001671,AC001287,residence,kyc_origination,2026-04-01,T1,"3RD CROSS, 7TH MAIN, VIDYA NGR, KAVERIPURA - 960103",0,,0.0,,,,,,,,51,Valid and occupied,Visit,Unvisited address with complete description; schedule initial field visit
AD001672,AC001287,permanent_native,kyc_origination,2026-04-01,OUT,"Village Bilagi, Taluk B, District South - 991425",0,,0.0,,,,,,,,48,Valid and occupied,Visit,Unvisited address with complete description; schedule initial field visit
AD001673,AC001288,residence,kyc_origination,2026-04-01,T2,"No. 329, Gali 12, Patel Nagar, Devgarh Nagr",7,neighbour_says_shifted,225.0,0.0,0.0,2.0,3.0,2.0,0.0,0.0,43,"Valid, but borrower usually absent",Change the visit time,Premises locked or met family; shift visit to evening/weekend slot
AD001674,AC001289,residence,kyc_origination,2026-04-01,T3,"H.NO. 293, SHANTI KUNJ, A BLOCK, 1ST ROAD, PALM MEADOWS, NAVANAGARA EAST - 980302",0,,0.0,,,,,,,,81,Valid and occupied,Visit,Unvisited address with complete description; schedule initial field visit
AD001675,AC001289,permanent_native,kyc_origination,2026-04-01,OUT,"Village Devipur, Taluk B, District North - 999331",0,,0.0,,,,,,,,49,Valid and occupied,Visit,Unvisited address with complete description; schedule initial field visit
AD001676,AC001290,residence,kyc_origination,2026-04-01,T1,"HOUSE 248, OM SAI COMPLEX, KAVERIPURA - 960102",5,locked_premises,163.0,0.0,1.0,3.0,0.0,0.0,1.0,0.0,46,"Valid, but borrower usually absent",Change the visit time,Premises locked or met family; shift visit to evening/weekend slot
AD001677,AC001290,office,kyc_origination,2026-04-01,T1,"#254, 12TH CROSS, 6TH MN, CLOSE TO CHURCH, BASAVA NAGAR, KAVERIPURA - 960101",1,met_borrower,1006.0,1.0,0.0,0.0,0.0,0.0,0.0,0.0,76,Valid and occupied,Visit,Borrower confirmed at address on prior visit; schedule visit
AD001678,AC001291,residence,kyc_origination,2026-04-01,T2,"गली नं. 3, WARD 2, मेडिकल स्टोर के पास, INDIRA COL, DEVGARH NAGR - 970202",0,,0.0,,,,,,,,73,Valid and occupied,Visit,Unvisited address with complete description; schedule initial field visit
AD001679,AC001292,residence,kyc_origination,2026-04-01,T2,house 433 gali 5 opp. milk booth subhash nagar devgarh nagar - 970201,0,,0.0,,,,,,,,69,Valid and occupied,Visit,Unvisited address with complete description; schedule initial field visit
AD001680,AC001293,residence,kyc_origination,2026-04-01,T2,"Gali No. 2, Masjid ke pass, Patel Nagar, Devgarh Nagar - 970202",1,met_family,492.0,0.0,1.0,0.0,0.0,0.0,0.0,0.0,63,"Valid, but borrower usually absent",Change the visit time,Premises locked or met family; shift visit to evening/weekend slot
AD001681,AC001294,residence,kyc_origination,2026-04-01,T3,"Blk C, Rd 5, close to Water Tank, Navanagara East - 980304",0,,0.0,,,,,,,,58,Valid and occupied,Visit,Unvisited address with complete description; schedule initial field visit
AD001682,AC001295,residence,kyc_origination,2026-04-01,T2,"#215, Shastri Nagar, Devgarh Nagar - 970201",7,neighbour_says_shifted,379.0,0.0,0.0,2.0,3.0,2.0,0.0,0.0,43,"Valid, but borrower usually absent",Change the visit time,Premises locked or met family; shift visit to evening/weekend slot
AD001683,AC001296,residence,kyc_origination,2026-04-01,T2,"House 18, गली नं. 6, पानी की टंकी के पास, Krishna Puri, Devgarh Nagar - 970202",6,met_family,497.0,1.0,3.0,1.0,0.0,0.0,1.0,0.0,78,Valid and occupied,Visit,Borrower confirmed at address on prior visit; schedule visit
AD001684,AC001296,office,kyc_origination,2026-04-01,T2,"142/3, Gali 11, Ward 8, Azaad Mohalla, Devgarh Nagar - 970203",1,address_not_traceable,90.0,0.0,0.0,0.0,0.0,0.0,1.0,0.0,61,Hard to find on the ground,Resolve the location (Problem Statement 3) before writing it off,Detailed address but agent could not locate pin (90s dwell); resolve geocode (PS3)
AD001685,AC001297,residence,kyc_origination,2026-04-01,T3,"BLK E, RD 4, NR BUS STOP, ROYAL GARDENS, NAVANAGARA EAST - 980303",0,,0.0,,,,,,,,65,Valid and occupied,Visit,Unvisited address with complete description; schedule initial field visit
AD001686,AC001297,office,kyc_origination,2026-04-01,T3,"HOUSE 462, GANGA APARTMENTS, ROYAL GARDENS, NAVANAGARA EAST - 980303",0,,0.0,,,,,,,,68,Valid and occupied,Visit,Unvisited address with complete description; schedule initial field visit
AD001687,AC001298,residence,kyc_origination,2026-04-01,T3,"35/3, BLK A, RD 2, RAILWAY COL, NAVANAGARA EAST - 980304",5,locked_premises,235.0,0.0,1.0,2.0,0.0,0.0,1.0,1.0,56,"Valid, but borrower usually absent",Change the visit time,Premises locked or met family; shift visit to evening/weekend slot
AD001688,AC001298,permanent_native,kyc_origination,2026-04-01,OUT,"Village Sundarpur, Tehsil C, District South - 994593",0,,0.0,,,,,,,,52,Valid and occupied,Visit,Unvisited address with complete description; schedule initial field visit
AD001689,AC001299,residence,kyc_origination,2026-04-01,T2,"HOUSE 314, गली नं. 4, चर्च के पीछे, SHASTRI NGR, DEVGARH NGR",4,met_borrower,453.0,3.0,0.0,1.0,0.0,0.0,0.0,0.0,60,Valid and occupied,Visit,Borrower confirmed at address on prior visit; schedule visit
AD001690,AC001300,residence,kyc_origination,2026-04-01,T2,"Shivaji Nagar, Devgarh Nagar - 970202",0,,0.0,,,,,,,,37,Valid and occupied,Visit,Unvisited address with complete description; schedule initial field visit
AD001691,AC001301,residence,kyc_origination,2026-04-01,T3,"#238, Blk A, Rd 2, Ration Angdi edhuru, Unity Nagar, Navanagara East - 980302",0,,0.0,,,,,,,,77,Valid and occupied,Visit,Unvisited address with complete description; schedule initial field visit
AD001692,AC001302,residence,kyc_origination,2026-04-01,T3,"OM SAI COMPLEX, A BLOCK, 4TH ROAD, RAILWAY COLONY, NAVANAGARA EAST - 980304",2,neighbour_says_shifted,386.0,0.0,0.0,0.0,2.0,0.0,0.0,0.0,75,Borrower has moved,Trace the new address,Neighbours or occupants confirmed borrower relocated; trace new address
AD001693,AC001303,residence,kyc_origination,2026-04-01,T2,"130/1, Glai No. 12, Hanuman Mandir ke samne, Ambedkar Nagar, Devgarh Ngr - 970204",1,met_family,460.0,0.0,1.0,0.0,0.0,0.0,0.0,0.0,81,"Valid, but borrower usually absent",Change the visit time,Premises locked or met family; shift visit to evening/weekend slot
AD001694,AC001304,residence,kyc_origination,2026-04-01,T2,"H.No. 322, Gali no-5, Ward 11, opposite Pharmacy, Patel Nagar, Devgarh Nagar - 970202",3,met_family,292.0,2.0,1.0,0.0,0.0,0.0,0.0,0.0,85,Valid and occupied,Visit,Borrower confirmed at address on prior visit; schedule visit
AD001695,AC001305,residence,kyc_origination,2026-04-01,T1,"No. 18, Nehru Colony, Kaveripura",3,met_borrower,363.0,2.0,0.0,0.0,0.0,0.0,1.0,0.0,32,Valid and occupied,Visit,Borrower confirmed at address on prior visit; schedule visit
AD001696,AC001306,residence,kyc_origination,2026-04-01,T3,"Blk F, Rd 5, Railway Colony, Navanagara East - 980301",0,,0.0,,,,,,,,53,Valid and occupied,Visit,Unvisited address with complete description; schedule initial field visit
AD001697,AC001307,residence,kyc_origination,2026-04-01,T2,no. 148 gai no-12 petrol pump ke samne azad mohalla devgarh nagar - 970203,9,met_family,400.0,4.0,2.0,2.0,0.0,0.0,0.0,1.0,74,Valid and occupied,Visit,Borrower confirmed at address on prior visit; schedule visit
AD001698,AC001308,residence,kyc_origination,2026-04-01,T1,"Om Sai Complex, 2nd Cross, 6th Main, Anjaneya Swamy Temple hattira, Kuvempu Lyt, Kaveripura - 960102",0,,0.0,,,,,,,,100,Valid and occupied,Visit,Unvisited address with complete description; schedule initial field visit
AD001699,AC001308,office,kyc_origination,2026-04-01,T1,"#96, 12th Cross, 4th Main Rd, Ashoka Layout, Kaveripura - 960104",0,,0.0,,,,,,,,64,Valid and occupied,Visit,Unvisited address with complete description; schedule initial field visit
AD001700,AC001309,residence,kyc_origination,2026-04-01,T2,"GALI NO-5, COMMUNITY HALL KE PASS, NEHRU COLONY, DEVGARH NAGR - 970203",3,met_family,358.0,1.0,2.0,0.0,0.0,0.0,0.0,0.0,70,Valid and occupied,Visit,Borrower confirmed at address on prior visit; schedule visit
AD001701,AC001310,residence,kyc_origination,2026-04-01,T3,"B Block, 5th Road, ಬಸ್ ನಿಲ್ದಾಣ ಹತ್ತಿರ, Royal Gardens, Navanagara East - 980303",0,,0.0,,,,,,,,78,Valid and occupied,Visit,Unvisited address with complete description; schedule initial field visit
AD001702,AC001311,residence,kyc_origination,2026-04-01,T1,"4th X, 2nd Main, nr Masjid, Nehru Colony, Kaveripura - 960102",4,met_borrower,910.0,1.0,1.0,2.0,0.0,0.0,0.0,0.0,61,Valid and occupied,Visit,Borrower confirmed at address on prior visit; schedule visit
AD001703,AC001312,residence,kyc_origination,2026-04-01,T2,"Gali 5, Post Office ke pass, Subhash Nagar, Devgarh Nagar - 970204",0,,0.0,,,,,,,,66,Valid and occupied,Visit,Unvisited address with complete description; schedule initial field visit
AD001704,AC001312,office,kyc_origination,2026-04-01,T2,"251/2, Shastri Nagr, Devgarh Ngr - 970201",0,,0.0,,,,,,,,41,Valid and occupied,Visit,Unvisited address with complete description; schedule initial field visit
AD001705,AC001313,residence,kyc_origination,2026-04-01,T3,"F BLOCK, 2ND ROAD, NR WATER TANK, DEFENCE COL, NAVANAGARA EAST - 980301",0,,0.0,,,,,,,,71,Valid and occupied,Visit,Unvisited address with complete description; schedule initial field visit
AD001706,AC001314,residence,kyc_origination,2026-04-01,T3,"House 28, Blk B, Rd 3, near Overhead Tank, Palm Meadows, Navanagara East",7,address_not_traceable,116.0,0.0,0.0,0.0,4.0,1.0,2.0,0.0,72,Borrower has moved,Trace the new address,Neighbours or occupants confirmed borrower relocated; trace new address
AD001707,AC001315,residence,kyc_origination,2026-04-01,T2,"No. 346, Gali no-3, Ganesh Mandir ke paas, Ambedkar Nagar, Devgarh Ngr - 970204",0,,0.0,,,,,,,,79,Valid and occupied,Visit,Unvisited address with complete description; schedule initial field visit
AD001708,AC001315,permanent_native,kyc_origination,2026-04-01,OUT,"Village Devipur, Tehsil D, District South - 996566",0,,0.0,,,,,,,,50,Valid and occupied,Visit,Unvisited address with complete description; schedule initial field visit
AD001709,AC001316,residence,kyc_origination,2026-04-01,T1,house 386 behind church basava ngr kaveripura - 960102,0,,0.0,,,,,,,,54,Valid and occupied,Visit,Unvisited address with complete description; schedule initial field visit
AD001710,AC001317,residence,kyc_origination,2026-04-01,T2,"109/3, Gali No. 3, nr. Masjid, Tilak Nagar, Devgarh Nagr - 970204",0,,0.0,,,,,,,,65,Valid and occupied,Visit,Unvisited address with complete description; schedule initial field visit
AD001711,AC001318,residence,kyc_origination,2026-04-01,T1,"H.No. 314, 2nd Cross, 1st Main, Gandhi Nagar, Kaveripura - 960102",0,,0.0,,,,,,,,65,Valid and occupied,Visit,Unvisited address with complete description; schedule initial field visit
AD001712,AC001319,residence,kyc_origination,2026-04-01,T2,"#90, Gali 9, bhd Medical Store, Nehru Col, Devgarh Nagaar - 970203",8,neighbour_says_shifted,370.0,0.0,0.0,2.0,2.0,3.0,1.0,0.0,66,"Valid, but borrower usually absent",Change the visit time,Premises locked or met family; shift visit to evening/weekend slot
AD001713,AC001320,residence,kyc_origination,2026-04-01,T2,"#222, Gali 6, nr Medical Store, Patel Nagar, Devgarh Ngr - 970202",7,locked_premises,82.0,2.0,4.0,1.0,0.0,0.0,0.0,0.0,65,Valid and occupied,Visit,Borrower confirmed at address on prior visit; schedule visit
AD001714,AC001320,office,kyc_origination,2026-04-01,T2,"#71, Green View Apts, Gali 10, Ram Ngr, Devgarh Nagar - 970203",1,neighbour_says_shifted,120.0,0.0,0.0,0.0,1.0,0.0,0.0,0.0,62,Borrower has moved,Trace the new address,Neighbours or occupants confirmed borrower relocated; trace new address
AD001715,AC001321,residence,kyc_origination,2026-04-01,T3,no. 197 blk e rd 3 navaangara east - 980301,8,met_borrower,521.0,3.0,1.0,1.0,0.0,0.0,3.0,0.0,43,Valid and occupied,Visit,Borrower confirmed at address on prior visit; schedule visit
AD001716,AC001322,residence,kyc_origination,2026-04-01,T2,no. 404 gali no-8 near post office patel nagr devgarh nagar - 970202,0,,0.0,,,,,,,,68,Valid and occupied,Visit,Unvisited address with complete description; schedule initial field visit
AD001717,AC001322,office,kyc_origination,2026-04-01,T2,"No. 174, Gali no-12, Dawai ki Dukaan ke paas, Ram Nagar, Devgarh Nagar - 970203",0,,0.0,,,,,,,,79,Valid and occupied,Visit,Unvisited address with complete description; schedule initial field visit
AD001718,AC001323,residence,kyc_origination,2026-04-01,T3,"House 212, E Blk, 5th Road, nr Milk Dairy, Sunrise Enclave, Navanagara East - 980304",0,,0.0,,,,,,,,84,Valid and occupied,Visit,Unvisited address with complete description; schedule initial field visit
AD001719,AC001324,residence,kyc_origination,2026-04-01,T3,"Blk C, Rd 4, Sunrise Enclave, Navanagara East - 980304",0,,0.0,,,,,,,,54,Valid and occupied,Visit,Unvisited address with complete description; schedule initial field visit
AD001720,AC001325,residence,kyc_origination,2026-04-01,T2,"41/2, Gali no-11, Ward 2, Dak Ghar ke pass, Idnira Colony, Devgarh Nagar - 970202",2,met_family,406.0,0.0,1.0,0.0,0.0,0.0,1.0,0.0,81,"Valid, but borrower usually absent",Change the visit time,Premises locked or met family; shift visit to evening/weekend slot
AD001721,AC001326,residence,kyc_origination,2026-04-01,T1,"3RD X, 2ND MAIN, ಚರ್ಚ್ ಹಿಂದೆ, GANDHI NAGRA, KAVERIPURA - 960102",1,address_not_traceable,65.0,0.0,0.0,0.0,0.0,0.0,1.0,0.0,63,Hard to find on the ground,Resolve the location (Problem Statement 3) before writing it off,Detailed address but agent could not locate pin (65s dwell); resolve geocode (PS3)
AD001722,AC001327,residence,kyc_origination,2026-04-01,T3,272/3 blk c rd 5 navanagara east - 980304,6,met_family,502.0,1.0,3.0,1.0,0.0,0.0,1.0,0.0,41,Valid and occupied,Visit,Borrower confirmed at address on prior visit; schedule visit
AD001723,AC001328,residence,kyc_origination,2026-04-01,T3,"H.No. 297, A Block, 4th Road, near Church, Teachers Colony, Navanagara East - 980302",0,,0.0,,,,,,,,84,Valid and occupied,Visit,Unvisited address with complete description; schedule initial field visit
AD001724,AC001329,residence,kyc_origination,2026-04-01,T1,"Siddeshwara Colny, Kaveripura - 960102",2,address_not_traceable,58.0,0.0,0.0,0.0,0.0,0.0,2.0,0.0,38,Hard to find on the ground,Resolve the location (Problem Statement 3) before writing it off,Detailed address but agent could not locate pin (58s dwell); resolve geocode (PS3)
AD001725,AC001330,residence,kyc_origination,2026-04-01,T1,"#427, 8th Cross, 6th Main, behind PDS Shop, Kaveripura - 960102",2,met_borrower,601.0,1.0,0.0,0.0,0.0,0.0,1.0,0.0,63,Valid and occupied,Visit,Borrower confirmed at address on prior visit; schedule visit
AD001726,AC001331,residence,kyc_origination,2026-04-01,T2,"Gali 11, Nehru Colony, Devgarh Nagar - 970203",8,address_not_traceable,194.0,0.0,2.0,4.0,0.0,0.0,2.0,0.0,45,"Valid, but borrower usually absent",Change the visit time,Premises locked or met family; shift visit to evening/weekend slot
AD001727,AC001332,residence,kyc_origination,2026-04-01,T1,"HOUSE 342, SRI KRISHNA NIVAS, KAVERIPURA - 960103",1,address_not_traceable,85.0,0.0,0.0,0.0,0.0,0.0,1.0,0.0,49,Hard to find on the ground,Resolve the location (Problem Statement 3) before writing it off,Detailed address but agent could not locate pin (85s dwell); resolve geocode (PS3)
AD001728,AC001332,permanent_native,kyc_origination,2026-04-01,OUT,"Village Mallapura, Taluk A, District West - 996788",0,,0.0,,,,,,,,50,Valid and occupied,Visit,Unvisited address with complete description; schedule initial field visit
AD001729,AC001333,residence,kyc_origination,2026-04-01,T3,396/3 blk d rd 3 masidi hattira defence colony navanagara east - 980301,0,,0.0,,,,,,,,71,Valid and occupied,Visit,Unvisited address with complete description; schedule initial field visit
AD001730,AC001334,residence,kyc_origination,2026-04-01,T1,3rd cross 7th mn vinayaka nagr kaveripura - 960104,0,,0.0,,,,,,,,50,Valid and occupied,Visit,Unvisited address with complete description; schedule initial field visit
AD001731,AC001335,residence,kyc_origination,2026-04-01,T2,160/2 gali 9 barat ghar ke pass patel nagar devgarh nagr - 970202,6,met_borrower,1267.0,4.0,1.0,0.0,0.0,0.0,1.0,0.0,65,Valid and occupied,Visit,Borrower confirmed at address on prior visit; schedule visit
AD001732,AC001336,residence,kyc_origination,2026-04-01,T1,h.no. 323 lakshmi nilaya 1st cross 4th main nyayabele angadi hattira shanthi nagar kaveripura - 960101,1,met_family,503.0,0.0,1.0,0.0,0.0,0.0,0.0,0.0,102,"Valid, but borrower usually absent",Change the visit time,Premises locked or met family; shift visit to evening/weekend slot
AD001733,AC001337,residence,kyc_origination,2026-04-01,T2,"Gali no-8, Hanuman Mandir ke piche, Subhash Ngr, Devgarh Nagar - 970201",1,address_not_traceable,68.0,0.0,0.0,0.0,0.0,0.0,1.0,0.0,71,Hard to find on the ground,Resolve the location (Problem Statement 3) before writing it off,Detailed address but agent could not locate pin (68s dwell); resolve geocode (PS3)
AD001734,AC001338,residence,kyc_origination,2026-04-01,T3,"#212, BLK A, RD 4, CLOSE TO MILK DAIRY, RAILWAY COLONY, NAVANAGARA EAST",8,met_family,258.0,1.0,2.0,2.0,0.0,0.0,3.0,0.0,71,Valid and occupied,Visit,Borrower confirmed at address on prior visit; schedule visit
AD001735,AC001339,residence,kyc_origination,2026-04-01,T1,h.no. 470 opp. govt school vinayaka ngr kaveripura - 960104,0,,0.0,,,,,,,,59,Valid and occupied,Visit,Unvisited address with complete description; schedule initial field visit
AD001736,AC001340,residence,kyc_origination,2026-04-01,T1,"7TH CROSS, 7TH MAIN, NR GOVT SCHOOL, HOSA BADAVANE, KAVERIPURA - 960101",0,,0.0,,,,,,,,71,Valid and occupied,Visit,Unvisited address with complete description; schedule initial field visit
AD001737,AC001340,permanent_native,kyc_origination,2026-04-01,OUT,"Village Devipur, Taluk A, District West - 991812",0,,0.0,,,,,,,,48,Valid and occupied,Visit,Unvisited address with complete description; schedule initial field visit
AD001738,AC001341,residence,kyc_origination,2026-04-01,T1,6th crs 1st main ಚರ್ಚ್ ಹತ್ತಿರ hosa badavane kaveripura - 960101,5,met_family,392.0,0.0,3.0,2.0,0.0,0.0,0.0,0.0,63,"Valid, but borrower usually absent",Change the visit time,Premises locked or met family; shift visit to evening/weekend slot
AD001739,AC001342,residence,kyc_origination,2026-04-01,T1,"H.NO. 421, 2ND CROSS, 2ND MAIN, KAVERIPURA",0,,0.0,,,,,,,,42,Valid and occupied,Visit,Unvisited address with complete description; schedule initial field visit
AD001740,AC001342,office,kyc_origination,2026-04-01,T1,"7TH CROSS, 8TH MAIN, NEAR MASJID, ANJANEYA BADAVANE, KAVERIPURA - 960103",0,,0.0,,,,,,,,72,Valid and occupied,Visit,Unvisited address with complete description; schedule initial field visit
AD001741,AC001343,residence,kyc_origination,2026-04-01,T2,no. 141 gali 9 hanuman mandir ke paas patel nagar devgarh nagar - 972002,6,met_borrower,1303.0,1.0,2.0,3.0,0.0,0.0,0.0,0.0,72,Valid and occupied,Visit,Borrower confirmed at address on prior visit; schedule visit
AD001742,AC001344,residence,kyc_origination,2026-04-01,T1,70/2 7th crss 1st main near mosque basava ngr kaveripura - 960101,2,met_borrower,712.0,2.0,0.0,0.0,0.0,0.0,0.0,0.0,65,Valid and occupied,Visit,Borrower confirmed at address on prior visit; schedule visit
AD001743,AC001345,residence,kyc_origination,2026-04-01,T2,"433//2, Gali 10, Ganesh Mandir ke pass, Azad Mohalla, Devgarh Nagar",3,locked_premises,221.0,1.0,0.0,2.0,0.0,0.0,0.0,0.0,67,Valid and occupied,Visit,Borrower confirmed at address on prior visit; schedule visit
AD001744,AC001346,residence,kyc_origination,2026-04-01,T3,#28 blk e rd 1 ಪೆಟ್ರೋಲ್ ಬಂಕ್ ಹತ್ತಿರ railway colony navanagara east,0,,0.0,,,,,,,,66,Valid and occupied,Visit,Unvisited address with complete description; schedule initial field visit
AD001745,AC001347,residence,kyc_origination,2026-04-01,T3,"#196, Blk E, Rd 4, Orchid Enclave, Navanagara East - 980301",0,,0.0,,,,,,,,59,Valid and occupied,Visit,Unvisited address with complete description; schedule initial field visit
AD001746,AC001348,residence,kyc_origination,2026-04-01,T1,"10th Cross, 6th Main, Ration Dukan ke bagal mein, Nehru Colony, Kaveripura - 960102",9,met_family,364.0,2.0,4.0,2.0,0.0,0.0,1.0,0.0,83,Valid and occupied,Visit,Borrower confirmed at address on prior visit; schedule visit
AD001747,AC001349,residence,kyc_origination,2026-04-01,T3,"#239, Blk F, Rd 6, opp. Park, Defence Colony, Navanagara East - 980301",0,,0.0,,,,,,,,70,Valid and occupied,Visit,Unvisited address with complete description; schedule initial field visit
AD001748,AC001350,residence,kyc_origination,2026-04-01,T3,419/3 b block 3rd road near hanuman temple lakeview phase 2 navanagara east - 980303,3,met_borrower,628.0,1.0,0.0,2.0,0.0,0.0,0.0,0.0,84,Valid and occupied,Visit,Borrower confirmed at address on prior visit; schedule visit
AD001749,AC001350,office,kyc_origination,2026-04-01,T3,f block 5th rd. near medicals navanagara east - 980303,2,address_not_traceable,41.0,0.0,0.0,0.0,0.0,0.0,2.0,0.0,54,Hard to find on the ground,Resolve the location (Problem Statement 3) before writing it off,Detailed address but agent could not locate pin (41s dwell); resolve geocode (PS3)
AD001750,AC001351,residence,kyc_origination,2026-04-01,T2,"nr Ganapathi Temple, Gandhi Basti, Devgarh Nagar - 970203",0,,0.0,,,,,,,,57,Valid and occupied,Visit,Unvisited address with complete description; schedule initial field visit
AD001751,AC001352,residence,kyc_origination,2026-04-01,T3,"370/2, Blk C, Rd 3, nr. Mosque, HMT Colny, Navanagara East - 980301",0,,0.0,,,,,,,,67,Valid and occupied,Visit,Unvisited address with complete description; schedule initial field visit
AD001752,AC001353,residence,kyc_origination,2026-04-01,T2,#40 gali no-4 ward 11 masjid ke pass patel ngr devgarh ngr - 970202,9,neighbour_says_shifted,267.0,0.0,0.0,0.0,5.0,2.0,2.0,0.0,67,Borrower has moved,Trace the new address,Neighbours or occupants confirmed borrower relocated; trace new address
AD001753,AC001354,residence,kyc_origination,2026-04-01,T1,296/3 8th cross 6th main nr community hall gandhi ngr kaveripura - 960102,9,locked_premises,66.0,2.0,3.0,3.0,0.0,0.0,1.0,0.0,73,Valid and occupied,Visit,Borrower confirmed at address on prior visit; schedule visit
AD001754,AC001355,residence,kyc_origination,2026-04-01,T3,"H.No. 185, Shanti Kunj, Blk F, Rd 4, Silver Oak Layout, Navanagara East - 980301",9,locked_premises,150.0,0.0,0.0,4.0,3.0,2.0,0.0,0.0,80,"Valid, but borrower usually absent",Change the visit time,Premises locked or met family; shift visit to evening/weekend slot
AD001755,AC001356,residence,kyc_origination,2026-04-01,T3,"H.No. 20, Blk D, Rd 4, near Bus Stand, Navanagara East - 980302",6,address_not_traceable,77.0,0.0,2.0,0.0,0.0,0.0,4.0,0.0,63,Hard to find on the ground,Resolve the location (Problem Statement 3) before writing it off,Detailed address but agent could not locate pin (77s dwell); resolve geocode (PS3)
AD001756,AC001356,office,kyc_origination,2026-04-01,T3,"A Block, 6th Road, close to Church, Defence Colony, Navanagara East - 980302",1,neighbour_says_shifted,138.0,0.0,0.0,0.0,1.0,0.0,0.0,0.0,76,Borrower has moved,Trace the new address,Neighbours or occupants confirmed borrower relocated; trace new address
AD001757,AC001357,residence,kyc_origination,2026-04-01,T1,"#255, 7th Cross, 1st Main, Shanthi Nagar, Kaveripura - 960101",0,,0.0,,,,,,,,61,Valid and occupied,Visit,Unvisited address with complete description; schedule initial field visit
AD001758,AC001358,residence,kyc_origination,2026-04-01,T1,h.no. 98 1st cross 5th main medical store ke paas hosa badavane kaveripura - 960101,0,,0.0,,,,,,,,83,Valid and occupied,Visit,Unvisited address with complete description; schedule initial field visit
AD001759,AC001358,office,kyc_origination,2026-04-01,T1,no. 209 10th cross 2nd main samudaya bhavana hindhe vinayaka nagar kaveripura - 960104,0,,0.0,,,,,,,,86,Valid and occupied,Visit,Unvisited address with complete description; schedule initial field visit
AD001760,AC001359,residence,kyc_origination,2026-04-01,T1,house 186 4th cross 8th main rd nr ration shop nehru colony kaveripura - 960102,3,met_family,263.0,1.0,2.0,0.0,0.0,0.0,0.0,0.0,79,Valid and occupied,Visit,Borrower confirmed at address on prior visit; schedule visit
AD001761,AC001360,residence,kyc_origination,2026-04-01,T2,"No. 262, Gali no-9, Subhash Nagar, Devgarh Ngr - 970201",2,met_family,389.0,0.0,2.0,0.0,0.0,0.0,0.0,0.0,55,"Valid, but borrower usually absent",Change the visit time,Premises locked or met family; shift visit to evening/weekend slot
AD001762,AC001360,permanent_native,kyc_origination,2026-04-01,OUT,"Village Hosahalli, Tehsil C, District East - 995352",0,,0.0,,,,,,,,51,Valid and occupied,Visit,Unvisited address with complete description; schedule initial field visit
AD001763,AC001361,residence,kyc_origination,2026-04-01,T3,"C BLOCK, 3RD RD, NR POST OFFICE, SILVER OAK LAYOUT, NAVANAGARA EAST - 980301",0,,0.0,,,,,,,,76,Valid and occupied,Visit,Unvisited address with complete description; schedule initial field visit
AD001764,AC001362,residence,kyc_origination,2026-04-01,T1,"#123, 10TH CROSS, 6TH MAIN, BEHIND PETROL PUMP, VINAYAKA NAGAR, KAVERIPURA - 960104",0,,0.0,,,,,,,,83,Valid and occupied,Visit,Unvisited address with complete description; schedule initial field visit
AD001765,AC001363,residence,kyc_origination,2026-04-01,T2,"218/1, Gali 6, Krishna Puri, Devgarh Nagar - 970202",7,met_family,227.0,1.0,1.0,3.0,0.0,0.0,1.0,1.0,51,Valid and occupied,Visit,Borrower confirmed at address on prior visit; schedule visit
AD001766,AC001364,residence,kyc_origination,2026-04-01,T3,"239/3, Blk D, Rd 3, close to Hanuman Temple, Palm Meadows, Navanagara East - 980302",2,met_family,113.0,0.0,1.0,0.0,0.0,0.0,1.0,0.0,83,"Valid, but borrower usually absent",Change the visit time,Premises locked or met family; shift visit to evening/weekend slot
AD001767,AC001365,residence,kyc_origination,2026-04-01,T2,"GALI 4, WARD 8, NR GOVERNMENT SCHOOL, AZAD MOHALLA, DEVGARH NAGAR - 970203",3,met_borrower,313.0,2.0,0.0,0.0,0.0,0.0,1.0,0.0,74,Valid and occupied,Visit,Borrower confirmed at address on prior visit; schedule visit
AD001768,AC001366,residence,kyc_origination,2026-04-01,T2,"Gali No. 1, close to Government School, Azad Mohalla, Devgarh Nagar - 970203",1,locked_premises,162.0,0.0,0.0,1.0,0.0,0.0,0.0,0.0,76,"Valid, but borrower usually absent",Change the visit time,Premises locked or met family; shift visit to evening/weekend slot
AD001769,AC001367,residence,kyc_origination,2026-04-01,T2,"No. 38, Gali 9, Ward 2, राशन की दुकान के पास, Indira Colny, Devgarh Nagar - 970202",0,,0.0,,,,,,,,82,Valid and occupied,Visit,Unvisited address with complete description; schedule initial field visit
AD001770,AC001368,residence,kyc_origination,2026-04-01,T1,"nr. Masjid, Nehru Colny, Kaveripura - 960102",7,met_family,191.0,2.0,5.0,0.0,0.0,0.0,0.0,0.0,44,Valid and occupied,Visit,Borrower confirmed at address on prior visit; schedule visit
AD001771,AC001369,residence,kyc_origination,2026-04-01,T2,"Gali No. 10, opposite Post Office, Indira Colony, Devgarh Nagar - 970202",0,,0.0,,,,,,,,72,Valid and occupied,Visit,Unvisited address with complete description; schedule initial field visit
AD001772,AC001370,residence,kyc_origination,2026-04-01,T1,"opp Milk Dairy, Nehru Col, Kaveripura - 960102",0,,0.0,,,,,,,,46,Valid and occupied,Visit,Unvisited address with complete description; schedule initial field visit
AD001773,AC001370,office,kyc_origination,2026-04-01,T1,"House 308, Om Sai Complex, 2nd Cross, 4th Main, Hanuman Mandir ke samne, Siddeshwara Colony, Kaveripura - 960102",0,,0.0,,,,,,,,112,Valid and occupied,Visit,Unvisited address with complete description; schedule initial field visit
AD001774,AC001371,residence,kyc_origination,2026-04-01,T3,"House 112, Green View Apts, C Block, 2nd Roadd, Kalyana Mantapa hattira, Railway Colony, Navanagara East - 980304",0,,0.0,,,,,,,,113,Valid and occupied,Visit,Unvisited address with complete description; schedule initial field visit
AD001775,AC001372,residence,kyc_origination,2026-04-01,T1,"#172, 5th Crs, 6th Main Rd, near Hanuman Temple, Nehru Col, Kaveripura - 960102",9,locked_premises,132.0,1.0,1.0,4.0,0.0,0.0,3.0,0.0,79,Valid and occupied,Visit,Borrower confirmed at address on prior visit; schedule visit
AD001776,AC001373,residence,kyc_origination,2026-04-01,T3,#141 e block 5th road petrol pump ke pss green park layout navanagara east - 980301,4,locked_premises,208.0,0.0,0.0,1.0,1.0,0.0,2.0,0.0,83,"Valid, but borrower usually absent",Change the visit time,Premises locked or met family; shift visit to evening/weekend slot
AD001777,AC001374,residence,kyc_origination,2026-04-01,T2,"GALI NO-11, SUBHASH NGR, DEVGARH NAGAR - 970201",0,,0.0,,,,,,,,47,Valid and occupied,Visit,Unvisited address with complete description; schedule initial field visit
AD001778,AC001375,residence,kyc_origination,2026-04-01,T3,170/2 blk c rd 5 orchid enclave navanagara east - 980301,0,,0.0,,,,,,,,56,Valid and occupied,Visit,Unvisited address with complete description; schedule initial field visit
AD001779,AC001376,residence,kyc_origination,2026-04-01,T3,"Blk E, Rd 5, Palm Meadows, Navanagara East - 980302",3,cash_collected,389.0,0.0,2.0,0.0,0.0,0.0,0.0,1.0,51,Valid and occupied,Visit,Borrower confirmed at address on prior visit; schedule visit
AD001780,AC001377,residence,kyc_origination,2026-04-01,T3,"No. 38, Blk F, Rd 1, next to Ganesh Temple, Green Park Layout, Navanagara East - 980301",0,,0.0,,,,,,,,87,Valid and occupied,Visit,Unvisited address with complete description; schedule initial field visit
AD001781,AC001377,office,kyc_origination,2026-04-01,T3,#57 sai residency blk c rd 3 nr ganesh temple orchid enclave navanagara eats - 980301,0,,0.0,,,,,,,,85,Valid and occupied,Visit,Unvisited address with complete description; schedule initial field visit
AD001782,AC001378,residence,kyc_origination,2026-04-01,T1,"HOUSE 192, 12TH CROSS, 7TH MN, CLOSE TO GOVERNMENT SCHOOL, GANDHI NAGAR, KAVERIPURA - 960102",0,,0.0,,,,,,,,92,Valid and occupied,Visit,Unvisited address with complete description; schedule initial field visit
AD001783,AC001378,office,kyc_origination,2026-04-01,T1,"H.NO. 377, 1ST CROSS, 6TH MAIN, HOSA BADAVANE, KAVERIPURA - 960104",0,,0.0,,,,,,,,66,Valid and occupied,Visit,Unvisited address with complete description; schedule initial field visit
AD001784,AC001379,residence,kyc_origination,2026-04-01,T2,"#456, Gali no-9, close to Hanuman Temple, Ram Nagar, Devgarh Nagar - 97003",0,,0.0,,,,,,,,74,Valid and occupied,Visit,Unvisited address with complete description; schedule initial field visit
AD001785,AC001380,residence,kyc_origination,2026-04-01,T3,"#426, F BLOCK, 4TH RD, NR. MASJID, TEACHERS COLONY, NAVANAGARA EAST - 980302",0,,0.0,,,,,,,,76,Valid and occupied,Visit,Unvisited address with complete description; schedule initial field visit
AD001786,AC001381,residence,kyc_origination,2026-04-01,T3,"Sai Residency, Blk A, Rd 3, Doodh Dairy ke bagal mein, Green Park Layout, Navanagara East - 983001",0,,0.0,,,,,,,,98,Valid and occupied,Visit,Unvisited address with complete description; schedule initial field visit
AD001787,AC001382,residence,kyc_origination,2026-04-01,T3,"#104, nr PDS Shop, Sunrise Enclave, Navanagara East - 98304",0,,0.0,,,,,,,,59,Valid and occupied,Visit,Unvisited address with complete description; schedule initial field visit
AD001788,AC001383,residence,kyc_origination,2026-04-01,T1,#243 11th cross 5th main rd close to water tank ashoka lyt kaveripura - 960104,4,met_borrower,1407.0,3.0,0.0,0.0,0.0,0.0,0.0,1.0,78,Valid and occupied,Visit,Borrower confirmed at address on prior visit; schedule visit
AD001789,AC001384,residence,kyc_origination,2026-04-01,T1,"HOUSE 72, 6TH CROSS, 7TH MAIN, CLOSE TO MILK BOOTH, BASAVA NAGAR, KAVERIPURA - 960101",3,locked_premises,222.0,0.0,0.0,1.0,0.0,0.0,2.0,0.0,85,"Valid, but borrower usually absent",Change the visit time,Premises locked or met family; shift visit to evening/weekend slot
AD001790,AC001385,residence,kyc_origination,2026-04-01,T1,56/1 14th cross 3rd main nr kalyana mantapa vinayaka nagar kaveripura - 960104,3,met_borrower,1146.0,1.0,1.0,1.0,0.0,0.0,0.0,0.0,78,Valid and occupied,Visit,Borrower confirmed at address on prior visit; schedule visit
AD001791,AC001386,residence,kyc_origination,2026-04-01,T1,h.no. 300 sai residency 5th crs 5th main bus stop hattira vinayaka nagar kaveripura - 960104,0,,0.0,,,,,,,,92,Valid and occupied,Visit,Unvisited address with complete description; schedule initial field visit
AD001792,AC001387,residence,kyc_origination,2026-04-01,T3,blk a rd 5 nr. medicals silveer oak layout navanagara east - 980301,7,met_family,404.0,2.0,3.0,1.0,0.0,0.0,1.0,0.0,67,Valid and occupied,Visit,Borrower confirmed at address on prior visit; schedule visit
AD001793,AC001387,permanent_native,kyc_origination,2026-04-01,OUT,"Village Bilagi, Taluk A, District South - 999415",0,,0.0,,,,,,,,48,Valid and occupied,Visit,Unvisited address with complete description; schedule initial field visit
AD001794,AC001388,residence,kyc_origination,2026-04-01,T2,house 313 gali 7 doodh dairy ke pass shivaji nagaar devgarh nagr - 970202,7,met_borrower,815.0,5.0,0.0,0.0,0.0,0.0,2.0,0.0,73,Valid and occupied,Visit,Borrower confirmed at address on prior visit; schedule visit
AD001795,AC001389,residence,kyc_origination,2026-04-01,T2,"HOUSE 325, COMMUNITY HALL KE PASS, DEVGARH NAGAR - 970203",0,,0.0,,,,,,,,57,Valid and occupied,Visit,Unvisited address with complete description; schedule initial field visit
AD001796,AC001389,permanent_native,kyc_origination,2026-04-01,OUT,"Village Chikkapura, Tehsil D, District South - 991251",0,,0.0,,,,,,,,53,Valid and occupied,Visit,Unvisited address with complete description; schedule initial field visit
AD001797,AC001390,residence,kyc_origination,2026-04-01,T1,"4th Cross, 1st Main, nr. Masjid, Nehru Colny, Kaveripura - 960102",0,,0.0,,,,,,,,65,Valid and occupied,Visit,Unvisited address with complete description; schedule initial field visit
AD001798,AC001391,residence,kyc_origination,2026-04-01,T3,"House 80, Blk B, Rd 4, Green Park Layt, Navanagara East - 980301",1,locked_premises,167.0,0.0,0.0,1.0,0.0,0.0,0.0,0.0,64,"Valid, but borrower usually absent",Change the visit time,Premises locked or met family; shift visit to evening/weekend slot
AD001799,AC001392,residence,kyc_origination,2026-04-01,T1,"No. 199, 11th Cross, 8th Main Rd, near Ration Shop, Nehru Colny, Kaveripura - 960102",5,met_family,196.0,1.0,2.0,0.0,0.0,0.0,2.0,0.0,84,Valid and occupied,Visit,Borrower confirmed at address on prior visit; schedule visit
AD001800,AC001393,residence,kyc_origination,2026-04-01,T1,house 428 5th cross 2nd main nr park nehru colony kaveripura - 960102,3,met_family,535.0,0.0,1.0,1.0,0.0,0.0,1.0,0.0,69,"Valid, but borrower usually absent",Change the visit time,Premises locked or met family; shift visit to evening/weekend slot
AD001801,AC001394,residence,kyc_origination,2026-04-01,T3,"NO. 471, BLK A, RD 2, LAKEVIEW PHASE 2, NAVANAGARA EAST - 980303",2,address_not_traceable,117.0,0.0,0.0,0.0,0.0,0.0,2.0,0.0,64,Hard to find on the ground,Resolve the location (Problem Statement 3) before writing it off,Detailed address but agent could not locate pin (117s dwell); resolve geocode (PS3)
AD001802,AC001395,residence,kyc_origination,2026-04-01,T3,"16/3, BLK E, RD 6, ADJ. RATION SHOP, PALM MEADOWS, NAVANAGARA EAST - 980302",3,met_borrower,1085.0,1.0,0.0,2.0,0.0,0.0,0.0,0.0,75,Valid and occupied,Visit,Borrower confirmed at address on prior visit; schedule visit
AD001803,AC001396,residence,kyc_origination,2026-04-01,T1,"445/2, 4th Crs, 6th Main, Vinayaka Nagar, Kaveripura",0,,0.0,,,,,,,,52,Valid and occupied,Visit,Unvisited address with complete description; schedule initial field visit
AD001804,AC001397,residence,kyc_origination,2026-04-01,T1,no. 341 1st x 7th main anjaneya badavane kavreipura - 960103,0,,0.0,,,,,,,,60,Valid and occupied,Visit,Unvisited address with complete description; schedule initial field visit
AD001805,AC001398,residence,kyc_origination,2026-04-01,T2,gali 11 krishna puri devgarh ngr - 970202,1,met_borrower,578.0,1.0,0.0,0.0,0.0,0.0,0.0,0.0,41,Valid and occupied,Visit,Borrower confirmed at address on prior visit; schedule visit
AD001806,AC001398,office,kyc_origination,2026-04-01,T2,डाकघर के सामने indira col devgarh nagar - 970202,0,,0.0,,,,,,,,48,Valid and occupied,Visit,Unvisited address with complete description; schedule initial field visit
AD001807,AC001399,residence,kyc_origination,2026-04-01,T2,"#28, GALI NO. 12, WARD 8, AZED MOHALLA, DEVGARH NAGAR - 970203",2,met_borrower,660.0,1.0,1.0,0.0,0.0,0.0,0.0,0.0,62,Valid and occupied,Visit,Borrower confirmed at address on prior visit; schedule visit
AD001808,AC001400,residence,kyc_origination,2026-04-01,T1,178/1 gandhi nagr kaveripura - 960102,6,locked_premises,203.0,1.0,1.0,3.0,0.0,0.0,1.0,0.0,37,Valid and occupied,Visit,Borrower confirmed at address on prior visit; schedule visit
AD001809,AC001401,residence,kyc_origination,2026-04-01,T2,#176 gali 11 adj. hanuman temple indira colony devgarh nagar - 970202,0,,0.0,,,,,,,,69,Valid and occupied,Visit,Unvisited address with complete description; schedule initial field visit
AD001810,AC001402,residence,kyc_origination,2026-04-01,T2,"बस स्टॉप के पास, Azad Mohalla, Devgarh Ngr - 970203",0,,0.0,,,,,,,,51,Valid and occupied,Visit,Unvisited address with complete description; schedule initial field visit
AD001811,AC001403,residence,kyc_origination,2026-04-01,T2,"416/1, Gali no-11, Petrol Pump ke bagal me, Azad Mohalla, Devgarh Nagar - 970203",6,address_not_traceable,62.0,4.0,0.0,1.0,0.0,0.0,1.0,0.0,80,Valid and occupied,Visit,Borrower confirmed at address on prior visit; schedule visit
AD001812,AC001404,residence,kyc_origination,2026-04-01,T3,"#389, close to Bus Stand, Lakeview Phase 2, Navanagara East - 980303",5,met_borrower,869.0,3.0,0.0,1.0,0.0,0.0,1.0,0.0,68,Valid and occupied,Visit,Borrower confirmed at address on prior visit; schedule visit
AD001813,AC001405,residence,kyc_origination,2026-04-01,T3,c block 4th road palm meadows navanagara east - 980302,0,,0.0,,,,,,,,54,Valid and occupied,Visit,Unvisited address with complete description; schedule initial field visit
AD001814,AC001405,permanent_native,kyc_origination,2026-04-01,OUT,"Village Hosahalli, Tehsil C, District South - 993483",0,,0.0,,,,,,,,52,Valid and occupied,Visit,Unvisited address with complete description; schedule initial field visit
AD001815,AC001406,residence,kyc_origination,2026-04-01,T1,h.no. 42 bus nildana hatira vinayaka ngr kaveripura - 960104,9,met_borrower,381.0,3.0,3.0,2.0,0.0,0.0,1.0,0.0,60,Valid and occupied,Visit,Borrower confirmed at address on prior visit; schedule visit
AD001816,AC001407,residence,kyc_origination,2026-04-01,T1,"7th Cross, 4th Main, Kalyana Mantapa hindhe, Kaveripura - 960104",0,,0.0,,,,,,,,64,Valid and occupied,Visit,Unvisited address with complete description; schedule initial field visit
AD001817,AC001408,residence,kyc_origination,2026-04-01,T1,"HOUSE 431, 7TH CROSS, 1ST MAIN RD, COMMUNITY HAALL KE SAAMNE, KALYANA NAGAR, KAVERIPURA - 960104",0,,0.0,,,,,,,,96,Valid and occupied,Visit,Unvisited address with complete description; schedule initial field visit
AD001818,AC001409,residence,kyc_origination,2026-04-01,T1,"4th Cross, 1st Main Rd, near Mosque, Kaveripura",5,address_not_traceable,94.0,0.0,0.0,0.0,0.0,0.0,5.0,0.0,47,Hard to find on the ground,Resolve the location (Problem Statement 3) before writing it off,Detailed address but agent could not locate pin (94s dwell); resolve geocode (PS3)
AD001819,AC001409,permanent_native,kyc_origination,2026-04-01,OUT,"Village Bilagi, Tehsil C, District South - 999071",0,,0.0,,,,,,,,49,Valid and occupied,Visit,Unvisited address with complete description; schedule initial field visit
AD001820,AC001410,residence,kyc_origination,2026-04-01,T1,"NO. 329, ಪೆಟ್ರೋಲ್ ಬಂಕ್ ಹತ್ತಿರ, KALYANA NAGAR, KAVERIPURA - 960104",0,,0.0,,,,,,,,65,Valid and occupied,Visit,Unvisited address with complete description; schedule initial field visit
AD001821,AC001411,residence,kyc_origination,2026-04-01,T1,"House 395, Sai Residency, 2nd Cross, 3rd Main, near Masjid, Nehru Colny, Kaveripura - 960102",5,met_family,591.0,0.0,3.0,2.0,0.0,0.0,0.0,0.0,92,"Valid, but borrower usually absent",Change the visit time,Premises locked or met family; shift visit to evening/weekend slot
AD001822,AC001412,residence,kyc_origination,2026-04-01,T3,"BLK B, RD 4, NR PETROL PUMP, SILVER OAK LAYOUT, NAVANAGARA EAST - 980301",5,met_borrower,1389.0,1.0,0.0,3.0,0.0,0.0,1.0,0.0,72,Valid and occupied,Visit,Borrower confirmed at address on prior visit; schedule visit
AD001823,AC001413,residence,kyc_origination,2026-04-01,T3,"NO. 349, B BLOCK, 1ST ROAD, NAVANAGARA EAST - 980302",0,,0.0,,,,,,,,52,Valid and occupied,Visit,Unvisited address with complete description; schedule initial field visit
AD001824,AC001414,residence,kyc_origination,2026-04-01,T3,"BLK C, RD 5, NEAR MOSQUE, SILVER OAK LAYOUT, NAVANAGAARA EAST - 980301",0,,0.0,,,,,,,,70,Valid and occupied,Visit,Unvisited address with complete description; schedule initial field visit
AD001825,AC001415,residence,kyc_origination,2026-04-01,T2,"#142, गली नं. 9, पानी की टंकी के सामने, NEHRU COLONY, DEVGARH NAGAR - 970203",0,,0.0,,,,,,,,76,Valid and occupied,Visit,Unvisited address with complete description; schedule initial field visit
AD001826,AC001415,permanent_native,kyc_origination,2026-04-01,OUT,"Village Sundarpur, Taluk B, District West - 995185",0,,0.0,,,,,,,,50,Valid and occupied,Visit,Unvisited address with complete description; schedule initial field visit
AD001827,AC001416,residence,kyc_origination,2026-04-01,T3,"261/1, Blk F, Rd 1, close to Water Tank, Unity Nagar, Navanagara East - 980302",0,,0.0,,,,,,,,78,Valid and occupied,Visit,Unvisited address with complete description; schedule initial field visit
AD001828,AC001416,permanent_native,kyc_origination,2026-04-01,OUT,"Village Kodihalli, Tehsil C, District North - 994892",0,,0.0,,,,,,,,52,Valid and occupied,Visit,Unvisited address with complete description; schedule initial field visit
AD001829,AC001417,residence,kyc_origination,2026-04-01,T2,"SRI KRISHNA NIVAS, GALI NO. 12, WARD 4, सरकारी स्कूल के पास, RAM NAGAR, DEVGARH NAGAR",0,,0.0,,,,,,,,85,Valid and occupied,Visit,Unvisited address with complete description; schedule initial field visit
AD001830,AC001418,residence,kyc_origination,2026-04-01,T2,gali no-10 azad mohalla devgarh nagar - 970203,9,met_borrower,400.0,1.0,4.0,4.0,0.0,0.0,0.0,0.0,46,Valid and occupied,Visit,Borrower confirmed at address on prior visit; schedule visit
AD001831,AC001419,residence,kyc_origination,2026-04-01,T1,"House 404, 6th Cross, 7th Mn, near Mosque, Kalyana Nagar, Kaveripura - 960104",0,,0.0,,,,,,,,77,Valid and occupied,Visit,Unvisited address with complete description; schedule initial field visit
AD001832,AC001420,residence,kyc_origination,2026-04-01,T3,"Blk C, Rd 2, behind Church, Lakeview Phase 2, Navanagara East - 980303",7,met_borrower,1009.0,5.0,1.0,0.0,0.0,0.0,1.0,0.0,70,Valid and occupied,Visit,Borrower confirmed at address on prior visit; schedule visit
AD001833,AC001421,residence,kyc_origination,2026-04-01,T2,"Gali no-2, मस्जिद के पास, Patel Ngr, Devgarh Nagar - 970202",9,locked_premises,190.0,0.0,0.0,5.0,2.0,0.0,2.0,0.0,59,"Valid, but borrower usually absent",Change the visit time,Premises locked or met family; shift visit to evening/weekend slot
AD001834,AC001422,residence,kyc_origination,2026-04-01,T1,h.no. 203 4th cross 7th main rd nr. ganapathi temple gandhi ngr kaveripura - 960102,0,,0.0,,,,,,,,83,Valid and occupied,Visit,Unvisited address with complete description; schedule initial field visit
AD001835,AC001423,residence,kyc_origination,2026-04-01,T2,"447/2, GALI 2, NR PARK, AZAD MOHALLA, DEVGARH NAGAR - 970230",0,,0.0,,,,,,,,60,Valid and occupied,Visit,Unvisited address with complete description; schedule initial field visit
AD001836,AC001424,residence,kyc_origination,2026-04-01,T1,"9th Cross, 7th Main, bhd Petrol Bunk, Vinayaka Ngr, Kaveripura - 960104",4,met_family,206.0,0.0,1.0,0.0,0.0,0.0,3.0,0.0,71,"Valid, but borrower usually absent",Change the visit time,Premises locked or met family; shift visit to evening/weekend slot
AD001837,AC001424,office,kyc_origination,2026-04-01,T1,"House 425, 6th Cross, 7th Maiin, b/h Masji, Kalyana Ngr, Kaveripura - 960104",2,met_borrower,898.0,1.0,0.0,1.0,0.0,0.0,0.0,0.0,76,Valid and occupied,Visit,Borrower confirmed at address on prior visit; schedule visit
AD001838,AC001425,residence,kyc_origination,2026-04-01,T3,"69/2, B Block, 6th Rd., Orchid Enclave, Navanagara East - 980301",0,,0.0,,,,,,,,64,Valid and occupied,Visit,Unvisited address with complete description; schedule initial field visit
AD001839,AC001426,residence,kyc_origination,2026-04-01,T2,"Gali no-4, Shastri Nagr, Devgarh Nagar - 970201",0,,0.0,,,,,,,,47,Valid and occupied,Visit,Unvisited address with complete description; schedule initial field visit
AD001840,AC001427,residence,kyc_origination,2026-04-01,T3,"#227, SAI RESIDENCY, D BLOCK, 4TH ROAD, NEAR GOVERNMENT SCHOOL, TEACHERS COLNY, NAVANAGARA EAST - 980302",1,locked_premises,210.0,0.0,0.0,1.0,0.0,0.0,0.0,0.0,104,"Valid, but borrower usually absent",Change the visit time,Premises locked or met family; shift visit to evening/weekend slot
AD001841,AC001427,office,kyc_origination,2026-04-01,T3,"HOUSE 411, BLK F, RD 4, LAKEVIEW PHASE 2, NAVANAGARA EAST - 980303",0,,0.0,,,,,,,,66,Valid and occupied,Visit,Unvisited address with complete description; schedule initial field visit
AD001842,AC001428,residence,kyc_origination,2026-04-01,T3,"SAI RESIDENCY, BLK E, RD 4, NEAR BUS STAND, GREEN PARK LYT, NAVANAGARA EAST - 980301",1,locked_premises,145.0,0.0,0.0,1.0,0.0,0.0,0.0,0.0,84,"Valid, but borrower usually absent",Change the visit time,Premises locked or met family; shift visit to evening/weekend slot
AD001843,AC001428,permanent_native,kyc_origination,2026-04-01,OUT,"Village Sundarpur, Tehsil D, District South - 993953",0,,0.0,,,,,,,,52,Valid and occupied,Visit,Unvisited address with complete description; schedule initial field visit
AD001844,AC001429,residence,kyc_origination,2026-04-01,T2,"GALI NO-12, HANUMAN MANDIR KE PAAS, SHASTRI NAGAR, DEVGARH NAGAR - 970201",4,locked_premises,233.0,1.0,1.0,2.0,0.0,0.0,0.0,0.0,73,Valid and occupied,Visit,Borrower confirmed at address on prior visit; schedule visit
AD001845,AC001430,residence,kyc_origination,2026-04-01,T3,no. 329 blk a rd 3 lakeview phase 2 navanagara east - 980303,6,address_not_traceable,67.0,1.0,2.0,1.0,0.0,0.0,2.0,0.0,60,Valid and occupied,Visit,Borrower confirmed at address on prior visit; schedule visit
AD001846,AC001430,office,kyc_origination,2026-04-01,T3,green park layout navanagara east - 980301,2,address_not_traceable,57.0,0.0,0.0,0.0,0.0,0.0,2.0,0.0,42,Hard to find on the ground,Resolve the location (Problem Statement 3) before writing it off,Detailed address but agent could not locate pin (57s dwell); resolve geocode (PS3)
AD001847,AC001431,residence,kyc_origination,2026-04-01,T3,c blk. 1st road masidi hattira railway colny navanagara east - 980303,2,met_borrower,1081.0,1.0,0.0,1.0,0.0,0.0,0.0,0.0,69,Valid and occupied,Visit,Borrower confirmed at address on prior visit; schedule visit
AD001848,AC001431,office,kyc_origination,2026-04-01,T3,244/3 f block 6th rd. nr bus stand green park lyt navanagara east - 980301,0,,0.0,,,,,,,,74,Valid and occupied,Visit,Unvisited address with complete description; schedule initial field visit
AD001849,AC001432,residence,kyc_origination,2026-04-01,T1,"HOUSE 467, 11TH CROSS, 6TH MAIN, SARKARI SHAALE HATTIRA, ANJANEYA BADAVANE, KAVERIPURA - 960103",1,met_borrower,1288.0,1.0,0.0,0.0,0.0,0.0,0.0,0.0,95,Valid and occupied,Visit,Borrower confirmed at address on prior visit; schedule visit
AD001850,AC001433,residence,kyc_origination,2026-04-01,T1,3rd cross 4th main neerina tank hattira basava nagar kaveripura - 960101,0,,0.0,,,,,,,,72,Valid and occupied,Visit,Unvisited address with complete description; schedule initial field visit
AD001851,AC001434,residence,kyc_origination,2026-04-01,T2,gali 8 close to kalyana mantapa devgarh nagar - 970202,2,locked_premises,233.0,0.0,0.0,1.0,0.0,0.0,1.0,0.0,54,"Valid, but borrower usually absent",Change the visit time,Premises locked or met family; shift visit to evening/weekend slot
AD001852,AC001435,residence,kyc_origination,2026-04-01,T2,"No. 238, गली नं. 3, राशन की दुकान के पास, Shivaji Nagar, Devgarh Nagar - 970202",4,neighbour_says_shifted,343.0,0.0,0.0,0.0,2.0,0.0,2.0,0.0,79,Borrower has moved,Trace the new address,Neighbours or occupants confirmed borrower relocated; trace new address
AD001853,AC001435,office,kyc_origination,2026-04-01,T2,"House 12, Shastri Nagr, Devagrh Nagar - 970201",0,,0.0,,,,,,,,46,Valid and occupied,Visit,Unvisited address with complete description; schedule initial field visit
AD001854,AC001436,residence,kyc_origination,2026-04-01,T3,"H.NO. 405, BLK E, RD 2, NR. GOVT SCHOOL, TEACHERS COLONY, NAVANAGARA EAST - 980302",4,met_borrower,1027.0,1.0,0.0,2.0,0.0,0.0,1.0,0.0,82,Valid and occupied,Visit,Borrower confirmed at address on prior visit; schedule visit
AD001855,AC001437,residence,kyc_origination,2026-04-01,T2,h.no. 420 gali no-6 opposite government school krishna puri devgarh nagar - 97022,8,locked_premises,143.0,1.0,4.0,3.0,0.0,0.0,0.0,0.0,81,Valid and occupied,Visit,Borrower confirmed at address on prior visit; schedule visit
AD001856,AC001438,residence,kyc_origination,2026-04-01,T3,"D BLOCK, 4TH RD., CLOSE TO GOVT SCHOOL, HMT COL, NAVANAGARA EAST - 980301",1,met_borrower,363.0,1.0,0.0,0.0,0.0,0.0,0.0,0.0,73,Valid and occupied,Visit,Borrower confirmed at address on prior visit; schedule visit
AD001857,AC001439,residence,kyc_origination,2026-04-01,T2,"NO. 251, GALI NO. 4, DAWAI KI DUKAAN KE PEECHE, PATEL NAGAR, DEVGARH NAGR - 970202",7,met_borrower,744.0,1.0,3.0,0.0,0.0,0.0,3.0,0.0,82,Valid and occupied,Visit,Borrower confirmed at address on prior visit; schedule visit
AD001858,AC001440,residence,kyc_origination,2026-04-01,T2,"GALI NO. 6, BESIDE OVERHEAD TANK, DEVGARH NAGAR - 970202",1,address_not_traceable,93.0,0.0,0.0,0.0,0.0,0.0,1.0,0.0,56,Hard to find on the ground,Resolve the location (Problem Statement 3) before writing it off,Detailed address but agent could not locate pin (93s dwell); resolve geocode (PS3)
AD001859,AC001441,residence,kyc_origination,2026-04-01,T3,"Blk C, Rd 2, Sunrise Enclave, Navanagara East - 980304",0,,0.0,,,,,,,,54,Valid and occupied,Visit,Unvisited address with complete description; schedule initial field visit
AD001860,AC001442,residence,kyc_origination,2026-04-01,T3,"H.No. 358, Blk B, Rd 5, close to Post Office, Silver Oak Layout, Navanagara East - 980301",0,,0.0,,,,,,,,89,Valid and occupied,Visit,Unvisited address with complete description; schedule initial field visit
AD001861,AC001442,office,kyc_origination,2026-04-01,T3,"Hoouse 352, Blk D, Rd 4, Palm Meadows, Navanagara East - 980302",0,,0.0,,,,,,,,63,Valid and occupied,Visit,Unvisited address with complete description; schedule initial field visit
AD001862,AC001443,residence,kyc_origination,2026-04-01,T1,no. 429 9th cross 1st main rd masidi hattira kaveripura - 960104,7,met_family,349.0,1.0,3.0,1.0,0.0,0.0,2.0,0.0,64,Valid and occupied,Visit,Borrower confirmed at address on prior visit; schedule visit
AD001863,AC001444,residence,kyc_origination,2026-04-01,T2,"407/1, GALI NO-7, WARD 9, NEAR MILK BOOTH, DEVGARH NGAAR - 970201",0,,0.0,,,,,,,,65,Valid and occupied,Visit,Unvisited address with complete description; schedule initial field visit
AD001864,AC001445,residence,kyc_origination,2026-04-01,T3,"#259, Lakshmi Nilaya, Blk C, Rd 2, near Petrol Bunk, Orchid Enclave, Navanagara East - 980301",5,met_family,585.0,1.0,2.0,2.0,0.0,0.0,0.0,0.0,93,Valid and occupied,Visit,Borrower confirmed at address on prior visit; schedule visit
AD001865,AC001445,office,kyc_origination,2026-04-01,T3,"ಬಸ್ ನಿಲ್ದಾಣ ಹತ್ತಿರ, Royal Gardens, Navanagara East - 980303",3,locked_premises,155.0,0.0,0.0,3.0,0.0,0.0,0.0,0.0,59,"Valid, but borrower usually absent",Change the visit time,Premises locked or met family; shift visit to evening/weekend slot
AD001866,AC001446,residence,kyc_origination,2026-04-01,T2,"459/1, गली नं. 1, SHIVAJI NAGAR, DEVGARH NAGAR - 970202",1,locked_premises,233.0,0.0,0.0,1.0,0.0,0.0,0.0,0.0,55,"Valid, but borrower usually absent",Change the visit time,Premises locked or met family; shift visit to evening/weekend slot
AD001867,AC001447,residence,kyc_origination,2026-04-01,T1,"8th Cross, 7th Main Rd, Vidya Ngr, Kaveripura - 960103",7,no_such_person,133.0,0.0,0.0,0.0,0.0,4.0,3.0,0.0,54,Borrower has moved,Trace the new address,Neighbours or occupants confirmed borrower relocated; trace new address
AD001868,AC001448,residence,kyc_origination,2026-04-01,T3,"H.No. 136, Blk F, Rd 2, nr Post Office, Silver Oak Layt, Navanagara East - 980301",8,locked_premises,92.0,0.0,2.0,6.0,0.0,0.0,0.0,0.0,81,"Valid, but borrower usually absent",Change the visit time,Premises locked or met family; shift visit to evening/weekend slot
AD001869,AC001448,permanent_native,kyc_origination,2026-04-01,OUT,"Village Hosahalli, Taluk A, District West - 994575",0,,0.0,,,,,,,,50,Valid and occupied,Visit,Unvisited address with complete description; schedule initial field visit
AD001870,AC001449,residence,kyc_origination,2026-04-01,T1,"No. 251, 8th Cross, 2nd Main Rd, opposite Medical Store, Kaveripura - 960103",2,address_not_traceable,99.0,0.0,0.0,0.0,0.0,0.0,2.0,0.0,76,Hard to find on the ground,Resolve the location (Problem Statement 3) before writing it off,Detailed address but agent could not locate pin (99s dwell); resolve geocode (PS3)
AD001871,AC001450,residence,kyc_origination,2026-04-01,T1,h.no. 339 5th cross 3rd main rd near medical store kaveripura - 960102,0,,0.0,,,,,,,,70,Valid and occupied,Visit,Unvisited address with complete description; schedule initial field visit
AD001872,AC001451,residence,kyc_origination,2026-04-01,T3,"#365, F Blick, 3rd Road, Ganesh Mandir ke paas, Silver Oak Layout, Navanagara East - 980304",5,address_not_traceable,85.0,0.0,0.0,0.0,0.0,0.0,5.0,0.0,91,Hard to find on the ground,Resolve the location (Problem Statement 3) before writing it off,Detailed address but agent could not locate pin (85s dwell); resolve geocode (PS3)
AD001873,AC001451,office,kyc_origination,2026-04-01,T3,"House 251, C Block, 4th Road, Defence Colny, Navanagara East - 980301",2,met_borrower,430.0,1.0,0.0,1.0,0.0,0.0,0.0,0.0,69,Valid and occupied,Visit,Borrower confirmed at address on prior visit; schedule visit
AD001874,AC001452,residence,kyc_origination,2026-04-01,T2,"NO. 139, GALI NO-6, NEXT TO POST OFFICE, SHASTRI NAGR, DEVGARH NAGAR - 970201",0,,0.0,,,,,,,,77,Valid and occupied,Visit,Unvisited address with complete description; schedule initial field visit
AD001875,AC001453,residence,kyc_origination,2026-04-01,T2,"GALI 5, KRISHNA PURI, DEVGARH NAGAR - 970202",0,,0.0,,,,,,,,44,Valid and occupied,Visit,Unvisited address with complete description; schedule initial field visit
AD001876,AC001453,office,kyc_origination,2026-04-01,T2,"GALI NO-9, CLOSE TO HANUMAN TEMPLE, TILAK NAGR, DEVGARH NAGAR - 970203",0,,0.0,,,,,,,,70,Valid and occupied,Visit,Unvisited address with complete description; schedule initial field visit
AD001877,AC001454,residence,kyc_origination,2026-04-01,T2,"Gali 12, Krishna Puri, Devgarh Nagar - 970202",1,address_not_traceable,105.0,0.0,0.0,0.0,0.0,0.0,1.0,0.0,45,Hard to find on the ground,Resolve the location (Problem Statement 3) before writing it off,Detailed address but agent could not locate pin (105s dwell); resolve geocode (PS3)
AD001878,AC001455,residence,kyc_origination,2026-04-01,T1,"1ST CROSS, 4TH MAI, OPPOSITE POST OFFICE, VINAYAKA NAGAR, KAVERIPURA - 960104",0,,0.0,,,,,,,,77,Valid and occupied,Visit,Unvisited address with complete description; schedule initial field visit
AD001879,AC001456,residence,kyc_origination,2026-04-01,T1,"H.o. 431, Om Sai Complex, 9th X, 3rd Main, Gandhi Nagar, Kaveripura - 960102",3,locked_premises,132.0,0.0,1.0,1.0,0.0,0.0,0.0,1.0,76,"Valid, but borrower usually absent",Change the visit time,Premises locked or met family; shift visit to evening/weekend slot
AD001880,AC001457,residence,kyc_origination,2026-04-01,T3,"Blk A, Rd 6, Nyayabele Angadi hattira, Lakeview Phase 2, Navanagara East - 980303",3,locked_premises,125.0,0.0,2.0,1.0,0.0,0.0,0.0,0.0,81,"Valid, but borrower usually absent",Change the visit time,Premises locked or met family; shift visit to evening/weekend slot
AD001881,AC001458,residence,kyc_origination,2026-04-01,T1,"House 33, close to PDS Shop, Kuvempu Layout, Kaveripura - 960101",1,locked_premises,121.0,0.0,0.0,1.0,0.0,0.0,0.0,0.0,64,"Valid, but borrower usually absent",Change the visit time,Premises locked or met family; shift visit to evening/weekend slot
AD001882,AC001458,office,kyc_origination,2026-04-01,T1,#123 7th cross 4th main gandhi nagar kaveripura - 960102,2,met_borrower,1070.0,2.0,0.0,0.0,0.0,0.0,0.0,0.0,56,Valid and occupied,Visit,Borrower confirmed at address on prior visit; schedule visit
AD001883,AC001459,residence,kyc_origination,2026-04-01,T1,"2ND CROSS, 5TH MAIN, NEHRU COL, KAVERIPURA - 906102",0,,0.0,,,,,,,,51,Valid and occupied,Visit,Unvisited address with complete description; schedule initial field visit
AD001884,AC001460,residence,kyc_origination,2026-04-01,T3,no. 274 blk d rd 1 unity nagar navanagara east - 980302,0,,0.0,,,,,,,,55,Valid and occupied,Visit,Unvisited address with complete description; schedule initial field visit
AD001885,AC001461,residence,kyc_origination,2026-04-01,T3,"No. 471, Sai Residency, Blk F, Rd 5, near Pharmacy, Navaangara East",6,address_not_traceable,32.0,0.0,0.0,0.0,0.0,0.0,6.0,0.0,67,Hard to find on the ground,Resolve the location (Problem Statement 3) before writing it off,Detailed address but agent could not locate pin (32s dwell); resolve geocode (PS3)
AD001886,AC001462,residence,kyc_origination,2026-04-01,T3,"H.NO. 355, BLK C, RD 5, PALM MEADOWS, NAVANAGARA EAST - 980302",5,locked_premises,210.0,0.0,0.0,2.0,1.0,1.0,1.0,0.0,62,"Valid, but borrower usually absent",Change the visit time,Premises locked or met family; shift visit to evening/weekend slot
AD001887,AC001462,permanent_native,kyc_origination,2026-04-01,OUT,"Village Kodihalli, Tehsil D, District South - 999856",0,,0.0,,,,,,,,52,Valid and occupied,Visit,Unvisited address with complete description; schedule initial field visit
AD001888,AC001463,residence,kyc_origination,2026-04-01,T1,ಬಸ್ ನಿಲ್ದಾಣ ಹಿಂದೆ hosa badvane kaveripura - 960101,0,,0.0,,,,,,,,50,Valid and occupied,Visit,Unvisited address with complete description; schedule initial field visit
AD001889,AC001464,residence,kyc_origination,2026-04-01,T1,"6TH CROSS, 5TH MAIN, SHANTHI NAGAR, KAVERIPURA - 960101",0,,0.0,,,,,,,,55,Valid and occupied,Visit,Unvisited address with complete description; schedule initial field visit
AD001890,AC001465,residence,kyc_origination,2026-04-01,T3,"#363, Blk F, Rd 5, Teachers Colony, Navanagara East - 980302",8,neighbour_says_shifted,194.0,0.0,0.0,3.0,3.0,1.0,1.0,0.0,60,"Valid, but borrower usually absent",Change the visit time,Premises locked or met family; shift visit to evening/weekend slot
AD001891,AC001466,residence,kyc_origination,2026-04-01,T3,"Blk D, Rd 6, near Petrol Pump, Silver Oak Lyt, Navanagara East - 980301",4,address_not_traceable,193.0,3.0,0.0,0.0,0.0,0.0,1.0,0.0,71,Valid and occupied,Visit,Borrower confirmed at address on prior visit; schedule visit
AD001892,AC001467,residence,kyc_origination,2026-04-01,T3,"House 200, Annapoorna Nilaya, E Block, 6th Road, ಮೆಡಿಕಲ್ ಶಾಪ್ ಹತ್ತಿರ, HMT Colony, Navanagara East - 980301",0,,0.0,,,,,,,,106,Valid and occupied,Visit,Unvisited address with complete description; schedule initial field visit
AD001893,AC001467,permanent_native,kyc_origination,2026-04-01,OUT,"Village Devipur, Tehsil D, District West - 993792",0,,0.0,,,,,,,,49,Valid and occupied,Visit,Unvisited address with complete description; schedule initial field visit
AD001894,AC001468,residence,kyc_origination,2026-04-01,T2,"NO. 1, GALI NO-5, DAK GHAR KE PAAS, NEHRU COL, DEVGARH NAGAR - 970203",0,,0.0,,,,,,,,69,Valid and occupied,Visit,Unvisited address with complete description; schedule initial field visit
AD001895,AC001469,residence,kyc_origination,2026-04-01,T3,"NO. 72, A BLK., 6TH RD, B/H RATION SHOP, UNITY NAGAR, NAVANAGARA EAST - 980302",0,,0.0,,,,,,,,78,Valid and occupied,Visit,Unvisited address with complete description; schedule initial field visit
AD001896,AC001470,residence,kyc_origination,2026-04-01,T3,"239/1, F Block, 4th Road, Silver Oak Layout, Navanagara East - 980301",2,met_borrower,1406.0,1.0,0.0,0.0,0.0,0.0,1.0,0.0,69,Valid and occupied,Visit,Borrower confirmed at address on prior visit; schedule visit
AD001897,AC001470,office,kyc_origination,2026-04-01,T3,"House 386, Blk C, Rd 6, opposite Ganapathi Temple, Orchid Enclave, Navanagara East - 980301",0,,0.0,,,,,,,,91,Valid and occupied,Visit,Unvisited address with complete description; schedule initial field visit
AD001898,AC001471,residence,kyc_origination,2026-04-01,T2,"64/1, Devgarh Nagr - 970203",0,,0.0,,,,,,,,27,Valid and occupied,Visit,Unvisited address with complete description; schedule initial field visit
AD001899,AC001472,residence,kyc_origination,2026-04-01,T1,"No. 441, Haalina Daory hattira, Nehru Colny, Kaveripura - 960102",2,address_not_traceable,56.0,0.0,0.0,1.0,0.0,0.0,1.0,0.0,64,"Valid, but borrower usually absent",Change the visit time,Premises locked or met family; shift visit to evening/weekend slot
AD001900,AC001473,residence,kyc_origination,2026-04-01,T1,"#137, 11TH CROSS, 4TH MAIN, OPP. GOVT SCHOOL, BASAVA NAGAR, KAVERIPURA",9,neighbour_says_shifted,143.0,0.0,0.0,2.0,5.0,0.0,2.0,0.0,70,"Valid, but borrower usually absent",Change the visit time,Premises locked or met family; shift visit to evening/weekend slot
AD001901,AC001474,residence,kyc_origination,2026-04-01,T3,"383/3, Blk E, Rd 3, close to Community Hall, Green Park Layout, Navanagara East - 980301",2,locked_premises,60.0,1.0,0.0,1.0,0.0,0.0,0.0,0.0,88,Valid and occupied,Visit,Borrower confirmed at address on prior visit; schedule visit
AD001902,AC001474,office,kyc_origination,2026-04-01,T3,"House 127, Blk A, Rd 5, opp. Ganesh Temple, HMT Colony, Navanagara East - 980302",0,,0.0,,,,,,,,80,Valid and occupied,Visit,Unvisited address with complete description; schedule initial field visit
AD001903,AC001475,residence,kyc_origination,2026-04-01,T1,house 437 8th cr 3rd main bhd ratoin shop kaveripura - 960103,3,address_not_traceable,103.0,0.0,0.0,0.0,0.0,0.0,3.0,0.0,61,Hard to find on the ground,Resolve the location (Problem Statement 3) before writing it off,Detailed address but agent could not locate pin (103s dwell); resolve geocode (PS3)
AD001904,AC001476,residence,kyc_origination,2026-04-01,T1,"H.No. 284, 2nd Cross, 2nd Main, Basava Nagar, Kaveripura - 960101",0,,0.0,,,,,,,,65,Valid and occupied,Visit,Unvisited address with complete description; schedule initial field visit
AD001905,AC001477,residence,kyc_origination,2026-04-01,T2,h.no. 359 gali no. 2 indira colony devgarh nagar - 970201,0,,0.0,,,,,,,,57,Valid and occupied,Visit,Unvisited address with complete description; schedule initial field visit
AD001906,AC001478,residence,kyc_origination,2026-04-01,T3,"#433, B Blk., 6th Road, nr. Bus Stop, Navanagara East - 980301",0,,0.0,,,,,,,,62,Valid and occupied,Visit,Unvisited address with complete description; schedule initial field visit
AD001907,AC001479,residence,kyc_origination,2026-04-01,T2,house 469 gali no. 3 ward 10 nr. ration shop krishna puri devgarh nagar - 970202,0,,0.0,,,,,,,,80,Valid and occupied,Visit,Unvisited address with complete description; schedule initial field visit
AD001908,AC001480,residence,kyc_origination,2026-04-01,T3,"No. 173, Blk F, Rd 5, ಸರ್ಕಾರಿ ಶಾಲೆ ಹತ್ತಿರ, Silver Oak Layout, Navanagara East - 980301",3,address_not_traceable,54.0,0.0,0.0,1.0,0.0,0.0,2.0,0.0,86,"Valid, but borrower usually absent",Change the visit time,Premises locked or met family; shift visit to evening/weekend slot
AD001909,AC001481,residence,kyc_origination,2026-04-01,T1,#448 6th cr 8th mn kaveripura - 960104,0,,0.0,,,,,,,,38,Valid and occupied,Visit,Unvisited address with complete description; schedule initial field visit
AD001910,AC001481,office,kyc_origination,2026-04-01,T1,"10th X, 4th Main Rd, Bus Stop edhuru, Hosa Badavane, Kaveripura - 960101",0,,0.0,,,,,,,,72,Valid and occupied,Visit,Unvisited address with complete description; schedule initial field visit
AD001911,AC001482,residence,kyc_origination,2026-04-01,T2,"151/2, Gali 2, Ward 2, nr. Park, Devgarh Nagar - 970202",0,,0.0,,,,,,,,55,Valid and occupied,Visit,Unvisited address with complete description; schedule initial field visit
AD001912,AC001483,residence,kyc_origination,2026-04-01,T2,no. 222 nehru colony devgarh nagar - 970203,0,,0.0,,,,,,,,43,Valid and occupied,Visit,Unvisited address with complete description; schedule initial field visit
AD001913,AC001483,office,kyc_origination,2026-04-01,T2,"Gali 7, opp Hanuman Temple, Subhash Nagr, Devgarh Nagar - 970201",0,,0.0,,,,,,,,64,Valid and occupied,Visit,Unvisited address with complete description; schedule initial field visit
AD001914,AC001484,residence,kyc_origination,2026-04-01,T2,"Om Sai Complex, opp Mosque, Tilak Nagar, Devgarh Nagar - 970203",2,met_family,595.0,0.0,2.0,0.0,0.0,0.0,0.0,0.0,63,"Valid, but borrower usually absent",Change the visit time,Premises locked or met family; shift visit to evening/weekend slot
AD001915,AC001484,permanent_native,kyc_origination,2026-04-01,OUT,"Village Chikkapura, Taluk A, District East - 999909",0,,0.0,,,,,,,,51,Valid and occupied,Visit,Unvisited address with complete description; schedule initial field visit
AD001916,AC001485,residence,kyc_origination,2026-04-01,T2,"opposite Hanman Temple, Shastri Nagr, Devgarh Nagar - 970201",0,,0.0,,,,,,,,60,Valid and occupied,Visit,Unvisited address with complete description; schedule initial field visit
AD001917,AC001485,office,kyc_origination,2026-04-01,T2,"House 252, गली नं. 6, बस स्टॉप के पास, Indira Col, Devgarh Nagr - 970202",0,,0.0,,,,,,,,72,Valid and occupied,Visit,Unvisited address with complete description; schedule initial field visit
AD001918,AC001486,residence,kyc_origination,2026-04-01,T2,"H.No. 196, गली नं. 11, Ward 3, राशन की दुकान के पीछे, Ambedkar Nagar, Devgarh Nagar - 970204",0,,0.0,,,,,,,,92,Valid and occupied,Visit,Unvisited address with complete description; schedule initial field visit
AD001919,AC001487,residence,kyc_origination,2026-04-01,T3,"H.No. 473, F Block, 7th Road, Sarkari Shaale hattira, Orchid Enclave, Navanagara East - 980301",0,,0.0,,,,,,,,94,Valid and occupied,Visit,Unvisited address with complete description; schedule initial field visit
AD001920,AC001488,residence,kyc_origination,2026-04-01,T3,"E Block, 6th Rd, close to PDS Shop, Lakeview Phase 2, Navanagara East - 980303",3,met_family,469.0,0.0,2.0,1.0,0.0,0.0,0.0,0.0,78,"Valid, but borrower usually absent",Change the visit time,Premises locked or met family; shift visit to evening/weekend slot
AD001921,AC001489,residence,kyc_origination,2026-04-01,T3,blk f rd 6 close to masjid teachers colony navanagara east - 980302,0,,0.0,,,,,,,,67,Valid and occupied,Visit,Unvisited address with complete description; schedule initial field visit
AD001922,AC001490,residence,kyc_origination,2026-04-01,T3,house 112 a blk. 4th road nyayabele angadi eduru ocrhid enclave navanagara esat - 980304,1,met_borrower,1266.0,1.0,0.0,0.0,0.0,0.0,0.0,0.0,88,Valid and occupied,Visit,Borrower confirmed at address on prior visit; schedule visit
AD001923,AC001491,residence,kyc_origination,2026-04-01,T2,"Gali 10, Ganesh Mandir ke peeche, Azad Mohalla, Devgarh Nagar - 970203",3,locked_premises,80.0,2.0,0.0,1.0,0.0,0.0,0.0,0.0,70,Valid and occupied,Visit,Borrower confirmed at address on prior visit; schedule visit
AD001924,AC001491,office,kyc_origination,2026-04-01,T2,"बस स्टॉप के सामने, Gandhi Basti, Devgarh Nagar - 970203",4,address_not_traceable,86.0,0.0,0.0,0.0,0.0,0.0,4.0,0.0,55,Hard to find on the ground,Resolve the location (Problem Statement 3) before writing it off,Detailed address but agent could not locate pin (86s dwell); resolve geocode (PS3)
AD001925,AC001492,residence,kyc_origination,2026-04-01,T3,#335 blk a rd 5 ration ki dukaan ke samne orchid enclave navanagara east - 980301,0,,0.0,,,,,,,,81,Valid and occupied,Visit,Unvisited address with complete description; schedule initial field visit
AD001926,AC001492,office,kyc_origination,2026-04-01,T3,h.no. 247 blk c rd 1 nr. petrol pump royal gardens navanagara east - 980303,0,,0.0,,,,,,,,75,Valid and occupied,Visit,Unvisited address with complete description; schedule initial field visit
AD001927,AC001493,residence,kyc_origination,2026-04-01,T2,"No. 177, Green View Apts, Gali no-4, Bus Stop ke pass, Devgarh Nagar - 970203",6,locked_premises,129.0,0.0,1.0,4.0,0.0,0.0,1.0,0.0,77,"Valid, but borrower usually absent",Change the visit time,Premises locked or met family; shift visit to evening/weekend slot
AD001928,AC001493,office,kyc_origination,2026-04-01,T2,"House 108, गली नं. 7, Ward 8, सरकारी स्कूल के सामने, Azad Mohalla, Devgarh Nagar - 970203",0,,0.0,,,,,,,,89,Valid and occupied,Visit,Unvisited address with complete description; schedule initial field visit
AD001929,AC001494,residence,kyc_origination,2026-04-01,T2,"#31, Gali no-2, Ward 6, Nehru Colony, Devgarh Nagar - 970203",2,met_family,330.0,0.0,1.0,0.0,0.0,0.0,1.0,0.0,60,"Valid, but borrower usually absent",Change the visit time,Premises locked or met family; shift visit to evening/weekend slot
AD001930,AC001495,residence,kyc_origination,2026-04-01,T1,"NO. 56, 2ND CROSS, 6TH MAIN RD, CLOSE TO MILK BOOTH, NEHRU COLONY, KAVERIPURA - 960101",0,,0.0,,,,,,,,86,Valid and occupied,Visit,Unvisited address with complete description; schedule initial field visit
AD001931,AC001496,residence,kyc_origination,2026-04-01,T2,"House 224, गली नं. 1, Ward 9, Devgarh Nagar - 970201",0,,0.0,,,,,,,,52,Valid and occupied,Visit,Unvisited address with complete description; schedule initial field visit
AD001932,AC001497,residence,kyc_origination,2026-04-01,T3,"Blk E, Rd 3, bhd Park, Orchid Enclave, Navanagara East - 980301",0,,0.0,,,,,,,,63,Valid and occupied,Visit,Unvisited address with complete description; schedule initial field visit
AD001933,AC001498,residence,kyc_origination,2026-04-01,T3,"NO. 26, C BLK, 5TH RD, UDYANAVANA EDHURU, PALM MEADOWS, NAVANAGARA EAST - 980302",2,address_not_traceable,66.0,0.0,0.0,1.0,0.0,0.0,1.0,0.0,80,"Valid, but borrower usually absent",Change the visit time,Premises locked or met family; shift visit to evening/weekend slot
AD001934,AC001498,office,kyc_origination,2026-04-01,T3,"HOUSE 223, BLK A, RD 1, SILVER OAK LAYOUT, NAVANAGARA EAT - 980301",2,locked_premises,145.0,0.0,0.0,1.0,1.0,0.0,0.0,0.0,66,"Valid, but borrower usually absent",Change the visit time,Premises locked or met family; shift visit to evening/weekend slot
AD001935,AC001499,residence,kyc_origination,2026-04-01,T1,"#466, nr Ganessh Temple, Vinayaka Nagar, Kaveripura - 960104",0,,0.0,,,,,,,,60,Valid and occupied,Visit,Unvisited address with complete description; schedule initial field visit
AD001936,AC001499,permanent_native,kyc_origination,2026-04-01,OUT,"Village Kodihalli, Tehsil C, District West - 998136",0,,0.0,,,,,,,,51,Valid and occupied,Visit,Unvisited address with complete description; schedule initial field visit
AD001937,AC001500,residence,kyc_origination,2026-04-01,T2,"HOUSE 342, GALI 10, WARD 8, PETROL PUMP KE PASS, AZAD MOHALLA, DEVGARH NAGAR - 970203",8,met_family,368.0,1.0,3.0,4.0,0.0,0.0,0.0,0.0,85,Valid and occupied,Visit,Borrower confirmed at address on prior visit; schedule visit
AD001938,AC001501,residence,kyc_origination,2026-04-01,T2,no. 188 gali 3 adj. church shastri nagra devgarh nagar - 970201,0,,0.0,,,,,,,,63,Valid and occupied,Visit,Unvisited address with complete description; schedule initial field visit
AD001939,AC001502,residence,kyc_origination,2026-04-01,T3,"40/1, Doodh Dairy ke pass, Green Park Layout, Navanagara East - 980301",0,,0.0,,,,,,,,70,Valid and occupied,Visit,Unvisited address with complete description; schedule initial field visit
AD001940,AC001503,residence,kyc_origination,2026-04-01,T1,no. 445 1st cross 8th main vidya nagar kaveripura - 960103,0,,0.0,,,,,,,,58,Valid and occupied,Visit,Unvisited address with complete description; schedule initial field visit
AD001941,AC001503,office,kyc_origination,2026-04-01,T1,"H.No. 184, 6th Crs, 1st Main, Haalina Dairy hattira, Anjaneya Badavane, Kaveripura - 960103",0,,0.0,,,,,,,,91,Valid and occupied,Visit,Unvisited address with complete description; schedule initial field visit
AD001942,AC001504,residence,kyc_origination,2026-04-01,T2,nr. milk booth shastri nagr devgarh nagar - 970201,0,,0.0,,,,,,,,50,Valid and occupied,Visit,Unvisited address with complete description; schedule initial field visit
AD001943,AC001505,residence,kyc_origination,2026-04-01,T3,houe 411 blk e rd 1 palm meadows navanagara east - 980303,0,,0.0,,,,,,,,57,Valid and occupied,Visit,Unvisited address with complete description; schedule initial field visit
AD001944,AC001506,residence,kyc_origination,2026-04-01,T2,"Gali 12, Krishna Puri, Devgarh Nagar - 970202",6,met_borrower,465.0,1.0,1.0,2.0,0.0,0.0,2.0,0.0,45,Valid and occupied,Visit,Borrower confirmed at address on prior visit; schedule visit
AD001945,AC001507,residence,kyc_origination,2026-04-01,T1,"1st Crs, 2nd Main, nr Ganapathi Temple, Vinayaka Nagar, Kaveripura - 960104",7,neighbour_says_shifted,246.0,0.0,0.0,1.0,3.0,2.0,1.0,0.0,75,"Valid, but borrower usually absent",Change the visit time,Premises locked or met family; shift visit to evening/weekend slot
AD001946,AC001508,residence,kyc_origination,2026-04-01,T3,no. 98 blk c rd 2 nr milk booth hmt colny navanagara east - 980301,0,,0.0,,,,,,,,66,Valid and occupied,Visit,Unvisited address with complete description; schedule initial field visit
AD001947,AC001509,residence,kyc_origination,2026-04-01,T3,blk e rd 4 nr petrol pump orchid enclave navanagara east - 980301,5,address_not_traceable,55.0,0.0,0.0,0.0,0.0,1.0,4.0,0.0,65,Hard to find on the ground,Resolve the location (Problem Statement 3) before writing it off,Detailed address but agent could not locate pin (55s dwell); resolve geocode (PS3)
AD001948,AC001510,residence,kyc_origination,2026-04-01,T2,"H.No. 339, Gali No. 2, Ward 9, Shastri Nagar, Devgarh Nagar",0,,0.0,,,,,,,,59,Valid and occupied,Visit,Unvisited address with complete description; schedule initial field visit
AD001949,AC001511,residence,kyc_origination,2026-04-01,T1,"#389, 1st Cr, 6th Main, nr. Milk Dairy, Nehru Col, Kaveripura - 960102",0,,0.0,,,,,,,,70,Valid and occupied,Visit,Unvisited address with complete description; schedule initial field visit
AD001950,AC001512,residence,kyc_origination,2026-04-01,T2,"#80, opp Govt School, Patel Nagar, Devgarh Nagar - 970202",0,,0.0,,,,,,,,57,Valid and occupied,Visit,Unvisited address with complete description; schedule initial field visit
AD001951,AC001513,residence,kyc_origination,2026-04-01,T2,"Sri Krishna Nivas, Gali no-2, Ward 12, Tilak Nagar, Devgarh Nagar - 970204",0,,0.0,,,,,,,,74,Valid and occupied,Visit,Unvisited address with complete description; schedule initial field visit
AD001952,AC001514,residence,kyc_origination,2026-04-01,T2,"#233, Gali 6, Ward 8, Azad Mohaalla, Devgarh Nagar - 970203",1,locked_premises,177.0,0.0,0.0,1.0,0.0,0.0,0.0,0.0,59,"Valid, but borrower usually absent",Change the visit time,Premises locked or met family; shift visit to evening/weekend slot
AD001953,AC001515,residence,kyc_origination,2026-04-01,T2,gali no. 12 medical store ke paas shastri nagr devgarh nagar,0,,0.0,,,,,,,,60,Valid and occupied,Visit,Unvisited address with complete description; schedule initial field visit
AD001954,AC001516,residence,kyc_origination,2026-04-01,T2,"गली नं. 11, राशन की दुकान के पास, Patel Nagr, Devgarh Nagar - 970203",8,locked_premises,85.0,0.0,3.0,5.0,0.0,0.0,0.0,0.0,68,"Valid, but borrower usually absent",Change the visit time,Premises locked or met family; shift visit to evening/weekend slot
AD001955,AC001516,office,kyc_origination,2026-04-01,T2,house 70 gali 7 ward 6 medical store ke pass nehru colony devgarh nagar - 970203,0,,0.0,,,,,,,,80,Valid and occupied,Visit,Unvisited address with complete description; schedule initial field visit
AD001956,AC001517,residence,kyc_origination,2026-04-01,T3,"BLK A, RD 2, UNITY NAGR, NAVANAGARA EAST - 980302",0,,0.0,,,,,,,,49,Valid and occupied,Visit,Unvisited address with complete description; schedule initial field visit
AD001957,AC001518,residence,kyc_origination,2026-04-01,T3,"447/, B BLOCK, 7TH ROAD, ನೀರಿನ ಟ್ಯಾಂಕ್ ಹತ್ತಿರ, TEACHERS COLNY, NAVANAGARA EAST - 980302",0,,0.0,,,,,,,,87,Valid and occupied,Visit,Unvisited address with complete description; schedule initial field visit
AD001958,AC001519,residence,kyc_origination,2026-04-01,T3,house 454 blk e rd 3 nr. ration shop lakeview phase 2 navanagara east - 980303,0,,0.0,,,,,,,,78,Valid and occupied,Visit,Unvisited address with complete description; schedule initial field visit
AD001959,AC001520,residence,kyc_origination,2026-04-01,T1,h.no. 27 3rd cross 5th main anjaneya gudi edhuru siddeshwara colony kaveripura - 960102,0,,0.0,,,,,,,,87,Valid and occupied,Visit,Unvisited address with complete description; schedule initial field visit
AD001960,AC001521,residence,kyc_origination,2026-04-01,T1,"#428, Om Sai Complex, 7th X, 2nd Mn, Udyanavana hattira, Nehru Colony, Kaveripura - 960102",1,met_family,434.0,0.0,1.0,0.0,0.0,0.0,0.0,0.0,90,"Valid, but borrower usually absent",Change the visit time,Premises locked or met family; shift visit to evening/weekend slot
AD001961,AC001522,residence,kyc_origination,2026-04-01,T1,"109/2, 10TH X, 8TH MAIN, NEAR PETROL BUNK, VINAYAKA NGR, KAVERIPURA - 960104",0,,0.0,,,,,,,,76,Valid and occupied,Visit,Unvisited address with complete description; schedule initial field visit
AD001962,AC001523,residence,kyc_origination,2026-04-01,T2,gali no. 8 ward 11 girja ghar ke pass patel nagar devgarh nagar,4,met_family,212.0,1.0,1.0,2.0,0.0,0.0,0.0,0.0,63,Valid and occupied,Visit,Borrower confirmed at address on prior visit; schedule visit
AD001963,AC001524,residence,kyc_origination,2026-04-01,T2,"GALI 2, WARD 9, GIRJA GHAR KE PASS, SHASTRI NAGAR, DEVGRAH NAGAR - 970201",5,met_borrower,1407.0,3.0,1.0,1.0,0.0,0.0,0.0,0.0,73,Valid and occupied,Visit,Borrower confirmed at address on prior visit; schedule visit
AD001964,AC001525,residence,kyc_origination,2026-04-01,T3,"E Block, 1st Road, near Post Office, Palm Meadows, Navanagara East - 980302",0,,0.0,,,,,,,,75,Valid and occupied,Visit,Unvisited address with complete description; schedule initial field visit
AD001965,AC001526,residence,kyc_origination,2026-04-01,T2,"Ganga Apartments, गली नं. 12, मेडिकल स्टोर के पास, Gandhi Basti, Devgarh Nagar - 970203",0,,0.0,,,,,,,,87,Valid and occupied,Visit,Unvisited address with complete description; schedule initial field visit
AD001966,AC001526,office,kyc_origination,2026-04-01,T2,"H.No. 8, Annapoorna Nilaya, Gali no-2, Ward 10, Bus Adda ke pass, Krishna Puri, Devgarh Nagar - 970204",0,,0.0,,,,,,,,102,Valid and occupied,Visit,Unvisited address with complete description; schedule initial field visit
AD001967,AC001527,residence,kyc_origination,2026-04-01,T1,"No. 59, 4th Cr, 2nd Main, Kalyana Ngr, Kaveripura - 960104",0,,0.0,,,,,,,,58,Valid and occupied,Visit,Unvisited address with complete description; schedule initial field visit
AD001968,AC001528,residence,kyc_origination,2026-04-01,T2,gali no-10 ward 6 opposite water tank nehru colony devgarh nagar,0,,0.0,,,,,,,,64,Valid and occupied,Visit,Unvisited address with complete description; schedule initial field visit
AD001969,AC001529,residence,kyc_origination,2026-04-01,T2,"NO. 364, GALI NO. 1, BHD BUS STAND, SUBHASH NAGAR, DEVGARH NGR - 970201",1,locked_premises,176.0,0.0,0.0,1.0,0.0,0.0,0.0,0.0,71,"Valid, but borrower usually absent",Change the visit time,Premises locked or met family; shift visit to evening/weekend slot
AD001970,AC001530,residence,kyc_origination,2026-04-01,T1,"H.No. 316, nera Ganapathi Temple, Vinayaka Ngr, Kaveripura",0,,0.0,,,,,,,,58,Valid and occupied,Visit,Unvisited address with complete description; schedule initial field visit
AD001971,AC001531,residence,kyc_origination,2026-04-01,T2,"No. 42, Gali 8, Krishna Puri, Devgarh Nagar - 970202",5,address_not_traceable,47.0,2.0,0.0,1.0,0.0,0.0,2.0,0.0,52,Valid and occupied,Visit,Borrower confirmed at address on prior visit; schedule visit
AD001972,AC001532,residence,kyc_origination,2026-04-01,T1,"HOUSE 252, 9TH X, 4TH MAIN RD, GANAPATHI GUDI HATTIRA, GANDHI NAGAR, KAVERIPURA - 960101",6,met_family,419.0,1.0,4.0,1.0,0.0,0.0,0.0,0.0,88,Valid and occupied,Visit,Borrower confirmed at address on prior visit; schedule visit
AD001973,AC001533,residence,kyc_origination,2026-04-01,T1,annapoorna nilaya 4th cross 2nd min near church kaveripura - 960102,7,met_family,380.0,0.0,6.0,1.0,0.0,0.0,0.0,0.0,67,"Valid, but borrower usually absent",Change the visit time,Premises locked or met family; shift visit to evening/weekend slot
AD001974,AC001534,residence,kyc_origination,2026-04-01,T2,432/2 gali 9 b/h gvt school gandhi basti devgarh nagar,0,,0.0,,,,,,,,54,Valid and occupied,Visit,Unvisited address with complete description; schedule initial field visit
AD001975,AC001534,permanent_native,kyc_origination,2026-04-01,OUT,"Village Rampura Kalan, Taluk A, District East - 992010",0,,0.0,,,,,,,,54,Valid and occupied,Visit,Unvisited address with complete description; schedule initial field visit
AD001976,AC001535,residence,kyc_origination,2026-04-01,T3,"F Block, 4th Roadd, Jama Masjid ke paas, Palm Meadows, Navanagara East - 980302",1,met_family,209.0,0.0,1.0,0.0,0.0,0.0,0.0,0.0,79,"Valid, but borrower usually absent",Change the visit time,Premises locked or met family; shift visit to evening/weekend slot
AD001977,AC001536,residence,kyc_origination,2026-04-01,T3,"E Blk., 2nd Road, Lakeview Phase 2, Navanagara East",3,met_borrower,1183.0,1.0,1.0,0.0,0.0,0.0,1.0,0.0,51,Valid and occupied,Visit,Borrower confirmed at address on prior visit; schedule visit
AD001978,AC001537,residence,kyc_origination,2026-04-01,T1,"#336, 4th Cr, 8th Mn, behind Milk Dairy, Nehru Col, Kaveripura - 960102",2,neighbour_says_shifted,206.0,0.0,0.0,0.0,2.0,0.0,0.0,0.0,71,Borrower has moved,Trace the new address,Neighbours or occupants confirmed borrower relocated; trace new address
AD001979,AC001537,permanent_native,kyc_origination,2026-04-01,OUT,"Village Devipur, Taluk A, District North - 991289",0,,0.0,,,,,,,,49,Valid and occupied,Visit,Unvisited address with complete description; schedule initial field visit
AD001980,AC001538,residence,kyc_origination,2026-04-01,T2,"Gali no-11, Dawai ki Dukaan ke pass, Shivaji Ngar, Devgarh Nagar - 970202",0,,0.0,,,,,,,,73,Valid and occupied,Visit,Unvisited address with complete description; schedule initial field visit
AD001981,AC001538,permanent_native,kyc_origination,2026-04-01,OUT,"Village Sundarpur, Taluk A, District North - 995319",0,,0.0,,,,,,,,51,Valid and occupied,Visit,Unvisited address with complete description; schedule initial field visit
AD001982,AC001539,residence,kyc_origination,2026-04-01,T3,"No. 321, B Blk., 5th Rd, Jama Masjid ke peeche, Silver Oak Lyt, Navanagara East - 980301",5,no_such_person,184.0,0.0,0.0,1.0,3.0,1.0,0.0,0.0,88,"Valid, but borrower usually absent",Change the visit time,Premises locked or met family; shift visit to evening/weekend slot
AD001983,AC001540,residence,kyc_origination,2026-04-01,T3,"HOUSE 417, LAKEVIEW PHASE 2, NAVANAGARA EAST - 980302",0,,0.0,,,,,,,,53,Valid and occupied,Visit,Unvisited address with complete description; schedule initial field visit
AD001984,AC001540,office,kyc_origination,2026-04-01,T3,"F BLOCK, 2ND ROAD, NR OVERHEAD TANK, DEFENCE COLNY, NAVANAGARA EAST - 980301",0,,0.0,,,,,,,,76,Valid and occupied,Visit,Unvisited address with complete description; schedule initial field visit
AD001985,AC001541,residence,kyc_origination,2026-04-01,T3,"H.No. 85, Blk F, Rd 3, Medical Shop hattira, Orchid Enclave, Navanagara East - 980301",1,address_not_traceable,96.0,0.0,0.0,0.0,0.0,0.0,1.0,0.0,85,Hard to find on the ground,Resolve the location (Problem Statement 3) before writing it off,Detailed address but agent could not locate pin (96s dwell); resolve geocode (PS3)
AD001986,AC001541,office,kyc_origination,2026-04-01,T3,"House 105, Blk A, Rd 2, opp. Milk Booth, Navanagara East - 980302",0,,0.0,,,,,,,,65,Valid and occupied,Visit,Unvisited address with complete description; schedule initial field visit
AD001987,AC001542,residence,kyc_origination,2026-04-01,T2,"103/2, Gali No. 1, मस्जिद के पास, Devgarh Nagar - 970202",0,,0.0,,,,,,,,56,Valid and occupied,Visit,Unvisited address with complete description; schedule initial field visit
AD001988,AC001543,residence,kyc_origination,2026-04-01,T3,no. 230 f block 5th road nr post office railway colony navanagara east - 980304,0,,0.0,,,,,,,,79,Valid and occupied,Visit,Unvisited address with complete description; schedule initial field visit
AD001989,AC001543,office,kyc_origination,2026-04-01,T3,no. 230 a block 6th rd palm meadows navanagara east - 980302,0,,0.0,,,,,,,,60,Valid and occupied,Visit,Unvisited address with complete description; schedule initial field visit
AD001990,AC001544,residence,kyc_origination,2026-04-01,T3,"111/3, Blk A, Rd 5, Railway Colny, Navanagara Est - 9803304",1,met_borrower,479.0,1.0,0.0,0.0,0.0,0.0,0.0,0.0,59,Valid and occupied,Visit,Borrower confirmed at address on prior visit; schedule visit
AD001991,AC001545,residence,kyc_origination,2026-04-01,T1,"#455, 4th X, 1st Main, Gandhi Ngr, Kaveripura - 960102",5,met_family,430.0,0.0,2.0,3.0,0.0,0.0,0.0,0.0,54,"Valid, but borrower usually absent",Change the visit time,Premises locked or met family; shift visit to evening/weekend slot
AD001992,AC001546,residence,kyc_origination,2026-04-01,T1,"#182, opp PDS Shop, Nehru Colony, Kaveripura - 960102",0,,0.0,,,,,,,,53,Valid and occupied,Visit,Unvisited address with complete description; schedule initial field visit
AD001993,AC001546,office,kyc_origination,2026-04-01,T1,"House 184, 2nd Cross, 8th Main Rd, Gandhi Nagar, Kaveripura",1,met_borrower,870.0,1.0,0.0,0.0,0.0,0.0,0.0,0.0,59,Valid and occupied,Visit,Borrower confirmed at address on prior visit; schedule visit
AD001994,AC001547,residence,kyc_origination,2026-04-01,T3,a block 2nd rd palm meadows navanagara east - 980302,0,,0.0,,,,,,,,52,Valid and occupied,Visit,Unvisited address with complete description; schedule initial field visit
AD001995,AC001548,residence,kyc_origination,2026-04-01,T3,"House 34, Blk E, Rd 2, near Mosque, Teachers Colony, Navanagara East - 980302",3,met_borrower,1072.0,2.0,0.0,0.0,0.0,0.0,1.0,0.0,77,Valid and occupied,Visit,Borrower confirmed at address on prior visit; schedule visit
AD001996,AC001549,residence,kyc_origination,2026-04-01,T2,217/3 gali no. 10 ward 11 near ganesh temple devgarh nagar - 970202,4,met_family,553.0,1.0,3.0,0.0,0.0,0.0,0.0,0.0,67,Valid and occupied,Visit,Borrower confirmed at address on prior visit; schedule visit
AD001997,AC001549,permanent_native,kyc_origination,2026-04-01,OUT,"Village Rampura Kalan, Taluk A, District South - 995315",0,,0.0,,,,,,,,55,Valid and occupied,Visit,Unvisited address with complete description; schedule initial field visit
AD001998,AC001550,residence,kyc_origination,2026-04-01,T2,154/1 gali no-5 bagicha ke paas nehru colony devgahr nagar - 970203,0,,0.0,,,,,,,,67,Valid and occupied,Visit,Unvisited address with complete description; schedule initial field visit
AD001999,AC001551,residence,kyc_origination,2026-04-01,T1,"#284, 3RD CROSS, 3RD MAIN, CLOSE TO POST OFFICE, KAVERIPURA - 960104",0,,0.0,,,,,,,,68,Valid and occupied,Visit,Unvisited address with complete description; schedule initial field visit
AD002000,AC001552,residence,kyc_origination,2026-04-01,T3,"H.No. 327, ಬಸ್ ನಿಲ್ದಾಣ ಎದುರು, Silver Oak Layt, Navanagara East - 980301",0,,0.0,,,,,,,,71,Valid and occupied,Visit,Unvisited address with complete description; schedule initial field visit
AD002001,AC001552,office,kyc_origination,2026-04-01,T3,"288/1, Blk F, Rd 6, next to Community Hall, Defence Colony, Navanagara East - 980301",0,,0.0,,,,,,,,84,Valid and occupied,Visit,Unvisited address with complete description; schedule initial field visit
AD002002,AC001553,residence,kyc_origination,2026-04-01,T2,"#251, GALI 4, WARD 1, NEAR BUS STOP, SHIVAJI NAGAR, DEVGARH NAGAR - 970204",0,,0.0,,,,,,,,74,Valid and occupied,Visit,Unvisited address with complete description; schedule initial field visit
AD002003,AC001554,residence,kyc_origination,2026-04-01,T2,"#6, Gali No. 9, मस्जिद के पास, Subhash Ngr, Devgarh Nagr - 970201",0,,0.0,,,,,,,,65,Valid and occupied,Visit,Unvisited address with complete description; schedule initial field visit
AD002004,AC001554,office,kyc_origination,2026-04-01,T2,"Gali No. 1, Community Hall ke pass, Nehru Colny, Devgarh Nagar - 970203",0,,0.0,,,,,,,,71,Valid and occupied,Visit,Unvisited address with complete description; schedule initial field visit
AD002005,AC001555,residence,kyc_origination,2026-04-01,T2,"House 76, Gali no-12, Ration ki Dukaan ke samne, Ambedkar Nagar, Devgarh Nagar - 970204",2,met_family,295.0,0.0,1.0,0.0,0.0,0.0,1.0,0.0,87,"Valid, but borrower usually absent",Change the visit time,Premises locked or met family; shift visit to evening/weekend slot
AD002006,AC001555,permanent_native,kyc_origination,2026-04-01,OUT,"Village Bilagi, Tehsil C, District South - 992342",0,,0.0,,,,,,,,49,Valid and occupied,Visit,Unvisited address with complete description; schedule initial field visit
AD002007,AC001556,residence,kyc_origination,2026-04-01,T2,"No. 63, Gali no-7, Sarkari School ke saamne, Patel Nagar, Devgarh Nagar - 970202",6,met_family,308.0,1.0,1.0,3.0,0.0,0.0,1.0,0.0,80,Valid and occupied,Visit,Borrower confirmed at address on prior visit; schedule visit
AD002008,AC001557,residence,kyc_origination,2026-04-01,T3,"H.No. 428, Blk B, Rd 1, Royal Gardens, Navanagara East - 980304",0,,0.0,,,,,,,,63,Valid and occupied,Visit,Unvisited address with complete description; schedule initial field visit
AD002009,AC001558,residence,kyc_origination,2026-04-01,T3,"H.NO. 134, A BLOCK, 4TH RD., BEHIND GANAPATHI TEMPLE, HMT COLONY, NAVANAGARA EAST - 980301",5,neighbour_says_shifted,145.0,0.0,1.0,1.0,1.0,0.0,2.0,0.0,90,"Valid, but borrower usually absent",Change the visit time,Premises locked or met family; shift visit to evening/weekend slot
AD002010,AC001558,permanent_native,kyc_origination,2026-04-01,OUT,"Village Bilagi, Taluk B, District South - 991983",0,,0.0,,,,,,,,48,Valid and occupied,Visit,Unvisited address with complete description; schedule initial field visit
AD002011,AC001559,residence,kyc_origination,2026-04-01,T1,"House 467, 9th Cross, 6th Main, Girja Ghar ke pass, Kaveripura - 960101",0,,0.0,,,,,,,,71,Valid and occupied,Visit,Unvisited address with complete description; schedule initial field visit
AD002012,AC001559,permanent_native,kyc_origination,2026-04-01,OUT,"Village Rampura Kalan, Taluk B, District East - 998280",0,,0.0,,,,,,,,54,Valid and occupied,Visit,Unvisited address with complete description; schedule initial field visit
AD002013,AC001560,residence,kyc_origination,2026-04-01,T1,"4th Cross, 4th Main Rd, Vidya Nagr, Kaveripura - 960104",0,,0.0,,,,,,,,55,Valid and occupied,Visit,Unvisited address with complete description; schedule initial field visit
AD002014,AC001560,office,kyc_origination,2026-04-01,T1,"11th X, 1st Main, Neerina Tank hattira, Shanthi Nagar, Kaveripura - 960101",0,,0.0,,,,,,,,74,Valid and occupied,Visit,Unvisited address with complete description; schedule initial field visit
AD002015,AC001561,residence,kyc_origination,2026-04-01,T1,"148/3, 122th Cross, 1st Main, Basava Nagr, Kaveripura - 960110",1,met_family,293.0,0.0,1.0,0.0,0.0,0.0,0.0,0.0,62,"Valid, but borrower usually absent",Change the visit time,Premises locked or met family; shift visit to evening/weekend slot
AD002016,AC001562,residence,kyc_origination,2026-04-01,T1,#475 ಆಂಜನೇಯ ದೇವಸ್ಥಾನ ಹತ್ತಿರ nehru colony kaveripura - 960102,5,neighbour_says_shifted,188.0,0.0,0.0,0.0,3.0,1.0,1.0,0.0,60,Borrower has moved,Trace the new address,Neighbours or occupants confirmed borrower relocated; trace new address
AD002017,AC001562,permanent_native,kyc_origination,2026-04-01,OUT,"Village Devipur, Taluk B, District South - 992207",0,,0.0,,,,,,,,49,Valid and occupied,Visit,Unvisited address with complete description; schedule initial field visit
AD002018,AC001563,residence,kyc_origination,2026-04-01,T2,"#323, Gali 6, Ward 7, nr. Govt School, Ganhdi Basti, Devgarh Nagar - 970203",0,,0.0,,,,,,,,75,Valid and occupied,Visit,Unvisited address with complete description; schedule initial field visit
AD002019,AC001564,residence,kyc_origination,2026-04-01,T2,"SARKARI SCHOOL KE PASS, PATEL NAGAR, DEVGARH NGR - 970202",1,neighbour_says_shifted,335.0,0.0,0.0,0.0,1.0,0.0,0.0,0.0,57,Borrower has moved,Trace the new address,Neighbours or occupants confirmed borrower relocated; trace new address
AD002020,AC001564,permanent_native,kyc_origination,2026-04-01,OUT,"Village Sundarpur, Tehsil D, District West - 996205",0,,0.0,,,,,,,,51,Valid and occupied,Visit,Unvisited address with complete description; schedule initial field visit
AD002021,AC001565,residence,kyc_origination,2026-04-01,T1,"H.No. 392, 5th Cross, 8th Main, Haalina Dairy hattira, Nehru Colny, Kaveripura - 960102",1,locked_premises,188.0,0.0,0.0,1.0,0.0,0.0,0.0,0.0,87,"Valid, but borrower usually absent",Change the visit time,Premises locked or met family; shift visit to evening/weekend slot
AD002022,AC001566,residence,kyc_origination,2026-04-01,T3,blk c rd 5 nr. pds shop hmt colony navanagara east - 980301,1,address_not_traceable,89.0,0.0,0.0,0.0,0.0,0.0,1.0,0.0,59,Hard to find on the ground,Resolve the location (Problem Statement 3) before writing it off,Detailed address but agent could not locate pin (89s dwell); resolve geocode (PS3)
AD002023,AC001567,residence,kyc_origination,2026-04-01,T3,"close to Milk Booth, Railway Colny, Navanagara East - 980304",5,met_family,486.0,0.0,3.0,2.0,0.0,0.0,0.0,0.0,60,"Valid, but borrower usually absent",Change the visit time,Premises locked or met family; shift visit to evening/weekend slot
AD002024,AC001568,residence,kyc_origination,2026-04-01,T1,"H.No. 41, 10th Cross, 7th Mn, Siddeshwara Colny, Kaveripura - 960102",0,,0.0,,,,,,,,68,Valid and occupied,Visit,Unvisited address with complete description; schedule initial field visit
AD002025,AC001569,residence,kyc_origination,2026-04-01,T3,"428/3, C Block, 1st Road, Railway Col, Navanagara East - 980304",0,,0.0,,,,,,,,63,Valid and occupied,Visit,Unvisited address with complete description; schedule initial field visit
AD002026,AC001570,residence,kyc_origination,2026-04-01,T2,subhash ngr devgarh nagar - 970201,0,,0.0,,,,,,,,34,Valid and occupied,Visit,Unvisited address with complete description; schedule initial field visit
AD002027,AC001571,residence,kyc_origination,2026-04-01,T2,"गली नं. 5, Shastri Ngr, Devgarh Nagar - 970201",8,locked_premises,195.0,0.0,3.0,4.0,0.0,0.0,0.0,1.0,46,"Valid, but borrower usually absent",Change the visit time,Premises locked or met family; shift visit to evening/weekend slot
AD002028,AC001572,residence,kyc_origination,2026-04-01,T2,"House 410, Gali No. 9, Ward 12, Petrol Pump ke pass, Tilak Ngr, Devgarh Ngr - 970204",0,,0.0,,,,,,,,84,Valid and occupied,Visit,Unvisited address with complete description; schedule initial field visit
AD002029,AC001573,residence,kyc_origination,2026-04-01,T1,"H.No. 389, 12th X, 6th Mn, Vidya Nagar, Kaveripura - 960103",3,met_borrower,921.0,1.0,0.0,1.0,0.0,0.0,1.0,0.0,59,Valid and occupied,Visit,Borrower confirmed at address on prior visit; schedule visit
AD002030,AC001574,residence,kyc_origination,2026-04-01,T2,"281/1, NEAR PARK, RAM NAGAR, DEVGARH NAGAR - 970203",0,,0.0,,,,,,,,51,Valid and occupied,Visit,Unvisited address with complete description; schedule initial field visit
AD002031,AC001575,residence,kyc_origination,2026-04-01,T3,"F Blk., 5th Road, Ration Angadi hattira, Lakeview Phase 2, Navanagara East - 980303",0,,0.0,,,,,,,,83,Valid and occupied,Visit,Unvisited address with complete description; schedule initial field visit
AD002032,AC001575,permanent_native,kyc_origination,2026-04-01,OUT,"Village Rampura Kalan, Taluk A, District South - 994001",0,,0.0,,,,,,,,55,Valid and occupied,Visit,Unvisited address with complete description; schedule initial field visit
AD002033,AC001576,residence,kyc_origination,2026-04-01,T3,"A Block, 1st Road, Bus Stop ke paas, Silver Oak Layout, Navanagara East - 980304",2,locked_premises,144.0,0.0,0.0,1.0,0.0,0.0,1.0,0.0,80,"Valid, but borrower usually absent",Change the visit time,Premises locked or met family; shift visit to evening/weekend slot
AD002034,AC001577,residence,kyc_origination,2026-04-01,T2,"H.No. 391, Gali No. 5, opp. Post Ofifce, Devgarh Ngr - 970202",5,locked_premises,117.0,0.0,2.0,1.0,0.0,0.0,2.0,0.0,61,"Valid, but borrower usually absent",Change the visit time,Premises locked or met family; shift visit to evening/weekend slot
AD002035,AC001578,residence,kyc_origination,2026-04-01,T3,"A BLOCK, 5TH RD., NEXT TO GANAPATHI TEMPLE, HMT COLONY, NAVANAGARA EAST - 980301",0,,0.0,,,,,,,,80,Valid and occupied,Visit,Unvisited address with complete description; schedule initial field visit
AD002036,AC001579,residence,kyc_origination,2026-04-01,T3,"431/3, B Block, 1st Road, ಚರ್ಚ್ ಪಕ್ಕ, Defence Colony, Navanagara East - 980301",0,,0.0,,,,,,,,78,Valid and occupied,Visit,Unvisited address with complete description; schedule initial field visit
AD002037,AC001580,residence,kyc_origination,2026-04-01,T3,"opposite Petrol Pump, Unity Nagar, Navanagara East - 980302",0,,0.0,,,,,,,,59,Valid and occupied,Visit,Unvisited address with complete description; schedule initial field visit
AD002038,AC001581,residence,kyc_origination,2026-04-01,T1,"H.No. 437, 5th Cross, 7th Mn, near Milk Dairy, Nehru Colony, Kaveripura - 906102",3,met_borrower,696.0,3.0,0.0,0.0,0.0,0.0,0.0,0.0,80,Valid and occupied,Visit,Borrower confirmed at address on prior visit; schedule visit
AD002039,AC001582,residence,kyc_origination,2026-04-01,T1,"#459, 3rd Cross, 5th Main, Haalina Dairy hattira, Nehru Colny, Kaveripura - 960102",1,met_borrower,739.0,1.0,0.0,0.0,0.0,0.0,0.0,0.0,82,Valid and occupied,Visit,Borrower confirmed at address on prior visit; schedule visit
AD002040,AC001583,residence,kyc_origination,2026-04-01,T3,"House 174, Blk D, Rd 3, Green Park Layout, Navanagara East - 980301",0,,0.0,,,,,,,,67,Valid and occupied,Visit,Unvisited address with complete description; schedule initial field visit
AD002041,AC001583,permanent_native,kyc_origination,2026-04-01,OUT,"Village Bilagi, Tehsil C, District East - 999146",0,,0.0,,,,,,,,48,Valid and occupied,Visit,Unvisited address with complete description; schedule initial field visit
AD002042,AC001584,residence,kyc_origination,2026-04-01,T3,"No. 409, Blk C, Rd 2, Silver Oak Layt, Navanagara East - 980301",0,,0.0,,,,,,,,63,Valid and occupied,Visit,Unvisited address with complete description; schedule initial field visit
AD002043,AC001585,residence,kyc_origination,2026-04-01,T2,gali no. 1 nehru colony devgarh nagr - 970203,5,address_not_traceable,94.0,0.0,0.0,2.0,0.0,0.0,3.0,0.0,45,"Valid, but borrower usually absent",Change the visit time,Premises locked or met family; shift visit to evening/weekend slot
AD002044,AC001586,residence,kyc_origination,2026-04-01,T3,doodh dairy ke pass palm meadows navanagara east - 980302,8,met_family,351.0,1.0,3.0,1.0,0.0,0.0,3.0,0.0,57,Valid and occupied,Visit,Borrower confirmed at address on prior visit; schedule visit
AD002045,AC001587,residence,kyc_origination,2026-04-01,T2,"#471, GALI 2, WARD 9, NR. MASJID, SHASTRI NAGAR, DEVGARH NAGR - 970201",5,met_borrower,676.0,1.0,1.0,3.0,0.0,0.0,0.0,0.0,70,Valid and occupied,Visit,Borrower confirmed at address on prior visit; schedule visit
AD002046,AC001588,residence,kyc_origination,2026-04-01,T1,"1st X, 5th Main Rd, nr Milk Dairy, Basava Nagar, Kaveripura - 960101",2,met_borrower,960.0,1.0,1.0,0.0,0.0,0.0,0.0,0.0,68,Valid and occupied,Visit,Borrower confirmed at address on prior visit; schedule visit
AD002047,AC001589,residence,kyc_origination,2026-04-01,T3,"H.No. 199, nr. Overhead Tank, Silver Oak Lyt, Navanagara East - 980301",0,,0.0,,,,,,,,70,Valid and occupied,Visit,Unvisited address with complete description; schedule initial field visit
AD002048,AC001590,residence,kyc_origination,2026-04-01,T3,"House 273, C Blk., 6th Road, Teachers Colony, Navanagara East - 980302",1,address_not_traceable,61.0,0.0,0.0,0.0,0.0,0.0,1.0,0.0,70,Hard to find on the ground,Resolve the location (Problem Statement 3) before writing it off,Detailed address but agent could not locate pin (61s dwell); resolve geocode (PS3)
AD002049,AC001590,office,kyc_origination,2026-04-01,T3,"C Block, 1st Road, opp. Church, Lakeview Phase 2, Navanagara East - 980303",1,met_borrower,630.0,1.0,0.0,0.0,0.0,0.0,0.0,0.0,74,Valid and occupied,Visit,Borrower confirmed at address on prior visit; schedule visit
AD002050,AC001591,residence,kyc_origination,2026-04-01,T2,"H.NO. 390, GALI NO. 5, दूध डेयरी के पास, AMBEDKAR NGR, DEVGARH NAGAR - 970204",0,,0.0,,,,,,,,77,Valid and occupied,Visit,Unvisited address with complete description; schedule initial field visit
AD002051,AC001592,residence,kyc_origination,2026-04-01,T3,"C Block, 4th Rd, Sarkari School ke pass, Orchid Enclave, Navanagara East - 980303",1,locked_premises,167.0,0.0,0.0,1.0,0.0,0.0,0.0,0.0,81,"Valid, but borrower usually absent",Change the visit time,Premises locked or met family; shift visit to evening/weekend slot
AD002052,AC001593,residence,kyc_origination,2026-04-01,T2,"Gali 7, nr Petrol Bunk, Tilak Ngr, Devgarh Nagar - 970204",0,,0.0,,,,,,,,57,Valid and occupied,Visit,Unvisited address with complete description; schedule initial field visit
AD002053,AC001593,office,kyc_origination,2026-04-01,T2,"#106, Gali 10, Ward 12, Hanuman Mandir ke pasa, Tilak Nagar, Devgarh Nagar - 970204",0,,0.0,,,,,,,,83,Valid and occupied,Visit,Unvisited address with complete description; schedule initial field visit
AD002054,AC001594,residence,kyc_origination,2026-04-01,T2,"GALI 6, WARD 2, BEHIND MEDICAL STORE, INDIRA COLONY, DEVGARH NAGR - 970202",0,,0.0,,,,,,,,74,Valid and occupied,Visit,Unvisited address with complete description; schedule initial field visit
AD002055,AC001594,office,kyc_origination,2026-04-01,T2,"HOUSE 419, GALI 4, WARD 6, BUS ADDA KE PASS, NEHRU COL, DEVGARH NGR - 970203",0,,0.0,,,,,,,,76,Valid and occupied,Visit,Unvisited address with complete description; schedule initial field visit
AD002056,AC001595,residence,kyc_origination,2026-04-01,T2,#24 gali 7 nehru colny devgarh nagar - 970203,0,,0.0,,,,,,,,45,Valid and occupied,Visit,Unvisited address with complete description; schedule initial field visit
AD002057,AC001596,residence,kyc_origination,2026-04-01,T2,h.no. 396 gali no-11 ganesh mandir ke paas devgarh nagar - 9702203,6,met_family,328.0,2.0,1.0,0.0,0.0,0.0,3.0,0.0,66,Valid and occupied,Visit,Borrower confirmed at address on prior visit; schedule visit
AD002058,AC001596,permanent_native,kyc_origination,2026-04-01,OUT,"Village Mallapura, Taluk A, District East - 991469",0,,0.0,,,,,,,,50,Valid and occupied,Visit,Unvisited address with complete description; schedule initial field visit
AD002059,AC001597,residence,kyc_origination,2026-04-01,T2,"Gali No. 8, सरकारी स्कूल के सामने, Patel Nagr, Devgarh Nagr - 970202",9,locked_premises,141.0,1.0,0.0,4.0,1.0,3.0,0.0,0.0,68,Valid and occupied,Visit,Borrower confirmed at address on prior visit; schedule visit
AD002060,AC001598,residence,kyc_origination,2026-04-01,T1,"No. 110, 5th Cross, 1st Mn, Hanuman Mandir ke paas, Kuvempu Layt, Kaveripura - 960102",4,met_family,475.0,2.0,2.0,0.0,0.0,0.0,0.0,0.0,85,Valid and occupied,Visit,Borrower confirmed at address on prior visit; schedule visit
AD002061,AC001599,residence,kyc_origination,2026-04-01,T1,"7th Cross, 5th Main, Gandhi Ngr, Kaveripura - 960102",9,locked_premises,62.0,4.0,0.0,3.0,0.0,0.0,2.0,0.0,52,Valid and occupied,Visit,Borrower confirmed at address on prior visit; schedule visit
AD002062,AC001600,residence,kyc_origination,2026-04-01,T1,"H.No. 293, 8th Cross, 3rd Main Rd, Ganesh Mandir ke samne, Siddeshwara Colony, Kaveripura - 960102",4,locked_premises,64.0,0.0,1.0,1.0,0.0,0.0,2.0,0.0,98,"Valid, but borrower usually absent",Change the visit time,Premises locked or met family; shift visit to evening/weekend slot
AD002063,AC001601,residence,kyc_origination,2026-04-01,T2,"Gali 1, Park ke paas, Indira Colony, Devgarh Nagar - 970202",1,address_not_traceable,109.0,0.0,0.0,0.0,0.0,0.0,1.0,0.0,59,Hard to find on the ground,Resolve the location (Problem Statement 3) before writing it off,Detailed address but agent could not locate pin (109s dwell); resolve geocode (PS3)
AD002064,AC001602,residence,kyc_origination,2026-04-01,T2,"Gali no-5, nr. Ganapathi Temple, Shivaji Nagar, Devgarh Nagar - 90203",2,neighbour_says_shifted,243.0,0.0,0.0,1.0,1.0,0.0,0.0,0.0,69,"Valid, but borrower usually absent",Change the visit time,Premises locked or met family; shift visit to evening/weekend slot
AD002065,AC001603,residence,kyc_origination,2026-04-01,T2,"#157, GALI NO. 12, NR. RATION SHOP, NEHRU COLNY, DEVGARH NAGAR - 970203",0,,0.0,,,,,,,,71,Valid and occupied,Visit,Unvisited address with complete description; schedule initial field visit
AD002066,AC001604,residence,kyc_origination,2026-04-01,T2,"472/2, GALI NO-4, DAWAI KI DUKAAN KE PAAS, PATEL NAGAR, DEVGARH NAGR",4,address_not_traceable,61.0,0.0,0.0,3.0,0.0,0.0,1.0,0.0,68,"Valid, but borrower usually absent",Change the visit time,Premises locked or met family; shift visit to evening/weekend slot
AD002067,AC001605,residence,kyc_origination,2026-04-01,T1,113/3 4th cr 3rd main kuvempu layt kaveripura - 960102,7,met_borrower,1089.0,3.0,3.0,0.0,0.0,0.0,1.0,0.0,54,Valid and occupied,Visit,Borrower confirmed at address on prior visit; schedule visit
AD002068,AC001606,residence,kyc_origination,2026-04-01,T3,"near Mosque, Railway Col, Navanagara East - 980304",8,address_not_traceable,38.0,0.0,2.0,2.0,0.0,0.0,3.0,1.0,50,"Valid, but borrower usually absent",Change the visit time,Premises locked or met family; shift visit to evening/weekend slot
AD002069,AC001607,residence,kyc_origination,2026-04-01,T3,"House 274, F Blk., 2nd Road, opposite Bus Stand, Lakeview Phase 2, Navanagara East - 980303",5,address_not_traceable,97.0,0.0,2.0,2.0,0.0,0.0,1.0,0.0,91,"Valid, but borrower usually absent",Change the visit time,Premises locked or met family; shift visit to evening/weekend slot
AD002070,AC001607,office,kyc_origination,2026-04-01,T3,"C Block, 3rd Rd., Orchid Enclave, Navanagara East - 980301",3,address_not_traceable,84.0,2.0,0.0,0.0,0.0,0.0,1.0,0.0,58,Valid and occupied,Visit,Borrower confirmed at address on prior visit; schedule visit
AD002071,AC001608,residence,kyc_origination,2026-04-01,T3,h.no. 402 om sai complex c block 1st rd. palm meadows navanagara east - 980302,1,address_not_traceable,78.0,0.0,0.0,0.0,0.0,0.0,1.0,0.0,78,Hard to find on the ground,Resolve the location (Problem Statement 3) before writing it off,Detailed address but agent could not locate pin (78s dwell); resolve geocode (PS3)
AD002072,AC001608,office,kyc_origination,2026-04-01,T3,"#382, Annapoorna Nilaya, D Block, 5th Road, nr. Hanuman Temple, Orchid Enclave, Navanagara East",0,,0.0,,,,,,,,95,Valid and occupied,Visit,Unvisited address with complete description; schedule initial field visit
AD002073,AC001609,residence,kyc_origination,2026-04-01,T1,"9th Crs, 3rd Main, close to Ganesh Temple, Shanthi Nagr, Kaveripura - 960101",0,,0.0,,,,,,,,76,Valid and occupied,Visit,Unvisited address with complete description; schedule initial field visit
AD002074,AC001610,residence,kyc_origination,2026-04-01,T2,"H.No. 140, Gali 11, opp. Ganesh Temple, Patel Nagar, Devgarh Ngr - 970202",6,met_family,463.0,3.0,1.0,1.0,0.0,0.0,0.0,1.0,73,Valid and occupied,Visit,Borrower confirmed at address on prior visit; schedule visit
AD002075,AC001611,residence,kyc_origination,2026-04-01,T2,"202/3, Gali No. 3, Ward 11, Patel Nagar, Devgarh Nagar - 970202",0,,0.0,,,,,,,,63,Valid and occupied,Visit,Unvisited address with complete description; schedule initial field visit
AD002076,AC001611,permanent_native,kyc_origination,2026-04-01,OUT,"Village Bilagi, Taluk B, District North - 994114",0,,0.0,,,,,,,,48,Valid and occupied,Visit,Unvisited address with complete description; schedule initial field visit
AD002077,AC001612,residence,kyc_origination,2026-04-01,T3,"B Blk, 2nd Road, Girja Ghar ke pass, Navanagara East - 980302",1,address_not_traceable,45.0,0.0,0.0,0.0,0.0,0.0,1.0,0.0,61,Hard to find on the ground,Resolve the location (Problem Statement 3) before writing it off,Detailed address but agent could not locate pin (45s dwell); resolve geocode (PS3)
AD002078,AC001612,office,kyc_origination,2026-04-01,T3,"No. 404, B Block, 3rd Rd, nr PDS Shop, Teachers Colony, Navanagara East - 980303",0,,0.0,,,,,,,,80,Valid and occupied,Visit,Unvisited address with complete description; schedule initial field visit
AD002079,AC001613,residence,kyc_origination,2026-04-01,T1,"10th Cross, 6th Main, ಮಸೀದಿ ಹತ್ತಿರ, Shanthi Nagar, Kaveripura - 960101",0,,0.0,,,,,,,,70,Valid and occupied,Visit,Unvisited address with complete description; schedule initial field visit
AD002080,AC001613,office,kyc_origination,2026-04-01,T1,"No. 62, 8th Cross, 3rd Main, Gandhi Nagr, Kaveripura - 960102",0,,0.0,,,,,,,,61,Valid and occupied,Visit,Unvisited address with complete description; schedule initial field visit
AD002081,AC001614,residence,kyc_origination,2026-04-01,T3,house 300 blk a rd 3 nr. pds shop teachers colony navanagara east - 980302,1,locked_premises,118.0,0.0,0.0,1.0,0.0,0.0,0.0,0.0,74,"Valid, but borrower usually absent",Change the visit time,Premises locked or met family; shift visit to evening/weekend slot
AD002082,AC001614,office,kyc_origination,2026-04-01,T3,house 159 a blk. 2nd rd. palm meadows navanagara east - 980302,0,,0.0,,,,,,,,62,Valid and occupied,Visit,Unvisited address with complete description; schedule initial field visit
AD002083,AC001615,residence,kyc_origination,2026-04-01,T3,"H.NO. 176, B BLOCK, 1ST RD., ORCHID ENCLAVE, NAVANAGARA EAST - 980301",4,locked_premises,222.0,1.0,1.0,2.0,0.0,0.0,0.0,0.0,69,Valid and occupied,Visit,Borrower confirmed at address on prior visit; schedule visit
AD002084,AC001615,permanent_native,kyc_origination,2026-04-01,OUT,"Village Mallapura, Tehsil C, District East - 991070",0,,0.0,,,,,,,,51,Valid and occupied,Visit,Unvisited address with complete description; schedule initial field visit
AD002085,AC001616,residence,kyc_origination,2026-04-01,T3,"House 441, D Block, 6th Road, Lakeview Phase 2, Navanagara East - 980303",1,no_such_person,106.0,0.0,0.0,0.0,0.0,1.0,0.0,0.0,72,Borrower has moved,Trace the new address,Neighbours or occupants confirmed borrower relocated; trace new address
AD002086,AC001616,office,kyc_origination,2026-04-01,T3,"No. 286, Blk F, Rd 4, nr. PDS Shop, Navanagara East - 980302",0,,0.0,,,,,,,,60,Valid and occupied,Visit,Unvisited address with complete description; schedule initial field visit
AD002087,AC001617,residence,kyc_origination,2026-04-01,T3,"No. 340, Bagicha ke samne, Orchid Enclave, Navanagara East - 980301",0,,0.0,,,,,,,,67,Valid and occupied,Visit,Unvisited address with complete description; schedule initial field visit
AD002088,AC001618,residence,kyc_origination,2026-04-01,T1,no. 61 bhd pds shop nehru colony kaveripura - 960102,0,,0.0,,,,,,,,52,Valid and occupied,Visit,Unvisited address with complete description; schedule initial field visit
AD002089,AC001619,residence,kyc_origination,2026-04-01,T2,"203/2, गली नं. 10, चर्च के पीछे, Indira Colny, Devgarh Nagar - 970202",3,met_borrower,1140.0,2.0,1.0,0.0,0.0,0.0,0.0,0.0,69,Valid and occupied,Visit,Borrower confirmed at address on prior visit; schedule visit
AD002090,AC001620,residence,kyc_origination,2026-04-01,T1,5th cross 7th main ಗಣಪತಿ ದೇವಸ್ಥಾನ ಹತ್ತಿರ gandhi nagr kaveripura - 960102,6,met_borrower,1184.0,1.0,1.0,1.0,0.0,0.0,3.0,0.0,72,Valid and occupied,Visit,Borrower confirmed at address on prior visit; schedule visit
AD002091,AC001621,residence,kyc_origination,2026-04-01,T2,"#397, Gali No. 4, Ward 11, Patel Nagr, Devgarh Nagar - 970202",5,locked_premises,233.0,0.0,1.0,1.0,1.0,1.0,1.0,0.0,61,"Valid, but borrower usually absent",Change the visit time,Premises locked or met family; shift visit to evening/weekend slot
AD002092,AC001622,residence,kyc_origination,2026-04-01,T3,"Lkeview Phase 2, Navanagara East - 980302",0,,0.0,,,,,,,,41,Valid and occupied,Visit,Unvisited address with complete description; schedule initial field visit
AD002093,AC001622,permanent_native,kyc_origination,2026-04-01,OUT,"Village Mallapura, Taluk A, District North - 997186",0,,0.0,,,,,,,,51,Valid and occupied,Visit,Unvisited address with complete description; schedule initial field visit
AD002094,AC001623,residence,kyc_origination,2026-04-01,T3,"H.No. 48, F Block, 3rd Road, close to Ganesh Temple, Railway Colony, Navanagara East - 980304",0,,0.0,,,,,,,,93,Valid and occupied,Visit,Unvisited address with complete description; schedule initial field visit
AD002095,AC001624,residence,kyc_origination,2026-04-01,T3,62/1 blk d rd 3 opposite community hall green park layout navanagara east - 980301,0,,0.0,,,,,,,,82,Valid and occupied,Visit,Unvisited address with complete description; schedule initial field visit
AD002096,AC001625,residence,kyc_origination,2026-04-01,T3,"#173, E Block, 6th Road, nr. Ration Shop, Lakeview Phase 2, Navanagara East - 980303",9,met_borrower,996.0,4.0,2.0,0.0,0.0,0.0,2.0,1.0,84,Valid and occupied,Visit,Borrower confirmed at address on prior visit; schedule visit
AD002097,AC001626,residence,kyc_origination,2026-04-01,T1,"2nd Cross, 7th Main, nr Hanuman Temple, Kuvempu Layout, Kaveripura - 960102",1,address_not_traceable,41.0,0.0,0.0,0.0,0.0,0.0,1.0,0.0,75,Hard to find on the ground,Resolve the location (Problem Statement 3) before writing it off,Detailed address but agent could not locate pin (41s dwell); resolve geocode (PS3)
AD002098,AC001627,residence,kyc_origination,2026-04-01,T3,"No. 169, Blk B, Rd 3, opp Hanuman Temple, Green Park Layt, Navanagara East - 980301",0,,0.0,,,,,,,,83,Valid and occupied,Visit,Unvisited address with complete description; schedule initial field visit
AD002099,AC001627,office,kyc_origination,2026-04-01,T3,"No. 160, Blk D, Rd 3, Defecne Colny, Navanagara East - 980301",0,,0.0,,,,,,,,61,Valid and occupied,Visit,Unvisited address with complete description; schedule initial field visit
AD002100,AC001628,residence,kyc_origination,2026-04-01,T3,"b/h Bus Stop, Navanagara East - 980301",0,,0.0,,,,,,,,38,Valid and occupied,Visit,Unvisited address with complete description; schedule initial field visit
AD002101,AC001628,office,kyc_origination,2026-04-01,T3,"H.No. 396, E Block, 2nd Road, Sunrise Enclave, Navanagara East - 9803304",0,,0.0,,,,,,,,72,Valid and occupied,Visit,Unvisited address with complete description; schedule initial field visit
AD002102,AC001629,residence,kyc_origination,2026-04-01,T3,"218/1, Blk D, Rd 6, Post Office ke pass, Palm Meadows, Navanagara East - 980302",8,locked_premises,177.0,1.0,2.0,2.0,0.0,0.0,3.0,0.0,79,Valid and occupied,Visit,Borrower confirmed at address on prior visit; schedule visit
AD002103,AC001630,residence,kyc_origination,2026-04-01,T1,"OPPOSITE CHILDREN PARK, GANDHI NAGAR, KAVERIPURA - 960102",9,locked_premises,173.0,1.0,1.0,4.0,0.0,0.0,2.0,1.0,57,Valid and occupied,Visit,Borrower confirmed at address on prior visit; schedule visit
AD002104,AC001631,residence,kyc_origination,2026-04-01,T1,"317/1, 3RD CROSS, 6TH MAIN, OPP. RATION SHOP, VIDYA NAGR, KAVERIPURA - 960103",0,,0.0,,,,,,,,77,Valid and occupied,Visit,Unvisited address with complete description; schedule initial field visit
AD002105,AC001632,residence,kyc_origination,2026-04-01,T2,"H.No. 243, Gali no-12, Ward 6, Ration ki Dukaan ke paas, Nehru Colony, Devgarh Nagar - 970203",0,,0.0,,,,,,,,93,Valid and occupied,Visit,Unvisited address with complete description; schedule initial field visit
AD002106,AC001632,office,kyc_origination,2026-04-01,T2,"Sarkari School ke pass, Krishna Puri, Devgarh Ngr - 970202",0,,0.0,,,,,,,,58,Valid and occupied,Visit,Unvisited address with complete description; schedule initial field visit
AD002107,AC001633,residence,kyc_origination,2026-04-01,T1,"10th Cross, 1st Mai,n close to Ration Shop, Hosa Badavane, Kaveripura - 960101",0,,0.0,,,,,,,,78,Valid and occupied,Visit,Unvisited address with complete description; schedule initial field visit
AD002108,AC001634,residence,kyc_origination,2026-04-01,T1,"ಮಸೀದಿ ಎದುರು, NEHRU COL, KAVERIPURA - 960102",4,address_not_traceable,104.0,0.0,0.0,0.0,2.0,0.0,2.0,0.0,43,Borrower has moved,Trace the new address,Neighbours or occupants confirmed borrower relocated; trace new address
AD002109,AC001634,permanent_native,kyc_origination,2026-04-01,OUT,"Village Mallapura, Tehsil D, District South - 996231",0,,0.0,,,,,,,,52,Valid and occupied,Visit,Unvisited address with complete description; schedule initial field visit
AD002110,AC001635,residence,kyc_origination,2026-04-01,T1,#155 1st cross 4th main sidedshwara col kaveripura - 960102,2,met_family,383.0,0.0,2.0,0.0,0.0,0.0,0.0,0.0,59,"Valid, but borrower usually absent",Change the visit time,Premises locked or met family; shift visit to evening/weekend slot
AD002111,AC001636,residence,kyc_origination,2026-04-01,T2,"House 316, Gali 10, Ganesh Mandir ke pass, Devgarh Ngr - 970202",5,no_such_person,122.0,0.0,1.0,0.0,1.0,1.0,2.0,0.0,63,Borrower has moved,Trace the new address,Neighbours or occupants confirmed borrower relocated; trace new address
AD002112,AC001637,residence,kyc_origination,2026-04-01,T2,"House 249, Gali 12, close to Hanuman Temple, Ambedkar Nagr, Devgarh Nagr - 970204",8,met_family,243.0,0.0,6.0,1.0,0.0,0.0,1.0,0.0,81,"Valid, but borrower usually absent",Change the visit time,Premises locked or met family; shift visit to evening/weekend slot
AD002113,AC001638,residence,kyc_origination,2026-04-01,T1,"H.No. 343, close to Community Hall, Gandhi Nagr, Kaveripura - 960102",0,,0.0,,,,,,,,68,Valid and occupied,Visit,Unvisited address with complete description; schedule initial field visit
AD002114,AC001639,residence,kyc_origination,2026-04-01,T3,"D Blok, 4th Road, near Govt Scheol, HMT Colony, Navanagara East - 980301",0,,0.0,,,,,,,,72,Valid and occupied,Visit,Unvisited address with complete description; schedule initial field visit
AD002115,AC001639,office,kyc_origination,2026-04-01,T3,"C Block, 5th Rd., close to Mosque, Orchid Enclave, Navanagara East - 980301",0,,0.0,,,,,,,,75,Valid and occupied,Visit,Unvisited address with complete description; schedule initial field visit
AD002116,AC001640,residence,kyc_origination,2026-04-01,T1,"#335, 5th Cross, 5th Main, Ganapathi Gudi hinde, Gandhi Nagar, Kaveripura - 960102",3,locked_premises,199.0,0.0,0.0,1.0,2.0,0.0,0.0,0.0,82,"Valid, but borrower usually absent",Change the visit time,Premises locked or met family; shift visit to evening/weekend slot
AD002117,AC001641,residence,kyc_origination,2026-04-01,T2,"ANNAPOORNA NILAYA, GALI NO. 1, CLOSE TO MOSQUE, RAM NGR, DEVGARH NAGAR - 970203",0,,0.0,,,,,,,,79,Valid and occupied,Visit,Unvisited address with complete description; schedule initial field visit
AD002118,AC001642,residence,kyc_origination,2026-04-01,T2,"Gali 3, Medical Store ke pass, Patel Nagar, Devgarh Nagar - 970202",1,cash_collected,1103.0,0.0,0.0,0.0,0.0,0.0,0.0,1.0,66,Valid and occupied,Visit,Borrower confirmed at address on prior visit; schedule visit
AD002119,AC001643,residence,kyc_origination,2026-04-01,T2,gali no. 3 bhd masjid devgarh nagar - 970201,0,,0.0,,,,,,,,44,Valid and occupied,Visit,Unvisited address with complete description; schedule initial field visit
AD002120,AC001643,office,kyc_origination,2026-04-01,T2,gali no-6 ward 8 bhd park azad mohalla devgarh nagar - 970203,1,met_borrower,797.0,1.0,0.0,0.0,0.0,0.0,0.0,0.0,61,Valid and occupied,Visit,Borrower confirmed at address on prior visit; schedule visit
AD002121,AC001644,residence,kyc_origination,2026-04-01,T1,"78/3, 4th Cr, 5th Main Rd, Nehru Collony, Kaveripura - 960102",0,,0.0,,,,,,,,61,Valid and occupied,Visit,Unvisited address with complete description; schedule initial field visit
AD002122,AC001645,residence,kyc_origination,2026-04-01,T3,"#12, E BLK, 4TH ROAD, TEACHERS COLONY, NAVANAGARA EAST - 980302",0,,0.0,,,,,,,,63,Valid and occupied,Visit,Unvisited address with complete description; schedule initial field visit
AD002123,AC001646,residence,kyc_origination,2026-04-01,T2,"#300, Gali 11, Indira Colony, Devgarh Ngr - 970202",6,met_borrower,827.0,3.0,3.0,0.0,0.0,0.0,0.0,0.0,50,Valid and occupied,Visit,Borrower confirmed at address on prior visit; schedule visit
AD002124,AC001647,residence,kyc_origination,2026-04-01,T1,28/2 shanti kunj 3rd x 1st main nehru colony kaveripura,2,locked_premises,64.0,0.0,1.0,1.0,0.0,0.0,0.0,0.0,55,"Valid, but borrower usually absent",Change the visit time,Premises locked or met family; shift visit to evening/weekend slot
AD002125,AC001647,office,kyc_origination,2026-04-01,T1,h.no. 44 5th cross 5th main kuvempu lyaout kaveripura - 960102,1,met_borrower,957.0,1.0,0.0,0.0,0.0,0.0,0.0,0.0,62,Valid and occupied,Visit,Borrower confirmed at address on prior visit; schedule visit
AD002126,AC001648,residence,kyc_origination,2026-04-01,T2,"गली नं. 1, बारात घर के पास, Krishna Puri, Devgarh Nagar - 970202",4,neighbour_says_shifted,222.0,0.0,0.0,2.0,1.0,0.0,1.0,0.0,64,"Valid, but borrower usually absent",Change the visit time,Premises locked or met family; shift visit to evening/weekend slot
AD002127,AC001648,office,kyc_origination,2026-04-01,T2,"No. 83, मेडिकल स्टोर के पास, Ram Nagar, Devgarh Nagar - 970203",0,,0.0,,,,,,,,62,Valid and occupied,Visit,Unvisited address with complete description; schedule initial field visit
AD002128,AC001649,residence,kyc_origination,2026-04-01,T1,"367/2, 7th Cross, 6th Main, bhd Bus Stand, Vinayaka Nagr, Kaveripura - 960104",0,,0.0,,,,,,,,77,Valid and occupied,Visit,Unvisited address with complete description; schedule initial field visit
AD002129,AC001649,office,kyc_origination,2026-04-01,T1,"H.No. 153, 5th Crs, 3rd Main, Kuempu Layout, Kaveripura - 960102",1,locked_premises,182.0,0.0,0.0,1.0,0.0,0.0,0.0,0.0,64,"Valid, but borrower usually absent",Change the visit time,Premises locked or met family; shift visit to evening/weekend slot
AD002130,AC001650,residence,kyc_origination,2026-04-01,T3,"NO. 313, BLK F, RD 5, SUNRISE ENCLAVE, NAVANAGARA EAST - 980304",0,,0.0,,,,,,,,63,Valid and occupied,Visit,Unvisited address with complete description; schedule initial field visit
AD002131,AC001651,residence,kyc_origination,2026-04-01,T2,"Gali No. 9, Subhash Nagr, Devgarh Nagr - 970201",5,locked_premises,116.0,0.0,3.0,1.0,0.0,0.0,1.0,0.0,47,"Valid, but borrower usually absent",Change the visit time,Premises locked or met family; shift visit to evening/weekend slot
AD002132,AC001651,office,kyc_origination,2026-04-01,T2,gali no-3 ward 4 ration ki dukaan ke saamne ram nagar devgarh nagar - 970203,3,address_not_traceable,105.0,0.0,0.0,0.0,0.0,0.0,3.0,0.0,76,Hard to find on the ground,Resolve the location (Problem Statement 3) before writing it off,Detailed address but agent could not locate pin (105s dwell); resolve geocode (PS3)
AD002133,AC001652,residence,kyc_origination,2026-04-01,T1,"6th Cross, 3rd Main, opp Petrol Bunk, Ashoka Layout, Kaveripura - 960104",0,,0.0,,,,,,,,72,Valid and occupied,Visit,Unvisited address with complete description; schedule initial field visit
AD002134,AC001653,residence,kyc_origination,2026-04-01,T3,"H.No. 78, Blk E, Rd 3, nr Bus Stand, Palm Meadows, Navanagara East - 980302",6,met_family,254.0,1.0,3.0,2.0,0.0,0.0,0.0,0.0,75,Valid and occupied,Visit,Borrower confirmed at address on prior visit; schedule visit
AD002135,AC001654,residence,kyc_origination,2026-04-01,T3,#442 om sai complex medical shop hattira teachers col navanagara east - 980302,1,address_not_traceable,99.0,0.0,0.0,0.0,0.0,0.0,1.0,0.0,78,Hard to find on the ground,Resolve the location (Problem Statement 3) before writing it off,Detailed address but agent could not locate pin (99s dwell); resolve geocode (PS3)
AD002136,AC001655,residence,kyc_origination,2026-04-01,T2,"H.NO. 25, गली नं. 2, WRAD 11, PATEL NAGAR, DEVGARH NAGAR - 970202",2,locked_premises,219.0,0.0,0.0,2.0,0.0,0.0,0.0,0.0,65,"Valid, but borrower usually absent",Change the visit time,Premises locked or met family; shift visit to evening/weekend slot
AD002137,AC001655,permanent_native,kyc_origination,2026-04-01,OUT,"Village Devipur, Tehsil C, District South - 992456",0,,0.0,,,,,,,,50,Valid and occupied,Visit,Unvisited address with complete description; schedule initial field visit
AD002138,AC001656,residence,kyc_origination,2026-04-01,T3,"H.NO. 419, BLK F, RD 3, CLOSE TO BUS STOP, LAKEVIEW PHASE 2, NAVANAGARA EAST - 980303",4,met_family,539.0,2.0,2.0,0.0,0.0,0.0,0.0,0.0,85,Valid and occupied,Visit,Borrower confirmed at address on prior visit; schedule visit
AD002139,AC001656,office,kyc_origination,2026-04-01,T3,"H.NO. 317, GREEN PARK LAYOUT, NAVANAGARA EAST - 980301",4,locked_premises,79.0,2.0,1.0,1.0,0.0,0.0,0.0,0.0,54,Valid and occupied,Visit,Borrower confirmed at address on prior visit; schedule visit
AD002140,AC001657,residence,kyc_origination,2026-04-01,T2,"GALI NO-5, सरकारी स्कूल के पीछे, INDIRA COLONY, DEVGARH NAGAR - 970202",2,met_borrower,598.0,1.0,1.0,0.0,0.0,0.0,0.0,0.0,70,Valid and occupied,Visit,Borrower confirmed at address on prior visit; schedule visit
AD002141,AC001657,office,kyc_origination,2026-04-01,T2,"HOUSE 169, GALI NO-8, SARKARI SCHOOL KE PEECHE, SUBHASH NAGR, DEVGARH NAGAR - 970201",3,neighbour_says_shifted,354.0,0.0,0.0,0.0,1.0,1.0,1.0,0.0,84,Borrower has moved,Trace the new address,Neighbours or occupants confirmed borrower relocated; trace new address
AD002142,AC001658,residence,kyc_origination,2026-04-01,T1,"House 111, Annapoorna Nilaya, 6th Crs, 6th Main, behind Overhead Tank, Basava Nagar, Kaveripura - 960101",2,met_borrower,637.0,2.0,0.0,0.0,0.0,0.0,0.0,0.0,104,Valid and occupied,Visit,Borrower confirmed at address on prior visit; schedule visit
AD002143,AC001659,residence,kyc_origination,2026-04-01,T3,"49/1, BLK B, RD 6, CLOSE TO MOSQUE, RAILWAY COLONY, NAVANAGARA EAST - 980304",8,met_borrower,1020.0,5.0,1.0,1.0,0.0,0.0,0.0,1.0,76,Valid and occupied,Visit,Borrower confirmed at address on prior visit; schedule visit
AD002144,AC001659,permanent_native,kyc_origination,2026-04-01,OUT,"Village Rampura Kalan, Taluk A, District East - 998138",0,,0.0,,,,,,,,54,Valid and occupied,Visit,Unvisited address with complete description; schedule initial field visit
AD002145,AC001660,residence,kyc_origination,2026-04-01,T3,h.o. 411 ganga apartments sunrise enclave navanagara east,0,,0.0,,,,,,,,57,Valid and occupied,Visit,Unvisited address with complete description; schedule initial field visit
AD002146,AC001660,office,kyc_origination,2026-04-01,T3,"283/3, Navanagara East - 980303",0,,0.0,,,,,,,,31,Valid and occupied,Visit,Unvisited address with complete description; schedule initial field visit
AD002147,AC001661,residence,kyc_origination,2026-04-01,T1,"191/1, 3rd Cr, 2nd Main Rd, Medical Shop edhuru, Ashoka Layt, Kaveripura",0,,0.0,,,,,,,,72,Valid and occupied,Visit,Unvisited address with complete description; schedule initial field visit
AD002148,AC001662,residence,kyc_origination,2026-04-01,T1,"Ashoka Layout, Kaveripura - 960104",0,,0.0,,,,,,,,34,Valid and occupied,Visit,Unvisited address with complete description; schedule initial field visit
AD002149,AC001663,residence,kyc_origination,2026-04-01,T2,"No. 419, Gali No. 8, Gandhi Basti, Devgarh Nagar - 970203",0,,0.0,,,,,,,,57,Valid and occupied,Visit,Unvisited address with complete description; schedule initial field visit
AD002150,AC001664,residence,kyc_origination,2026-04-01,T3,no. 438 f block 1st rd. nr. hanuman temple lakeview phase 2 navanagara east - 980303,6,met_family,197.0,0.0,5.0,1.0,0.0,0.0,0.0,0.0,84,"Valid, but borrower usually absent",Change the visit time,Premises locked or met family; shift visit to evening/weekend slot
AD002151,AC001665,residence,kyc_origination,2026-04-01,T1,#147 5th crs 8th main close to ganapathi temple gandhi nagar kaveripura - 960102,1,met_borrower,332.0,1.0,0.0,0.0,0.0,0.0,0.0,0.0,80,Valid and occupied,Visit,Borrower confirmed at address on prior visit; schedule visit
AD002152,AC001665,office,kyc_origination,2026-04-01,T1,nr medicals hosa badavane kaveripura - 960104,0,,0.0,,,,,,,,45,Valid and occupied,Visit,Unvisited address with complete description; schedule initial field visit
AD002153,AC001666,residence,kyc_origination,2026-04-01,T3,"NO. 350, BLK F, RD 4, PALM MEADOWS, NAVANAGARA EAST - 980302",6,met_family,519.0,1.0,3.0,1.0,0.0,0.0,1.0,0.0,60,Valid and occupied,Visit,Borrower confirmed at address on prior visit; schedule visit
AD002154,AC001667,residence,kyc_origination,2026-04-01,T1,"11th Cross, 5th Mn, opposite Government School, Gandhi Nagr, Kaveripura - 960103",8,met_borrower,769.0,2.0,3.0,3.0,0.0,0.0,0.0,0.0,80,Valid and occupied,Visit,Borrower confirmed at address on prior visit; schedule visit
AD002155,AC001668,residence,kyc_origination,2026-04-01,T3,b block 4th road nr masjid railay colny navanagara east - 9880304,0,,0.0,,,,,,,,65,Valid and occupied,Visit,Unvisited address with complete description; schedule initial field visit
AD002156,AC001668,permanent_native,kyc_origination,2026-04-01,OUT,"Village Rampura Kalan, Tehsil D, District West - 992747",0,,0.0,,,,,,,,55,Valid and occupied,Visit,Unvisited address with complete description; schedule initial field visit
AD002157,AC001669,residence,kyc_origination,2026-04-01,T3,"Hiuse 42,0 Blk D, Rd 4, Teachers Col, Navanagara East - 980302",6,locked_premises,91.0,1.0,0.0,4.0,0.0,0.0,1.0,0.0,62,Valid and occupied,Visit,Borrower confirmed at address on prior visit; schedule visit
AD002158,AC001670,residence,kyc_origination,2026-04-01,T1,"H.No. 109, Ration Angadi hattira, Kaveripura - 960102",0,,0.0,,,,,,,,53,Valid and occupied,Visit,Unvisited address with complete description; schedule initial field visit
AD002159,AC001671,residence,kyc_origination,2026-04-01,T2,"Gali No. 12, nr Haanuman Temple, Ambedkar Nagar, Devgarh Nagar - 970204",0,,0.0,,,,,,,,71,Valid and occupied,Visit,Unvisited address with complete description; schedule initial field visit
AD002160,AC001671,office,kyc_origination,2026-04-01,T2,house 135 gali no-11 close to hanuman temple tilak nagar devgarh nagr - 970204,0,,0.0,,,,,,,,78,Valid and occupied,Visit,Unvisited address with complete description; schedule initial field visit
AD002161,AC001672,residence,kyc_origination,2026-04-01,T1,"402/2, BEHIND GOVERNMENT SCHOOL, SIDDESHWARA COLNY, KAVERIPURA - 960102",2,locked_premises,126.0,0.0,0.0,1.0,0.0,0.0,1.0,0.0,71,"Valid, but borrower usually absent",Change the visit time,Premises locked or met family; shift visit to evening/weekend slot
AD002162,AC001673,residence,kyc_origination,2026-04-01,T2,"No. 18, Patel Nagar, Devgarh Ngr - 970202",0,,0.0,,,,,,,,41,Valid and occupied,Visit,Unvisited address with complete description; schedule initial field visit
AD002163,AC001674,residence,kyc_origination,2026-04-01,T2,h.no. 136 gali no-6 girja ghar ke pass devgarh ngr - 970202,0,,0.0,,,,,,,,59,Valid and occupied,Visit,Unvisited address with complete description; schedule initial field visit
AD002164,AC001675,residence,kyc_origination,2026-04-01,T3,"Blk C, Rd 2, Orchid Enclave, Navanagara East - 980301",1,locked_premises,139.0,0.0,0.0,1.0,0.0,0.0,0.0,0.0,53,"Valid, but borrower usually absent",Change the visit time,Premises locked or met family; shift visit to evening/weekend slot
AD002165,AC001675,office,kyc_origination,2026-04-01,T3,neerina tank hattira silvver oak lyaout navanagara east - 980301,1,address_not_traceable,82.0,0.0,0.0,0.0,0.0,0.0,1.0,0.0,64,Hard to find on the ground,Resolve the location (Problem Statement 3) before writing it off,Detailed address but agent could not locate pin (82s dwell); resolve geocode (PS3)
AD002166,AC001676,residence,kyc_origination,2026-04-01,T2,"No. 143, Doodh Dairy ke paas, Ambedkar Nagr, Devgarh Nagar - 970204",8,no_such_person,257.0,0.0,0.0,2.0,2.0,4.0,0.0,0.0,67,"Valid, but borrower usually absent",Change the visit time,Premises locked or met family; shift visit to evening/weekend slot
AD002167,AC001677,residence,kyc_origination,2026-04-01,T2,h.no. 319 gali nu-1 ambedkar ngr devgarh nagar - 970204,0,,0.0,,,,,,,,55,Valid and occupied,Visit,Unvisited address with complete description; schedule initial field visit
AD002168,AC001677,permanent_native,kyc_origination,2026-04-01,OUT,"Village Hosahalli, Tehsil C, District South - 993411",0,,0.0,,,,,,,,52,Valid and occupied,Visit,Unvisited address with complete description; schedule initial field visit
AD002169,AC001678,residence,kyc_origination,2026-04-01,T1,434/3 6th crs 5th mn nr. milk dairy kuvempu layout kaveripura - 960102,1,address_not_traceable,60.0,0.0,0.0,0.0,0.0,0.0,1.0,0.0,70,Hard to find on the ground,Resolve the location (Problem Statement 3) before writing it off,Detailed address but agent could not locate pin (60s dwell); resolve geocode (PS3)
AD002170,AC001678,office,kyc_origination,2026-04-01,T1,"#446, nr. Children Park, Nehru Colny, Kaveripura - 960102",0,,0.0,,,,,,,,57,Valid and occupied,Visit,Unvisited address with complete description; schedule initial field visit
AD002171,AC001679,residence,kyc_origination,2026-04-01,T1,"No. 461, 1st Cross, 1st Mn, Church hattira, Gandhi Nagar, Kaveripura - 960102",6,met_family,423.0,1.0,1.0,2.0,0.0,0.0,2.0,0.0,77,Valid and occupied,Visit,Borrower confirmed at address on prior visit; schedule visit
AD002172,AC001680,residence,kyc_origination,2026-04-01,T2,"#359, GLAI 4, OPPOSITE BUS STAND, AZAD MOHALLA, DEVGARH NAGAR - 970203",0,,0.0,,,,,,,,70,Valid and occupied,Visit,Unvisited address with complete description; schedule initial field visit
AD002173,AC001681,residence,kyc_origination,2026-04-01,T3,"Blk A, Rd 1, near Milk Dairy, Palm Meadows, Navanagara Est - 980302",0,,0.0,,,,,,,,67,Valid and occupied,Visit,Unvisited address with complete description; schedule initial field visit
AD002174,AC001681,office,kyc_origination,2026-04-01,T3,"near Mosque, HMT Colony, Navanagara East - 980301",0,,0.0,,,,,,,,49,Valid and occupied,Visit,Unvisited address with complete description; schedule initial field visit
AD002175,AC001682,residence,kyc_origination,2026-04-01,T3,sri krishna nivas a blk. 2nd road teachers col navanagaa east - 980302,1,address_not_traceable,72.0,0.0,0.0,0.0,0.0,0.0,1.0,0.0,70,Hard to find on the ground,Resolve the location (Problem Statement 3) before writing it off,Detailed address but agent could not locate pin (72s dwell); resolve geocode (PS3)
AD002176,AC001683,residence,kyc_origination,2026-04-01,T2,#141 gali no. 3 azad mohalla devgarh naagr - 970203,5,no_such_person,101.0,1.0,1.0,0.0,0.0,1.0,2.0,0.0,51,Valid and occupied,Visit,Borrower confirmed at address on prior visit; schedule visit
AD002177,AC001683,office,kyc_origination,2026-04-01,T2,no. 388 gali 1 ward 5 b/h pharmacy subhash ngr devgarh nagar - 970201,0,,0.0,,,,,,,,69,Valid and occupied,Visit,Unvisited address with complete description; schedule initial field visit
AD002178,AC001684,residence,kyc_origination,2026-04-01,T3,"A Block, 3rd Road, b/h Milk Booth, Palm Meadows, Navanagara East - 980304",1,met_family,331.0,0.0,1.0,0.0,0.0,0.0,0.0,0.0,73,"Valid, but borrower usually absent",Change the visit time,Premises locked or met family; shift visit to evening/weekend slot
AD002179,AC001685,residence,kyc_origination,2026-04-01,T1,11th cross 3rd main rd behind government school kaveripura - 960102,3,no_such_person,130.0,0.0,0.0,0.0,0.0,1.0,2.0,0.0,67,Borrower has moved,Trace the new address,Neighbours or occupants confirmed borrower relocated; trace new address
AD002180,AC001685,office,kyc_origination,2026-04-01,T1,462/1 11th crs 5th main bhd government school gandhi nagar kaveripura - 960102,3,address_not_traceable,74.0,0.0,0.0,1.0,0.0,0.0,2.0,0.0,78,"Valid, but borrower usually absent",Change the visit time,Premises locked or met family; shift visit to evening/weekend slot
AD002181,AC001686,residence,kyc_origination,2026-04-01,T3,"#37, Blk F, Rd 6, Tanki ke paas, Silver Oak Layout, Navanagara East - 980301",6,met_family,482.0,4.0,1.0,1.0,0.0,0.0,0.0,0.0,76,Valid and occupied,Visit,Borrower confirmed at address on prior visit; schedule visit
AD002182,AC001687,residence,kyc_origination,2026-04-01,T1,8th cross 8th main anjanyea gudi hattira nehru colony kaveripura - 960102,0,,0.0,,,,,,,,73,Valid and occupied,Visit,Unvisited address with complete description; schedule initial field visit
AD002183,AC001688,residence,kyc_origination,2026-04-01,T1,house 243 sarkari shaale eduru shanthi nagar kaveripura - 960101,1,address_not_traceable,73.0,0.0,0.0,0.0,0.0,0.0,1.0,0.0,64,Hard to find on the ground,Resolve the location (Problem Statement 3) before writing it off,Detailed address but agent could not locate pin (73s dwell); resolve geocode (PS3)
AD002184,AC001688,office,kyc_origination,2026-04-01,T1,house 183 5th x 5th main sarkari shaale edhuru shanthi nagar kaveripura - 960101,1,locked_premises,222.0,0.0,0.0,1.0,0.0,0.0,0.0,0.0,80,"Valid, but borrower usually absent",Change the visit time,Premises locked or met family; shift visit to evening/weekend slot
AD002185,AC001689,residence,kyc_origination,2026-04-01,T3,"E Blk., 6th Road, Railway Colny, Navanagara East - 980304",0,,0.0,,,,,,,,57,Valid and occupied,Visit,Unvisited address with complete description; schedule initial field visit
AD002186,AC001690,residence,kyc_origination,2026-04-01,T2,#379 gali 6 indira colny devgarh nagar - 970201,0,,0.0,,,,,,,,47,Valid and occupied,Visit,Unvisited address with complete description; schedule initial field visit
AD002187,AC001691,residence,kyc_origination,2026-04-01,T3,"H.No. 264, A Blk., 5th Road, Green Park Layout, Navanagara East - 980301",0,,0.0,,,,,,,,72,Valid and occupied,Visit,Unvisited address with complete description; schedule initial field visit
AD002188,AC001692,residence,kyc_origination,2026-04-01,T3,"H.No. 304, Blk F, Rd 6, close to Community Hall, Orchid Enclave, Navanagara East - 980301",3,met_borrower,1085.0,1.0,0.0,2.0,0.0,0.0,0.0,0.0,89,Valid and occupied,Visit,Borrower confirmed at address on prior visit; schedule visit
AD002189,AC001693,residence,kyc_origination,2026-04-01,T1,"7th Cross, 2nd Main Rd, close to Government School, Gandhi Nagar, Kaveripura - 960102",1,met_borrower,696.0,1.0,0.0,0.0,0.0,0.0,0.0,0.0,85,Valid and occupied,Visit,Borrower confirmed at address on prior visit; schedule visit
AD002190,AC001694,residence,kyc_origination,2026-04-01,T1,"H.No. 83, Ashoka Layout, Kaveripura - 960104",0,,0.0,,,,,,,,44,Valid and occupied,Visit,Unvisited address with complete description; schedule initial field visit
AD002191,AC001694,office,kyc_origination,2026-04-01,T1,"10th Cross, 5th Main, Nehru Colony, Kaveripura - 960120",0,,0.0,,,,,,,,55,Valid and occupied,Visit,Unvisited address with complete description; schedule initial field visit
AD002192,AC001695,residence,kyc_origination,2026-04-01,T2,"AMBEDKAR NAGAR, DEVGARH NAGR - 970204",0,,0.0,,,,,,,,37,Valid and occupied,Visit,Unvisited address with complete description; schedule initial field visit
AD002193,AC001696,residence,kyc_origination,2026-04-01,T2,424/2 gali no-11 nr church patel nagar devgarh nagar - 970202,2,address_not_traceable,30.0,0.0,0.0,0.0,0.0,0.0,2.0,0.0,61,Hard to find on the ground,Resolve the location (Problem Statement 3) before writing it off,Detailed address but agent could not locate pin (30s dwell); resolve geocode (PS3)
AD002194,AC001697,residence,kyc_origination,2026-04-01,T2,223/1 gali no. 10 patel nagar devgarh nagar - 970202,5,locked_premises,200.0,1.0,2.0,2.0,0.0,0.0,0.0,0.0,52,Valid and occupied,Visit,Borrower confirmed at address on prior visit; schedule visit
AD002195,AC001698,residence,kyc_origination,2026-04-01,T1,"9TH CRS, 8TH MAIN, KAVERIPURA - 960101",0,,0.0,,,,,,,,38,Valid and occupied,Visit,Unvisited address with complete description; schedule initial field visit
AD002196,AC001699,residence,kyc_origination,2026-04-01,T1,"6th Cross, 3rd Mn, ನ್ಯಾಯಬೆಲೆ ಅಂಗಡಿ ಹತ್ತಿರ, Anjaneya Badavane, Kaveripura - 960103",2,locked_premises,141.0,0.0,1.0,1.0,0.0,0.0,0.0,0.0,81,"Valid, but borrower usually absent",Change the visit time,Premises locked or met family; shift visit to evening/weekend slot
AD002197,AC001700,residence,kyc_origination,2026-04-01,T2,"H.No. 207, Gali 3, near Park, Indira Col, Devgarh Nagar - 970202",5,locked_premises,206.0,0.0,2.0,3.0,0.0,0.0,0.0,0.0,64,"Valid, but borrower usually absent",Change the visit time,Premises locked or met family; shift visit to evening/weekend slot
AD002198,AC001701,residence,kyc_origination,2026-04-01,T1,"3rd Cross, 4th Main, Milk Dairy hattira, Nehru Colony, Kaveripura - 960104",0,,0.0,,,,,,,,74,Valid and occupied,Visit,Unvisited address with complete description; schedule initial field visit
AD002199,AC001701,office,kyc_origination,2026-04-01,T1,"13th Cross, 7th Main Rd, close to Bus Stand, Kaveripura - 960102",0,,0.0,,,,,,,,64,Valid and occupied,Visit,Unvisited address with complete description; schedule initial field visit
AD002200,AC001702,residence,kyc_origination,2026-04-01,T2,"No. 254, Gali No. 7, Nehru Colony, Devgarh Ngr",1,address_not_traceable,32.0,0.0,0.0,0.0,0.0,0.0,1.0,0.0,46,Hard to find on the ground,Resolve the location (Problem Statement 3) before writing it off,Detailed address but agent could not locate pin (32s dwell); resolve geocode (PS3)
AD002201,AC001702,office,kyc_origination,2026-04-01,T2,"Gali No. 4, close to Ganapathi Temple, Tilak Nagar, Devgarh Ngr",0,,0.0,,,,,,,,63,Valid and occupied,Visit,Unvisited address with complete description; schedule initial field visit
AD002202,AC001703,residence,kyc_origination,2026-04-01,T1,"2990/1, 9TH CR, 5TH MAIN, BUS NILDANA HATTIRA, SHANTHI NAGAR, KAVERIPURA - 960101",0,,0.0,,,,,,,,81,Valid and occupied,Visit,Unvisited address with complete description; schedule initial field visit
AD002203,AC001703,permanent_native,kyc_origination,2026-04-01,OUT,"Village Hosahalli, Tehsil D, District South - 999315",0,,0.0,,,,,,,,52,Valid and occupied,Visit,Unvisited address with complete description; schedule initial field visit
AD002204,AC001704,residence,kyc_origination,2026-04-01,T3,"A Blk., 2nd Road, ನ್ಯಾಯಬೆಲೆ ಅಂಗಡಿ ಹತ್ತಿರ, Teachers Colony, Navanagara East - 980302",0,,0.0,,,,,,,,83,Valid and occupied,Visit,Unvisited address with complete description; schedule initial field visit
AD002205,AC001704,office,kyc_origination,2026-04-01,T3,"379/2, E Block, 6th Rd., HMT Colony, Navanagara East - 980301",0,,0.0,,,,,,,,61,Valid and occupied,Visit,Unvisited address with complete description; schedule initial field visit
AD002206,AC001705,residence,kyc_origination,2026-04-01,T2,"H.NO. 380, GALI NO-10, GANESH MANDIR KE PAAS, AZAD MOHALLA, DEVGARH NAGAR - 970203",5,met_family,562.0,1.0,1.0,2.0,0.0,0.0,1.0,0.0,82,Valid and occupied,Visit,Borrower confirmed at address on prior visit; schedule visit
AD002207,AC001706,residence,kyc_origination,2026-04-01,T1,shanti kunj 9th cross 6th main rd close to milk dairy kaveripura - 960101,0,,0.0,,,,,,,,73,Valid and occupied,Visit,Unvisited address with complete description; schedule initial field visit
AD002208,AC001706,permanent_native,kyc_origination,2026-04-01,OUT,"Village Kodihalli, Tehsil D, District East - 998619",0,,0.0,,,,,,,,51,Valid and occupied,Visit,Unvisited address with complete description; schedule initial field visit
AD002209,AC001707,residence,kyc_origination,2026-04-01,T3,"99/1, Om Sai Complex, Orchid Enclave, Navanagara East - 980301",2,met_borrower,1400.0,1.0,1.0,0.0,0.0,0.0,0.0,0.0,62,Valid and occupied,Visit,Borrower confirmed at address on prior visit; schedule visit
AD002210,AC001708,residence,kyc_origination,2026-04-01,T2,"424/3, Gali No. 12, Patel Nagar, Devgarh Ngr - 970202",5,locked_premises,66.0,0.0,2.0,3.0,0.0,0.0,0.0,0.0,53,"Valid, but borrower usually absent",Change the visit time,Premises locked or met family; shift visit to evening/weekend slot
AD002211,AC001709,residence,kyc_origination,2026-04-01,T2,"Gali no-3, near Bus Stop, Devgarh Nagar - 970203",0,,0.0,,,,,,,,48,Valid and occupied,Visit,Unvisited address with complete description; schedule initial field visit
AD002212,AC001710,residence,kyc_origination,2026-04-01,T1,h.no. 22 10th cross 3rd mn hanuman mandir ke piche ashoka layt kaveripura - 960104,0,,0.0,,,,,,,,82,Valid and occupied,Visit,Unvisited address with complete description; schedule initial field visit
AD002213,AC001711,residence,kyc_origination,2026-04-01,T2,gali 8 पानी की टंकी के सामने nehru col devgarh nagar - 970203,3,met_family,410.0,0.0,2.0,0.0,0.0,0.0,0.0,1.0,61,"Valid, but borrower usually absent",Change the visit time,Premises locked or met family; shift visit to evening/weekend slot
AD002214,AC001712,residence,kyc_origination,2026-04-01,T3,"H.No. 94, A Blockk, 3rd Rd., adj. Petrol Pump, Unity Nagr, Navanagara East - 980302",0,,0.0,,,,,,,,83,Valid and occupied,Visit,Unvisited address with complete description; schedule initial field visit
AD002215,AC001713,residence,kyc_origination,2026-04-01,T1,h.no. 361 12th cross 8th main gandhi nagar kaveripura - 960102,6,no_such_person,220.0,0.0,0.0,0.0,0.0,3.0,3.0,0.0,62,Borrower has moved,Trace the new address,Neighbours or occupants confirmed borrower relocated; trace new address
AD002216,AC001714,residence,kyc_origination,2026-04-01,T2,house 11 gali no-2 ward 6 nehru col devgarh nagar - 970203,0,,0.0,,,,,,,,58,Valid and occupied,Visit,Unvisited address with complete description; schedule initial field visit
AD002217,AC001715,residence,kyc_origination,2026-04-01,T1,"#223, 8th Cross, 6th Main Rd, opp Overhead Tank, Basava Nagar, Kaveripura - 960101",7,locked_premises,112.0,1.0,1.0,4.0,0.0,0.0,1.0,0.0,82,Valid and occupied,Visit,Borrower confirmed at address on prior visit; schedule visit
AD002218,AC001716,residence,kyc_origination,2026-04-01,T2,gali no-6 sarkari school ke pass azad mohalla devgarh nagar - 970203,1,met_borrower,1270.0,1.0,0.0,0.0,0.0,0.0,0.0,0.0,68,Valid and occupied,Visit,Borrower confirmed at address on prior visit; schedule visit
AD002219,AC001716,permanent_native,kyc_origination,2026-04-01,OUT,"Village Bilagi, Tehsil C, District East - 998267",0,,0.0,,,,,,,,48,Valid and occupied,Visit,Unvisited address with complete description; schedule initial field visit
AD002220,AC001717,residence,kyc_origination,2026-04-01,T2,"NO. 393, GALI NO-, DOODH DAIRY KE PAAS, AMBEDKAR NAGR, DEVGARH NAGAR - 970204",1,met_borrower,869.0,1.0,0.0,0.0,0.0,0.0,0.0,0.0,77,Valid and occupied,Visit,Borrower confirmed at address on prior visit; schedule visit
AD002221,AC001718,residence,kyc_origination,2026-04-01,T1,"10th Cross, 7th Main, near Masjid, Vidya Nagr, Kaveripura - 960103",0,,0.0,,,,,,,,66,Valid and occupied,Visit,Unvisited address with complete description; schedule initial field visit
AD002222,AC001719,residence,kyc_origination,2026-04-01,T1,"10th Cr, 1st Main, near Church, Kaveripura - 960104",0,,0.0,,,,,,,,51,Valid and occupied,Visit,Unvisited address with complete description; schedule initial field visit
AD002223,AC001719,office,kyc_origination,2026-04-01,T1,"11th Cross, 7th Main Rd, nr Govt School, Kuvempu Layout, Kaveripura - 960102",0,,0.0,,,,,,,,76,Valid and occupied,Visit,Unvisited address with complete description; schedule initial field visit
AD002224,AC001720,residence,kyc_origination,2026-04-01,T2,gali no-9 bhd hanuman temple devgarh nagr - 970202,4,neighbour_says_shifted,144.0,0.0,0.0,0.0,1.0,0.0,3.0,0.0,50,Borrower has moved,Trace the new address,Neighbours or occupants confirmed borrower relocated; trace new address
AD002225,AC001720,office,kyc_origination,2026-04-01,T2,h.no. 336 gali 3 nr. govt school shaastri nagar devgarh nagar - 970201,2,neighbour_says_shifted,377.0,0.0,0.0,1.0,1.0,0.0,0.0,0.0,70,"Valid, but borrower usually absent",Change the visit time,Premises locked or met family; shift visit to evening/weekend slot
AD002226,AC001721,residence,kyc_origination,2026-04-01,T2,"H.No. 475, Gali 6, Abmedkar Ngr, Devgarh Nagar - 970204",0,,0.0,,,,,,,,55,Valid and occupied,Visit,Unvisited address with complete description; schedule initial field visit
AD002227,AC001722,residence,kyc_origination,2026-04-01,T3,"NO. 102, D BLK., 1ST ROAD, HMT COLONY, NAVANAGARA EAT - 980301",0,,0.0,,,,,,,,62,Valid and occupied,Visit,Unvisited address with complete description; schedule initial field visit
AD002228,AC001723,residence,kyc_origination,2026-04-01,T3,"352/3, B Block, 4th Road, close to Church, Sunrise Enclave, Navanagara East - 980304",0,,0.0,,,,,,,,84,Valid and occupied,Visit,Unvisited address with complete description; schedule initial field visit
AD002229,AC001724,residence,kyc_origination,2026-04-01,T3,"BLK C, RD 5, OPPOSITE MASJID, RAILWAY COLONY, NAVANAGARA EAAST - 980304",4,neighbour_says_shifted,253.0,0.0,0.0,1.0,1.0,1.0,1.0,0.0,71,"Valid, but borrower usually absent",Change the visit time,Premises locked or met family; shift visit to evening/weekend slot
AD002230,AC001725,residence,kyc_origination,2026-04-01,T3,house 263 blk f rd 3 b/h mosque palm meadows navanagara east - 980302,8,met_borrower,457.0,1.0,1.0,6.0,0.0,0.0,0.0,0.0,69,Valid and occupied,Visit,Borrower confirmed at address on prior visit; schedule visit
AD002231,AC001726,residence,kyc_origination,2026-04-01,T1,house 249 12th cross 6th main vidya ngr kaveripura - 960103,1,met_borrower,542.0,1.0,0.0,0.0,0.0,0.0,0.0,0.0,59,Valid and occupied,Visit,Borrower confirmed at address on prior visit; schedule visit
AD002232,AC001726,office,kyc_origination,2026-04-01,T1,"8th Cross, 8th Main, nr. Church, Basava Nagar, Kaveripura - 960101",0,,0.0,,,,,,,,66,Valid and occupied,Visit,Unvisited address with complete description; schedule initial field visit
AD002233,AC001727,residence,kyc_origination,2026-04-01,T3,h.no. 137 b blk 4th road nr. bus stand silver oak lyt navanagara east - 980301,9,address_not_traceable,98.0,0.0,0.0,6.0,2.0,0.0,1.0,0.0,78,"Valid, but borrower usually absent",Change the visit time,Premises locked or met family; shift visit to evening/weekend slot
AD002234,AC001728,residence,kyc_origination,2026-04-01,T3,"Blk E, Rd 2, next to Government School, Orchid Enclave, Navanagara East - 980301",6,locked_premises,154.0,1.0,0.0,2.0,3.0,0.0,0.0,0.0,80,Valid and occupied,Visit,Borrower confirmed at address on prior visit; schedule visit
AD002235,AC001729,residence,kyc_origination,2026-04-01,T2,"गली नं. 11, Nehru Colony, Devgarh Nagar - 9700203",0,,0.0,,,,,,,,49,Valid and occupied,Visit,Unvisited address with complete description; schedule initial field visit
AD002236,AC001730,residence,kyc_origination,2026-04-01,T2,"H.No. 288, Gali no-6, Ward 9, Shastri Ngr, Devgarh Nagar - 970201",0,,0.0,,,,,,,,65,Valid and occupied,Visit,Unvisited address with complete description; schedule initial field visit
AD002237,AC001731,residence,kyc_origination,2026-04-01,T2,"NO. 241, MEDCIAL STORE KE SAMNE, DEVGARH NAGAR - 970202",1,met_family,402.0,0.0,1.0,0.0,0.0,0.0,0.0,0.0,55,"Valid, but borrower usually absent",Change the visit time,Premises locked or met family; shift visit to evening/weekend slot
AD002238,AC001732,residence,kyc_origination,2026-04-01,T1,"No. 4, nr. Masjid, Vinayaka Nagr, Kaveripura - 960104",0,,0.0,,,,,,,,53,Valid and occupied,Visit,Unvisited address with complete description; schedule initial field visit
AD002239,AC001733,residence,kyc_origination,2026-04-01,T1,"12TH CRS, 4TH MAIN RD, BUS NILDANA HATTIRA, KAVERIPURA - 960103",3,address_not_traceable,35.0,0.0,0.0,0.0,0.0,0.0,3.0,0.0,63,Hard to find on the ground,Resolve the location (Problem Statement 3) before writing it off,Detailed address but agent could not locate pin (35s dwell); resolve geocode (PS3)
AD002240,AC001733,office,kyc_origination,2026-04-01,T1,"NO. 292, GANAPATHI GUDI HATTIRA, GANDHI NAGAR, KAVERIPURA",1,locked_premises,141.0,0.0,0.0,1.0,0.0,0.0,0.0,0.0,57,"Valid, but borrower usually absent",Change the visit time,Premises locked or met family; shift visit to evening/weekend slot
AD002241,AC001734,residence,kyc_origination,2026-04-01,T1,"#287, 8th X, 8th Main Rd, Hosa Badavane, Kaveripura - 960101",0,,0.0,,,,,,,,60,Valid and occupied,Visit,Unvisited address with complete description; schedule initial field visit
AD002242,AC001735,residence,kyc_origination,2026-04-01,T2,"No. 221, हनुमान मंदिर के बगल में, Shastri Nagr, Devgarh Ngr - 970202",0,,0.0,,,,,,,,68,Valid and occupied,Visit,Unvisited address with complete description; schedule initial field visit
AD002243,AC001735,office,kyc_origination,2026-04-01,T2,"No. 459, Gali No. 10, Ward 5, nr Ration Shop, Subhash Nagar, Devgarh Ngr - 970201",0,,0.0,,,,,,,,81,Valid and occupied,Visit,Unvisited address with complete description; schedule initial field visit
AD002244,AC001736,residence,kyc_origination,2026-04-01,T2,"HOUSE 222, COMMUNITY HALL KE PEECHE, SHIVAJI NAGAR, DEVGARH NAGAR - 970202",8,locked_premises,117.0,2.0,3.0,1.0,0.0,0.0,2.0,0.0,74,Valid and occupied,Visit,Borrower confirmed at address on prior visit; schedule visit
AD002245,AC001737,residence,kyc_origination,2026-04-01,T1,"NO. 370, 10TH CROSS, 3RD MAIN RD, BHD GANESH TEMPLE, NEHRU COLONY, KAVERIPURA - 960102",2,met_borrower,738.0,1.0,1.0,0.0,0.0,0.0,0.0,0.0,86,Valid and occupied,Visit,Borrower confirmed at address on prior visit; schedule visit
AD002246,AC001738,residence,kyc_origination,2026-04-01,T1,"HOUSE 441, ANNAPOORNA NILAYA, 3RD CROSS, 2ND MAIN, NEHRU COLONY, KAVERIPURA - 960102",7,met_borrower,658.0,3.0,2.0,2.0,0.0,0.0,0.0,0.0,84,Valid and occupied,Visit,Borrower confirmed at address on prior visit; schedule visit
AD002247,AC001739,residence,kyc_origination,2026-04-01,T1,no. 159 13th x 2nd mn samudaya bhavana hattira siddeshwara colny kaveripura - 960102,7,met_family,542.0,0.0,2.0,0.0,0.0,0.0,5.0,0.0,84,"Valid, but borrower usually absent",Change the visit time,Premises locked or met family; shift visit to evening/weekend slot
AD002248,AC001740,residence,kyc_origination,2026-04-01,T3,h.no. 477 blk b rd 3 nr. church navanagara east,2,address_not_traceable,100.0,0.0,0.0,0.0,0.0,0.0,2.0,0.0,47,Hard to find on the ground,Resolve the location (Problem Statement 3) before writing it off,Detailed address but agent could not locate pin (100s dwell); resolve geocode (PS3)
AD002249,AC001741,residence,kyc_origination,2026-04-01,T3,h.no. 363 a blk. 1st rd. royal gardens navanagara east - 980303,0,,0.0,,,,,,,,63,Valid and occupied,Visit,Unvisited address with complete description; schedule initial field visit
AD002250,AC001742,residence,kyc_origination,2026-04-01,T1,house 180 opp. ration shop shanthi nagar kaveripura - 960101,0,,0.0,,,,,,,,60,Valid and occupied,Visit,Unvisited address with complete description; schedule initial field visit
AD002251,AC001743,residence,kyc_origination,2026-04-01,T3,"456/2, A BLOCK, 2ND ROAD, GREEN PARK LAYOUT, NAVANAGARA EAST - 980301",2,met_borrower,781.0,2.0,0.0,0.0,0.0,0.0,0.0,0.0,69,Valid and occupied,Visit,Borrower confirmed at address on prior visit; schedule visit
AD002252,AC001744,residence,kyc_origination,2026-04-01,T3,silver oak lyt navanagara east - 980301,3,met_borrower,1371.0,1.0,2.0,0.0,0.0,0.0,0.0,0.0,39,Valid and occupied,Visit,Borrower confirmed at address on prior visit; schedule visit
AD002253,AC001745,residence,kyc_origination,2026-04-01,T3,"House 329, Blk C, Rd 6, Cuhrch hattira, Silver Oak Lyt, Navanagara East - 980301",8,locked_premises,229.0,2.0,2.0,3.0,0.0,0.0,1.0,0.0,80,Valid and occupied,Visit,Borrower confirmed at address on prior visit; schedule visit
AD002254,AC001746,residence,kyc_origination,2026-04-01,T3,#27 f block 6th road neerina tank hattira hmt colony navanagara east - 980301,5,cash_collected,744.0,0.0,0.0,3.0,0.0,0.0,1.0,1.0,77,Valid and occupied,Visit,Borrower confirmed at address on prior visit; schedule visit
AD002255,AC001747,residence,kyc_origination,2026-04-01,T2,"Gali no-1, Barat Ghar ke paas, Azad Mohalla, Devgarh Nagr - 970203",2,address_not_traceable,59.0,0.0,0.0,0.0,0.0,0.0,2.0,0.0,66,Hard to find on the ground,Resolve the location (Problem Statement 3) before writing it off,Detailed address but agent could not locate pin (59s dwell); resolve geocode (PS3)
AD002256,AC001748,residence,kyc_origination,2026-04-01,T1,"House 90, 8th Cross, 4th Mn, nr Bus Stand, Ashoka Layout, Kaveripura - 960101",2,address_not_traceable,46.0,0.0,0.0,0.0,0.0,0.0,2.0,0.0,77,Hard to find on the ground,Resolve the location (Problem Statement 3) before writing it off,Detailed address but agent could not locate pin (46s dwell); resolve geocode (PS3)
AD002257,AC001748,office,kyc_origination,2026-04-01,T1,"#133, beside Government School, Anjaneya Badavane, Kaveripura - 960103",2,address_not_traceable,50.0,0.0,0.0,1.0,0.0,0.0,1.0,0.0,70,"Valid, but borrower usually absent",Change the visit time,Premises locked or met family; shift visit to evening/weekend slot
AD002258,AC001749,residence,kyc_origination,2026-04-01,T3,house 133 b blk 6th road sarkari school ke paas teachers colony navanagara east - 980302,1,locked_premises,109.0,0.0,0.0,1.0,0.0,0.0,0.0,0.0,88,"Valid, but borrower usually absent",Change the visit time,Premises locked or met family; shift visit to evening/weekend slot
AD002259,AC001750,residence,kyc_origination,2026-04-01,T3,"HOUSE 108, D BLOCK, 7TH ROAD, PALM MEADOWS, NAVANAGARA EAST",0,,0.0,,,,,,,,59,Valid and occupied,Visit,Unvisited address with complete description; schedule initial field visit
AD002260,AC001751,residence,kyc_origination,2026-04-01,T1,"3rd Cross, 1st Main, nr Hanuman Temple, Siddeshwara Colny, Kaveripura - 960102",1,locked_premises,231.0,0.0,0.0,1.0,0.0,0.0,0.0,0.0,78,"Valid, but borrower usually absent",Change the visit time,Premises locked or met family; shift visit to evening/weekend slot
AD002261,AC001752,residence,kyc_origination,2026-04-01,T2,380/1 lakshmi nilaya गली नं. 2 ward 6 बस स्टॉप के पास nehru col devgarh nagr - 970203,5,neighbour_says_shifted,264.0,0.0,0.0,1.0,4.0,0.0,0.0,0.0,85,"Valid, but borrower usually absent",Change the visit time,Premises locked or met family; shift visit to evening/weekend slot
AD002262,AC001753,residence,kyc_origination,2026-04-01,T2,"#132, Gali 1, Ration ki Dukaan ke paas, Krishna Puri, Devgarh Naggar - 970202",8,locked_premises,212.0,3.0,1.0,3.0,0.0,0.0,1.0,0.0,77,Valid and occupied,Visit,Borrower confirmed at address on prior visit; schedule visit
AD002263,AC001754,residence,kyc_origination,2026-04-01,T2,"GALI NO. 1, PATEL NAGAR, DEVGARH NAGAR - 970202",2,address_not_traceable,96.0,1.0,0.0,0.0,0.0,0.0,1.0,0.0,47,Valid and occupied,Visit,Borrower confirmed at address on prior visit; schedule visit
AD002264,AC001755,residence,kyc_origination,2026-04-01,T2,"No. 391, Gali 3, close to Ration Shop, Azad Mohalla, Devgarh Nagr",3,met_family,289.0,0.0,1.0,2.0,0.0,0.0,0.0,0.0,65,"Valid, but borrower usually absent",Change the visit time,Premises locked or met family; shift visit to evening/weekend slot
AD002265,AC001756,residence,kyc_origination,2026-04-01,T1,"42/3, 6TH CROSS, 1ST MAIN, CHURCH HATTIRA, BASAVA NGR, KAVERIPURA",1,locked_premises,140.0,0.0,0.0,1.0,0.0,0.0,0.0,0.0,65,"Valid, but borrower usually absent",Change the visit time,Premises locked or met family; shift visit to evening/weekend slot
AD002266,AC001756,office,kyc_origination,2026-04-01,T1,"NO. 472, 3RD CROSS, 7TH MAIN, KALYANA NAGAR, KAVERIPURA - 960104",0,,0.0,,,,,,,,64,Valid and occupied,Visit,Unvisited address with complete description; schedule initial field visit
AD002267,AC001757,residence,kyc_origination,2026-04-01,T2,"H.NO. 439, GALI 8, AZAD MOHALLA, DEVGARH NAGAR - 970203",0,,0.0,,,,,,,,55,Valid and occupied,Visit,Unvisited address with complete description; schedule initial field visit
AD002268,AC001757,permanent_native,kyc_origination,2026-04-01,OUT,"Village Devipur, Tehsil C, District North - 995088",0,,0.0,,,,,,,,50,Valid and occupied,Visit,Unvisited address with complete description; schedule initial field visit
AD002269,AC001758,residence,kyc_origination,2026-04-01,T1,"124/2, close to Medical Store, Kuvempu Layout, Kaveripura - 960102",0,,0.0,,,,,,,,66,Valid and occupied,Visit,Unvisited address with complete description; schedule initial field visit
AD002270,AC001759,residence,kyc_origination,2026-04-01,T1,"8th Cross, 3rd Main, beside Bus Stop, Gandhi Ngr, Kaveripura - 960102",5,locked_premises,129.0,3.0,0.0,2.0,0.0,0.0,0.0,0.0,69,Valid and occupied,Visit,Borrower confirmed at address on prior visit; schedule visit
AD002271,AC001760,residence,kyc_origination,2026-04-01,T2,"H.No. 104, Gali No. 1, Patel Nagar, Devgarh Nagar - 970202",0,,0.0,,,,,,,,58,Valid and occupied,Visit,Unvisited address with complete description; schedule initial field visit
AD002272,AC001761,residence,kyc_origination,2026-04-01,T2,"Ganga Apartments, Gali No. 9, Ward 6, nr Bus Stand, Nehru Colny, Devgarh Nagr - 970203",6,address_not_traceable,88.0,0.0,0.0,0.0,0.0,0.0,6.0,0.0,86,Hard to find on the ground,Resolve the location (Problem Statement 3) before writing it off,Detailed address but agent could not locate pin (88s dwell); resolve geocode (PS3)
AD002273,AC001761,office,kyc_origination,2026-04-01,T2,gali no. 11 close to water tank krishna puri devgarh ngr - 970202,1,address_not_traceable,39.0,0.0,0.0,0.0,0.0,0.0,1.0,0.0,65,Hard to find on the ground,Resolve the location (Problem Statement 3) before writing it off,Detailed address but agent could not locate pin (39s dwell); resolve geocode (PS3)
AD002274,AC001762,residence,kyc_origination,2026-04-01,T2,h.no. 88 gali 11 ward 1 medical store ke bagal mein shivaji nagr devgarh ngr - 970202,0,,0.0,,,,,,,,85,Valid and occupied,Visit,Unvisited address with complete description; schedule initial field visit
AD002275,AC001762,office,kyc_origination,2026-04-01,T2,gali no. 9 bus stop ke paas azad mohalla devgarh nagr - 970203,0,,0.0,,,,,,,,62,Valid and occupied,Visit,Unvisited address with complete description; schedule initial field visit
AD002276,AC001763,residence,kyc_origination,2026-04-01,T1,"215/1, Lakshmi Nilaya, 3rd Cross, 6th Main Rd, Sarkari Shaale pakkadalli, Vinayaka Nagar, Kaveripura - 960104",0,,0.0,,,,,,,,109,Valid and occupied,Visit,Unvisited address with complete description; schedule initial field visit
AD002277,AC001764,residence,kyc_origination,2026-04-01,T2,"GALI 5, WARD 11, PATEL NAGR, DEVGARH NGR - 970202",2,met_family,352.0,0.0,1.0,1.0,0.0,0.0,0.0,0.0,49,"Valid, but borrower usually absent",Change the visit time,Premises locked or met family; shift visit to evening/weekend slot
AD002278,AC001764,office,kyc_origination,2026-04-01,T2,"NO. 293, GALI NO-10, GANDHI BASTI, DEVGARH NAGAR - 970203",1,address_not_traceable,63.0,0.0,0.0,0.0,0.0,0.0,1.0,0.0,57,Hard to find on the ground,Resolve the location (Problem Statement 3) before writing it off,Detailed address but agent could not locate pin (63s dwell); resolve geocode (PS3)
AD002279,AC001765,residence,kyc_origination,2026-04-01,T1,#207 3rd crs 2nd main ನ್ಯಾಯಬೆಲೆ ಅಂಗಡಿ ಹತ್ತಿರ hosa badavane kaveripura - 960101,0,,0.0,,,,,,,,78,Valid and occupied,Visit,Unvisited address with complete description; schedule initial field visit
AD002280,AC001765,office,kyc_origination,2026-04-01,T1,10th cross 5th mn nr. pds shop gandhi nagar kaveripura - 960102,0,,0.0,,,,,,,,63,Valid and occupied,Visit,Unvisited address with complete description; schedule initial field visit
AD002281,AC001766,residence,kyc_origination,2026-04-01,T1,"3rd Cross, 6th Mn, Vinayaka Nagar, Kaveripura - 960104",3,met_family,356.0,2.0,1.0,0.0,0.0,0.0,0.0,0.0,54,Valid and occupied,Visit,Borrower confirmed at address on prior visit; schedule visit
AD002282,AC001767,residence,kyc_origination,2026-04-01,T3,"House 419, HMT Colny, Navanagara East - 980301",0,,0.0,,,,,,,,46,Valid and occupied,Visit,Unvisited address with complete description; schedule initial field visit
AD002283,AC001767,office,kyc_origination,2026-04-01,T3,"A Blk., 3rd Road, Orchid Enclave, Navanagara East - 980301",0,,0.0,,,,,,,,58,Valid and occupied,Visit,Unvisited address with complete description; schedule initial field visit
AD002284,AC001768,residence,kyc_origination,2026-04-01,T2,"No. 98, Gali No. 6, close to Government School, Indira Colony, Devgarh Nagar - 970202",1,met_family,271.0,0.0,1.0,0.0,0.0,0.0,0.0,0.0,85,"Valid, but borrower usually absent",Change the visit time,Premises locked or met family; shift visit to evening/weekend slot
AD002285,AC001768,permanent_native,kyc_origination,2026-04-01,OUT,"Village Rampura Kalan, Taluk B, District North - 993733",0,,0.0,,,,,,,,55,Valid and occupied,Visit,Unvisited address with complete description; schedule initial field visit
AD002286,AC001769,residence,kyc_origination,2026-04-01,T2,"#284, SAI RESIDENCY, GALI NO-3, WARD 6, BARAT GHAR KE PASS, RAM NAGR, DEVGARH NAGAR - 970203",2,address_not_traceable,109.0,0.0,0.0,0.0,0.0,0.0,2.0,0.0,92,Hard to find on the ground,Resolve the location (Problem Statement 3) before writing it off,Detailed address but agent could not locate pin (109s dwell); resolve geocode (PS3)
AD002287,AC001770,residence,kyc_origination,2026-04-01,T2,gali no. 7 ward 11 close to church patel nagar devgarh nagr - 970202,2,met_borrower,1245.0,1.0,1.0,0.0,0.0,0.0,0.0,0.0,68,Valid and occupied,Visit,Borrower confirmed at address on prior visit; schedule visit
AD002288,AC001771,residence,kyc_origination,2026-04-01,T1,"329/3, Haalina Dairy hattira, Kaveripura - 960102",0,,0.0,,,,,,,,49,Valid and occupied,Visit,Unvisited address with complete description; schedule initial field visit
AD002289,AC001772,residence,kyc_origination,2026-04-01,T1,"#433, 7th Cross, 3rd Main, close to Hanuman Temple, Nehru Colony, Kaveripura - 960104",0,,0.0,,,,,,,,85,Valid and occupied,Visit,Unvisited address with complete description; schedule initial field visit
AD002290,AC001772,permanent_native,kyc_origination,2026-04-01,OUT,"Village Mallapura, Tehsil D, District East - 999991",0,,0.0,,,,,,,,51,Valid and occupied,Visit,Unvisited address with complete description; schedule initial field visit
AD002291,AC001773,residence,kyc_origination,2026-04-01,T2,"257/2, गली नं. 1, डाकघर के पास, Subhash Nagar, Devgarh Nagar - 970201",0,,0.0,,,,,,,,69,Valid and occupied,Visit,Unvisited address with complete description; schedule initial field visit
AD002292,AC001774,residence,kyc_origination,2026-04-01,T3,"HOUSE 416, F BLOCK, 3RD ROAD, GREEN PARK LYT, NAVANAGARA EAST - 980301",0,,0.0,,,,,,,,70,Valid and occupied,Visit,Unvisited address with complete description; schedule initial field visit
AD002293,AC001774,office,kyc_origination,2026-04-01,T3,"#322, BLK B, RD 1, CLOSE TO MILK BOOTH, HMT COLONY, NAVANAGARA EASST - 980301",1,met_borrower,702.0,1.0,0.0,0.0,0.0,0.0,0.0,0.0,77,Valid and occupied,Visit,Borrower confirmed at address on prior visit; schedule visit
AD002294,AC001775,residence,kyc_origination,2026-04-01,T2,"310/3, Gali No. 10, Patel Nagar, Devgarh Nagar - 970202",2,met_family,191.0,0.0,1.0,1.0,0.0,0.0,0.0,0.0,55,"Valid, but borrower usually absent",Change the visit time,Premises locked or met family; shift visit to evening/weekend slot
AD002295,AC001776,residence,kyc_origination,2026-04-01,T3,"Shanti Kunj, Blk A, Rd 4, Navanagara East - 980301",0,,0.0,,,,,,,,50,Valid and occupied,Visit,Unvisited address with complete description; schedule initial field visit
AD002296,AC001777,residence,kyc_origination,2026-04-01,T3,"No. 372, Palm Meadows, Naavnagara East - 980302",0,,0.0,,,,,,,,47,Valid and occupied,Visit,Unvisited address with complete description; schedule initial field visit
AD002297,AC001778,residence,kyc_origination,2026-04-01,T1,"#361, 2nd Cross, 6th Mn, nr Hanuman Temple, Siddeshwara Colony, Kaveripura - 960102",0,,0.0,,,,,,,,83,Valid and occupied,Visit,Unvisited address with complete description; schedule initial field visit
AD002298,AC001779,residence,kyc_origination,2026-04-01,T3,"H.NO. 128, BLK D, RD 1, PALM MEADOWS, NAVONAGARA EAST - 980302",2,address_not_traceable,64.0,0.0,1.0,0.0,0.0,0.0,1.0,0.0,62,Hard to find on the ground,Resolve the location (Problem Statement 3) before writing it off,Detailed address but agent could not locate pin (64s dwell); resolve geocode (PS3)
AD002299,AC001780,residence,kyc_origination,2026-04-01,T2,"Azad Mohalla, Devgarh Naagar - 970203",8,met_family,203.0,1.0,4.0,1.0,0.0,0.0,0.0,2.0,37,Valid and occupied,Visit,Borrower confirmed at address on prior visit; schedule visit
AD002300,AC001781,residence,kyc_origination,2026-04-01,T2,"Gali No. 6, Medical Store ke pass, Nehru Colny, Devgarh Nagar - 970203",0,,0.0,,,,,,,,70,Valid and occupied,Visit,Unvisited address with complete description; schedule initial field visit
AD002301,AC001782,residence,kyc_origination,2026-04-01,T2,gali no-3 ward 11 nr. masjid patel nagr devgarh nagar - 970201,0,,0.0,,,,,,,,62,Valid and occupied,Visit,Unvisited address with complete description; schedule initial field visit
AD002302,AC001783,residence,kyc_origination,2026-04-01,T2,"No. 41, opp Bus Stop, Azad Mohalla, Devgarh Ngr",1,locked_premises,161.0,0.0,0.0,1.0,0.0,0.0,0.0,0.0,47,"Valid, but borrower usually absent",Change the visit time,Premises locked or met family; shift visit to evening/weekend slot
AD002303,AC001784,residence,kyc_origination,2026-04-01,T1,h.no. 218 3rd cross 8th main kaveripura - 960101,0,,0.0,,,,,,,,48,Valid and occupied,Visit,Unvisited address with complete description; schedule initial field visit
AD002304,AC001785,residence,kyc_origination,2026-04-01,T1,no. 419 2nd cross 5th main nr hanuman temple nehru colony kaveripura - 960102,8,no_such_person,295.0,0.0,0.0,0.0,0.0,4.0,4.0,0.0,77,Borrower has moved,Trace the new address,Neighbours or occupants confirmed borrower relocated; trace new address
AD002305,AC001786,residence,kyc_origination,2026-04-01,T1,"#358, 9TH CROSS, 2ND MAIN, B/H BUS STOP, VIDYA NAGR, KAVERIPURA - 960103",1,met_family,196.0,0.0,1.0,0.0,0.0,0.0,0.0,0.0,72,"Valid, but borrower usually absent",Change the visit time,Premises locked or met family; shift visit to evening/weekend slot
AD002306,AC001787,residence,kyc_origination,2026-04-01,T1,"No. 82, Annapoorna Nilaya, 9th Cross, 4th Main, Nehru Colny, Kaveripura - 960102",3,met_family,332.0,0.0,3.0,0.0,0.0,0.0,0.0,0.0,80,"Valid, but borrower usually absent",Change the visit time,Premises locked or met family; shift visit to evening/weekend slot
AD002307,AC001788,residence,kyc_origination,2026-04-01,T1,"House 54, 3rd Crs, 2nd Main, Maasidi hattira, Nehru Col, Kaveripura - 960102",4,locked_premises,134.0,1.0,1.0,2.0,0.0,0.0,0.0,0.0,76,Valid and occupied,Visit,Borrower confirmed at address on prior visit; schedule visit
AD002308,AC001789,residence,kyc_origination,2026-04-01,T1,"neor Hanuman Temple, Neru Colony, Kaveripura - 960102",3,met_borrower,1190.0,1.0,1.0,1.0,0.0,0.0,0.0,0.0,53,Valid and occupied,Visit,Borrower confirmed at address on prior visit; schedule visit
AD002309,AC001790,residence,kyc_origination,2026-04-01,T3,no. 146 e block 2nd road navanagara east - 980303,2,locked_premises,105.0,0.0,0.0,1.0,0.0,0.0,1.0,0.0,49,"Valid, but borrower usually absent",Change the visit time,Premises locked or met family; shift visit to evening/weekend slot
AD002310,AC001791,residence,kyc_origination,2026-04-01,T1,"80/1, 2ND CRS, 4TH MAIN, POST OFFICE HATTIRA, VIDYA NAGAR, KAVERIPURA - 960103",0,,0.0,,,,,,,,78,Valid and occupied,Visit,Unvisited address with complete description; schedule initial field visit
AD002311,AC001792,residence,kyc_origination,2026-04-01,T3,"#55, Palm Meadows, Navanagara East - 980303",9,address_not_traceable,33.0,1.0,0.0,0.0,0.0,0.0,8.0,0.0,43,Valid and occupied,Visit,Borrower confirmed at address on prior visit; schedule visit
AD002312,AC001793,residence,kyc_origination,2026-04-01,T2,"NO. 425, GALI 3, पार्क के पास, INDIRA COLONY, DEVGARH NGR - 970202",0,,0.0,,,,,,,,66,Valid and occupied,Visit,Unvisited address with complete description; schedule initial field visit
AD002313,AC001793,permanent_native,kyc_origination,2026-04-01,OUT,"Village Hosahalli, Tehsil C, District South - 996235",0,,0.0,,,,,,,,52,Valid and occupied,Visit,Unvisited address with complete description; schedule initial field visit
AD002314,AC001794,residence,kyc_origination,2026-04-01,T1,"House 474, 6th Cross, 4th Main, Neerina Tank hattira, Basava Nagar, Kaveripura - 960101",0,,0.0,,,,,,,,87,Valid and occupied,Visit,Unvisited address with complete description; schedule initial field visit
AD002315,AC001794,office,kyc_origination,2026-04-01,T1,house 30 11th cr 5th mn beside church ajaneya badavane kaveripura - 960103,1,address_not_traceable,98.0,0.0,0.0,0.0,0.0,0.0,1.0,0.0,74,Hard to find on the ground,Resolve the location (Problem Statement 3) before writing it off,Detailed address but agent could not locate pin (98s dwell); resolve geocode (PS3)
AD002316,AC001795,residence,kyc_origination,2026-04-01,T1,"H.No. 377, Ganga Apartments, Siddeshwara Colny, Kaveripura - 9601002",0,,0.0,,,,,,,,68,Valid and occupied,Visit,Unvisited address with complete description; schedule initial field visit
AD002317,AC001796,residence,kyc_origination,2026-04-01,T1,"134/1, 12th Cross, 4th Main, Shanthi Nagar, Kaveripura - 960101",4,met_family,425.0,0.0,2.0,2.0,0.0,0.0,0.0,0.0,63,"Valid, but borrower usually absent",Change the visit time,Premises locked or met family; shift visit to evening/weekend slot
AD002318,AC001797,residence,kyc_origination,2026-04-01,T2,"House 187, Gali No. 1, Tilak Nagar, Devgarh Nagr - 970204",0,,0.0,,,,,,,,57,Valid and occupied,Visit,Unvisited address with complete description; schedule initial field visit
AD002319,AC001798,residence,kyc_origination,2026-04-01,T1,"House 404, 11th Cross, 4th Main Rd, close to Ganapathi Temple, Nehru Colony, Kaveripura - 960102",0,,0.0,,,,,,,,96,Valid and occupied,Visit,Unvisited address with complete description; schedule initial field visit
AD002320,AC001798,permanent_native,kyc_origination,2026-04-01,OUT,"Village Sundarpur, Tehsil C, District West - 992228",0,,0.0,,,,,,,,51,Valid and occupied,Visit,Unvisited address with complete description; schedule initial field visit
AD002321,AC001799,residence,kyc_origination,2026-04-01,T3,"HOUSE 257, F BLK, 2ND RD, OPPOSITE BUS STAND, PALM MEADOWS, NAVANAGARA EAST - 980302",6,locked_premises,99.0,2.0,1.0,1.0,0.0,0.0,2.0,0.0,84,Valid and occupied,Visit,Borrower confirmed at address on prior visit; schedule visit
AD002322,AC001800,residence,kyc_origination,2026-04-01,T2,"331/3, बस स्टॉप के पास, Azad Mohalla, Devgarh Nagr - 970203",0,,0.0,,,,,,,,59,Valid and occupied,Visit,Unvisited address with complete description; schedule initial field visit
AD002323,AC001801,residence,kyc_origination,2026-04-01,T2,"#8, Gali no-2, Devgarh Nagar - 970204",1,address_not_traceable,33.0,0.0,0.0,0.0,0.0,0.0,1.0,0.0,37,Hard to find on the ground,Resolve the location (Problem Statement 3) before writing it off,Detailed address but agent could not locate pin (33s dwell); resolve geocode (PS3)
AD002324,AC001801,office,kyc_origination,2026-04-01,T2,"286/1, Gali 11, Ward 5, opp. Masjid, Subhash Nagar, Devgarh Ngr",0,,0.0,,,,,,,,63,Valid and occupied,Visit,Unvisited address with complete description; schedule initial field visit
AD002325,AC001802,residence,kyc_origination,2026-04-01,T2,house 259 ganga apartments gali no5 ward 6 nehru colony devgarh nagar - 970203,0,,0.0,,,,,,,,78,Valid and occupied,Visit,Unvisited address with complete description; schedule initial field visit
AD002326,AC001802,permanent_native,kyc_origination,2026-04-01,OUT,"Village Bilagi, Taluk B, District East - 993375",0,,0.0,,,,,,,,47,Valid and occupied,Visit,Unvisited address with complete description; schedule initial field visit
AD002327,AC001803,residence,kyc_origination,2026-04-01,T2,"House 161, Gali 1, Devgarh Ngr - 970203",1,address_not_traceable,92.0,0.0,0.0,0.0,0.0,0.0,1.0,0.0,39,Hard to find on the ground,Resolve the location (Problem Statement 3) before writing it off,Detailed address but agent could not locate pin (92s dwell); resolve geocode (PS3)
AD002328,AC001804,residence,kyc_origination,2026-04-01,T3,"H.No. 304, C Blk, 2nd Road, nr Ganapathi Temple, Orchid Enclave, Navanagara East - 980301",0,,0.0,,,,,,,,89,Valid and occupied,Visit,Unvisited address with complete description; schedule initial field visit
AD002329,AC001804,permanent_native,kyc_origination,2026-04-01,OUT,"Village Mallapura, Taluk A, District East - 991183",0,,0.0,,,,,,,,50,Valid and occupied,Visit,Unvisited address with complete description; schedule initial field visit
AD002330,AC001805,residence,kyc_origination,2026-04-01,T2,"Gali 5, दूध डेयरी के पास, Patel Nagar, Devgarh Nagar - 970202",0,,0.0,,,,,,,,61,Valid and occupied,Visit,Unvisited address with complete description; schedule initial field visit
AD002331,AC001805,permanent_native,kyc_origination,2026-04-01,OUT,"Village Rampura Kalan, Tehsil D, District East - 998565",0,,0.0,,,,,,,,55,Valid and occupied,Visit,Unvisited address with complete description; schedule initial field visit
AD002332,AC001806,residence,kyc_origination,2026-04-01,T1,house 83 10th cross 7th mn close to bus stop kaveripura - 960102,9,met_borrower,707.0,4.0,1.0,1.0,0.0,0.0,3.0,0.0,64,Valid and occupied,Visit,Borrower confirmed at address on prior visit; schedule visit
AD002333,AC001807,residence,kyc_origination,2026-04-01,T3,"H.No. 246, Blk C, Rd 4, b/h Post Office, Silvr Oak Layout, Navanagara East - 980301",7,met_borrower,527.0,2.0,3.0,0.0,0.0,0.0,2.0,0.0,83,Valid and occupied,Visit,Borrower confirmed at address on prior visit; schedule visit
AD002334,AC001808,residence,kyc_origination,2026-04-01,T3,"HOUSE 135, BEHIND MILK BOOTH, RAILWAY COLONY, NAVANAGARA EAST - 980304",2,met_family,536.0,0.0,1.0,1.0,0.0,0.0,0.0,0.0,70,"Valid, but borrower usually absent",Change the visit time,Premises locked or met family; shift visit to evening/weekend slot
AD002335,AC001809,residence,kyc_origination,2026-04-01,T3,h.no. 435 d block 5th road palm meadows navanagara east - 980302,0,,0.0,,,,,,,,64,Valid and occupied,Visit,Unvisited address with complete description; schedule initial field visit
AD002336,AC001810,residence,kyc_origination,2026-04-01,T3,no. 394 f blk. 6th road nr. medical store lakeview phase 2 navanagara east - 980303,1,met_borrower,1121.0,1.0,0.0,0.0,0.0,0.0,0.0,0.0,83,Valid and occupied,Visit,Borrower confirmed at address on prior visit; schedule visit
AD002337,AC001811,residence,kyc_origination,2026-04-01,T2,"HOUSE 262, GALI NO. 3, RAM NAGAR, DEVGARH NAGAR - 970202",0,,0.0,,,,,,,,56,Valid and occupied,Visit,Unvisited address with complete description; schedule initial field visit
AD002338,AC001811,permanent_native,kyc_origination,2026-04-01,OUT,"Village Bilagi, Taluk B, District South - 997414",0,,0.0,,,,,,,,48,Valid and occupied,Visit,Unvisited address with complete description; schedule initial field visit
AD002339,AC001812,residence,kyc_origination,2026-04-01,T2,"No. 414, Gali no-11, Ward 8, bhd Ganapathi Temple, Azad Mohalla, Devgarh Nagar - 970203",7,met_borrower,689.0,2.0,2.0,0.0,0.0,0.0,3.0,0.0,87,Valid and occupied,Visit,Borrower confirmed at address on prior visit; schedule visit
AD002340,AC001812,office,kyc_origination,2026-04-01,T2,"No. 273, Gali No. 8, close to Bus Stop, Devgarh Nagar - 970203",0,,0.0,,,,,,,,62,Valid and occupied,Visit,Unvisited address with complete description; schedule initial field visit
AD002341,AC001813,residence,kyc_origination,2026-04-01,T2,"#346, Gali no-3, Ward 3, पार्क के सामने, Azad Mohalla, Devgarh Nagar - 970204",8,met_family,515.0,0.0,4.0,2.0,0.0,0.0,2.0,0.0,77,"Valid, but borrower usually absent",Change the visit time,Premises locked or met family; shift visit to evening/weekend slot
AD002342,AC001814,residence,kyc_origination,2026-04-01,T2,"nr. Government School, Tilk Nagar, Devgarh Nagar - 970203",0,,0.0,,,,,,,,57,Valid and occupied,Visit,Unvisited address with complete description; schedule initial field visit
AD002343,AC001815,residence,kyc_origination,2026-04-01,T3,"C Block, 3rd Road, nr Kalyana Mantapa, Navanagara East - 980304",0,,0.0,,,,,,,,63,Valid and occupied,Visit,Unvisited address with complete description; schedule initial field visit
AD002344,AC001816,residence,kyc_origination,2026-04-01,T2,"HOUSE 88, GALI 10, WARD 4, CLOSE TO CHURCH, DEVGARH NAGAR - 970203",0,,0.0,,,,,,,,66,Valid and occupied,Visit,Unvisited address with complete description; schedule initial field visit
AD002345,AC001817,residence,kyc_origination,2026-04-01,T2,"296/2, Gali 11, Bagicha ke piche, Gandhi Basti, Devgarh Nagar - 970202",0,,0.0,,,,,,,,70,Valid and occupied,Visit,Unvisited address with complete description; schedule initial field visit
AD002346,AC001818,residence,kyc_origination,2026-04-01,T3,"391/1, D BLOCK, 3RD ROAD, CLOSE TO BUS STAND, TEACHERS COL, NAVANAGARA EAST - 980302",0,,0.0,,,,,,,,84,Valid and occupied,Visit,Unvisited address with complete description; schedule initial field visit
AD002347,AC001818,office,kyc_origination,2026-04-01,T3,"H.NO. 277, C BLOCK, 1ST ROAD, NR. GANESH TEMPLE, ORCHID ENCLAVE, NAVANAGARA EAST - 980301",0,,0.0,,,,,,,,89,Valid and occupied,Visit,Unvisited address with complete description; schedule initial field visit
AD002348,AC001819,residence,kyc_origination,2026-04-01,T1,"10TH CROSS, 8TH MAIN, GANDHI NAGAR, KAVERIPURA - 960102",0,,0.0,,,,,,,,55,Valid and occupied,Visit,Unvisited address with complete description; schedule initial field visit
AD002349,AC001820,residence,kyc_origination,2026-04-01,T2,"#293, Gali 3, Ward 9, b/h Masjid, Shastri Nagra, Devgarh Nagar - 970201",0,,0.0,,,,,,,,71,Valid and occupied,Visit,Unvisited address with complete description; schedule initial field visit
AD002350,AC001821,residence,kyc_origination,2026-04-01,T3,"#397, D Block, 2nd Road, nr. Peetrol Pump, Green Park Layout, Navanagara East - 980301",0,,0.0,,,,,,,,86,Valid and occupied,Visit,Unvisited address with complete description; schedule initial field visit
AD002351,AC001821,office,kyc_origination,2026-04-01,T3,"House 366, Blk F, Rd 6, adj. Ganesh Temple, Palm Meadowws, Navanagara East - 980302",0,,0.0,,,,,,,,83,Valid and occupied,Visit,Unvisited address with complete description; schedule initial field visit
AD002352,AC001822,residence,kyc_origination,2026-04-01,T1,"12th Cr, 1st Main Rd, Anjaneya Badavane, Kaveripura - 960103",1,locked_premises,149.0,0.0,0.0,1.0,0.0,0.0,0.0,0.0,60,"Valid, but borrower usually absent",Change the visit time,Premises locked or met family; shift visit to evening/weekend slot
AD002353,AC001823,residence,kyc_origination,2026-04-01,T1,"1ST X, 8TH MAIN RD, ASHOKA LAYOUT, KAVERIPURA - 960104",4,address_not_traceable,101.0,1.0,0.0,1.0,0.0,0.0,2.0,0.0,54,Valid and occupied,Visit,Borrower confirmed at address on prior visit; schedule visit
AD002354,AC001824,residence,kyc_origination,2026-04-01,T1,"H.NO. 95, NR. POST OFFICE, VINAYAKA NAGR, KAVERIPURA - 960104",0,,0.0,,,,,,,,61,Valid and occupied,Visit,Unvisited address with complete description; schedule initial field visit
AD002355,AC001825,residence,kyc_origination,2026-04-01,T1,h.no. 239 8th cross 8th main near pds shop nehru colony kaveripura - 960102,0,,0.0,,,,,,,,75,Valid and occupied,Visit,Unvisited address with complete description; schedule initial field visit
AD002356,AC001825,office,kyc_origination,2026-04-01,T1,h.no. 77 1st cr 7th mn kaveripura - 960104,0,,0.0,,,,,,,,42,Valid and occupied,Visit,Unvisited address with complete description; schedule initial field visit
AD002357,AC001826,residence,kyc_origination,2026-04-01,T2,#34 ganga apartments gali 11 ward 2 indira col devgarh nagar - 970202,8,met_family,511.0,3.0,3.0,2.0,0.0,0.0,0.0,0.0,69,Valid and occupied,Visit,Borrower confirmed at address on prior visit; schedule visit
AD002358,AC001827,residence,kyc_origination,2026-04-01,T3,"Sri Krishna Nivvas, Bus Stop ke paas, Navanagara East - 980303",0,,0.0,,,,,,,,62,Valid and occupied,Visit,Unvisited address with complete description; schedule initial field visit
AD002359,AC001828,residence,kyc_origination,2026-04-01,T2,"H.No. 4773, Gali 12, bhd Ganesh Temple, Patel Nagr, Devgarh Nagr - 970202",8,neighbour_says_shifted,339.0,0.0,0.0,0.0,6.0,1.0,1.0,0.0,73,Borrower has moved,Trace the new address,Neighbours or occupants confirmed borrower relocated; trace new address
AD002360,AC001829,residence,kyc_origination,2026-04-01,T2,"No. 410, Gali No. 12, Ward 3, Ambedkar Nagar, Devgarh Nagar - 970204",0,,0.0,,,,,,,,68,Valid and occupied,Visit,Unvisited address with complete description; schedule initial field visit
AD002361,AC001829,office,kyc_origination,2026-04-01,T2,"197/2, Annapoorna Nilaya, Gali No. 7, Ganesh Madnir ke paass, Shivaji Nagr, Devgarh Nagar - 970202",0,,0.0,,,,,,,,98,Valid and occupied,Visit,Unvisited address with complete description; schedule initial field visit
AD002362,AC001830,residence,kyc_origination,2026-04-01,T1,no. 393 park ke paas nehru colony kaveripura - 960102,7,locked_premises,130.0,1.0,3.0,2.0,0.0,0.0,0.0,1.0,53,Valid and occupied,Visit,Borrower confirmed at address on prior visit; schedule visit
AD002363,AC001831,residence,kyc_origination,2026-04-01,T3,"H.No. 351, F Block, 3rd Road, nr. Ganapathi Temple, Palm Meadows, Navanagara East - 980303",0,,0.0,,,,,,,,90,Valid and occupied,Visit,Unvisited address with complete description; schedule initial field visit
AD002364,AC001832,residence,kyc_origination,2026-04-01,T2,"297/3, GALI 9, WARD 4, MEDICAL STORE KE PASS, RAM NAGAR, DEVGARH NAGAR - 970203",0,,0.0,,,,,,,,79,Valid and occupied,Visit,Unvisited address with complete description; schedule initial field visit
AD002365,AC001833,residence,kyc_origination,2026-04-01,T3,"E Block, 4th Rd, nr. Government School, Teachers Colony, Navanagara East - 980302",0,,0.0,,,,,,,,81,Valid and occupied,Visit,Unvisited address with complete description; schedule initial field visit
AD002366,AC001833,office,kyc_origination,2026-04-01,T3,"Unity Nagar, Navanagara East - 980302",0,,0.0,,,,,,,,37,Valid and occupied,Visit,Unvisited address with complete description; schedule initial field visit
AD002367,AC001834,residence,kyc_origination,2026-04-01,T1,"456/2, 3rd Cross, 1st Main Rd, opp. Park, Vidya Nagar, Kaveripura - 960103",6,met_borrower,475.0,2.0,2.0,2.0,0.0,0.0,0.0,0.0,74,Valid and occupied,Visit,Borrower confirmed at address on prior visit; schedule visit
AD002368,AC001835,residence,kyc_origination,2026-04-01,T3,342/3 blk f rd 3 near mosque teachers col navanagara east - 980302,0,,0.0,,,,,,,,66,Valid and occupied,Visit,Unvisited address with complete description; schedule initial field visit
AD002369,AC001836,residence,kyc_origination,2026-04-01,T2,"House 256, Gali No. 9, Ward 5, Subhash Nagar, Devgarh Nagr - 970202",0,,0.0,,,,,,,,67,Valid and occupied,Visit,Unvisited address with complete description; schedule initial field visit
AD002370,AC001837,residence,kyc_origination,2026-04-01,T3,"NO. 240, BLK F, RD 6, BARAT GHAR KE PASS, RAILWAY COLONY, NAVANAGARA EAST - 980304",0,,0.0,,,,,,,,82,Valid and occupied,Visit,Unvisited address with complete description; schedule initial field visit
AD002371,AC001838,residence,kyc_origination,2026-04-01,T2,no. 446 gali no. 11 bhd post office indira colny devgarh nagar - 970201,0,,0.0,,,,,,,,71,Valid and occupied,Visit,Unvisited address with complete description; schedule initial field visit
AD002372,AC001839,residence,kyc_origination,2026-04-01,T3,"#156, Blk D, Rd 5, nr. Hanuman Temple, Palm Meadows, Navanagara Eat - 980302",1,locked_premises,168.0,0.0,0.0,1.0,0.0,0.0,0.0,0.0,76,"Valid, but borrower usually absent",Change the visit time,Premises locked or met family; shift visit to evening/weekend slot
AD002373,AC001840,residence,kyc_origination,2026-04-01,T2,#60 गली नं. 8 हनुमान मंदिर के पास subhash nagar devgarh nagar - 970203,0,,0.0,,,,,,,,70,Valid and occupied,Visit,Unvisited address with complete description; schedule initial field visit
AD002374,AC001841,residence,kyc_origination,2026-04-01,T1,h.no. 79 12th cross 6th main rd vidya ngr kaveripura - 960103,0,,0.0,,,,,,,,61,Valid and occupied,Visit,Unvisited address with complete description; schedule initial field visit
AD002375,AC001842,residence,kyc_origination,2026-04-01,T3,house 155 blk f rd 3 unity ngr navanagara east - 980302,0,,0.0,,,,,,,,55,Valid and occupied,Visit,Unvisited address with complete description; schedule initial field visit
AD002376,AC001843,residence,kyc_origination,2026-04-01,T1,near ganapathi temple ashoka layout kaveripura - 960104,0,,0.0,,,,,,,,55,Valid and occupied,Visit,Unvisited address with complete description; schedule initial field visit
AD002377,AC001844,residence,kyc_origination,2026-04-01,T3,109/3 e blk. 3rd rd paani ki tanki ke paas uinty nogar navanagara east - 980302,0,,0.0,,,,,,,,79,Valid and occupied,Visit,Unvisited address with complete description; schedule initial field visit
AD002378,AC001845,residence,kyc_origination,2026-04-01,T1,"Ganga Apartments, 4th Cross, 4th Main, ಅಂಚೆ ಕಚೇರಿ ಹಿಂದೆ, Vinayaka Nagr, Kaveripura - 960104",1,met_borrower,685.0,1.0,0.0,0.0,0.0,0.0,0.0,0.0,91,Valid and occupied,Visit,Borrower confirmed at address on prior visit; schedule visit
AD002379,AC001845,permanent_native,kyc_origination,2026-04-01,OUT,"Village Bilagi, Taluk B, District West - 992287",0,,0.0,,,,,,,,47,Valid and occupied,Visit,Unvisited address with complete description; schedule initial field visit
AD002380,AC001846,residence,kyc_origination,2026-04-01,T3,"BLK A, RD 2, PALM MEADOWS, NAVANAGARA EAST - 980302",7,met_borrower,577.0,1.0,0.0,3.0,0.0,0.0,3.0,0.0,51,Valid and occupied,Visit,Borrower confirmed at address on prior visit; schedule visit
AD002381,AC001847,residence,kyc_origination,2026-04-01,T2,"Gali 2, Park ke bagal mein, Indira Colony, Devgarh Nagar - 9702202",0,,0.0,,,,,,,,66,Valid and occupied,Visit,Unvisited address with complete description; schedule initial field visit
AD002382,AC001848,residence,kyc_origination,2026-04-01,T2,"गली नं. 2, राशन की दुकान के पास, Indira Colny, Devgarh Nagar - 970202",0,,0.0,,,,,,,,69,Valid and occupied,Visit,Unvisited address with complete description; schedule initial field visit
AD002383,AC001849,residence,kyc_origination,2026-04-01,T3,"H.No. 214, nr Water Tank, Orchid Enclave, Navanagara East - 980302",0,,0.0,,,,,,,,66,Valid and occupied,Visit,Unvisited address with complete description; schedule initial field visit
AD002384,AC001850,residence,kyc_origination,2026-04-01,T2,h.no. 191 gali no. 2 girja ghar ke saamne shastri ngr devgarh ngr - 970201,0,,0.0,,,,,,,,74,Valid and occupied,Visit,Unvisited address with complete description; schedule initial field visit
AD002385,AC001851,residence,kyc_origination,2026-04-01,T2,"GALI 6, CLOSE TO MEDICALS, SHASTRI NAGAR, DEVGARH NAGAR - 970201",0,,0.0,,,,,,,,64,Valid and occupied,Visit,Unvisited address with complete description; schedule initial field visit
AD002386,AC001851,permanent_native,kyc_origination,2026-04-01,OUT,"Village Devipur, Taluk A, District North - 996686",0,,0.0,,,,,,,,49,Valid and occupied,Visit,Unvisited address with complete description; schedule initial field visit
AD002387,AC001852,residence,kyc_origination,2026-04-01,T2,h.no. 12 gali no. 12 oppposite mosque subhash nagar devgarh nagar - 970201,1,neighbour_says_shifted,347.0,0.0,0.0,0.0,1.0,0.0,0.0,0.0,74,Borrower has moved,Trace the new address,Neighbours or occupants confirmed borrower relocated; trace new address
AD002388,AC001852,office,kyc_origination,2026-04-01,T2,gali no. 9 ward 2 bhd hanuman temple devgarh nagar - 970202,0,,0.0,,,,,,,,59,Valid and occupied,Visit,Unvisited address with complete description; schedule initial field visit
AD002389,AC001853,residence,kyc_origination,2026-04-01,T2,gali 14 ward 3 sarkari school ke paas devgarh nagar - 970204,0,,0.0,,,,,,,,60,Valid and occupied,Visit,Unvisited address with complete description; schedule initial field visit
AD002390,AC001853,permanent_native,kyc_origination,2026-04-01,OUT,"Village Hosahalli, Tehsil D, District East - 992473",0,,0.0,,,,,,,,51,Valid and occupied,Visit,Unvisited address with complete description; schedule initial field visit
AD002391,AC001854,residence,kyc_origination,2026-04-01,T3,h.no. 18 blk f rd 4 close to hanuman temple sunrise enclave navanagara east - 980304,0,,0.0,,,,,,,,84,Valid and occupied,Visit,Unvisited address with complete description; schedule initial field visit
AD002392,AC001855,residence,kyc_origination,2026-04-01,T1,"6th X, 3rd Mn, Anche Kacheri hattira, Vidya Nagr, Kaveripura - 960103",0,,0.0,,,,,,,,69,Valid and occupied,Visit,Unvisited address with complete description; schedule initial field visit
AD002393,AC001856,residence,kyc_origination,2026-04-01,T1,h.no. 413 9th cross 2nd mn ಬಸ್ ನಿಲ್ದಾಣ ಎದುರು gandhi nagar kaveripura - 960102,2,met_borrower,598.0,1.0,1.0,0.0,0.0,0.0,0.0,0.0,77,Valid and occupied,Visit,Borrower confirmed at address on prior visit; schedule visit
AD002394,AC001856,office,kyc_origination,2026-04-01,T1,93/2 3rd cr 2nd main nr. ganesh temple kalyana ngr kaveripura - 960104,0,,0.0,,,,,,,,70,Valid and occupied,Visit,Unvisited address with complete description; schedule initial field visit
AD002395,AC001857,residence,kyc_origination,2026-04-01,T3,"19/1, BLK C, RD 2, MASIDI HATTIRA, HMT COLONY, NAVANAGARA EAST",1,locked_premises,205.0,0.0,0.0,1.0,0.0,0.0,0.0,0.0,62,"Valid, but borrower usually absent",Change the visit time,Premises locked or met family; shift visit to evening/weekend slot
AD002396,AC001858,residence,kyc_origination,2026-04-01,T2,"near Ganapathi Temple, Krishna Puri, Devgarh Nagar",0,,0.0,,,,,,,,50,Valid and occupied,Visit,Unvisited address with complete description; schedule initial field visit
AD002397,AC001859,residence,kyc_origination,2026-04-01,T3,h.no. 56 nr. overhead tank green park layout navanagara east - 980301,1,address_not_traceable,115.0,0.0,0.0,0.0,0.0,0.0,1.0,0.0,69,Hard to find on the ground,Resolve the location (Problem Statement 3) before writing it off,Detailed address but agent could not locate pin (115s dwell); resolve geocode (PS3)
AD002398,AC001859,office,kyc_origination,2026-04-01,T3,"No. 377, Blk D, Rd 2, opp Government School, Teachers Colony, Navanagara East - 980302",1,met_borrower,1406.0,1.0,0.0,0.0,0.0,0.0,0.0,0.0,86,Valid and occupied,Visit,Borrower confirmed at address on prior visit; schedule visit
AD002399,AC001860,residence,kyc_origination,2026-04-01,T3,"E Block, 6th Rad, nr. Bus Stand, Unity Ngr, Navanagara East - 980302",0,,0.0,,,,,,,,68,Valid and occupied,Visit,Unvisited address with complete description; schedule initial field visit
AD002400,AC001861,residence,kyc_origination,2026-04-01,T3,"C Block, 1st Road, nr Kalyana Mantapa, Railway Colony, Navanagara East - 980301",2,address_not_traceable,103.0,0.0,0.0,0.0,0.0,0.0,2.0,0.0,79,Hard to find on the ground,Resolve the location (Problem Statement 3) before writing it off,Detailed address but agent could not locate pin (103s dwell); resolve geocode (PS3)
AD002401,AC001862,residence,kyc_origination,2026-04-01,T2,gali 1 nr bus stand shivaji nagar devgarh ngr - 970202,4,address_not_traceable,33.0,0.0,1.0,2.0,0.0,0.0,1.0,0.0,54,"Valid, but borrower usually absent",Change the visit time,Premises locked or met family; shift visit to evening/weekend slot
AD002402,AC001863,residence,kyc_origination,2026-04-01,T3,"H.NO. 69, GANAPATHI GUDI HINDE, UNITY NAGAR, NAVANAGARA EAST - 980301",7,address_not_traceable,59.0,1.0,1.0,1.0,0.0,0.0,4.0,0.0,69,Valid and occupied,Visit,Borrower confirmed at address on prior visit; schedule visit
AD002403,AC001864,residence,kyc_origination,2026-04-01,T1,"House 92, 5th Crs, 3rd Main Rd, nr. Govt School, Vidya Nagr, Kaveripura - 960103",1,met_borrower,525.0,1.0,0.0,0.0,0.0,0.0,0.0,0.0,80,Valid and occupied,Visit,Borrower confirmed at address on prior visit; schedule visit
AD002404,AC001865,residence,kyc_origination,2026-04-01,T1,"11th Crs, 6th Main, behind Bus Stand, Nehru Colony, Kaveripura - 960102",8,neighbour_says_shifted,136.0,0.0,0.0,4.0,3.0,0.0,1.0,0.0,71,"Valid, but borrower usually absent",Change the visit time,Premises locked or met family; shift visit to evening/weekend slot
AD002405,AC001866,residence,kyc_origination,2026-04-01,T3,"B Blk, 2nd Road, near Milk Booth, HMT Colony, Navanagara East - 980301",0,,0.0,,,,,,,,70,Valid and occupied,Visit,Unvisited address with complete description; schedule initial field visit
AD002406,AC001866,permanent_native,kyc_origination,2026-04-01,OUT,"Village Hosahalli, Tehsil C, District East - 991969",0,,0.0,,,,,,,,51,Valid and occupied,Visit,Unvisited address with complete description; schedule initial field visit
AD002407,AC001867,residence,kyc_origination,2026-04-01,T3,"Blk C, Rd 6, Lakeview Phase 2, Navanagara East - 980303",0,,0.0,,,,,,,,55,Valid and occupied,Visit,Unvisited address with complete description; schedule initial field visit
AD002408,AC001868,residence,kyc_origination,2026-04-01,T1,"#327, 5th Cross, 3rd Mn, bhd Petrol Bunk, Ashoka Layout, Kaveripura - 960104",0,,0.0,,,,,,,,76,Valid and occupied,Visit,Unvisited address with complete description; schedule initial field visit
AD002409,AC001868,permanent_native,kyc_origination,2026-04-01,OUT,"Village Bilagi, Taluk B, District North - 997794",0,,0.0,,,,,,,,48,Valid and occupied,Visit,Unvisited address with complete description; schedule initial field visit
AD002410,AC001869,residence,kyc_origination,2026-04-01,T3,"House 410, B Blk., 1st Road, close to Milk Booth, Teachers Collony, Navanagara East - 980302",0,,0.0,,,,,,,,92,Valid and occupied,Visit,Unvisited address with complete description; schedule initial field visit
AD002411,AC001869,office,kyc_origination,2026-04-01,T3,"No. 437, Teachers Col, Navanagara East - 980302",2,met_borrower,342.0,1.0,0.0,0.0,0.0,0.0,1.0,0.0,47,Valid and occupied,Visit,Borrower confirmed at address on prior visit; schedule visit
AD002412,AC001870,residence,kyc_origination,2026-04-01,T3,"36/2, Blk E, Rd 3, nr. Govt School, Silver Oak Lyt, Navanagara East - 980301",8,met_borrower,722.0,4.0,0.0,1.0,0.0,0.0,2.0,1.0,76,Valid and occupied,Visit,Borrower confirmed at address on prior visit; schedule visit
AD002413,AC001871,residence,kyc_origination,2026-04-01,T1,house 103 nr. bus stop nehru colony kaveripura - 960102,5,locked_premises,129.0,0.0,3.0,2.0,0.0,0.0,0.0,0.0,55,"Valid, but borrower usually absent",Change the visit time,Premises locked or met family; shift visit to evening/weekend slot
AD002414,AC001872,residence,kyc_origination,2026-04-01,T1,"H.NO. 399, GANGA APARTMENTS, 12TH CRS, 4TH MAIN, NEHRU COLONY, KAVERIPURA - 960102",8,met_family,414.0,0.0,3.0,4.0,0.0,0.0,1.0,0.0,82,"Valid, but borrower usually absent",Change the visit time,Premises locked or met family; shift visit to evening/weekend slot
AD002415,AC001873,residence,kyc_origination,2026-04-01,T3,"Blk E, Rd 5, nr Govt School, Silver Oak Layout, Navanagara East - 980301",4,met_family,330.0,2.0,2.0,0.0,0.0,0.0,0.0,0.0,72,Valid and occupied,Visit,Borrower confirmed at address on prior visit; schedule visit
AD002416,AC001873,office,kyc_origination,2026-04-01,T3,"359/1, C Blk., 4th Road, beside Ganesh Temple, Orchid Enclave, Navanagara East - 980301",2,met_borrower,860.0,1.0,1.0,0.0,0.0,0.0,0.0,0.0,87,Valid and occupied,Visit,Borrower confirmed at address on prior visit; schedule visit
AD002417,AC001874,residence,kyc_origination,2026-04-01,T1,"H.No. 354, 3rd Cross, 4th Main Rd, nr. Medical Store, Hosa Badavane, Kaveripura - 960101",0,,0.0,,,,,,,,88,Valid and occupied,Visit,Unvisited address with complete description; schedule initial field visit
AD002418,AC001874,office,kyc_origination,2026-04-01,T1,"No. 268, Sai Residency, 1st Cross, 6th Main, close to Ration Shop, Kaveripura - 960102",0,,0.0,,,,,,,,86,Valid and occupied,Visit,Unvisited address with complete description; schedule initial field visit
AD002419,AC001875,residence,kyc_origination,2026-04-01,T1,house 453 5th cross 5th main rd behind hanuman temple nehru colony kaveripura - 960104,3,locked_premises,195.0,0.0,2.0,1.0,0.0,0.0,0.0,0.0,86,"Valid, but borrower usually absent",Change the visit time,Premises locked or met family; shift visit to evening/weekend slot
AD002420,AC001875,permanent_native,kyc_origination,2026-04-01,OUT,"Village Hosahalli, Taluk A, District North - 996244",0,,0.0,,,,,,,,51,Valid and occupied,Visit,Unvisited address with complete description; schedule initial field visit
AD002421,AC001876,residence,kyc_origination,2026-04-01,T2,no. 306 shivaji nagr devgarh nagr - 970203,0,,0.0,,,,,,,,42,Valid and occupied,Visit,Unvisited address with complete description; schedule initial field visit
AD002422,AC001877,residence,kyc_origination,2026-04-01,T3,a blk. 4th rd. bhd pds shop unity nagar navanagara east - 980302,0,,0.0,,,,,,,,64,Valid and occupied,Visit,Unvisited address with complete description; schedule initial field visit
AD002423,AC001878,residence,kyc_origination,2026-04-01,T3,"A Block, 4th Road, Jama Masjid ke paas, Railway Colony, Navanagara East - 980304",1,met_family,494.0,0.0,1.0,0.0,0.0,0.0,0.0,0.0,80,"Valid, but borrower usually absent",Change the visit time,Premises locked or met family; shift visit to evening/weekend slot
AD002424,AC001879,residence,kyc_origination,2026-04-01,T3,e block 4th rd. orchid enclave navanagara east - 980301,2,met_borrower,971.0,1.0,0.0,0.0,0.0,0.0,0.0,1.0,55,Valid and occupied,Visit,Borrower confirmed at address on prior visit; schedule visit
AD002425,AC001880,residence,kyc_origination,2026-04-01,T3,"154/1, Blk D, Rd 5, ಕಲ್ಯಾಣ ಮಂಟಪ ಹತ್ತಿರ, Green Park Layout, Navanagara Esat - 980301",0,,0.0,,,,,,,,83,Valid and occupied,Visit,Unvisited address with complete description; schedule initial field visit
AD002426,AC001880,permanent_native,kyc_origination,2026-04-01,OUT,"Village Sundarpur, Taluk B, District West - 997028",0,,0.0,,,,,,,,50,Valid and occupied,Visit,Unvisited address with complete description; schedule initial field visit
AD002427,AC001881,residence,kyc_origination,2026-04-01,T3,"No. 86, Om Sai Complex, Blk E, Rd 3, opp. Government School, Orchid Enclave, Navanagara East - 980301",0,,0.0,,,,,,,,101,Valid and occupied,Visit,Unvisited address with complete description; schedule initial field visit
AD002428,AC001882,residence,kyc_origination,2026-04-01,T2,house 358 near bus stop indira colony devgarh nagar - 970202,0,,0.0,,,,,,,,60,Valid and occupied,Visit,Unvisited address with complete description; schedule initial field visit
AD002429,AC001883,residence,kyc_origination,2026-04-01,T1,shanti kunj 4th cr 3rd mn anche kacheri hattira vidya nagar kaveripura - 960101,0,,0.0,,,,,,,,79,Valid and occupied,Visit,Unvisited address with complete description; schedule initial field visit
AD002430,AC001883,office,kyc_origination,2026-04-01,T1,"House 45, Annapoorna Nilaya, 8th Cross, 2nd Mn, nr Children Park, Nehru Colony, Kaveripura - 960102",0,,0.0,,,,,,,,99,Valid and occupied,Visit,Unvisited address with complete description; schedule initial field visit
AD002431,AC001884,residence,kyc_origination,2026-04-01,T2,"गली नं. 9, Ward 10, Krishna Puri, Devgarh Nagar - 970202",1,neighbour_says_shifted,157.0,0.0,0.0,0.0,1.0,0.0,0.0,0.0,56,Borrower has moved,Trace the new address,Neighbours or occupants confirmed borrower relocated; trace new address
AD002432,AC001884,office,kyc_origination,2026-04-01,T2,"#285, Gali no-3, Ward 8, Azad Mohalla, Devgarh Ngr - 970203",0,,0.0,,,,,,,,59,Valid and occupied,Visit,Unvisited address with complete description; schedule initial field visit
AD002433,AC001885,residence,kyc_origination,2026-04-01,T2,"#431, Gali 12, Ward 1, nr. Medicals, Shivaji Ngr, Devgarh Ngr - 970202",0,,0.0,,,,,,,,70,Valid and occupied,Visit,Unvisited address with complete description; schedule initial field visit
AD002434,AC001886,residence,kyc_origination,2026-04-01,T1,house 441 5th cross 4th main vinayeka nagr kaveripura - 960104,0,,0.0,,,,,,,,62,Valid and occupied,Visit,Unvisited address with complete description; schedule initial field visit
AD002435,AC001886,office,kyc_origination,2026-04-01,T1,2nd cross 7th main rd close to hanuman temple siddeshwara colony kaveripura - 960102,0,,0.0,,,,,,,,84,Valid and occupied,Visit,Unvisited address with complete description; schedule initial field visit
AD002436,AC001887,residence,kyc_origination,2026-04-01,T2,"394/2, Gali No. 6, Ward 8, near Cimmunity Hall, Azad Mohalla, Devgarh Nagar - 970203",0,,0.0,,,,,,,,84,Valid and occupied,Visit,Unvisited address with complete description; schedule initial field visit
AD002437,AC001887,office,kyc_origination,2026-04-01,T2,"#57, Gali No. 6, Ward 11, close to Church, Patel Nagar, Devgarh Nagar - 970202",0,,0.0,,,,,,,,78,Valid and occupied,Visit,Unvisited address with complete description; schedule initial field visit
AD002438,AC001888,residence,kyc_origination,2026-04-01,T1,"opp. PDS Shop, Vidya Nagar, Kaveripura - 960103",0,,0.0,,,,,,,,47,Valid and occupied,Visit,Unvisited address with complete description; schedule initial field visit
AD002439,AC001889,residence,kyc_origination,2026-04-01,T1,"HOUSE 256, 4TH CR, 8TH MN, RATION ANGADI HINDE, VIDYA NGR, KAVERIPURA - 960103",0,,0.0,,,,,,,,78,Valid and occupied,Visit,Unvisited address with complete description; schedule initial field visit
AD002440,AC001890,residence,kyc_origination,2026-04-01,T2,"H.No. 249, Sri Krishna Nivas, Gali No. 11, Ration ki Dukaan ke paas, Devgarh Nagr - 970202",5,address_not_traceable,50.0,1.0,2.0,0.0,0.0,0.0,2.0,0.0,90,Valid and occupied,Visit,Borrower confirmed at address on prior visit; schedule visit
AD002441,AC001890,office,kyc_origination,2026-04-01,T2,"320/2, Gali 6, nr Milk Booth, Shastri Ngr, Devgarh Nagar - 970201",1,met_borrower,1020.0,1.0,0.0,0.0,0.0,0.0,0.0,0.0,65,Valid and occupied,Visit,Borrower confirmed at address on prior visit; schedule visit
AD002442,AC001891,residence,kyc_origination,2026-04-01,T1,h.no. 292 3rd cross 3rd main vinayaka nagar kaveripura - 960104,0,,0.0,,,,,,,,63,Valid and occupied,Visit,Unvisited address with complete description; schedule initial field visit
AD002443,AC001891,permanent_native,kyc_origination,2026-04-01,OUT,"Village Bilagi, Tehsil C, District East - 991588",0,,0.0,,,,,,,,48,Valid and occupied,Visit,Unvisited address with complete description; schedule initial field visit
AD002444,AC001892,residence,kyc_origination,2026-04-01,T1,no. 350 green view apts kalyana mantapa eduru vinayaka ngr kaveripura - 960104,4,no_such_person,127.0,0.0,0.0,0.0,0.0,2.0,2.0,0.0,78,Borrower has moved,Trace the new address,Neighbours or occupants confirmed borrower relocated; trace new address
AD002445,AC001893,residence,kyc_origination,2026-04-01,T3,"F BLOCK, 3RD RD., TEACHERS COLNY, NAVANAARA EAST - 980302",4,no_such_person,137.0,0.0,0.0,0.0,0.0,1.0,3.0,0.0,57,Borrower has moved,Trace the new address,Neighbours or occupants confirmed borrower relocated; trace new address
AD002446,AC001893,permanent_native,kyc_origination,2026-04-01,OUT,"Village Chikkapura, Tehsil D, District East - 998266",0,,0.0,,,,,,,,52,Valid and occupied,Visit,Unvisited address with complete description; schedule initial field visit
AD002447,AC001894,residence,kyc_origination,2026-04-01,T3,blk e rd 2 teachers col navanagara east - 980302,0,,0.0,,,,,,,,48,Valid and occupied,Visit,Unvisited address with complete description; schedule initial field visit
AD002448,AC001894,office,kyc_origination,2026-04-01,T3,house 266 e blk 2nd road lakeview phase 2 navanagara east - 980303,1,locked_premises,166.0,0.0,0.0,1.0,0.0,0.0,0.0,0.0,66,"Valid, but borrower usually absent",Change the visit time,Premises locked or met family; shift visit to evening/weekend slot
AD002449,AC001895,residence,kyc_origination,2026-04-01,T2,"House 256, Gali no-2, close to Community Hall, Ram Nagar, Devgarh Nagar - 970203",0,,0.0,,,,,,,,80,Valid and occupied,Visit,Unvisited address with complete description; schedule initial field visit
AD002450,AC001895,office,kyc_origination,2026-04-01,T2,no. 222 gali no-2 पार्क के पास indira colony devgarh nagar - 90202,0,,0.0,,,,,,,,66,Valid and occupied,Visit,Unvisited address with complete description; schedule initial field visit
AD002451,AC001896,residence,kyc_origination,2026-04-01,T1,h.no. 269 12th cross 4th main ashoka layout kaveripura - 960104,0,,0.0,,,,,,,,63,Valid and occupied,Visit,Unvisited address with complete description; schedule initial field visit
AD002452,AC001896,office,kyc_origination,2026-04-01,T1,3rd cross 1st main basava ngr kaveripura - 960101,0,,0.0,,,,,,,,49,Valid and occupied,Visit,Unvisited address with complete description; schedule initial field visit
AD002453,AC001897,residence,kyc_origination,2026-04-01,T2,"No. 350, Gali no-8, Ward 11, Patel Nagr, Devgarh Nagar - 970202",1,met_borrower,1222.0,1.0,0.0,0.0,0.0,0.0,0.0,0.0,63,Valid and occupied,Visit,Borrower confirmed at address on prior visit; schedule visit
AD002454,AC001898,residence,kyc_origination,2026-04-01,T3,"Blk C, Rd 2, Community Hll ke pass, Railway Colny, Navanagara East - 980304",0,,0.0,,,,,,,,75,Valid and occupied,Visit,Unvisited address with complete description; schedule initial field visit
AD002455,AC001898,permanent_native,kyc_origination,2026-04-01,OUT,"Village Hosahalli, Taluk B, District North - 995268",0,,0.0,,,,,,,,51,Valid and occupied,Visit,Unvisited address with complete description; schedule initial field visit
AD002456,AC001899,residence,kyc_origination,2026-04-01,T1,"3rd Cross, 7th Main, near Hanuman Temple, Siddeshwara Colony, Kaveripura - 960102",0,,0.0,,,,,,,,81,Valid and occupied,Visit,Unvisited address with complete description; schedule initial field visit
AD002457,AC001900,residence,kyc_origination,2026-04-01,T1,"#340, 10th Cross, 2nd Main, opp Ganapathi Temple, Nehru Colny, Kaveripura - 960101",8,locked_premises,92.0,1.0,0.0,2.0,0.0,0.0,5.0,0.0,82,Valid and occupied,Visit,Borrower confirmed at address on prior visit; schedule visit
AD002458,AC001901,residence,kyc_origination,2026-04-01,T2,"Gali No. 4, next to Hanuman Temple, Shivaji Nagar, Devgarh Nagar - 970202",5,address_not_traceable,88.0,2.0,1.0,0.0,0.0,0.0,2.0,0.0,73,Valid and occupied,Visit,Borrower confirmed at address on prior visit; schedule visit
AD002459,AC001902,residence,kyc_origination,2026-04-01,T2,"House 167, Gali 5, near Medical Store, Patel Nagar, Devgarh Nagar - 970202",4,met_family,394.0,0.0,2.0,1.0,0.0,0.0,1.0,0.0,74,"Valid, but borrower usually absent",Change the visit time,Premises locked or met family; shift visit to evening/weekend slot
AD002460,AC001902,permanent_native,kyc_origination,2026-04-01,OUT,"Village Devipur, Taluk A, District West - 993334",0,,0.0,,,,,,,,48,Valid and occupied,Visit,Unvisited address with complete description; schedule initial field visit
AD002461,AC001903,residence,kyc_origination,2026-04-01,T1,"3rd Cross, 2nd Main, near Mosque, Kaveripura - 960102",3,met_family,460.0,0.0,1.0,0.0,0.0,0.0,2.0,0.0,53,"Valid, but borrower usually absent",Change the visit time,Premises locked or met family; shift visit to evening/weekend slot
AD002462,AC001904,residence,kyc_origination,2026-04-01,T1,"#377, b/h Mosque, Nehru Colny, Kaveripura - 960102",2,met_family,273.0,0.0,1.0,0.0,0.0,0.0,1.0,0.0,50,"Valid, but borrower usually absent",Change the visit time,Premises locked or met family; shift visit to evening/weekend slot
AD002463,AC001905,residence,kyc_origination,2026-04-01,T2,gali no. 1 bus stop ke paas shivaji nagar devgarh nagr - 970202,0,,0.0,,,,,,,,63,Valid and occupied,Visit,Unvisited address with complete description; schedule initial field visit
AD002464,AC001906,residence,kyc_origination,2026-04-01,T2,"Gali 2, near Kalyana Mantapa, Nehru Colny, Devgarh Nagar - 970202",0,,0.0,,,,,,,,65,Valid and occupied,Visit,Unvisited address with complete description; schedule initial field visit
AD002465,AC001906,office,kyc_origination,2026-04-01,T2,"No. 443, Gali no-1, Devgarh Nagr - 970203",0,,0.0,,,,,,,,41,Valid and occupied,Visit,Unvisited address with complete description; schedule initial field visit
AD002466,AC001907,residence,kyc_origination,2026-04-01,T2,"185/2, Green View Aptss, Gali no-5, nr Medical Store, Patel Ngr, Devgarh Nagar - 970202",9,locked_premises,213.0,4.0,1.0,4.0,0.0,0.0,0.0,0.0,87,Valid and occupied,Visit,Borrower confirmed at address on prior visit; schedule visit
AD002467,AC001908,residence,kyc_origination,2026-04-01,T3,blk d rd 1 ಹಾಲಿನ ಡೈರಿ ಹತ್ತಿರ palm meadows navanagara east - 980302,1,met_family,530.0,0.0,1.0,0.0,0.0,0.0,0.0,0.0,66,"Valid, but borrower usually absent",Change the visit time,Premises locked or met family; shift visit to evening/weekend slot
AD002468,AC001909,residence,kyc_origination,2026-04-01,T1,#365 11th cross 3rd main rd vinayaka nagar kaveripura - 960104,5,locked_premises,86.0,0.0,1.0,1.0,2.0,1.0,0.0,0.0,62,"Valid, but borrower usually absent",Change the visit time,Premises locked or met family; shift visit to evening/weekend slot
AD002469,AC001910,residence,kyc_origination,2026-04-01,T3,224/3 b blk. 4th rd near water tank sunrise enclave navanagara east - 980304,0,,0.0,,,,,,,,76,Valid and occupied,Visit,Unvisited address with complete description; schedule initial field visit
AD002470,AC001911,residence,kyc_origination,2026-04-01,T2,"Gali 3, close to Ration Shop, Krishna Puri, Devgarh Ngr - 970202",0,,0.0,,,,,,,,64,Valid and occupied,Visit,Unvisited address with complete description; schedule initial field visit
AD002471,AC001912,residence,kyc_origination,2026-04-01,T3,"House 91, Blk B, Rd 1, Palm Meadows, Navanagara East - 980302",8,locked_premises,186.0,0.0,0.0,1.0,3.0,0.0,4.0,0.0,61,"Valid, but borrower usually absent",Change the visit time,Premises locked or met family; shift visit to evening/weekend slot
AD002472,AC001913,residence,kyc_origination,2026-04-01,T3,"F Block, 4th Road, Green Park Lyt, Navanagara East - 980301",0,,0.0,,,,,,,,59,Valid and occupied,Visit,Unvisited address with complete description; schedule initial field visit
AD002473,AC001914,residence,kyc_origination,2026-04-01,T2,#407 gali 12 ward 11 बारात घर के पास patel nagar devgarh ngr - 970202,0,,0.0,,,,,,,,69,Valid and occupied,Visit,Unvisited address with complete description; schedule initial field visit
AD002474,AC001915,residence,kyc_origination,2026-04-01,T2,"Gali No. 11, opp. Water Tank, Nehru Colony, Devgarh Nagar",1,met_borrower,663.0,1.0,0.0,0.0,0.0,0.0,0.0,0.0,57,Valid and occupied,Visit,Borrower confirmed at address on prior visit; schedule visit
AD002475,AC001916,residence,kyc_origination,2026-04-01,T2,209/3 bhd mosque gandhi bastii devgarh nagar - 970201,0,,0.0,,,,,,,,53,Valid and occupied,Visit,Unvisited address with complete description; schedule initial field visit
AD002476,AC001916,office,kyc_origination,2026-04-01,T2,#381 gali no. 5 nr. bus stand gandhi basti devgarh nagar - 970203,0,,0.0,,,,,,,,65,Valid and occupied,Visit,Unvisited address with complete description; schedule initial field visit
AD002477,AC001917,residence,kyc_origination,2026-04-01,T3,blk a rd 6 railway colony navanagara east - 980304,0,,0.0,,,,,,,,50,Valid and occupied,Visit,Unvisited address with complete description; schedule initial field visit
AD002478,AC001917,office,kyc_origination,2026-04-01,T3,h.no. 66 blk e rd 1 post office edhuru hmt colony navanagara east - 980301,0,,0.0,,,,,,,,74,Valid and occupied,Visit,Unvisited address with complete description; schedule initial field visit
AD002479,AC001918,residence,kyc_origination,2026-04-01,T1,"7th Cross, 5th Main Rd, close to Medical Store, Nehru Colony, Kaveripura - 960102",1,cash_collected,931.0,0.0,0.0,0.0,0.0,0.0,0.0,1.0,81,Valid and occupied,Visit,Borrower confirmed at address on prior visit; schedule visit
AD002480,AC001919,residence,kyc_origination,2026-04-01,T2,"H.No. 183, Gali No. 6, Ward 11, Church ke paas, Patel Ngr, Devgarh Ngr - 970202",1,locked_premises,97.0,0.0,0.0,1.0,0.0,0.0,0.0,0.0,79,"Valid, but borrower usually absent",Change the visit time,Premises locked or met family; shift visit to evening/weekend slot
AD002481,AC001920,residence,kyc_origination,2026-04-01,T3,"H.No. 220, Blk C, Rd 4, Teachers Colony, Navanagara East - 980302",1,locked_premises,140.0,0.0,0.0,1.0,0.0,0.0,0.0,0.0,65,"Valid, but borrower usually absent",Change the visit time,Premises locked or met family; shift visit to evening/weekend slot
AD002482,AC001920,office,kyc_origination,2026-04-01,T3,"nr Children Park, Navanagara East",1,address_not_traceable,103.0,0.0,0.0,0.0,0.0,0.0,1.0,0.0,33,Hard to find on the ground,Resolve the location (Problem Statement 3) before writing it off,Detailed address but agent could not locate pin (103s dwell); resolve geocode (PS3)
AD002483,AC001921,residence,kyc_origination,2026-04-01,T2,"#440, बारात घर के पीछे, Shivaji Ngr, Devgarh Nagar - 970202",6,neighbour_says_shifted,266.0,0.0,0.0,1.0,3.0,2.0,0.0,0.0,59,"Valid, but borrower usually absent",Change the visit time,Premises locked or met family; shift visit to evening/weekend slot
AD002484,AC001922,residence,kyc_origination,2026-04-01,T1,"H.No. 384, 9th Cross, 3rd Main, Ganapathi Gudi hattira, Nehru Colony, Kaveripura - 960102",0,,0.0,,,,,,,,89,Valid and occupied,Visit,Unvisited address with complete description; schedule initial field visit
AD002485,AC001923,residence,kyc_origination,2026-04-01,T3,"BLK E, RD 3, NEAR PETROL PUMP, NAVANAGARA EAST - 980301",6,met_borrower,359.0,3.0,0.0,1.0,0.0,0.0,2.0,0.0,55,Valid and occupied,Visit,Borrower confirmed at address on prior visit; schedule visit
AD002486,AC001924,residence,kyc_origination,2026-04-01,T3,house 18 palm meadows navanagara eost - 9803302,0,,0.0,,,,,,,,47,Valid and occupied,Visit,Unvisited address with complete description; schedule initial field visit
AD002487,AC001925,residence,kyc_origination,2026-04-01,T2,"Gali No. 9, Ward 8, Azad Mohalla, Devgarh Nagar - 970203",1,locked_premises,124.0,0.0,0.0,1.0,0.0,0.0,0.0,0.0,56,"Valid, but borrower usually absent",Change the visit time,Premises locked or met family; shift visit to evening/weekend slot
AD002488,AC001925,office,kyc_origination,2026-04-01,T2,"H.No. 1744, Gali 2, Ward 2, Indira Colny, Devgarh Nagar - 970202",2,met_borrower,1107.0,2.0,0.0,0.0,0.0,0.0,0.0,0.0,64,Valid and occupied,Visit,Borrower confirmed at address on prior visit; schedule visit
AD002489,AC001926,residence,kyc_origination,2026-04-01,T2,"Gali 8, दूध डेयरी के पास, Shastri Nagar, Devgarh Nagar - 970201",6,no_such_person,229.0,0.0,0.0,1.0,2.0,1.0,2.0,0.0,63,"Valid, but borrower usually absent",Change the visit time,Premises locked or met family; shift visit to evening/weekend slot
AD002490,AC001927,residence,kyc_origination,2026-04-01,T1,#371 hosa badavane kaveripura - 960101,4,met_borrower,516.0,2.0,1.0,1.0,0.0,0.0,0.0,0.0,38,Valid and occupied,Visit,Borrower confirmed at address on prior visit; schedule visit
AD002491,AC001927,office,kyc_origination,2026-04-01,T1,#263 11th cross 1st main ಕಲ್ಯಾಣ ಮಂಟಪ ಹಿಂದೆ anjaneya badavane kaveripura - 960103,0,,0.0,,,,,,,,80,Valid and occupied,Visit,Unvisited address with complete description; schedule initial field visit
AD002492,AC001928,residence,kyc_origination,2026-04-01,T2,"Shastri Nagar, Devgarh Nagar",1,met_borrower,1151.0,1.0,0.0,0.0,0.0,0.0,0.0,0.0,28,Valid and occupied,Visit,Borrower confirmed at address on prior visit; schedule visit
AD002493,AC001929,residence,kyc_origination,2026-04-01,T3,"H.No. 64, Blk F, Rd 4, close to Government School, Silver Oak Layout, Navanagara East - 9880301",0,,0.0,,,,,,,,95,Valid and occupied,Visit,Unvisited address with complete description; schedule initial field visit
AD002494,AC001930,residence,kyc_origination,2026-04-01,T1,"11th Cross, 3rd Main Rd, Bus Stop ke peeche, Hosa Badavane, Kaveripura - 960101",4,locked_premises,96.0,0.0,1.0,3.0,0.0,0.0,0.0,0.0,79,"Valid, but borrower usually absent",Change the visit time,Premises locked or met family; shift visit to evening/weekend slot
AD002495,AC001931,residence,kyc_origination,2026-04-01,T1,"#1, 7th Crs, 3rd Main, Kaveripura - 960101",0,,0.0,,,,,,,,42,Valid and occupied,Visit,Unvisited address with complete description; schedule initial field visit
AD002496,AC001931,office,kyc_origination,2026-04-01,T1,"479/2, 6th Cr, 5th Main, near Government School, Basava Nagar, Kaveripura",0,,0.0,,,,,,,,73,Valid and occupied,Visit,Unvisited address with complete description; schedule initial field visit
AD002497,AC001932,residence,kyc_origination,2026-04-01,T3,"BLK C, RD 5, NEAR MILK BOOTH, HMT COLONY, NAVANAGARA EAST - 980301",0,,0.0,,,,,,,,66,Valid and occupied,Visit,Unvisited address with complete description; schedule initial field visit
AD002498,AC001932,office,kyc_origination,2026-04-01,T3,"HNO. 263, C BLK., 5TH ROAD, UNITY NAGAR, NAVANAGARA EAST - 980304",0,,0.0,,,,,,,,65,Valid and occupied,Visit,Unvisited address with complete description; schedule initial field visit
AD002499,AC001933,residence,kyc_origination,2026-04-01,T2,"NO. 440, गली नं. 7, WADR 8, सरकारी स्कूल के पास, AZAD MOHALLA, DEVGARH NAGAR - 970203",5,locked_premises,126.0,2.0,0.0,3.0,0.0,0.0,0.0,0.0,85,Valid and occupied,Visit,Borrower confirmed at address on prior visit; schedule visit
AD002500,AC001934,residence,kyc_origination,2026-04-01,T3,"H.No. 34, Blk F, Rd 3, Church eduru, Royal Gardens, Navanagara East - 980303",0,,0.0,,,,,,,,76,Valid and occupied,Visit,Unvisited address with complete description; schedule initial field visit
AD002501,AC001935,residence,kyc_origination,2026-04-01,T2,"No. 349, near Petrol Pump, Azad Mohalla, Devgarh Nagar - 970203",1,met_family,418.0,0.0,1.0,0.0,0.0,0.0,0.0,0.0,63,"Valid, but borrower usually absent",Change the visit time,Premises locked or met family; shift visit to evening/weekend slot
AD002502,AC001936,residence,kyc_origination,2026-04-01,T1,"#25,4 1ST CROSS, 6TH MAIN, NR KALYANA MANTAPA, GANDHI NAGR, KAVERIPURA - 960102",1,met_family,286.0,0.0,1.0,0.0,0.0,0.0,0.0,0.0,79,"Valid, but borrower usually absent",Change the visit time,Premises locked or met family; shift visit to evening/weekend slot
AD002503,AC001936,permanent_native,kyc_origination,2026-04-01,OUT,"Village Devipur, Tehsil D, District North - 996737",0,,0.0,,,,,,,,50,Valid and occupied,Visit,Unvisited address with complete description; schedule initial field visit
AD002504,AC001937,residence,kyc_origination,2026-04-01,T3,c block 5th roaad close to kalyana mantapa railway colony navanagara east - 980340,7,met_borrower,1313.0,2.0,2.0,1.0,0.0,0.0,2.0,0.0,82,Valid and occupied,Visit,Borrower confirmed at address on prior visit; schedule visit
AD002505,AC001938,residence,kyc_origination,2026-04-01,T1,"70/2, 2nd Cross, 7th Mn, nr Hanuman Temple, Nehru Col, Kaveripura - 960102",2,cash_collected,585.0,0.0,1.0,0.0,0.0,0.0,0.0,1.0,74,Valid and occupied,Visit,Borrower confirmed at address on prior visit; schedule visit
AD002506,AC001939,residence,kyc_origination,2026-04-01,T3,"#338, SARKARI SHAALE EDHURU, TEACHERS COLONY, NAVANAGARA EAST - 980302",2,met_borrower,522.0,1.0,0.0,0.0,0.0,0.0,1.0,0.0,70,Valid and occupied,Visit,Borrower confirmed at address on prior visit; schedule visit
AD002507,AC001939,permanent_native,kyc_origination,2026-04-01,OUT,"Village Kodihalli, Tehsil D, District South - 996459",0,,0.0,,,,,,,,52,Valid and occupied,Visit,Unvisited address with complete description; schedule initial field visit
AD002508,AC001940,residence,kyc_origination,2026-04-01,T1,"#126, 8th Cross, 3rd Main, Anjaneya Badavane, Kaveripura - 960101",0,,0.0,,,,,,,,65,Valid and occupied,Visit,Unvisited address with complete description; schedule initial field visit
AD002509,AC001941,residence,kyc_origination,2026-04-01,T3,"No. 461, Om Sai Complex, Blk C, Rd 2, near Mosque, Silver Oak Lyt, Navanagara East - 980301",8,met_borrower,1317.0,1.0,5.0,1.0,0.0,0.0,1.0,0.0,91,Valid and occupied,Visit,Borrower confirmed at address on prior visit; schedule visit
AD002510,AC001942,residence,kyc_origination,2026-04-01,T1,"11th Cross, 6th Main, nr Petrol Pump, Kalyana Nagar, Kaveripura - 960104",4,address_not_traceable,56.0,0.0,1.0,0.0,0.0,0.0,3.0,0.0,72,Hard to find on the ground,Resolve the location (Problem Statement 3) before writing it off,Detailed address but agent could not locate pin (56s dwell); resolve geocode (PS3)
AD002511,AC001943,residence,kyc_origination,2026-04-01,T3,"H.No. 201, Om Sai Complex, D Block, 5th Road, bhd Bus Stand, Navanagara East - 980302",1,locked_premises,112.0,0.0,0.0,1.0,0.0,0.0,0.0,0.0,85,"Valid, but borrower usually absent",Change the visit time,Premises locked or met family; shift visit to evening/weekend slot
AD002512,AC001943,office,kyc_origination,2026-04-01,T3,h.no. 153 close to hanuman temple lakeview phase 2 navanagara east - 980303,0,,0.0,,,,,,,,75,Valid and occupied,Visit,Unvisited address with complete description; schedule initial field visit
AD002513,AC001944,residence,kyc_origination,2026-04-01,T3,"Blk E, Rd 3, near Government School, HMT Colony, Navanagara East - 980301",3,locked_premises,218.0,0.0,0.0,1.0,1.0,0.0,1.0,0.0,73,"Valid, but borrower usually absent",Change the visit time,Premises locked or met family; shift visit to evening/weekend slot
AD002514,AC001945,residence,kyc_origination,2026-04-01,T1,"#7, 3RD CROSS, 4TH MAIN RD, NR KALYANA MANTAPA, KAVERIPURA - 960102",3,met_borrower,1176.0,2.0,0.0,1.0,0.0,0.0,0.0,0.0,67,Valid and occupied,Visit,Borrower confirmed at address on prior visit; schedule visit
AD002515,AC001945,office,kyc_origination,2026-04-01,T1,"#141, SAI RESIDENCY, NR GOVERNMENT SCHOOL, SIDDESHWARA COLONY, KAVERIPURA - 960102",2,met_borrower,1086.0,1.0,0.0,1.0,0.0,0.0,0.0,0.0,82,Valid and occupied,Visit,Borrower confirmed at address on prior visit; schedule visit
AD002516,AC001946,residence,kyc_origination,2026-04-01,T2,"Gali No. 5, close to Community Hall, Azad Mohalla, Devgarh Ngr - 970203",0,,0.0,,,,,,,,71,Valid and occupied,Visit,Unvisited address with complete description; schedule initial field visit
AD002517,AC001946,office,kyc_origination,2026-04-01,T2,"No. 49, Sri Krishna Nivas, Gali no-1, Ward 7, Masjid ke paas, Gandhi Basti, Devgarh Nagar - 970203",0,,0.0,,,,,,,,98,Valid and occupied,Visit,Unvisited address with complete description; schedule initial field visit
AD002518,AC001947,residence,kyc_origination,2026-04-01,T3,no. 147 b block 6th road close to government school orchid enclave navanagara east - 980301,1,address_not_traceable,45.0,0.0,0.0,0.0,0.0,0.0,1.0,0.0,91,Hard to find on the ground,Resolve the location (Problem Statement 3) before writing it off,Detailed address but agent could not locate pin (45s dwell); resolve geocode (PS3)
AD002519,AC001947,office,kyc_origination,2026-04-01,T3,house 9 blk c rd 4 close to water tank sunrise enclave navanagara east - 980304,1,locked_premises,150.0,0.0,0.0,1.0,0.0,0.0,0.0,0.0,79,"Valid, but borrower usually absent",Change the visit time,Premises locked or met family; shift visit to evening/weekend slot
AD002520,AC001948,residence,kyc_origination,2026-04-01,T3,"Blk D, Rd 4, nr. Ration Shop, Teachers Colony, Navanagara East - 980302",2,met_borrower,553.0,2.0,0.0,0.0,0.0,0.0,0.0,0.0,71,Valid and occupied,Visit,Borrower confirmed at address on prior visit; schedule visit
AD002521,AC001949,residence,kyc_origination,2026-04-01,T2,"No. 469, गली नं. 2, Ward 11, चर्च के पास, Patel Nagr, Devgarh Nagar - 970202",5,met_family,322.0,0.0,4.0,1.0,0.0,0.0,0.0,0.0,76,"Valid, but borrower usually absent",Change the visit time,Premises locked or met family; shift visit to evening/weekend slot
AD002522,AC001950,residence,kyc_origination,2026-04-01,T3,"H.NO. 344, F BLOCK, 4TH RD, NEAR GOVERNMENT SCHOOL, SILVER OAK LAYOUT, NAVANAGARA EAST - 980301",3,address_not_traceable,110.0,0.0,0.0,0.0,1.0,1.0,1.0,0.0,95,Borrower has moved,Trace the new address,Neighbours or occupants confirmed borrower relocated; trace new address
AD002523,AC001951,residence,kyc_origination,2026-04-01,T3,"Blk C, Rd 6, Palm Meadows, Navanagara East - 980302",0,,0.0,,,,,,,,51,Valid and occupied,Visit,Unvisited address with complete description; schedule initial field visit
AD002524,AC001952,residence,kyc_origination,2026-04-01,T3,"D Block, 3rd Rd., Royal Gardens, Navanagara East - 980303",0,,0.0,,,,,,,,57,Valid and occupied,Visit,Unvisited address with complete description; schedule initial field visit
AD002525,AC001953,residence,kyc_origination,2026-04-01,T2,"nr. Petrol Pump, Azad Mohalla, Devgarh Nagr - 970203",1,met_borrower,647.0,1.0,0.0,0.0,0.0,0.0,0.0,0.0,52,Valid and occupied,Visit,Borrower confirmed at address on prior visit; schedule visit
AD002526,AC001954,residence,kyc_origination,2026-04-01,T2,"Gali 6, Doodh Dairy ke paas, Patel Nagar, Devgarh Nagr - 970202",2,met_family,280.0,1.0,1.0,0.0,0.0,0.0,0.0,0.0,63,Valid and occupied,Visit,Borrower confirmed at address on prior visit; schedule visit
AD002527,AC001954,office,kyc_origination,2026-04-01,T2,azad mohalla devgarh nagr - 970203,0,,0.0,,,,,,,,34,Valid and occupied,Visit,Unvisited address with complete description; schedule initial field visit
AD002528,AC001955,residence,kyc_origination,2026-04-01,T3,"No. 9, A Block, 2nd Rd, Silver Oak Layt, Navanagara East - 9803301",1,locked_premises,152.0,0.0,0.0,1.0,0.0,0.0,0.0,0.0,66,"Valid, but borrower usually absent",Change the visit time,Premises locked or met family; shift visit to evening/weekend slot
AD002529,AC001956,residence,kyc_origination,2026-04-01,T3,h.no. 338 blk e rd 2 close to bus stand navanagara east - 980303,1,address_not_traceable,60.0,0.0,0.0,0.0,0.0,0.0,1.0,0.0,64,Hard to find on the ground,Resolve the location (Problem Statement 3) before writing it off,Detailed address but agent could not locate pin (60s dwell); resolve geocode (PS3)
AD002530,AC001957,residence,kyc_origination,2026-04-01,T1,"H.No. 188, 6th Cross, 5th Mn, opp Hanuman Temple, Kaveripura - 960102",5,address_not_traceable,67.0,0.0,0.0,2.0,1.0,0.0,2.0,0.0,69,"Valid, but borrower usually absent",Change the visit time,Premises locked or met family; shift visit to evening/weekend slot
AD002531,AC001958,residence,kyc_origination,2026-04-01,T2,"H.No. 262, Gali No. 9, Gandhi Basti, Devgarh Nagr - 970202",6,met_family,437.0,0.0,2.0,3.0,0.0,0.0,1.0,0.0,58,"Valid, but borrower usually absent",Change the visit time,Premises locked or met family; shift visit to evening/weekend slot
AD002532,AC001959,residence,kyc_origination,2026-04-01,T3,house 392 bus nildana hattira railway colony navanagara east - 980304,2,locked_premises,92.0,1.0,0.0,1.0,0.0,0.0,0.0,0.0,69,Valid and occupied,Visit,Borrower confirmed at address on prior visit; schedule visit
AD002533,AC001960,residence,kyc_origination,2026-04-01,T2,"Gali no-7, Ward 8, nr Gotv School, Azad Mohalla, Devgarh Nagar - 970203",1,address_not_traceable,70.0,0.0,0.0,0.0,0.0,0.0,1.0,0.0,71,Hard to find on the ground,Resolve the location (Problem Statement 3) before writing it off,Detailed address but agent could not locate pin (70s dwell); resolve geocode (PS3)
AD002534,AC001960,office,kyc_origination,2026-04-01,T2,"No. 43, Gali No. 5, Indira Colny, Devgarh Ngr - 970202",0,,0.0,,,,,,,,54,Valid and occupied,Visit,Unvisited address with complete description; schedule initial field visit
AD002535,AC001961,residence,kyc_origination,2026-04-01,T2,"House 141, Gali no-14, nr Children Park, Nehru Colony, Devgarh Nagar - 970203",6,met_family,349.0,2.0,2.0,0.0,0.0,0.0,1.0,1.0,77,Valid and occupied,Visit,Borrower confirmed at address on prior visit; schedule visit
AD002536,AC001962,residence,kyc_origination,2026-04-01,T1,"159/2, 3RD CROSS, 8TH MAIN, OPPOSITE PDS SHOP, VIDYA NAGAR, KAVERIPURA - 960104",0,,0.0,,,,,,,,79,Valid and occupied,Visit,Unvisited address with complete description; schedule initial field visit
AD002537,AC001963,residence,kyc_origination,2026-04-01,T1,"4th Crs, 5th Main, Udyanavana hattira, Kaveripura - 960102",9,met_borrower,655.0,3.0,0.0,0.0,0.0,0.0,6.0,0.0,58,Valid and occupied,Visit,Borrower confirmed at address on prior visit; schedule visit
AD002538,AC001963,permanent_native,kyc_origination,2026-04-01,OUT,"Village Kodihalli, Tehsil C, District North - 999894",0,,0.0,,,,,,,,52,Valid and occupied,Visit,Unvisited address with complete description; schedule initial field visit
AD002539,AC001964,residence,kyc_origination,2026-04-01,T1,vinayaka nagar kaveripura - 960104,2,locked_premises,163.0,0.0,0.0,1.0,0.0,0.0,1.0,0.0,34,"Valid, but borrower usually absent",Change the visit time,Premises locked or met family; shift visit to evening/weekend slot
AD002540,AC001965,residence,kyc_origination,2026-04-01,T2,"#5, LAKSHMI NILAYA, PAANI KI TANKI KE PASS, KRISHNA PURI, DEVGARH NAGAR - 970202",8,met_family,459.0,2.0,3.0,1.0,0.0,0.0,2.0,0.0,80,Valid and occupied,Visit,Borrower confirmed at address on prior visit; schedule visit
AD002541,AC001966,residence,kyc_origination,2026-04-01,T2,no. 178 gali 9 nr hanuman temple indira col devgarh nagar - 970202,7,met_family,578.0,2.0,4.0,1.0,0.0,0.0,0.0,0.0,66,Valid and occupied,Visit,Borrower confirmed at address on prior visit; schedule visit
AD002542,AC001967,residence,kyc_origination,2026-04-01,T3,a block 5th road bhd milk booth palm meadows navanagara east - 980302,1,address_not_traceable,58.0,0.0,0.0,0.0,0.0,0.0,1.0,0.0,69,Hard to find on the ground,Resolve the location (Problem Statement 3) before writing it off,Detailed address but agent could not locate pin (58s dwell); resolve geocode (PS3)
AD002543,AC001968,residence,kyc_origination,2026-04-01,T1,"#77, 7th Cross, 3rd Mn, close to Kalyana Mantapa, Hosa Badavane, Kaveripura - 960101",0,,0.0,,,,,,,,84,Valid and occupied,Visit,Unvisited address with complete description; schedule initial field visit
AD002544,AC001969,residence,kyc_origination,2026-04-01,T1,no. 47 ration angadi eduru gandhi nagar kaveripura - 960102,4,met_borrower,1015.0,1.0,2.0,1.0,0.0,0.0,0.0,0.0,59,Valid and occupied,Visit,Borrower confirmed at address on prior visit; schedule visit
AD002545,AC001969,office,kyc_origination,2026-04-01,T1,#452 7th cross 8th main kaveripura - 960104,2,address_not_traceable,105.0,1.0,0.0,0.0,0.0,0.0,1.0,0.0,43,Valid and occupied,Visit,Borrower confirmed at address on prior visit; schedule visit
AD002546,AC001970,residence,kyc_origination,2026-04-01,T3,"House 241, Blk C, Rd 6, opp. Post Office, Silver Oak Layt, Navanagara East - 980301",5,address_not_traceable,91.0,1.0,0.0,2.0,0.0,0.0,2.0,0.0,83,Valid and occupied,Visit,Borrower confirmed at address on prior visit; schedule visit
AD002547,AC001970,office,kyc_origination,2026-04-01,T3,"H.No. 442, Sai Residency, B Block, 2nd Road, nr. Bus Stand, Royal Gardens, Navanagara East - 980303",1,met_borrower,1020.0,1.0,0.0,0.0,0.0,0.0,0.0,0.0,99,Valid and occupied,Visit,Borrower confirmed at address on prior visit; schedule visit
AD002548,AC001971,residence,kyc_origination,2026-04-01,T1,8th cross 4th main ganapathi gudi hattira gandhi nagar kaveripura - 960102,1,met_family,467.0,0.0,1.0,0.0,0.0,0.0,0.0,0.0,74,"Valid, but borrower usually absent",Change the visit time,Premises locked or met family; shift visit to evening/weekend slot
AD002549,AC001972,residence,kyc_origination,2026-04-01,T3,no. 162 a block 1st road nr government school teachers colony navanagara east - 980302,0,,0.0,,,,,,,,86,Valid and occupied,Visit,Unvisited address with complete description; schedule initial field visit
AD002550,AC001973,residence,kyc_origination,2026-04-01,T2,"nr. Water Tank, Nehru Colony, Devgarh Nagar - 970203",2,neighbour_says_shifted,337.0,0.0,0.0,0.0,1.0,1.0,0.0,0.0,52,Borrower has moved,Trace the new address,Neighbours or occupants confirmed borrower relocated; trace new address
AD002551,AC001974,residence,kyc_origination,2026-04-01,T3,"H.No. 55, Blk D, Rd 5, near Masjid, Palm Meadows, Navanagara East - 980303",9,address_not_traceable,116.0,0.0,0.0,1.0,2.0,1.0,5.0,0.0,74,"Valid, but borrower usually absent",Change the visit time,Premises locked or met family; shift visit to evening/weekend slot
AD002552,AC001975,residence,kyc_origination,2026-04-01,T3,"Blk C, Rd 6, close to Mosque, Silver Oak Layt, Navanagara East - 980304",2,neighbour_says_shifted,290.0,0.0,0.0,0.0,2.0,0.0,0.0,0.0,71,Borrower has moved,Trace the new address,Neighbours or occupants confirmed borrower relocated; trace new address
AD002553,AC001976,residence,kyc_origination,2026-04-01,T3,"HOUSE 179, BLK C, RD 2, UDYANAVANA EDURU, PALM MEADOWS, NAVANAGARA EAST - 980302",0,,0.0,,,,,,,,80,Valid and occupied,Visit,Unvisited address with complete description; schedule initial field visit
AD002554,AC001976,permanent_native,kyc_origination,2026-04-01,OUT,"Village Sundarpur, Taluk B, District South - 996556",0,,0.0,,,,,,,,51,Valid and occupied,Visit,Unvisited address with complete description; schedule initial field visit
AD002555,AC001977,residence,kyc_origination,2026-04-01,T2,h.no. 13 gali no. 4 ward 10 behind community hall krishna puri devgarh nagar - 970201,3,met_family,552.0,0.0,2.0,1.0,0.0,0.0,0.0,0.0,85,"Valid, but borrower usually absent",Change the visit time,Premises locked or met family; shift visit to evening/weekend slot
AD002556,AC001978,residence,kyc_origination,2026-04-01,T1,"2nd Cross, 1st Main, close to Children Park, Hosa Badavane, Kaveripura - 960101",0,,0.0,,,,,,,,79,Valid and occupied,Visit,Unvisited address with complete description; schedule initial field visit
AD002557,AC001979,residence,kyc_origination,2026-04-01,T3,"#138, Blk E, Rd 6, close to Medical Store, Unity Nagar, Navanagara East",0,,0.0,,,,,,,,71,Valid and occupied,Visit,Unvisited address with complete description; schedule initial field visit
AD002558,AC001980,residence,kyc_origination,2026-04-01,T1,"438/1, 4th Cross, 3rd Main Rd, Masjid ke pass, Siddeshwara Colny, Kaveripura - 960102",2,locked_premises,199.0,0.0,0.0,2.0,0.0,0.0,0.0,0.0,85,"Valid, but borrower usually absent",Change the visit time,Premises locked or met family; shift visit to evening/weekend slot
AD002559,AC001980,office,kyc_origination,2026-04-01,T1,"#401, 8th Cross, 2nd Main, Samudaya Bhavana hattira, Kalyana Nagr, Kaveripura - 960104",0,,0.0,,,,,,,,86,Valid and occupied,Visit,Unvisited address with complete description; schedule initial field visit
AD002560,AC001981,residence,kyc_origination,2026-04-01,T2,"No. 2118, Om Sai Complex, Gali no-8, Ward 6, Doodh Dairy ke paas, Nehru Colony, Devgarh Nagar - 970203",1,met_borrower,814.0,1.0,0.0,0.0,0.0,0.0,0.0,0.0,102,Valid and occupied,Visit,Borrower confirmed at address on prior visit; schedule visit
AD002561,AC001982,residence,kyc_origination,2026-04-01,T2,"Shanti Kunj, Gali No. 11, Petrol Pump ke piche, Tilak Nagar, Devgarh Nagar - 970204",0,,0.0,,,,,,,,83,Valid and occupied,Visit,Unvisited address with complete description; schedule initial field visit
AD002562,AC001983,residence,kyc_origination,2026-04-01,T3,no. 66 blk b rd 1 nr. medicals teachers colony navanagara east - 9880302,6,met_borrower,145.0,2.0,1.0,2.0,0.0,0.0,1.0,0.0,72,Valid and occupied,Visit,Borrower confirmed at address on prior visit; schedule visit
AD002563,AC001984,residence,kyc_origination,2026-04-01,T3,"NO. 104, BLK C, RD 6, NEAR PETROL BUNK, ORCHID ENCLAVE, NAVANAGARA EAST - 980301",0,,0.0,,,,,,,,80,Valid and occupied,Visit,Unvisited address with complete description; schedule initial field visit
AD002564,AC001985,residence,kyc_origination,2026-04-01,T3,"No. 128, B Block, 6th Road, nr Church, Sunrise Enclave, Navanagara East - 980304",6,met_borrower,1120.0,2.0,0.0,1.0,0.0,0.0,3.0,0.0,80,Valid and occupied,Visit,Borrower confirmed at address on prior visit; schedule visit
AD002565,AC001986,residence,kyc_origination,2026-04-01,T1,"House 220, 12th Cross, 5th Main, ಬಸ್ ನಿಲ್ದಾಣ ಹತ್ತಿರ, Vidya Nagar, Kaveripura - 960103",0,,0.0,,,,,,,,85,Valid and occupied,Visit,Unvisited address with complete description; schedule initial field visit
AD002566,AC001987,residence,kyc_origination,2026-04-01,T3,"H.No. 85, E Block, 4th Road, nr. Petrol Pump, Silver Oak Layout, Navanagara East - 980301",9,met_family,463.0,0.0,4.0,5.0,0.0,0.0,0.0,0.0,89,"Valid, but borrower usually absent",Change the visit time,Premises locked or met family; shift visit to evening/weekend slot
AD002567,AC001988,residence,kyc_origination,2026-04-01,T3,no. 7 ganga apartments close to overhead tank hmt col navanagara east - 980302,5,address_not_traceable,39.0,0.0,0.0,0.0,0.0,0.0,5.0,0.0,78,Hard to find on the ground,Resolve the location (Problem Statement 3) before writing it off,Detailed address but agent could not locate pin (39s dwell); resolve geocode (PS3)
AD002568,AC001989,residence,kyc_origination,2026-04-01,T2,"Gali 3, Ward 6, Nehru Col, Devgarh Nagar - 970203",7,address_not_traceable,70.0,0.0,0.0,1.0,1.0,2.0,3.0,0.0,49,"Valid, but borrower usually absent",Change the visit time,Premises locked or met family; shift visit to evening/weekend slot
AD002569,AC001990,residence,kyc_origination,2026-04-01,T1,"H.No. 278, 11th Crs, 6th Main, Anjaneya Badavane, Kaveripura - 960103",1,met_borrower,1342.0,1.0,0.0,0.0,0.0,0.0,0.0,0.0,69,Valid and occupied,Visit,Borrower confirmed at address on prior visit; schedule visit
AD002570,AC001991,residence,kyc_origination,2026-04-01,T2,h.no. 184 gali 5 ram nagar devgarh nagar - 970203,0,,0.0,,,,,,,,49,Valid and occupied,Visit,Unvisited address with complete description; schedule initial field visit
AD002571,AC001992,residence,kyc_origination,2026-04-01,T1,h.no. 263 annapoorna nilaya 6th cross 5th main sarkari shaale edhuru shanthi nagar kaveripura - 960101,1,met_family,502.0,0.0,1.0,0.0,0.0,0.0,0.0,0.0,102,"Valid, but borrower usually absent",Change the visit time,Premises locked or met family; shift visit to evening/weekend slot
AD002572,AC001993,residence,kyc_origination,2026-04-01,T2,"GALI NO. 6, WARD 7, NEAR MEDICAL STORE, GANDHI BASTI, DEVGARH NAGAR - 970203",2,address_not_traceable,70.0,0.0,0.0,0.0,0.0,0.0,2.0,0.0,76,Hard to find on the ground,Resolve the location (Problem Statement 3) before writing it off,Detailed address but agent could not locate pin (70s dwell); resolve geocode (PS3)
AD002573,AC001994,residence,kyc_origination,2026-04-01,T1,no. 80 5th cross 5th main rd vinayaka nagar kaveripura - 960104,0,,0.0,,,,,,,,63,Valid and occupied,Visit,Unvisited address with complete description; schedule initial field visit
AD002574,AC001995,residence,kyc_origination,2026-04-01,T2,"HOUSE 420, GALI NO. 4, MEDICAL STORE KE PASS, PATEL NAGR, DEVGARH NAGAR - 970202",8,address_not_traceable,99.0,0.0,0.0,3.0,2.0,2.0,1.0,0.0,80,"Valid, but borrower usually absent",Change the visit time,Premises locked or met family; shift visit to evening/weekend slot
AD002575,AC001996,residence,kyc_origination,2026-04-01,T2,"Gali No. 7, nr. Water Tank, Krishna Puri, Devgarh Nagar - 970202",0,,0.0,,,,,,,,64,Valid and occupied,Visit,Unvisited address with complete description; schedule initial field visit
AD002576,AC001997,residence,kyc_origination,2026-04-01,T2,h.no. 243 गली नं. 3 ward 11 patel nagar devgarh ngr - 970202,9,address_not_traceable,58.0,1.0,1.0,4.0,0.0,0.0,3.0,0.0,60,Valid and occupied,Visit,Borrower confirmed at address on prior visit; schedule visit
AD002577,AC001998,residence,kyc_origination,2026-04-01,T3,"No. 389, Blk F, Rd 4, nr Overhead Tank, Sunrise Enclave, Navanagara Eats - 980304",0,,0.0,,,,,,,,81,Valid and occupied,Visit,Unvisited address with complete description; schedule initial field visit
AD002578,AC001998,office,kyc_origination,2026-04-01,T3,"House 178, Blk F, Rd 2, nar Mosque, Railway Colony, Navanagara East - 980304",0,,0.0,,,,,,,,76,Valid and occupied,Visit,Unvisited address with complete description; schedule initial field visit
AD002579,AC001999,residence,kyc_origination,2026-04-01,T1,h.no. 77 shanthi nagar kaveripura,4,met_borrower,981.0,2.0,1.0,0.0,0.0,0.0,1.0,0.0,33,Valid and occupied,Visit,Borrower confirmed at address on prior visit; schedule visit
AD002580,AC002000,residence,kyc_origination,2026-04-01,T2,"No. 79, Gali No. 3, Ward 5, Subhash Nagr, Devgarh Nagar - 970201",0,,0.0,,,,,,,,64,Valid and occupied,Visit,Unvisited address with complete description; schedule initial field visit
AD002581,AC002001,residence,kyc_origination,2026-04-01,T3,"House 55, E Block, 4th Rd., Sunrise Enclave, Navanagara East - 980304",0,,0.0,,,,,,,,69,Valid and occupied,Visit,Unvisited address with complete description; schedule initial field visit
AD002582,AC002001,office,kyc_origination,2026-04-01,T3,"House 130, Railway Colony, Navanagara East - 980304",2,locked_premises,226.0,0.0,0.0,2.0,0.0,0.0,0.0,0.0,51,"Valid, but borrower usually absent",Change the visit time,Premises locked or met family; shift visit to evening/weekend slot
AD002583,AC002002,residence,kyc_origination,2026-04-01,T2,"438/3, Gali 5, Nehru Colny, Devgarh Nagar",7,address_not_traceable,51.0,3.0,1.0,1.0,0.0,0.0,2.0,0.0,41,Valid and occupied,Visit,Borrower confirmed at address on prior visit; schedule visit
AD002584,AC002002,office,kyc_origination,2026-04-01,T2,"#22, सरकारी स्कूल के पास, Devgarh Nagar - 970203",1,no_such_person,288.0,0.0,0.0,0.0,0.0,1.0,0.0,0.0,48,Borrower has moved,Trace the new address,Neighbours or occupants confirmed borrower relocated; trace new address
AD002585,AC002003,residence,kyc_origination,2026-04-01,T2,"Gali No. 2, Ration ki Dukaan ke peeche, Ram Nagar, Devgarh Nagar - 970203",0,,0.0,,,,,,,,73,Valid and occupied,Visit,Unvisited address with complete description; schedule initial field visit
AD002586,AC002004,residence,kyc_origination,2026-04-01,T3,"Blk E, Rd 3, close to Church, Teachers Colony, Navanagara East - 980303",0,,0.0,,,,,,,,71,Valid and occupied,Visit,Unvisited address with complete description; schedule initial field visit
AD002587,AC002004,office,kyc_origination,2026-04-01,T3,#368 b block 4th road palm meadows navanagara east - 980302,0,,0.0,,,,,,,,59,Valid and occupied,Visit,Unvisited address with complete description; schedule initial field visit
AD002588,AC002005,residence,kyc_origination,2026-04-01,T2,"GALI NO-3, WARD 1, OPPOSITE BUS STAND, SHIVAJI NAGAR, DEVGARH NAGAR - 970202",1,neighbour_says_shifted,184.0,0.0,0.0,0.0,1.0,0.0,0.0,0.0,76,Borrower has moved,Trace the new address,Neighbours or occupants confirmed borrower relocated; trace new address
AD002589,AC002005,permanent_native,kyc_origination,2026-04-01,OUT,"Village Sundarpur, Taluk A, District East - 993325",0,,0.0,,,,,,,,50,Valid and occupied,Visit,Unvisited address with complete description; schedule initial field visit
AD002590,AC002006,residence,kyc_origination,2026-04-01,T3,"House 188, Blk F, Rd 2, Silver Oak Layt, Navanagara East - 980301",6,address_not_traceable,116.0,0.0,0.0,1.0,0.0,1.0,4.0,0.0,65,"Valid, but borrower usually absent",Change the visit time,Premises locked or met family; shift visit to evening/weekend slot
AD002591,AC002006,office,kyc_origination,2026-04-01,T3,"Blk A, Rd 2, nr. Church, Sunrise Enclave, Navanagara East - 980304",0,,0.0,,,,,,,,66,Valid and occupied,Visit,Unvisited address with complete description; schedule initial field visit
AD002592,AC002007,residence,kyc_origination,2026-04-01,T3,"No. 379, C Block, 3rd Road, near Hanuman Temple, Lakeview Phase 2, Navanagara East - 980303",0,,0.0,,,,,,,,91,Valid and occupied,Visit,Unvisited address with complete description; schedule initial field visit
AD002593,AC002008,residence,kyc_origination,2026-04-01,T1,"NO. 147, CLOSE TO MEDICAL STORE, VIDYA NAGAR, KAVERIPURA - 960103",5,locked_premises,170.0,0.0,0.0,1.0,1.0,1.0,2.0,0.0,65,"Valid, but borrower usually absent",Change the visit time,Premises locked or met family; shift visit to evening/weekend slot
AD002594,AC002009,residence,kyc_origination,2026-04-01,T3,"Hoouse 221, Ganga Apartments, Blk A, Rd 6, Defence Colony, Navanagara East - 980301",0,,0.0,,,,,,,,83,Valid and occupied,Visit,Unvisited address with complete description; schedule initial field visit
AD002595,AC002010,residence,kyc_origination,2026-04-01,T2,"NO. 398, PAANI KI TANKI KE PASS, SHASTRI NGR, DEVGARH NAGR - 970203",0,,0.0,,,,,,,,67,Valid and occupied,Visit,Unvisited address with complete description; schedule initial field visit
AD002596,AC002011,residence,kyc_origination,2026-04-01,T3,"NO. 191, A BLOCK, 2ND RD, OPPOSITE PDS SHOP, SUNRISE ENCLAVE, NAVANAGARA EAST - 980304",3,address_not_traceable,55.0,0.0,0.0,0.0,1.0,1.0,1.0,0.0,86,Borrower has moved,Trace the new address,Neighbours or occupants confirmed borrower relocated; trace new address
AD002597,AC002011,permanent_native,kyc_origination,2026-04-01,OUT,"Village Sundarpur, Tehsil D, District West - 993613",0,,0.0,,,,,,,,51,Valid and occupied,Visit,Unvisited address with complete description; schedule initial field visit
AD002598,AC002012,residence,kyc_origination,2026-04-01,T2,gali 8 doodh dairy ke peeche patel nagar devgarh nagr - 970202,0,,0.0,,,,,,,,62,Valid and occupied,Visit,Unvisited address with complete description; schedule initial field visit
AD002599,AC002013,residence,kyc_origination,2026-04-01,T3,no. 25 b blk 4th road nr. gvot school teachers colony navanagara east - 980302,0,,0.0,,,,,,,,78,Valid and occupied,Visit,Unvisited address with complete description; schedule initial field visit
AD002600,AC002013,office,kyc_origination,2026-04-01,T3,no. 26 blk a rd 2 opp bus stand silver oak layout navanaara east - 980301,0,,0.0,,,,,,,,73,Valid and occupied,Visit,Unvisited address with complete description; schedule initial field visit
AD002601,AC002014,residence,kyc_origination,2026-04-01,T2,masjid ke paas indira col devgarh nagar - 970202,0,,0.0,,,,,,,,48,Valid and occupied,Visit,Unvisited address with complete description; schedule initial field visit
AD002602,AC002015,residence,kyc_origination,2026-04-01,T2,"No. 72, Gali 1, near Mosquee, Shastri Nagar, Devgarh Nagar - 970201",0,,0.0,,,,,,,,67,Valid and occupied,Visit,Unvisited address with complete description; schedule initial field visit
AD002603,AC002016,residence,kyc_origination,2026-04-01,T3,#120 blk b rd 4 near bus stop navanagara east - 980303,7,address_not_traceable,99.0,0.0,0.0,1.0,2.0,0.0,4.0,0.0,54,"Valid, but borrower usually absent",Change the visit time,Premises locked or met family; shift visit to evening/weekend slot
AD002604,AC002016,permanent_native,kyc_origination,2026-04-01,OUT,"Village Kodihalli, Taluk B, District South - 995473",0,,0.0,,,,,,,,51,Valid and occupied,Visit,Unvisited address with complete description; schedule initial field visit
AD002605,AC002017,residence,kyc_origination,2026-04-01,T3,"Blk D, Rd 2, next to Petrol Pump, Green Park Layout, Navanagara East - 980301",0,,0.0,,,,,,,,77,Valid and occupied,Visit,Unvisited address with complete description; schedule initial field visit
AD002606,AC002018,residence,kyc_origination,2026-04-01,T1,"NO. 329, 6TH CROSS, 5TH MAIN, KUVEMPU LAYOUT, KAVERIPURA - 960102",4,locked_premises,60.0,1.0,2.0,1.0,0.0,0.0,0.0,0.0,65,Valid and occupied,Visit,Borrower confirmed at address on prior visit; schedule visit
AD002607,AC002019,residence,kyc_origination,2026-04-01,T1,#155 lakshmi nilaya 10th crs 2nd mainn ganapathi gudi hinde kaveripura - 960104,4,address_not_traceable,71.0,0.0,0.0,0.0,0.0,0.0,4.0,0.0,79,Hard to find on the ground,Resolve the location (Problem Statement 3) before writing it off,Detailed address but agent could not locate pin (71s dwell); resolve geocode (PS3)
AD002608,AC002019,office,kyc_origination,2026-04-01,T1,h.no. 446 10th cr 8th mn hosa badavane kaveripura - 960104,1,address_not_traceable,40.0,0.0,0.0,0.0,0.0,0.0,1.0,0.0,58,Hard to find on the ground,Resolve the location (Problem Statement 3) before writing it off,Detailed address but agent could not locate pin (40s dwell); resolve geocode (PS3)
AD002609,AC002020,residence,kyc_origination,2026-04-01,T3,"No. 238, Blk F, Rd 6, Navanagara East - 980302",4,locked_premises,228.0,0.0,0.0,3.0,0.0,0.0,1.0,0.0,46,"Valid, but borrower usually absent",Change the visit time,Premises locked or met family; shift visit to evening/weekend slot
AD002610,AC002020,office,kyc_origination,2026-04-01,T3,"237/1, Blk B, Rd 3, nr Children Park, Palm Meadows, Navanagara East - 980303",1,address_not_traceable,38.0,0.0,0.0,0.0,0.0,0.0,1.0,0.0,76,Hard to find on the ground,Resolve the location (Problem Statement 3) before writing it off,Detailed address but agent could not locate pin (38s dwell); resolve geocode (PS3)
AD002611,AC002021,residence,kyc_origination,2026-04-01,T2,"NO. 231, NR. OVERHEAD TANK, NEHRU COLNY, DEVGARH NGR - 970204",0,,0.0,,,,,,,,61,Valid and occupied,Visit,Unvisited address with complete description; schedule initial field visit
AD002612,AC002022,residence,kyc_origination,2026-04-01,T1,"H.No. 196, 7th Cross, 4th Mn, Basava Nagar, Kaveripura - 960101",0,,0.0,,,,,,,,63,Valid and occupied,Visit,Unvisited address with complete description; schedule initial field visit
AD002613,AC002023,residence,kyc_origination,2026-04-01,T2,gali no. 1 near pds shop shivaji nagar devgarh nagar - 970202,1,locked_premises,214.0,0.0,0.0,1.0,0.0,0.0,0.0,0.0,61,"Valid, but borrower usually absent",Change the visit time,Premises locked or met family; shift visit to evening/weekend slot
AD002614,AC002024,residence,kyc_origination,2026-04-01,T3,"D Block, 4th Road, Bus Stop ke piche, Teachers Colny, Navanagara East - 980302",7,neighbour_says_shifted,382.0,0.0,0.0,0.0,4.0,1.0,2.0,0.0,78,Borrower has moved,Trace the new address,Neighbours or occupants confirmed borrower relocated; trace new address
AD002615,AC002025,residence,kyc_origination,2026-04-01,T3,"E Block, 3rd Road, near Overhead Tank, Unity Nagar, Navanagara East - 980302",0,,0.0,,,,,,,,76,Valid and occupied,Visit,Unvisited address with complete description; schedule initial field visit
AD002616,AC002026,residence,kyc_origination,2026-04-01,T1,"H.NO. 441, 5TH CROSS, 5TH MAIN, CHURCH KE SAMNE, HOSA BADAVANE, KAVERIPURA - 960101",0,,0.0,,,,,,,,83,Valid and occupied,Visit,Unvisited address with complete description; schedule initial field visit
AD002617,AC002027,residence,kyc_origination,2026-04-01,T3,"Blk C, Rd 1, Railway Colony, Navanagara East - 980304",3,cash_collected,997.0,0.0,0.0,1.0,0.0,0.0,1.0,1.0,53,Valid and occupied,Visit,Borrower confirmed at address on prior visit; schedule visit
AD002618,AC002028,residence,kyc_origination,2026-04-01,T2,#380 gali no-9 ward 10 nr. ganesh temple krishnna puri devgarh nagr - 970202,1,met_family,494.0,0.0,1.0,0.0,0.0,0.0,0.0,0.0,76,"Valid, but borrower usually absent",Change the visit time,Premises locked or met family; shift visit to evening/weekend slot
AD002619,AC002029,residence,kyc_origination,2026-04-01,T2,"No. 46, Gali no-2, Gandhi Basti, Devgarh Nagar - 970203",0,,0.0,,,,,,,,55,Valid and occupied,Visit,Unvisited address with complete description; schedule initial field visit
AD002620,AC002030,residence,kyc_origination,2026-04-01,T3,c block 5th rd. hmt colny navanagara east - 980302,0,,0.0,,,,,,,,50,Valid and occupied,Visit,Unvisited address with complete description; schedule initial field visit
AD002621,AC002031,residence,kyc_origination,2026-04-01,T1,"NO. 217, 5TH CROSS, 5TH MAIN, NEAR GANESH TEMPLE, GANDHI NAGAR, KAVERIPURA - 960102",7,met_borrower,1192.0,3.0,1.0,3.0,0.0,0.0,0.0,0.0,83,Valid and occupied,Visit,Borrower confirmed at address on prior visit; schedule visit
AD002622,AC002032,residence,kyc_origination,2026-04-01,T2,"Gali no-5, near Mosque, Shastri Nagar, Devgarh Ngr",0,,0.0,,,,,,,,50,Valid and occupied,Visit,Unvisited address with complete description; schedule initial field visit
AD002623,AC002033,residence,kyc_origination,2026-04-01,T1,"#398, 12TH CROSS, 4TH MAIN, KAVERIPURA - 960102",6,neighbour_says_shifted,297.0,0.0,0.0,0.0,3.0,0.0,3.0,0.0,47,Borrower has moved,Trace the new address,Neighbours or occupants confirmed borrower relocated; trace new address
AD002624,AC002034,residence,kyc_origination,2026-04-01,T1,"HOUSE 241, 1ST CROSS, 2ND MN, NEEIRNA TANK HATTIRA, GANDHI NGR, KAVERIPUA - 960102",9,met_borrower,414.0,1.0,2.0,2.0,0.0,0.0,4.0,0.0,82,Valid and occupied,Visit,Borrower confirmed at address on prior visit; schedule visit
AD002625,AC002034,permanent_native,kyc_origination,2026-04-01,OUT,"Village Mallapura, Tehsil D, District South - 991107",0,,0.0,,,,,,,,52,Valid and occupied,Visit,Unvisited address with complete description; schedule initial field visit
AD002626,AC002035,residence,kyc_origination,2026-04-01,T2,no. 107 nr. kalyana mantaa nehru colny devgarh nagar - 970203,7,met_borrower,1136.0,2.0,1.0,4.0,0.0,0.0,0.0,0.0,61,Valid and occupied,Visit,Borrower confirmed at address on prior visit; schedule visit
AD002627,AC002036,residence,kyc_origination,2026-04-01,T3,"No. 170, A Blk., 3rd Rd., Navanagara East",0,,0.0,,,,,,,,41,Valid and occupied,Visit,Unvisited address with complete description; schedule initial field visit
AD002628,AC002037,residence,kyc_origination,2026-04-01,T2,"House 191, Annapoorna Nilaya, Gali no-6, Shivaji Ngr, Devgarh Nagar - 970202",0,,0.0,,,,,,,,76,Valid and occupied,Visit,Unvisited address with complete description; schedule initial field visit
AD002629,AC002038,residence,kyc_origination,2026-04-01,T3,214/1 blk a rd 3 near hanuman temple unity nagar navanagara east - 980302,0,,0.0,,,,,,,,73,Valid and occupied,Visit,Unvisited address with complete description; schedule initial field visit
AD002630,AC002038,permanent_native,kyc_origination,2026-04-01,OUT,"Village Hosahalli, Taluk B, District South - 999818",0,,0.0,,,,,,,,51,Valid and occupied,Visit,Unvisited address with complete description; schedule initial field visit
AD002631,AC002039,residence,kyc_origination,2026-04-01,T1,no. 318 7th cross 1st main paani ki tanki ke saaamne gandhi nagar kaveripura - 960102,0,,0.0,,,,,,,,85,Valid and occupied,Visit,Unvisited address with complete description; schedule initial field visit
AD002632,AC002040,residence,kyc_origination,2026-04-01,T3,"BLK A, RD 6, TEACHERS COLNY, NAVANAGARA EAST - 980302",3,met_borrower,865.0,1.0,0.0,1.0,0.0,0.0,1.0,0.0,53,Valid and occupied,Visit,Borrower confirmed at address on prior visit; schedule visit
AD002633,AC002041,residence,kyc_origination,2026-04-01,T2,"#28, Gali No. 8, Wrd 6, nr Milk Booth, Nehru Col, Devgarh Nagr - 970203",5,met_borrower,980.0,2.0,0.0,2.0,0.0,0.0,0.0,1.0,71,Valid and occupied,Visit,Borrower confirmed at address on prior visit; schedule visit
AD002634,AC002041,office,kyc_origination,2026-04-01,T2,"#162, Gali No. 3, Dak Ghar ke samne, Shivaji Nagr, Devgarh Nagar - 970202",2,address_not_traceable,66.0,1.0,0.0,0.0,0.0,0.0,1.0,0.0,73,Valid and occupied,Visit,Borrower confirmed at address on prior visit; schedule visit
AD002635,AC002042,residence,kyc_origination,2026-04-01,T3,"No. 136, nr Milk Dairy, Palm Meadows, Navanagara East",7,locked_premises,90.0,0.0,1.0,4.0,0.0,0.0,1.0,1.0,53,"Valid, but borrower usually absent",Change the visit time,Premises locked or met family; shift visit to evening/weekend slot
AD002636,AC002042,office,kyc_origination,2026-04-01,T3,"H.No. 87, E Block, 3rd Road, bhd Bus Stand, Railway Colony, Navanagara East - 980304",1,locked_premises,64.0,0.0,0.0,1.0,0.0,0.0,0.0,0.0,84,"Valid, but borrower usually absent",Change the visit time,Premises locked or met family; shift visit to evening/weekend slot
AD002637,AC002043,residence,kyc_origination,2026-04-01,T1,"5th Cross, 4th Main, Basvaa Nagar, Kaveripura - 960101",3,met_borrower,842.0,2.0,1.0,0.0,0.0,0.0,0.0,0.0,54,Valid and occupied,Visit,Borrower confirmed at address on prior visit; schedule visit
AD002638,AC002044,residence,kyc_origination,2026-04-01,T2,"29/3, Gali No. 2, Krishna Puri, Devgarh Nagr - 970202",0,,0.0,,,,,,,,53,Valid and occupied,Visit,Unvisited address with complete description; schedule initial field visit
AD002639,AC002044,office,kyc_origination,2026-04-01,T2,"Gali 11, Girja Ghar ke paas, Azad Mohalla, Devgarh Nagr - 970203",0,,0.0,,,,,,,,64,Valid and occupied,Visit,Unvisited address with complete description; schedule initial field visit
AD002640,AC002045,residence,kyc_origination,2026-04-01,T1,8th cross 3rd main opposite bus stand gandhi nagar kaveripura - 960102,0,,0.0,,,,,,,,70,Valid and occupied,Visit,Unvisited address with complete description; schedule initial field visit
AD002641,AC002046,residence,kyc_origination,2026-04-01,T1,"2nd Cross, 4th Main, nr Post Office, Vinayaka Nagar, Kaveripura - 960104",5,locked_premises,206.0,0.0,0.0,2.0,1.0,1.0,1.0,0.0,72,"Valid, but borrower usually absent",Change the visit time,Premises locked or met family; shift visit to evening/weekend slot
AD002642,AC002047,residence,kyc_origination,2026-04-01,T2,"House 399, Gali 4, Krishna Puri, Devgarh Nagar - 970202",0,,0.0,,,,,,,,55,Valid and occupied,Visit,Unvisited address with complete description; schedule initial field visit
AD002643,AC002048,residence,kyc_origination,2026-04-01,T3,"B Blk, 2nd Road, close to Milk Booth, Defence Colony, Navanagara East - 980301",0,,0.0,,,,,,,,78,Valid and occupied,Visit,Unvisited address with complete description; schedule initial field visit
AD002644,AC002048,permanent_native,kyc_origination,2026-04-01,OUT,"Village Mallapura, Tehsil C, District East - 991842",0,,0.0,,,,,,,,51,Valid and occupied,Visit,Unvisited address with complete description; schedule initial field visit
AD002645,AC002049,residence,kyc_origination,2026-04-01,T1,#337 ಮಸೀದಿ ಹತ್ತಿರ vidya nagar kaveripura - 960103,2,locked_premises,133.0,0.0,0.0,2.0,0.0,0.0,0.0,0.0,49,"Valid, but borrower usually absent",Change the visit time,Premises locked or met family; shift visit to evening/weekend slot
AD002646,AC002049,permanent_native,kyc_origination,2026-04-01,OUT,"Village Mallapura, Tehsil C, District South - 992449",0,,0.0,,,,,,,,52,Valid and occupied,Visit,Unvisited address with complete description; schedule initial field visit
AD002647,AC002050,residence,kyc_origination,2026-04-01,T3,"Blk D, Rd 1, nr. Hanuman Temple, Navanagara East - 980302",0,,0.0,,,,,,,,57,Valid and occupied,Visit,Unvisited address with complete description; schedule initial field visit
AD002648,AC002051,residence,kyc_origination,2026-04-01,T3,"Blk D, Rd 3, close to Hanuman Temple, Palm Meadows, Navanagara East - 980302",0,,0.0,,,,,,,,76,Valid and occupied,Visit,Unvisited address with complete description; schedule initial field visit
AD002649,AC002051,office,kyc_origination,2026-04-01,T3,blk d rd 2 close to kalyana mantapa sunrise enclave navenagara east - 980304,0,,0.0,,,,,,,,76,Valid and occupied,Visit,Unvisited address with complete description; schedule initial field visit
AD002650,AC002052,residence,kyc_origination,2026-04-01,T2,"H.NO. 105, GALI 11, PATEL NAGAR, DEVGARH NAGAR - 970202",3,locked_premises,181.0,1.0,0.0,2.0,0.0,0.0,0.0,0.0,55,Valid and occupied,Visit,Borrower confirmed at address on prior visit; schedule visit
AD002651,AC002053,residence,kyc_origination,2026-04-01,T3,"H.No. 267, Blk B, Rd 4, nr Church, Sunrise Enclave, Navanagara East - 980304",4,met_borrower,83.0,1.0,0.0,1.0,0.0,1.0,1.0,0.0,76,Valid and occupied,Visit,Borrower confirmed at address on prior visit; schedule visit
AD002652,AC002053,office,kyc_origination,2026-04-01,T3,"42/1, A Block, 3rd Road, nr. Milk Booth, HMT Col, Navanagara East - 980301",3,met_borrower,748.0,1.0,0.0,1.0,0.0,0.0,1.0,0.0,74,Valid and occupied,Visit,Borrower confirmed at address on prior visit; schedule visit
AD002653,AC002054,residence,kyc_origination,2026-04-01,T2,गली नं. 11 डाकघर के पीछे gandhi basti devgarh nagar - 97203,0,,0.0,,,,,,,,59,Valid and occupied,Visit,Unvisited address with complete description; schedule initial field visit
AD002654,AC002055,residence,kyc_origination,2026-04-01,T3,"NO. 418, B BLK, 5TH ROAD, NEAR BUS STOP, LAKEVIEW PHASE 2, NAVANAGARA EAST - 980303",1,met_family,302.0,0.0,1.0,0.0,0.0,0.0,0.0,0.0,83,"Valid, but borrower usually absent",Change the visit time,Premises locked or met family; shift visit to evening/weekend slot
AD002655,AC002056,residence,kyc_origination,2026-04-01,T3,"Blk D, Rd 6, nr. Overhead Tank, Silver Oak Lyt, Navanagara East - 980301",4,met_borrower,1158.0,1.0,2.0,0.0,0.0,0.0,1.0,0.0,72,Valid and occupied,Visit,Borrower confirmed at address on prior visit; schedule visit
AD002656,AC002057,residence,kyc_origination,2026-04-01,T3,e blk. 6th rd. perol bunk hattira railway col navanagara east - 980304,1,met_borrower,308.0,1.0,0.0,0.0,0.0,0.0,0.0,0.0,70,Valid and occupied,Visit,Borrower confirmed at address on prior visit; schedule visit
AD002657,AC002058,residence,kyc_origination,2026-04-01,T2,gali 1 ward 11 patel ngaar devgarh nagar - 970202,1,address_not_traceable,70.0,0.0,0.0,0.0,0.0,0.0,1.0,0.0,49,Hard to find on the ground,Resolve the location (Problem Statement 3) before writing it off,Detailed address but agent could not locate pin (70s dwell); resolve geocode (PS3)
AD002658,AC002059,residence,kyc_origination,2026-04-01,T3,"No. 84, Blk A, Rd 4, Ration Angadi hattira, HMT Colony, Navanagara East - 980301",0,,0.0,,,,,,,,80,Valid and occupied,Visit,Unvisited address with complete description; schedule initial field visit
AD002659,AC002060,residence,kyc_origination,2026-04-01,T3,e block 6th road near pharmacy hmt colony navanagara east - 980301,0,,0.0,,,,,,,,66,Valid and occupied,Visit,Unvisited address with complete description; schedule initial field visit
AD002660,AC002061,residence,kyc_origination,2026-04-01,T1,"#12, 12TH CROSS, 2ND MAIN, TANKI KE PAAS, SHANTHI NAGAR, KAVERIPURA - 960101",0,,0.0,,,,,,,,76,Valid and occupied,Visit,Unvisited address with complete description; schedule initial field visit
AD002661,AC002062,residence,kyc_origination,2026-04-01,T2,128/1 gali no-10 devgarh ngr - 970202,9,locked_premises,189.0,1.0,5.0,3.0,0.0,0.0,0.0,0.0,37,Valid and occupied,Visit,Borrower confirmed at address on prior visit; schedule visit
AD002662,AC002063,residence,kyc_origination,2026-04-01,T3,"H.NO. 299, BLK C, RD 6, GREEN PARK LAYOUT, NAVANAGARA EAST - 980301",0,,0.0,,,,,,,,67,Valid and occupied,Visit,Unvisited address with complete description; schedule initial field visit
AD002663,AC002064,residence,kyc_origination,2026-04-01,T2,"No. 10, Gali No. 8, Ward 11, b/h Chruch, Shivaji Nagar, Devgarh Nagar - 970202",4,met_borrower,1003.0,4.0,0.0,0.0,0.0,0.0,0.0,0.0,78,Valid and occupied,Visit,Borrower confirmed at address on prior visit; schedule visit
AD002664,AC002065,residence,kyc_origination,2026-04-01,T2,"No. 313, Gali no-3, Patel Nagar, Devgarh Nagar - 970202",5,locked_premises,205.0,2.0,0.0,3.0,0.0,0.0,0.0,0.0,55,Valid and occupied,Visit,Borrower confirmed at address on prior visit; schedule visit
AD002665,AC002065,office,kyc_origination,2026-04-01,T2,"#278, Gali No. 4, nr Masjid, Tilak Nagar, Devgarh Ngr - 970203",3,no_such_person,172.0,0.0,0.0,0.0,1.0,1.0,1.0,0.0,62,Borrower has moved,Trace the new address,Neighbours or occupants confirmed borrower relocated; trace new address
AD002666,AC002066,residence,kyc_origination,2026-04-01,T3,"#262, D Block, 4th Road, behind Water Tank, Navanagara East - 980301",2,address_not_traceable,67.0,0.0,0.0,0.0,0.0,0.0,2.0,0.0,68,Hard to find on the ground,Resolve the location (Problem Statement 3) before writing it off,Detailed address but agent could not locate pin (67s dwell); resolve geocode (PS3)
AD002667,AC002067,residence,kyc_origination,2026-04-01,T3,no. 2 blk a rd 6 close to government school hmt colony navanagara east - 980301,4,address_not_traceable,84.0,1.0,1.0,0.0,0.0,0.0,2.0,0.0,79,Valid and occupied,Visit,Borrower confirmed at address on prior visit; schedule visit
AD002668,AC002068,residence,kyc_origination,2026-04-01,T1,"418/1, close to Ganapathi Temple, Ashoka Lyt, Kaveripura - 960104",0,,0.0,,,,,,,,65,Valid and occupied,Visit,Unvisited address with complete description; schedule initial field visit
AD002669,AC002069,residence,kyc_origination,2026-04-01,T2,Devgarh Ngr,9,address_not_traceable,54.0,0.0,2.0,0.0,0.0,0.0,7.0,0.0,11,Fabricated or incomplete at origination,"Trace, and flag to the origination team",Address not traceable and description incomplete; flag to origination team
AD002670,AC002070,residence,kyc_origination,2026-04-01,T2,no. 348 gali no-1 ward 6 ram nagar devgarh naagr - 970203,2,address_not_traceable,84.0,0.0,0.0,0.0,1.0,0.0,1.0,0.0,57,Borrower has moved,Trace the new address,Neighbours or occupants confirmed borrower relocated; trace new address
AD002671,AC002070,office,kyc_origination,2026-04-01,T2,"412/1, Gali 5, near Masjid, Tilak Nagar, Devgarh Nagar - 970204",1,met_borrower,514.0,1.0,0.0,0.0,0.0,0.0,0.0,0.0,63,Valid and occupied,Visit,Borrower confirmed at address on prior visit; schedule visit
AD002672,AC002071,residence,kyc_origination,2026-04-01,T1,3rd cross 1st main udyanavana eduru vidya naagar kaveripura - 960103,2,address_not_traceable,56.0,0.0,0.0,0.0,0.0,0.0,2.0,0.0,68,Hard to find on the ground,Resolve the location (Problem Statement 3) before writing it off,Detailed address but agent could not locate pin (56s dwell); resolve geocode (PS3)
AD002673,AC002072,residence,kyc_origination,2026-04-01,T1,"H.No. 7, 4th Cross, 3rd Main, Park hattira, Nehru Colony, Kaveripura - 960102",8,locked_premises,199.0,4.0,1.0,2.0,0.0,0.0,1.0,0.0,77,Valid and occupied,Visit,Borrower confirmed at address on prior visit; schedule visit
AD002674,AC002073,residence,kyc_origination,2026-04-01,T3,"#18, E BLOCK, 6TH ROAD, NEAR GOVERNMENT SCHOOL, NAVANAGARA EAST - 980301",0,,0.0,,,,,,,,72,Valid and occupied,Visit,Unvisited address with complete description; schedule initial field visit
AD002675,AC002074,residence,kyc_origination,2026-04-01,T3,house 274 blk d rd 1 nr community hall sunrise enclave navanagara east - 980304,5,locked_premises,95.0,0.0,1.0,3.0,0.0,0.0,1.0,0.0,79,"Valid, but borrower usually absent",Change the visit time,Premises locked or met family; shift visit to evening/weekend slot
AD002676,AC002075,residence,kyc_origination,2026-04-01,T3,house 369 e blk 2nd road close to pds shop lakeview phase 2 navanagara east - 980303,8,met_borrower,1099.0,1.0,2.0,3.0,0.0,0.0,2.0,0.0,84,Valid and occupied,Visit,Borrower confirmed at address on prior visit; schedule visit
AD002677,AC002075,permanent_native,kyc_origination,2026-04-01,OUT,"Village Devipur, Tehsil D, District East - 998910",0,,0.0,,,,,,,,49,Valid and occupied,Visit,Unvisited address with complete description; schedule initial field visit
AD002678,AC002076,residence,kyc_origination,2026-04-01,T3,"House 100, Blk C, Rd 4, near Ganapathi Temple, Green Park Layt, Navanagara East - 980301",0,,0.0,,,,,,,,88,Valid and occupied,Visit,Unvisited address with complete description; schedule initial field visit
AD002679,AC002076,permanent_native,kyc_origination,2026-04-01,OUT,"Village Sundarpur, Taluk B, District North - 991666",0,,0.0,,,,,,,,51,Valid and occupied,Visit,Unvisited address with complete description; schedule initial field visit
AD002680,AC002077,residence,kyc_origination,2026-04-01,T3,"#248, Blk C, Rd 3, nr. Ganesh Temple, Navanagara East - 980301",0,,0.0,,,,,,,,62,Valid and occupied,Visit,Unvisited address with complete description; schedule initial field visit
AD002681,AC002078,residence,kyc_origination,2026-04-01,T1,"No. 335, 12th Cross, 2nd Main, Nehru Colony, Kaveripura - 960102",1,met_borrower,853.0,1.0,0.0,0.0,0.0,0.0,0.0,0.0,64,Valid and occupied,Visit,Borrower confirmed at address on prior visit; schedule visit
AD002682,AC002079,residence,kyc_origination,2026-04-01,T2,house 311 gali no. 1 nr. ration shop azad mohalla devgarh ngr,0,,0.0,,,,,,,,61,Valid and occupied,Visit,Unvisited address with complete description; schedule initial field visit
AD002683,AC002080,residence,kyc_origination,2026-04-01,T1,"H.No. 112, 11th Cross, 8th Main, Gandhi Nagr, Kaveripura - 960102",0,,0.0,,,,,,,,65,Valid and occupied,Visit,Unvisited address with complete description; schedule initial field visit
AD002684,AC002081,residence,kyc_origination,2026-04-01,T3,house 278 b block 5th road bhd church silver oak lyt navanagara east - 980301,0,,0.0,,,,,,,,77,Valid and occupied,Visit,Unvisited address with complete description; schedule initial field visit
AD002685,AC002082,residence,kyc_origination,2026-04-01,T3,"Blk F, Rd 3, ಬಸ್ ನಿಲ್ದಾಣ ಹತ್ತಿರ, Lakeview Phase 2, Navanagara East - 980303",3,met_family,506.0,1.0,1.0,1.0,0.0,0.0,0.0,0.0,75,Valid and occupied,Visit,Borrower confirmed at address on prior visit; schedule visit
AD002686,AC002082,permanent_native,kyc_origination,2026-04-01,OUT,"Village Mallapura, Tehsil D, District East - 993820",0,,0.0,,,,,,,,51,Valid and occupied,Visit,Unvisited address with complete description; schedule initial field visit
AD002687,AC002083,residence,kyc_origination,2026-04-01,T1,"457/2, 11th Cross, 2nd Main Rd, nr. Government School, Anjaneay Badavane, Kaveripura - 960103",2,met_family,458.0,0.0,1.0,0.0,0.0,0.0,1.0,0.0,93,"Valid, but borrower usually absent",Change the visit time,Premises locked or met family; shift visit to evening/weekend slot
AD002688,AC002084,residence,kyc_origination,2026-04-01,T2,"Gali No. 3, Ward 11, beside Medical Store, Patel Nagar, Devgarh Nagar - 970202",2,locked_premises,138.0,0.0,0.0,1.0,1.0,0.0,0.0,0.0,78,"Valid, but borrower usually absent",Change the visit time,Premises locked or met family; shift visit to evening/weekend slot
AD002689,AC002084,office,kyc_origination,2026-04-01,T2,gali 10 close to gvt school subhash nagr devgarh nagr,0,,0.0,,,,,,,,53,Valid and occupied,Visit,Unvisited address with complete description; schedule initial field visit
AD002690,AC002085,residence,kyc_origination,2026-04-01,T2,"336/3, Patel Nagar, Devgarh Nagar - 970202",3,neighbour_says_shifted,382.0,0.0,0.0,0.0,3.0,0.0,0.0,0.0,42,Borrower has moved,Trace the new address,Neighbours or occupants confirmed borrower relocated; trace new address
AD002691,AC002086,residence,kyc_origination,2026-04-01,T1,"346/2, 10th Cross, 7th Main, b/h Bus Stop, Kaveripura - 960102",9,met_borrower,387.0,3.0,2.0,0.0,0.0,0.0,3.0,1.0,62,Valid and occupied,Visit,Borrower confirmed at address on prior visit; schedule visit
AD002692,AC002087,residence,kyc_origination,2026-04-01,T3,"#28, BLK E, RD 3, OPP GOVT SCHOOL, ORCHID ENCLAVE, NAVANAGARA EAST",0,,0.0,,,,,,,,66,Valid and occupied,Visit,Unvisited address with complete description; schedule initial field visit
AD002693,AC002088,residence,kyc_origination,2026-04-01,T2,house 148 gali 12 हनुमान मंदिर के सामने shastri ngr devgarh nagr - 970201,0,,0.0,,,,,,,,73,Valid and occupied,Visit,Unvisited address with complete description; schedule initial field visit
AD002694,AC002089,residence,kyc_origination,2026-04-01,T2,"#177, गली नं. 8, Ward 1, डाकघर के पास, Devgarh Nagar - 970202",0,,0.0,,,,,,,,61,Valid and occupied,Visit,Unvisited address with complete description; schedule initial field visit
AD002695,AC002089,office,kyc_origination,2026-04-01,T2,"No. 211, Gali no-8, Nehru Colony, Devgarh Ngr - 970203",0,,0.0,,,,,,,,54,Valid and occupied,Visit,Unvisited address with complete description; schedule initial field visit
AD002696,AC002090,residence,kyc_origination,2026-04-01,T3,"#362, B BLOCK, 2ND RD., NR. MOSQUE, RIALWAY COL, NAVANAGARA EAST - 980304",8,locked_premises,176.0,4.0,0.0,3.0,0.0,0.0,1.0,0.0,73,Valid and occupied,Visit,Borrower confirmed at address on prior visit; schedule visit
AD002697,AC002091,residence,kyc_origination,2026-04-01,T1,"HOUSE 86, BEHIND MEDICAL STORE, ANJANEYA BADAVANE, KAVERIPURA - 960103",1,met_borrower,514.0,1.0,0.0,0.0,0.0,0.0,0.0,0.0,70,Valid and occupied,Visit,Borrower confirmed at address on prior visit; schedule visit
AD002698,AC002091,office,kyc_origination,2026-04-01,T1,"405/3, 2ND CROSS, 7TH MAIN RD, KALYANA NAGR, KAVERIPURA - 960104",0,,0.0,,,,,,,,64,Valid and occupied,Visit,Unvisited address with complete description; schedule initial field visit
AD002699,AC002092,residence,kyc_origination,2026-04-01,T2,"H.No. 78, Gali no-1, Indira Colny, Devgarh Nagar - 970202",0,,0.0,,,,,,,,57,Valid and occupied,Visit,Unvisited address with complete description; schedule initial field visit
AD002700,AC002093,residence,kyc_origination,2026-04-01,T3,"HOUSE 398, SHANTI KUNJ, A BLOCK, 4TH ROAD, NR CHURCH, DEFENCE COLNY, NAVANAGARA EAST - 980301",0,,0.0,,,,,,,,93,Valid and occupied,Visit,Unvisited address with complete description; schedule initial field visit
AD002701,AC002094,residence,kyc_origination,2026-04-01,T2,"293/2, Gali 9, near Petrol Pump, Devgarh Ngr - 970203",4,address_not_traceable,31.0,0.0,0.0,0.0,1.0,1.0,2.0,0.0,53,Borrower has moved,Trace the new address,Neighbours or occupants confirmed borrower relocated; trace new address
AD002702,AC002094,office,kyc_origination,2026-04-01,T2,"H.No. 456, गली नं. 5, Ward 1, गणेश मंदिर के सामने, Shivaji Nagar, Devgarh Nagr - 970202",1,met_borrower,656.0,1.0,0.0,0.0,0.0,0.0,0.0,0.0,87,Valid and occupied,Visit,Borrower confirmed at address on prior visit; schedule visit
AD002703,AC002095,residence,kyc_origination,2026-04-01,T2,343/2 gali 4 b/h post office shivaji ngr devgarh nagar - 970202,0,,0.0,,,,,,,,63,Valid and occupied,Visit,Unvisited address with complete description; schedule initial field visit
AD002704,AC002096,residence,kyc_origination,2026-04-01,T2,"Green View Apts, Gali No. 8, b/h Government School, Indira Colony, Devgarh Nagr - 970202",2,neighbour_says_shifted,172.0,0.0,0.0,0.0,1.0,0.0,1.0,0.0,88,Borrower has moved,Trace the new address,Neighbours or occupants confirmed borrower relocated; trace new address
AD002705,AC002096,office,kyc_origination,2026-04-01,T2,"#146, Gali no--12, Ward 3, Ambedkar Nagar, Devgarh Nagar",0,,0.0,,,,,,,,56,Valid and occupied,Visit,Unvisited address with complete description; schedule initial field visit
AD002706,AC002097,residence,kyc_origination,2026-04-01,T1,"82/3, 11th Cross, 6th Main, Kuvempu Layout, Kaveripura - 960102",1,locked_premises,73.0,0.0,0.0,1.0,0.0,0.0,0.0,0.0,63,"Valid, but borrower usually absent",Change the visit time,Premises locked or met family; shift visit to evening/weekend slot
AD002707,AC002098,residence,kyc_origination,2026-04-01,T1,"#208, 3rd Cr, 2nd Main, nr Mosque, Kaveripura - 960102",5,met_borrower,1056.0,2.0,1.0,2.0,0.0,0.0,0.0,0.0,54,Valid and occupied,Visit,Borrower confirmed at address on prior visit; schedule visit
AD002708,AC002099,residence,kyc_origination,2026-04-01,T3,"H.No. 376, Annapoorna Nilaya, Blk A, Rd 6, HMT Colony, Navanagara East - 980301",6,met_family,394.0,0.0,3.0,0.0,0.0,0.0,3.0,0.0,79,"Valid, but borrower usually absent",Change the visit time,Premises locked or met family; shift visit to evening/weekend slot
AD002709,AC002100,residence,kyc_origination,2026-04-01,T1,"H.NO. 150, 3RD CR, 2ND MAIN RD, B/H MASJID, NEHRU COLONY, KAVERIPURA - 960102",1,met_family,470.0,0.0,1.0,0.0,0.0,0.0,0.0,0.0,77,"Valid, but borrower usually absent",Change the visit time,Premises locked or met family; shift visit to evening/weekend slot
AD002710,AC002101,residence,kyc_origination,2026-04-01,T3,"H.No. 266, D Block, 4th Road, near Ganesh Temple, Defence Colony, Navanagara East - 980301",0,,0.0,,,,,,,,90,Valid and occupied,Visit,Unvisited address with complete description; schedule initial field visit
AD002711,AC002102,residence,kyc_origination,2026-04-01,T1,"NO. 275, 4TH CROSS, 8TH MAIN, CLOSE TO GANESH TEMPLE, GANDHI NAGAR, KAVEERIPURA - 960102",5,met_borrower,955.0,3.0,0.0,1.0,0.0,0.0,0.0,1.0,88,Valid and occupied,Visit,Borrower confirmed at address on prior visit; schedule visit
AD002712,AC002103,residence,kyc_origination,2026-04-01,T3,"House 390, Blk A, Rd 4, Hanuman Mandir ke paas, Orchid Enclave, Navanagara East - 980304",6,met_family,334.0,0.0,3.0,2.0,0.0,0.0,1.0,0.0,88,"Valid, but borrower usually absent",Change the visit time,Premises locked or met family; shift visit to evening/weekend slot
AD002713,AC002103,office,kyc_origination,2026-04-01,T3,"No. 94, Blk E, Rd 2, Silver Oak Layt, Navanagara Eat",1,address_not_traceable,96.0,0.0,0.0,0.0,0.0,0.0,1.0,0.0,52,Hard to find on the ground,Resolve the location (Problem Statement 3) before writing it off,Detailed address but agent could not locate pin (96s dwell); resolve geocode (PS3)
AD002714,AC002104,residence,kyc_origination,2026-04-01,T3,331/3 blk c rd 1 palm meadows navanagara east - 980302,2,address_not_traceable,75.0,0.0,0.0,0.0,0.0,0.0,2.0,0.0,54,Hard to find on the ground,Resolve the location (Problem Statement 3) before writing it off,Detailed address but agent could not locate pin (75s dwell); resolve geocode (PS3)
AD002715,AC002105,residence,kyc_origination,2026-04-01,T1,297/3 4th cross 7th main nr ganapathi temple gandhi nagar kaveripura,0,,0.0,,,,,,,,68,Valid and occupied,Visit,Unvisited address with complete description; schedule initial field visit
AD002716,AC002106,residence,kyc_origination,2026-04-01,T2,gali no. 1 bus adda ke pass devgarh nagar - 970201,0,,0.0,,,,,,,,50,Valid and occupied,Visit,Unvisited address with complete description; schedule initial field visit
AD002717,AC002106,office,kyc_origination,2026-04-01,T2,"H.No. 133, Krishna Pur, Devgarh Nagar - 970202",0,,0.0,,,,,,,,46,Valid and occupied,Visit,Unvisited address with complete description; schedule initial field visit
AD002718,AC002107,residence,kyc_origination,2026-04-01,T3,"436/2, BLK C, RD 1, SUNRISE ENCLAVE, NAVANAGARA EAST - 980304",2,address_not_traceable,51.0,0.0,0.0,0.0,0.0,0.0,2.0,0.0,61,Hard to find on the ground,Resolve the location (Problem Statement 3) before writing it off,Detailed address but agent could not locate pin (51s dwell); resolve geocode (PS3)
AD002719,AC002108,residence,kyc_origination,2026-04-01,T2,"Gali no-11, Ward 9, सरकारी स्कूल के पास, Shastri Ngr, Devgarh Nagr - 970201",4,address_not_traceable,36.0,0.0,0.0,0.0,0.0,1.0,3.0,0.0,75,Hard to find on the ground,Resolve the location (Problem Statement 3) before writing it off,Detailed address but agent could not locate pin (36s dwell); resolve geocode (PS3)
AD002720,AC002109,residence,kyc_origination,2026-04-01,T3,"NR. MASJID, ORCHID ENCLAVE, NAVANAGARA EAST - 980301",5,neighbour_says_shifted,299.0,0.0,0.0,0.0,2.0,1.0,2.0,0.0,52,Borrower has moved,Trace the new address,Neighbours or occupants confirmed borrower relocated; trace new address
AD002721,AC002110,residence,kyc_origination,2026-04-01,T1,"H.NO. 381, 1ST CR, 8TH MAIN, PETROL BUNK HATTIRA, KALYANA NAGAR, KAVERIPURA - 960104",0,,0.0,,,,,,,,84,Valid and occupied,Visit,Unvisited address with complete description; schedule initial field visit
AD002722,AC002111,residence,kyc_origination,2026-04-01,T3,"No. 247, A Bloc,k 3rd Road, bhd PDS Shop, Navanagara East - 980301",6,cash_collected,1129.0,0.0,0.0,1.0,0.0,0.0,4.0,1.0,66,Valid and occupied,Visit,Borrower confirmed at address on prior visit; schedule visit
AD002723,AC002112,residence,kyc_origination,2026-04-01,T2,"No. 174, Glai no-4, Subhash Nagar, Devgarh Nagar - 970201",6,locked_premises,153.0,1.0,0.0,1.0,0.0,0.0,4.0,0.0,57,Valid and occupied,Visit,Borrower confirmed at address on prior visit; schedule visit
AD002724,AC002113,residence,kyc_origination,2026-04-01,T2,"House 114, Gali no-3, nr Post Office, Subhash Nagar, Devgarh Nagar - 970201",1,neighbour_says_shifted,259.0,0.0,0.0,0.0,1.0,0.0,0.0,0.0,75,Borrower has moved,Trace the new address,Neighbours or occupants confirmed borrower relocated; trace new address
AD002725,AC002114,residence,kyc_origination,2026-04-01,T2,"Gali 10, गणेश मंदिर के सामने, Azad Mohalla, Devgarh Nagar - 970203",1,address_not_traceable,81.0,0.0,0.0,0.0,0.0,0.0,1.0,0.0,66,Hard to find on the ground,Resolve the location (Problem Statement 3) before writing it off,Detailed address but agent could not locate pin (81s dwell); resolve geocode (PS3)
AD002726,AC002114,office,kyc_origination,2026-04-01,T2,"House 234, Gali No. 2, Ward 7, Gandhi Basti, Devgarh Nagar - 970203",0,,0.0,,,,,,,,67,Valid and occupied,Visit,Unvisited address with complete description; schedule initial field visit
AD002727,AC002115,residence,kyc_origination,2026-04-01,T1,"House 176, 11th Cr, 2nd Main, Nyayabele Angadi hindhe, Kuvempu Layout, Kaveripura",1,met_borrower,1345.0,1.0,0.0,0.0,0.0,0.0,0.0,0.0,81,Valid and occupied,Visit,Borrower confirmed at address on prior visit; schedule visit
AD002728,AC002116,residence,kyc_origination,2026-04-01,T2,"H.oN. 268, Gali 7, close to Petrol Bunk, Azad Mohalla, Devgarh Nagar - 970203",8,locked_premises,221.0,4.0,0.0,1.0,0.0,0.0,3.0,0.0,77,Valid and occupied,Visit,Borrower confirmed at address on prior visit; schedule visit
AD002729,AC002117,residence,kyc_origination,2026-04-01,T1,"H.NO. 166, 9TH CRS, 5TH MAIN, ANJANEYA BADAVANE, KAVERIPURA - 960103",0,,0.0,,,,,,,,68,Valid and occupied,Visit,Unvisited address with complete description; schedule initial field visit
AD002730,AC002118,residence,kyc_origination,2026-04-01,T3,"No. 5, F Blk., 4th Road, nr. Mosque, Navanagara East - 980302",3,address_not_traceable,107.0,0.0,0.0,1.0,0.0,0.0,2.0,0.0,61,"Valid, but borrower usually absent",Change the visit time,Premises locked or met family; shift visit to evening/weekend slot
AD002731,AC002118,office,kyc_origination,2026-04-01,T3,"Blk F, Rd 3, Royal Gardens, Navanagara East - 980303",4,locked_premises,168.0,0.0,0.0,1.0,3.0,0.0,0.0,0.0,52,"Valid, but borrower usually absent",Change the visit time,Premises locked or met family; shift visit to evening/weekend slot
AD002732,AC002119,residence,kyc_origination,2026-04-01,T2,"HOUSE 37,6 CLOSE TO GOVT SCHOOL, TILAK NAGAR, DEVGARH NAGAR - 970204",0,,0.0,,,,,,,,68,Valid and occupied,Visit,Unvisited address with complete description; schedule initial field visit
AD002733,AC002120,residence,kyc_origination,2026-04-01,T2,"House 287, near Ganesh Temple, Azad Mohalla, Devgarh Nagar - 970203",0,,0.0,,,,,,,,67,Valid and occupied,Visit,Unvisited address with complete description; schedule initial field visit
AD002734,AC002120,office,kyc_origination,2026-04-01,T2,446/1 gali no. 6 barat ghar ke pass azad mohalla devgarh nagar - 970230,0,,0.0,,,,,,,,71,Valid and occupied,Visit,Unvisited address with complete description; schedule initial field visit
AD002735,AC002121,residence,kyc_origination,2026-04-01,T3,h.no. 385 blk a rd 1 lakeview phase 2 navanagara east - 980304,5,met_borrower,1495.0,1.0,2.0,0.0,0.0,0.0,2.0,0.0,62,Valid and occupied,Visit,Borrower confirmed at address on prior visit; schedule visit
AD002736,AC002122,residence,kyc_origination,2026-04-01,T3,"#87, Blk C, Rd 4, Sarkari School ke paas, Unity Nagar, Navanagara East - 980304",0,,0.0,,,,,,,,79,Valid and occupied,Visit,Unvisited address with complete description; schedule initial field visit
AD002737,AC002123,residence,kyc_origination,2026-04-01,T3,"nr Bus Stop, Lakeview Phase 2, Navanagara East - 980303",8,met_borrower,1187.0,3.0,1.0,1.0,0.0,0.0,3.0,0.0,55,Valid and occupied,Visit,Borrower confirmed at address on prior visit; schedule visit
AD002738,AC002124,residence,kyc_origination,2026-04-01,T1,"No. 80, 4th Cross, 1st Main Rd, Medical Shop hattira, Ashoka Lyt, Kaveripura - 960104",0,,0.0,,,,,,,,85,Valid and occupied,Visit,Unvisited address with complete description; schedule initial field visit
AD002739,AC002125,residence,kyc_origination,2026-04-01,T3,h.ni. 397 annapoorna nilaya bus stop hinde teachers colony navanagara east - 980302,0,,0.0,,,,,,,,83,Valid and occupied,Visit,Unvisited address with complete description; schedule initial field visit
AD002740,AC002126,residence,kyc_origination,2026-04-01,T1,"#215, 10TH CROSS, 7TH MAIN, VINAYAKA NAGR, KAVERIPURA - 960104",0,,0.0,,,,,,,,62,Valid and occupied,Visit,Unvisited address with complete description; schedule initial field visit
AD002741,AC002127,residence,kyc_origination,2026-04-01,T2,"Hiuse 187, Gali 5, near Govt School, Indira Colony, Devgarh Nagar - 970202",1,locked_premises,98.0,0.0,0.0,1.0,0.0,0.0,0.0,0.0,74,"Valid, but borrower usually absent",Change the visit time,Premises locked or met family; shift visit to evening/weekend slot
AD002742,AC002127,office,kyc_origination,2026-04-01,T2,"House 115, Gali no-12, मेडिकल स्टोर के सामने, Shivaji Nagar, Devgarh Nagar - 970202",0,,0.0,,,,,,,,83,Valid and occupied,Visit,Unvisited address with complete description; schedule initial field visit
AD002743,AC002128,residence,kyc_origination,2026-04-01,T3,"#392, B Block, 6th Roda, near Ganesh Temple, Defence Colony, Navanagara East - 980301",0,,0.0,,,,,,,,85,Valid and occupied,Visit,Unvisited address with complete description; schedule initial field visit
AD002744,AC002129,residence,kyc_origination,2026-04-01,T1,"#215, 4th Cross, 1st Main Rd, Vidya Nagar, Kaveripura - 960103",6,locked_premises,206.0,1.0,0.0,1.0,0.0,0.0,4.0,0.0,62,Valid and occupied,Visit,Borrower confirmed at address on prior visit; schedule visit
AD002745,AC002129,permanent_native,kyc_origination,2026-04-01,OUT,"Village Rampura Kalan, Tehsil D, District West - 993873",0,,0.0,,,,,,,,55,Valid and occupied,Visit,Unvisited address with complete description; schedule initial field visit
AD002746,AC002130,residence,kyc_origination,2026-04-01,T1,house 40 4th cross 3rd main park hattira nehru colny kaveripura - 960102,0,,0.0,,,,,,,,72,Valid and occupied,Visit,Unvisited address with complete description; schedule initial field visit
AD002747,AC002130,permanent_native,kyc_origination,2026-04-01,OUT,"Village Devipur, Taluk A, District South - 994087",0,,0.0,,,,,,,,49,Valid and occupied,Visit,Unvisited address with complete description; schedule initial field visit
AD002748,AC002131,residence,kyc_origination,2026-04-01,T2,"House 204, Gali 10, Patel Ngr, Devgarh Ngr - 970202",6,met_family,472.0,1.0,4.0,1.0,0.0,0.0,0.0,0.0,51,Valid and occupied,Visit,Borrower confirmed at address on prior visit; schedule visit
AD002749,AC002131,office,kyc_origination,2026-04-01,T2,"5/2, गली नं. 3, मस्जिद के पास, Shastri Nagar, Devgarh Nagar - 970201",2,locked_premises,155.0,0.0,0.0,1.0,0.0,0.0,1.0,0.0,68,"Valid, but borrower usually absent",Change the visit time,Premises locked or met family; shift visit to evening/weekend slot
AD002750,AC002132,residence,kyc_origination,2026-04-01,T2,"465/2, GALI NO-7, PARK KE PAAS, AZAD MOHALLA, DEVGARH NGR - 970203",1,met_family,241.0,0.0,1.0,0.0,0.0,0.0,0.0,0.0,66,"Valid, but borrower usually absent",Change the visit time,Premises locked or met family; shift visit to evening/weekend slot
AD002751,AC002133,residence,kyc_origination,2026-04-01,T2,"H.NO. 15, गली नं. 3, बारात घर के पास, NEHRU COL, DEVGARH NGR - 970203",7,met_borrower,361.0,1.0,3.0,2.0,0.0,0.0,1.0,0.0,69,Valid and occupied,Visit,Borrower confirmed at address on prior visit; schedule visit
AD002752,AC002133,office,kyc_origination,2026-04-01,T2,"#179, GALI NO. 1, WARD 7, BUS ADDA KE SAAMNE, GANDHI BASTI, DEVGARH NAGAR - 970203",1,address_not_traceable,61.0,0.0,0.0,0.0,0.0,0.0,1.0,0.0,82,Hard to find on the ground,Resolve the location (Problem Statement 3) before writing it off,Detailed address but agent could not locate pin (61s dwell); resolve geocode (PS3)
AD002753,AC002134,residence,kyc_origination,2026-04-01,T3,"F Block, 4th Rd., nr Bus Stop, Lakeview Phase 2, Navanagara East - 980303",0,,0.0,,,,,,,,73,Valid and occupied,Visit,Unvisited address with complete description; schedule initial field visit
AD002754,AC002134,office,kyc_origination,2026-04-01,T3,"142/3, Sai Residency, Blk F, Rd 2, nr. Masjid, Sunrise Enclave, Navanagara East - 980301",0,,0.0,,,,,,,,88,Valid and occupied,Visit,Unvisited address with complete description; schedule initial field visit
AD002755,AC002135,residence,kyc_origination,2026-04-01,T3,house 168 blk b rd 6 close to hanuman temple green park layt navanagara east - 980301,1,neighbour_says_shifted,202.0,0.0,0.0,0.0,1.0,0.0,0.0,0.0,85,Borrower has moved,Trace the new address,Neighbours or occupants confirmed borrower relocated; trace new address
AD002756,AC002136,residence,kyc_origination,2026-04-01,T3,"Blk B, Rd 6, Bus Adda ke paas, Navanagara East - 980304",7,met_family,380.0,1.0,2.0,0.0,0.0,0.0,4.0,0.0,55,Valid and occupied,Visit,Borrower confirmed at address on prior visit; schedule visit
AD002757,AC002137,residence,kyc_origination,2026-04-01,T1,"#352, 5TH CROSS, 1ST MAIN, NEAR MASJID, NEHRU COLONY, KAVERIPURA",5,locked_premises,93.0,0.0,0.0,2.0,3.0,0.0,0.0,0.0,64,"Valid, but borrower usually absent",Change the visit time,Premises locked or met family; shift visit to evening/weekend slot
AD002758,AC002138,residence,kyc_origination,2026-04-01,T3,no. 96 a block 4th road bus nildana edhuru silver oak layout navanagara east - 980302,0,,0.0,,,,,,,,85,Valid and occupied,Visit,Unvisited address with complete description; schedule initial field visit
AD002759,AC002138,office,kyc_origination,2026-04-01,T3,#269 blk d rd 1 unity nagar navanagara east - 980302,0,,0.0,,,,,,,,52,Valid and occupied,Visit,Unvisited address with complete description; schedule initial field visit
AD002760,AC002139,residence,kyc_origination,2026-04-01,T3,"254/2, Blk B, Rd 6, b/h Mosque, Orchid Enclave, Navaanagara East - 980301",0,,0.0,,,,,,,,73,Valid and occupied,Visit,Unvisited address with complete description; schedule initial field visit
AD002761,AC002139,office,kyc_origination,2026-04-01,T3,"House 307, Petrol Bunk hattira, Green Park Layout, Navanagara East - 980301",1,no_such_person,91.0,0.0,0.0,0.0,0.0,1.0,0.0,0.0,75,Borrower has moved,Trace the new address,Neighbours or occupants confirmed borrower relocated; trace new address
AD002762,AC002140,residence,kyc_origination,2026-04-01,T1,"159/3, 3RD CROS, 2ND MAIN, CLOSE TO MEDICAL STORE, ASHOKA LAYOUT, KAVERIPURA - 960104",1,met_borrower,1481.0,1.0,0.0,0.0,0.0,0.0,0.0,0.0,85,Valid and occupied,Visit,Borrower confirmed at address on prior visit; schedule visit
AD002763,AC002141,residence,kyc_origination,2026-04-01,T2,"GALI NO. 4, PATEL NAGAR, DEVGARH NAGR - 970203",5,address_not_traceable,87.0,2.0,0.0,1.0,0.0,0.0,2.0,0.0,46,Valid and occupied,Visit,Borrower confirmed at address on prior visit; schedule visit
AD002764,AC002142,residence,kyc_origination,2026-04-01,T1,"HOUSE 219, SHANTI KUNJ, 3RD CROSS, 2ND MAIN RD, OPP CHURCH, GANDHI NAGAR, KOVERIPURA - 960102",3,met_borrower,1478.0,2.0,0.0,0.0,0.0,0.0,1.0,0.0,93,Valid and occupied,Visit,Borrower confirmed at address on prior visit; schedule visit
AD002765,AC002142,office,kyc_origination,2026-04-01,T1,"#208, 3RD CROSS, 2ND MN, KUVEMPU LAYOUT, KAVERIPURA - 960102",1,locked_premises,216.0,0.0,0.0,1.0,0.0,0.0,0.0,0.0,60,"Valid, but borrower usually absent",Change the visit time,Premises locked or met family; shift visit to evening/weekend slot
AD002766,AC002143,residence,kyc_origination,2026-04-01,T1,"#75, 10th Cross, 3rd Main, Ganesh Mandir ke piche, Nehru Colony, Kaveripura - 960102",2,neighbour_says_shifted,391.0,0.0,0.0,1.0,1.0,0.0,0.0,0.0,84,"Valid, but borrower usually absent",Change the visit time,Premises locked or met family; shift visit to evening/weekend slot
AD002767,AC002144,residence,kyc_origination,2026-04-01,T1,"NO. 421, LAKSHMI NILAYA, 2ND CROSS, 7TH MAAIN, KAVERIPURA - 960104",4,address_not_traceable,57.0,0.0,0.0,0.0,0.0,0.0,4.0,0.0,66,Hard to find on the ground,Resolve the location (Problem Statement 3) before writing it off,Detailed address but agent could not locate pin (57s dwell); resolve geocode (PS3)
AD002768,AC002145,residence,kyc_origination,2026-04-01,T3,"No. 419, Blk F, Rd 5, close to Medicals, Orchid Enclave, Navanagara East - 980301",0,,0.0,,,,,,,,81,Valid and occupied,Visit,Unvisited address with complete description; schedule initial field visit
AD002769,AC002145,office,kyc_origination,2026-04-01,T3,"67/3, D Block, 1st Road, Royal Gardens, Navanagara East - 980303",0,,0.0,,,,,,,,64,Valid and occupied,Visit,Unvisited address with complete description; schedule initial field visit
AD002770,AC002146,residence,kyc_origination,2026-04-01,T2,"338/2, GALI NO-5, WARD 5, डाकघर के पास, SUBHASH NAGAR, DEVGARH NAGR",1,address_not_traceable,103.0,0.0,0.0,0.0,0.0,0.0,1.0,0.0,67,Hard to find on the ground,Resolve the location (Problem Statement 3) before writing it off,Detailed address but agent could not locate pin (103s dwell); resolve geocode (PS3)
AD002771,AC002147,residence,kyc_origination,2026-04-01,T1,"No. 308, nr. Masjid, Kaveripura - 960102",9,locked_premises,207.0,1.0,2.0,2.0,0.0,0.0,4.0,0.0,40,Valid and occupied,Visit,Borrower confirmed at address on prior visit; schedule visit
AD002772,AC002148,residence,kyc_origination,2026-04-01,T2,"House 142, Gali 10, Ward 10, close to Post Office, Krishna Puri, Devgarh Nagar - 970202",6,met_family,375.0,0.0,4.0,1.0,0.0,0.0,1.0,0.0,87,"Valid, but borrower usually absent",Change the visit time,Premises locked or met family; shift visit to evening/weekend slot
AD002773,AC002149,residence,kyc_origination,2026-04-01,T1,"176/3, Basava Nagar, Kaveripura - 960101",0,,0.0,,,,,,,,40,Valid and occupied,Visit,Unvisited address with complete description; schedule initial field visit
AD002774,AC002150,residence,kyc_origination,2026-04-01,T1,"#11, CHURCH HATTIRA, KUVOMPU LAYT, KAVERIPURA - 960103",0,,0.0,,,,,,,,54,Valid and occupied,Visit,Unvisited address with complete description; schedule initial field visit
AD002775,AC002150,office,kyc_origination,2026-04-01,T1,"NO. 91, 12TH CROSS, 7TH MAIN, NR GOVT SCHOL, GANDHI NAGAR, KAVERIPURA - 960102",0,,0.0,,,,,,,,78,Valid and occupied,Visit,Unvisited address with complete description; schedule initial field visit
AD002776,AC002151,residence,kyc_origination,2026-04-01,T3,tanki ke pas defence colony navanagara east - 980301,0,,0.0,,,,,,,,52,Valid and occupied,Visit,Unvisited address with complete description; schedule initial field visit
AD002777,AC002152,residence,kyc_origination,2026-04-01,T2,"No. 168, गली नं. 1, Ward 7, Gandhi Basti, Devgarh Nagar - 970203",0,,0.0,,,,,,,,64,Valid and occupied,Visit,Unvisited address with complete description; schedule initial field visit
AD002778,AC002153,residence,kyc_origination,2026-04-01,T3,girja ghar ke paas sunrise enclave navanagara east - 980304,1,locked_premises,81.0,0.0,0.0,1.0,0.0,0.0,0.0,0.0,59,"Valid, but borrower usually absent",Change the visit time,Premises locked or met family; shift visit to evening/weekend slot
AD002779,AC002154,residence,kyc_origination,2026-04-01,T1,h.no. 398 sarkari school ke paas shanthi nagar kaveripura - 960101,0,,0.0,,,,,,,,66,Valid and occupied,Visit,Unvisited address with complete description; schedule initial field visit
AD002780,AC002154,permanent_native,kyc_origination,2026-04-01,OUT,"Village Devipur, Tehsil C, District West - 991274",0,,0.0,,,,,,,,49,Valid and occupied,Visit,Unvisited address with complete description; schedule initial field visit
AD002781,AC002155,residence,kyc_origination,2026-04-01,T1,"H.NO. 333, 2ND CROSS, 8TH MAIN, NEHRU COL, KAVERIPURA - 960102",0,,0.0,,,,,,,,62,Valid and occupied,Visit,Unvisited address with complete description; schedule initial field visit
AD002782,AC002156,residence,kyc_origination,2026-04-01,T3,"House 70, Blk A, Rd 6, Unity Nagar, Navanagara East - 980302",0,,0.0,,,,,,,,60,Valid and occupied,Visit,Unvisited address with complete description; schedule initial field visit
AD002783,AC002157,residence,kyc_origination,2026-04-01,T1,house 359 near hanuman temple nehru colony kaveripura - 960102,1,address_not_traceable,115.0,0.0,0.0,0.0,0.0,0.0,1.0,0.0,62,Hard to find on the ground,Resolve the location (Problem Statement 3) before writing it off,Detailed address but agent could not locate pin (115s dwell); resolve geocode (PS3)
AD002784,AC002158,residence,kyc_origination,2026-04-01,T2,283/1 gali 2 opposite mosque shastri nagr devgarh nagar - 970201,6,address_not_traceable,108.0,0.0,0.0,0.0,0.0,3.0,3.0,0.0,64,Hard to find on the ground,Resolve the location (Problem Statement 3) before writing it off,Detailed address but agent could not locate pin (108s dwell); resolve geocode (PS3)
AD002785,AC002159,residence,kyc_origination,2026-04-01,T3,blk d rd 1 palm meadows navanagara east - 980302,0,,0.0,,,,,,,,48,Valid and occupied,Visit,Unvisited address with complete description; schedule initial field visit
AD002786,AC002159,office,kyc_origination,2026-04-01,T3,"H.No. 221, Doodh Dairy ke pass, Railway Colony, Navanagara East - 980304",0,,0.0,,,,,,,,72,Valid and occupied,Visit,Unvisited address with complete description; schedule initial field visit
AD002787,AC002160,residence,kyc_origination,2026-04-01,T2,"#346, Gali No. 2, Ward 1, behind Hanuman Teemple, Shivaji Ngr, Devgarh Nagar - 970201",0,,0.0,,,,,,,,85,Valid and occupied,Visit,Unvisited address with complete description; schedule initial field visit
AD002788,AC002160,office,kyc_origination,2026-04-01,T2,"#211, Gali No. 3, बारात घर के सामने, Azad Mohalla, Devgarh Nagr - 970203",1,neighbour_says_shifted,157.0,0.0,0.0,0.0,1.0,0.0,0.0,0.0,72,Borrower has moved,Trace the new address,Neighbours or occupants confirmed borrower relocated; trace new address
AD002789,AC002161,residence,kyc_origination,2026-04-01,T3,"186/1, Blk D, Rd 4, close to Petrol Bunk, Railway Colny, Navanagara East - 980304",0,,0.0,,,,,,,,81,Valid and occupied,Visit,Unvisited address with complete description; schedule initial field visit
AD002790,AC002161,permanent_native,kyc_origination,2026-04-01,OUT,"Village Kodihalli, Tehsil D, District East - 997375",0,,0.0,,,,,,,,51,Valid and occupied,Visit,Unvisited address with complete description; schedule initial field visit
AD002791,AC002162,residence,kyc_origination,2026-04-01,T3,house 366 d block 1st road navanagara east,2,address_not_traceable,54.0,1.0,0.0,0.0,0.0,0.0,1.0,0.0,42,Valid and occupied,Visit,Borrower confirmed at address on prior visit; schedule visit
AD002792,AC002163,residence,kyc_origination,2026-04-01,T1,#362 12th cross 8th main near mosque ashoka layout kaveripura - 96014,3,met_borrower,571.0,1.0,0.0,0.0,0.0,0.0,2.0,0.0,69,Valid and occupied,Visit,Borrower confirmed at address on prior visit; schedule visit
AD002793,AC002164,residence,kyc_origination,2026-04-01,T1,"H.No. 391, 3rd Cross, 4th Main, ಗಣಪತಿ ದೇವಸ್ಥಾನ ಹತ್ತಿರ, Kaveripura - 960104",1,met_borrower,374.0,1.0,0.0,0.0,0.0,0.0,0.0,0.0,74,Valid and occupied,Visit,Borrower confirmed at address on prior visit; schedule visit
AD002794,AC002165,residence,kyc_origination,2026-04-01,T2,"NO. 333, GALI 3, MEDICAL STORE KE PASS, PATEL NAGAR, DEVGARH NAGAR - 970202",9,address_not_traceable,56.0,0.0,2.0,5.0,0.0,0.0,2.0,0.0,75,"Valid, but borrower usually absent",Change the visit time,Premises locked or met family; shift visit to evening/weekend slot
AD002795,AC002166,residence,kyc_origination,2026-04-01,T1,"H.No. 289, 11th Cross, 5th Main, opp. Church, Anjaneya Badavane, Kaveripura - 960103",0,,0.0,,,,,,,,84,Valid and occupied,Visit,Unvisited address with complete description; schedule initial field visit
AD002796,AC002167,residence,kyc_origination,2026-04-01,T2,#37 gali no-12 devgarh nagar,6,address_not_traceable,111.0,2.0,0.0,0.0,0.0,0.0,4.0,0.0,28,Valid and occupied,Visit,Borrower confirmed at address on prior visit; schedule visit
AD002797,AC002167,permanent_native,kyc_origination,2026-04-01,OUT,"Village Bilagi, Tehsil C, District West - 996383",0,,0.0,,,,,,,,48,Valid and occupied,Visit,Unvisited address with complete description; schedule initial field visit
AD002798,AC002168,residence,kyc_origination,2026-04-01,T2,"467/2, GALI NO. 8, AZAD MOHALLA, DEVGARH NAGR - 970203",2,met_borrower,669.0,1.0,0.0,1.0,0.0,0.0,0.0,0.0,54,Valid and occupied,Visit,Borrower confirmed at address on prior visit; schedule visit
AD002799,AC002169,residence,kyc_origination,2026-04-01,T3,"House 92, Sri Krishna Nivas, Blk A, Rd 3, Lakeview Phase 2, Navanagara East - 980303",5,locked_premises,85.0,1.0,1.0,3.0,0.0,0.0,0.0,0.0,84,Valid and occupied,Visit,Borrower confirmed at address on prior visit; schedule visit
AD002800,AC002170,residence,kyc_origination,2026-04-01,T3,"149/2, A Block, 4th Road, Anjaneya Gudi hattia, Green Park Layout, Navanagara East - 980301",0,,0.0,,,,,,,,91,Valid and occupied,Visit,Unvisited address with complete description; schedule initial field visit
AD002801,AC002171,residence,kyc_origination,2026-04-01,T1,3rd cross 1st main ಉದ್ಯಾನವನ ಹತ್ತಿರ hosa badavane kaveripura - 960101,2,locked_premises,122.0,0.0,0.0,1.0,1.0,0.0,0.0,0.0,68,"Valid, but borrower usually absent",Change the visit time,Premises locked or met family; shift visit to evening/weekend slot
AD002802,AC002172,residence,kyc_origination,2026-04-01,T1,no. 231 10th crs 4th mn opp pds shop gandhi nagar kaveripura - 960102,5,met_borrower,1484.0,2.0,2.0,0.0,0.0,0.0,1.0,0.0,69,Valid and occupied,Visit,Borrower confirmed at address on prior visit; schedule visit
AD002803,AC002172,office,kyc_origination,2026-04-01,T1,"H.No. 145, 2nd Cross, 7th Main, Ganapathi Gudi hinde, Hosa Badavane, Kaveripura - 960101",1,address_not_traceable,86.0,0.0,0.0,0.0,0.0,0.0,1.0,0.0,88,Hard to find on the ground,Resolve the location (Problem Statement 3) before writing it off,Detailed address but agent could not locate pin (86s dwell); resolve geocode (PS3)
AD002804,AC002173,residence,kyc_origination,2026-04-01,T3,"House 80, Sunrise Enclave, Navanagara East - 980302",0,,0.0,,,,,,,,51,Valid and occupied,Visit,Unvisited address with complete description; schedule initial field visit
AD002805,AC002173,permanent_native,kyc_origination,2026-04-01,OUT,"Village Bilagi, Taluk A, District South - 998311",0,,0.0,,,,,,,,48,Valid and occupied,Visit,Unvisited address with complete description; schedule initial field visit
AD002806,AC002174,residence,kyc_origination,2026-04-01,T1,"224/1, 12th Cross, 3rd Main, ಬಸ್ ನಿಲ್ದಾಣ ಹತ್ತಿರ, Nehru Colny, Kaveripura - 960102",6,neighbour_says_shifted,258.0,0.0,0.0,2.0,1.0,2.0,1.0,0.0,81,"Valid, but borrower usually absent",Change the visit time,Premises locked or met family; shift visit to evening/weekend slot
AD002807,AC002174,office,kyc_origination,2026-04-01,T1,"220/2, 6th Cross, 1st Main Rd, ಗಣಪತಿ ದೇವಸ್ಥಾನ ಹಿಂದೆ, Siddeshwara Colony, Kaveripura - 960102",1,locked_premises,120.0,0.0,0.0,1.0,0.0,0.0,0.0,0.0,92,"Valid, but borrower usually absent",Change the visit time,Premises locked or met family; shift visit to evening/weekend slot
AD002808,AC002175,residence,kyc_origination,2026-04-01,T1,"4TH CROSS, 2ND MN, NEAR MASJID, NEHRU COL, KAVERIPURA - 960102",5,met_borrower,905.0,4.0,0.0,1.0,0.0,0.0,0.0,0.0,62,Valid and occupied,Visit,Borrower confirmed at address on prior visit; schedule visit
AD002809,AC002176,residence,kyc_origination,2026-04-01,T1,#363 ಉದ್ಯಾನವನ ಹಿಂದೆ siddeshwara colny kaveripura - 960102,2,met_family,517.0,1.0,1.0,0.0,0.0,0.0,0.0,0.0,57,Valid and occupied,Visit,Borrower confirmed at address on prior visit; schedule visit
AD002810,AC002176,permanent_native,kyc_origination,2026-04-01,OUT,"Village Sundarpur, Taluk B, District West - 995400",0,,0.0,,,,,,,,50,Valid and occupied,Visit,Unvisited address with complete description; schedule initial field visit
AD002811,AC002177,residence,kyc_origination,2026-04-01,T2,"Park ke pass, Ambedkar Nagr, Devgarh Nagar - 970204",1,met_borrower,1093.0,1.0,0.0,0.0,0.0,0.0,0.0,0.0,51,Valid and occupied,Visit,Borrower confirmed at address on prior visit; schedule visit
AD002812,AC002178,residence,kyc_origination,2026-04-01,T1,"12th Cross, 1st Main, close to Bus Stand, Hosa Badavane, Kaveripura - 960101",4,met_borrower,1256.0,1.0,1.0,2.0,0.0,0.0,0.0,0.0,76,Valid and occupied,Visit,Borrower confirmed at address on prior visit; schedule visit
AD002813,AC002178,office,kyc_origination,2026-04-01,T1,"393/2, 3rd Cross, 4th Main Rd, near Ganapathi Temple, Ashoka Layout, Kaveripura - 960104",1,locked_premises,226.0,0.0,0.0,1.0,0.0,0.0,0.0,0.0,88,"Valid, but borrower usually absent",Change the visit time,Premises locked or met family; shift visit to evening/weekend slot
AD002814,AC002179,residence,kyc_origination,2026-04-01,T1,"House 74, 1st Cross, 6th Main, Milk Dairy hattira, Basava Nagar, Kaveripura - 960101",6,neighbour_says_shifted,255.0,0.0,0.0,2.0,3.0,1.0,0.0,0.0,84,"Valid, but borrower usually absent",Change the visit time,Premises locked or met family; shift visit to evening/weekend slot
AD002815,AC002180,residence,kyc_origination,2026-04-01,T1,10th cross 5th main rd opposite bus stop kaveripura - 960102,0,,0.0,,,,,,,,60,Valid and occupied,Visit,Unvisited address with complete description; schedule initial field visit
AD002816,AC002181,residence,kyc_origination,2026-04-01,T3,"Blk E, Rd 5, nr. Mosque, Navanagara Eust - 980304",0,,0.0,,,,,,,,49,Valid and occupied,Visit,Unvisited address with complete description; schedule initial field visit
AD002817,AC002181,office,kyc_origination,2026-04-01,T3,"close to Pharmacy, Teachers Colony, Navanagara East - 980302",0,,0.0,,,,,,,,60,Valid and occupied,Visit,Unvisited address with complete description; schedule initial field visit
AD002818,AC002182,residence,kyc_origination,2026-04-01,T1,h.no. 113 medical shop eduru anjaneya badavane kaveripura - 960103,3,no_such_person,171.0,0.0,0.0,0.0,1.0,1.0,1.0,0.0,66,Borrower has moved,Trace the new address,Neighbours or occupants confirmed borrower relocated; trace new address
AD002819,AC002183,residence,kyc_origination,2026-04-01,T3,"NO. 330, BLK C, RD 4, ಮೆಡಿಕಲ್ ಶಾಪ್ ಎದುರು, NAVANAGARA EAST - 980302",7,met_borrower,215.0,5.0,1.0,0.0,0.0,0.0,1.0,0.0,66,Valid and occupied,Visit,Borrower confirmed at address on prior visit; schedule visit
AD002820,AC002184,residence,kyc_origination,2026-04-01,T2,"House 188, गली नं. 8, Ward 11, गणेश मंदिर के पास, Patel Nagar, Devgarh Nagar - 970202",5,address_not_traceable,77.0,0.0,2.0,2.0,0.0,0.0,1.0,0.0,85,"Valid, but borrower usually absent",Change the visit time,Premises locked or met family; shift visit to evening/weekend slot
AD002821,AC002185,residence,kyc_origination,2026-04-01,T2,no. 89 gali no-5 ward 11 near milk dairy patel nagar devgarh nagr - 970202,9,met_borrower,1461.0,3.0,2.0,2.0,0.0,0.0,1.0,1.0,74,Valid and occupied,Visit,Borrower confirmed at address on prior visit; schedule visit
AD002822,AC002186,residence,kyc_origination,2026-04-01,T3,"No. 356, Blk E, Rd 6, Teachers Col, Navanagara East - 980302",0,,0.0,,,,,,,,60,Valid and occupied,Visit,Unvisited address with complete description; schedule initial field visit
AD002823,AC002187,residence,kyc_origination,2026-04-01,T2,gali no-10 ward 5 subhash nagar devgarh nagar - 970201,1,address_not_traceable,114.0,0.0,0.0,0.0,0.0,0.0,1.0,0.0,54,Hard to find on the ground,Resolve the location (Problem Statement 3) before writing it off,Detailed address but agent could not locate pin (114s dwell); resolve geocode (PS3)
AD002824,AC002187,office,kyc_origination,2026-04-01,T2,h.no. 210 opposite bus stand azad mohalla devgarh ngr - 970203,0,,0.0,,,,,,,,62,Valid and occupied,Visit,Unvisited address with complete description; schedule initial field visit
AD002825,AC002188,residence,kyc_origination,2026-04-01,T1,no. 183 green view apts 5th cross 4th main rd church ke pass gandhi nagar kaveripura - 960102,2,locked_premises,87.0,0.0,0.0,2.0,0.0,0.0,0.0,0.0,93,"Valid, but borrower usually absent",Change the visit time,Premises locked or met family; shift visit to evening/weekend slot
AD002826,AC002189,residence,kyc_origination,2026-04-01,T2,"#47, Gali 5, Ward 12, near Water Tank, Tilak Ngr, Devgarh Nagar",0,,0.0,,,,,,,,63,Valid and occupied,Visit,Unvisited address with complete description; schedule initial field visit
AD002827,AC002190,residence,kyc_origination,2026-04-01,T1,"10TH CROSS, 4TH MN, COMMUNITY HALL KE PASS, ASHOKA LAYOUT, KAVERIPURA - 960103",0,,0.0,,,,,,,,78,Valid and occupied,Visit,Unvisited address with complete description; schedule initial field visit
AD002828,AC002191,residence,kyc_origination,2026-04-01,T1,"1ST CROSS, 2ND MN, NEAR GANESH TEMPLE, KAVERIPURA - 960104",2,locked_premises,167.0,0.0,0.0,1.0,0.0,0.0,1.0,0.0,58,"Valid, but borrower usually absent",Change the visit time,Premises locked or met family; shift visit to evening/weekend slot
AD002829,AC002192,residence,kyc_origination,2026-04-01,T3,"246/2, F BLK, 4TH RD, SILVER OAK LAYT, NAVANAGARA EAST - 980301",1,met_borrower,1403.0,1.0,0.0,0.0,0.0,0.0,0.0,0.0,63,Valid and occupied,Visit,Borrower confirmed at address on prior visit; schedule visit
AD002830,AC002193,residence,kyc_origination,2026-04-01,T3,"NO. 258, BLK B, RD 6, NEERINA TANK HINDHE, PALM MEADOWS, NAVANAGARA EAST - 9800302",0,,0.0,,,,,,,,82,Valid and occupied,Visit,Unvisited address with complete description; schedule initial field visit
AD002831,AC002194,residence,kyc_origination,2026-04-01,T2,#320 gai 2 ration ki dukaan ke paas azad mohalla devgarh nagar - 970203,0,,0.0,,,,,,,,71,Valid and occupied,Visit,Unvisited address with complete description; schedule initial field visit
AD002832,AC002195,residence,kyc_origination,2026-04-01,T2,"NO. 52, GALI NO. 10, NEAR OVERHEAD TANK, KRISHNA PURI, DEVGARH NAGAR - 970202",3,met_family,466.0,0.0,2.0,1.0,0.0,0.0,0.0,0.0,77,"Valid, but borrower usually absent",Change the visit time,Premises locked or met family; shift visit to evening/weekend slot
AD002833,AC002195,office,kyc_origination,2026-04-01,T2,"NO. 475, GREEN VIEW ATPS, TILAK NAGR, DEVGARH NAGAR - 970204",1,met_borrower,321.0,1.0,0.0,0.0,0.0,0.0,0.0,0.0,60,Valid and occupied,Visit,Borrower confirmed at address on prior visit; schedule visit
AD002834,AC002196,residence,kyc_origination,2026-04-01,T2,"325/3, Shanti Kunj, Ganesh Mandir ke pass, Devgarh Nagar - 970203",0,,0.0,,,,,,,,65,Valid and occupied,Visit,Unvisited address with complete description; schedule initial field visit
AD002835,AC002197,residence,kyc_origination,2026-04-01,T1,no. 370 nr. milk dairy nehru colony kaveripura - 960102,0,,0.0,,,,,,,,55,Valid and occupied,Visit,Unvisited address with complete description; schedule initial field visit
AD002836,AC002197,office,kyc_origination,2026-04-01,T1,house 406 ration angadi hattira kaveripura - 960102,0,,0.0,,,,,,,,51,Valid and occupied,Visit,Unvisited address with complete description; schedule initial field visit
AD002837,AC002198,residence,kyc_origination,2026-04-01,T1,"3RD CRS, 4TH MAIN, NR. COMMUNITY HALL, GANDHI NAGR, KAVERIPURA - 960104",0,,0.0,,,,,,,,71,Valid and occupied,Visit,Unvisited address with complete description; schedule initial field visit
AD002838,AC002199,residence,kyc_origination,2026-04-01,T2,"No. 431, Gali No. 10, near Overhead Tank, Krishna Puri, Devgarh Nagar - 970202",2,address_not_traceable,103.0,0.0,0.0,0.0,0.0,0.0,2.0,0.0,78,Hard to find on the ground,Resolve the location (Problem Statement 3) before writing it off,Detailed address but agent could not locate pin (103s dwell); resolve geocode (PS3)
AD002839,AC002199,office,kyc_origination,2026-04-01,T2,"No. 361, Gali No. 10, nr Government School, Shastri Ngr, Devgarh Nagar - 970201",0,,0.0,,,,,,,,79,Valid and occupied,Visit,Unvisited address with complete description; schedule initial field visit
AD002840,AC002200,residence,kyc_origination,2026-04-01,T1,"310/2, 9th Crs, 3rd Main Rd, Kuvempu Layout, Kaveripura - 960102",0,,0.0,,,,,,,,64,Valid and occupied,Visit,Unvisited address with complete description; schedule initial field visit
AD002841,AC002201,residence,kyc_origination,2026-04-01,T1,"339/3, 11th Cross, 8th Main, ಪೆಟ್ರೋಲ್ ಬಂಕ್ ಹತ್ತಿರ, Siddeshwara Colony, Kaveripura - 960102",2,met_family,281.0,0.0,1.0,1.0,0.0,0.0,0.0,0.0,90,"Valid, but borrower usually absent",Change the visit time,Premises locked or met family; shift visit to evening/weekend slot
AD002842,AC002202,residence,kyc_origination,2026-04-01,T2,"H.NO. 40,0 GALI 11, SARKARI SCHOOL KE PAAS, SHASTRI NAGAR, DEVGARH NGR - 970201",2,address_not_traceable,78.0,0.0,1.0,0.0,0.0,0.0,1.0,0.0,79,Hard to find on the ground,Resolve the location (Problem Statement 3) before writing it off,Detailed address but agent could not locate pin (78s dwell); resolve geocode (PS3)
AD002843,AC002203,residence,kyc_origination,2026-04-01,T2,144/1 gali no-5 shastri nagar devgarh nagar - 970201,0,,0.0,,,,,,,,52,Valid and occupied,Visit,Unvisited address with complete description; schedule initial field visit
AD002844,AC002203,office,kyc_origination,2026-04-01,T2,shivaji nagar devgarh nagar - 970202,0,,0.0,,,,,,,,36,Valid and occupied,Visit,Unvisited address with complete description; schedule initial field visit
AD002845,AC002204,residence,kyc_origination,2026-04-01,T1,"#406, 3rd Cross, 2nd Mn, Shanthi Ngr, Kaveripura - 960101",1,address_not_traceable,34.0,0.0,0.0,0.0,0.0,0.0,1.0,0.0,57,Hard to find on the ground,Resolve the location (Problem Statement 3) before writing it off,Detailed address but agent could not locate pin (34s dwell); resolve geocode (PS3)
AD002846,AC002204,office,kyc_origination,2026-04-01,T1,"11th Cross, 3rd Mn, Vidya Nagar, Kaveripura - 960103",0,,0.0,,,,,,,,52,Valid and occupied,Visit,Unvisited address with complete description; schedule initial field visit
AD002847,AC002205,residence,kyc_origination,2026-04-01,T3,"198/2, C Blk., 1st Rd., opposite Medicals, Teachers Colony, Navanagara East - 980302",1,address_not_traceable,51.0,0.0,0.0,0.0,0.0,0.0,1.0,0.0,84,Hard to find on the ground,Resolve the location (Problem Statement 3) before writing it off,Detailed address but agent could not locate pin (51s dwell); resolve geocode (PS3)
AD002848,AC002206,residence,kyc_origination,2026-04-01,T3,"#274, Blk E, Rd 1, nr. Government School, Teachers Colony, Navanagara East - 980302",6,locked_premises,85.0,0.0,0.0,3.0,2.0,1.0,0.0,0.0,83,"Valid, but borrower usually absent",Change the visit time,Premises locked or met family; shift visit to evening/weekend slot
AD002849,AC002207,residence,kyc_origination,2026-04-01,T2,"453/1, GANGA APARTMENTS, गली नं. 2, मेडिकल स्टोर के सामने, PATEL NGR, DEVGARH NGR - 970202",5,met_borrower,937.0,5.0,0.0,0.0,0.0,0.0,0.0,0.0,90,Valid and occupied,Visit,Borrower confirmed at address on prior visit; schedule visit
AD002850,AC002208,residence,kyc_origination,2026-04-01,T1,"12th Cross, 8th Main, Anjaneya Badavane, Kaveripura - 960103",0,,0.0,,,,,,,,60,Valid and occupied,Visit,Unvisited address with complete description; schedule initial field visit
AD002851,AC002209,residence,kyc_origination,2026-04-01,T2,"161/2, Gali No. 8, cose to Hanuman Temple, Shastir Nagr, Devgarh Ngr - 970201",0,,0.0,,,,,,,,77,Valid and occupied,Visit,Unvisited address with complete description; schedule initial field visit
AD002852,AC002210,residence,kyc_origination,2026-04-01,T3,house 38 c block 3rd road neerina tank hattira sunrise enclave navanagara east - 980304,1,met_borrower,704.0,1.0,0.0,0.0,0.0,0.0,0.0,0.0,87,Valid and occupied,Visit,Borrower confirmed at address on prior visit; schedule visit
AD002853,AC002211,residence,kyc_origination,2026-04-01,T2,"#161, Gali No. 5, Ward 12, Tilak Nagar, Devgarh Nagar - 970204",0,,0.0,,,,,,,,62,Valid and occupied,Visit,Unvisited address with complete description; schedule initial field visit
AD002854,AC002212,residence,kyc_origination,2026-04-01,T2,314/2 gali no-5 ward 11 girja ghar ke paas patel nagar devgarh nagar - 970202,0,,0.0,,,,,,,,77,Valid and occupied,Visit,Unvisited address with complete description; schedule initial field visit
AD002855,AC002213,residence,kyc_origination,2026-04-01,T1,"7th Cross, 8th Main, ಮಸೀದಿ ಹತ್ತಿರ, Vidya Nagar, Kaveripura - 960103",0,,0.0,,,,,,,,67,Valid and occupied,Visit,Unvisited address with complete description; schedule initial field visit
AD002856,AC002214,residence,kyc_origination,2026-04-01,T1,community hall ke paas kaveripura - 960102,0,,0.0,,,,,,,,42,Valid and occupied,Visit,Unvisited address with complete description; schedule initial field visit
AD002857,AC002215,residence,kyc_origination,2026-04-01,T3,"C Block, 2nd Road, near Overhead Tank, Teachers Colony, Navanagara East - 980302",0,,0.0,,,,,,,,80,Valid and occupied,Visit,Unvisited address with complete description; schedule initial field visit
AD002858,AC002216,residence,kyc_origination,2026-04-01,T1,"House 307, 8th Cross, 8th Main Rd, Gandhi Ngr, Kaveripura - 960102",9,met_family,560.0,1.0,7.0,1.0,0.0,0.0,0.0,0.0,66,Valid and occupied,Visit,Borrower confirmed at address on prior visit; schedule visit
AD002859,AC002217,residence,kyc_origination,2026-04-01,T2,"HOUSE 179, AZAD MOHALLA, DEVGARH NAGAR - 970203",0,,0.0,,,,,,,,47,Valid and occupied,Visit,Unvisited address with complete description; schedule initial field visit
AD002860,AC002218,residence,kyc_origination,2026-04-01,T3,"#163, C Block, 5th Road, ಚರ್ಚ್ ಹತ್ತಿರ, Lakeview Phase 2, Navanagara East - 980303",0,,0.0,,,,,,,,81,Valid and occupied,Visit,Unvisited address with complete description; schedule initial field visit
AD002861,AC002219,residence,kyc_origination,2026-04-01,T1,h.no. 62 10th cross 3rd main sarkari school ke pass anjaneya badavane kaveripura - 960103,1,met_family,598.0,0.0,1.0,0.0,0.0,0.0,0.0,0.0,89,"Valid, but borrower usually absent",Change the visit time,Premises locked or met family; shift visit to evening/weekend slot
AD002862,AC002220,residence,kyc_origination,2026-04-01,T3,house 221 blk f rd 2 near mosque palm meadows navanagara east - 980302,3,no_such_person,100.0,0.0,0.0,0.0,1.0,2.0,0.0,0.0,70,Borrower has moved,Trace the new address,Neighbours or occupants confirmed borrower relocated; trace new address
AD002863,AC002221,residence,kyc_origination,2026-04-01,T3,"186/3, Blk E, Rd 5, close to Pharmacy, Orchid Enclave, Navanagara East - 980301",0,,0.0,,,,,,,,79,Valid and occupied,Visit,Unvisited address with complete description; schedule initial field visit
AD002864,AC002221,office,kyc_origination,2026-04-01,T3,"House 242, Blk D, Rd 5, Hanuman Mandir ke saamne, Nevanagara East - 980301",1,met_borrower,1220.0,1.0,0.0,0.0,0.0,0.0,0.0,0.0,74,Valid and occupied,Visit,Borrower confirmed at address on prior visit; schedule visit
AD002865,AC002222,residence,kyc_origination,2026-04-01,T3,house 130 blk d rd 1 b/h milk dairy silver oak layout navanagara east - 980301,1,met_family,192.0,0.0,1.0,0.0,0.0,0.0,0.0,0.0,78,"Valid, but borrower usually absent",Change the visit time,Premises locked or met family; shift visit to evening/weekend slot
AD002866,AC002223,residence,kyc_origination,2026-04-01,T3,house 287 blk f rd 3 nr. hanuman temple lakeview phase 2 navanagara east - 980303,2,neighbour_says_shifted,175.0,0.0,0.0,0.0,1.0,0.0,1.0,0.0,81,Borrower has moved,Trace the new address,Neighbours or occupants confirmed borrower relocated; trace new address
AD002867,AC002224,residence,kyc_origination,2026-04-01,T3,"HOUSE 2, PETROL BUK HATTIRA, RAILWAY COLONY, NAVANAGARA EAST - 980304",6,neighbour_says_shifted,242.0,0.0,0.0,0.0,5.0,1.0,0.0,0.0,69,Borrower has moved,Trace the new address,Neighbours or occupants confirmed borrower relocated; trace new address
AD002868,AC002225,residence,kyc_origination,2026-04-01,T1,"9th Cross, 7th Main Rd, Sarkari Shaale hattira, Hosa Badavane, Kaveripura - 960101",0,,0.0,,,,,,,,82,Valid and occupied,Visit,Unvisited address with complete description; schedule initial field visit
AD002869,AC002226,residence,kyc_origination,2026-04-01,T3,"H.No. 193, D Block, 1st Rd., Ration Dukan ke piche, HMT Colony, Navanagara East - 980301",0,,0.0,,,,,,,,88,Valid and occupied,Visit,Unvisited address with complete description; schedule initial field visit
AD002870,AC002227,residence,kyc_origination,2026-04-01,T2,"H.No. 75, गली नं. 4, Patel Nagar, Devgarh Nagar - 970202",8,locked_premises,211.0,3.0,1.0,3.0,0.0,0.0,1.0,0.0,56,Valid and occupied,Visit,Borrower confirmed at address on prior visit; schedule visit
AD002871,AC002228,residence,kyc_origination,2026-04-01,T3,"A BLOCK, 4TH ROAD, TEACHERS COLONY, NAVANAGARA EAST - 980302",0,,0.0,,,,,,,,60,Valid and occupied,Visit,Unvisited address with complete description; schedule initial field visit
AD002872,AC002229,residence,kyc_origination,2026-04-01,T2,"H.NO. 187, GALI NO. 2, CLOSE TO MILK DAIRY, NEHRU COLONY, DEVGARH NAGAR - 970203",6,met_family,289.0,0.0,3.0,1.0,0.0,0.0,2.0,0.0,80,"Valid, but borrower usually absent",Change the visit time,Premises locked or met family; shift visit to evening/weekend slot
AD002873,AC002230,residence,kyc_origination,2026-04-01,T3,"No. 226, B Block, 1st Road, Church ke peechhe, Silver Oak Layou,t Navanagara East - 980301",1,address_not_traceable,53.0,0.0,0.0,0.0,0.0,0.0,1.0,0.0,90,Hard to find on the ground,Resolve the location (Problem Statement 3) before writing it off,Detailed address but agent could not locate pin (53s dwell); resolve geocode (PS3)
AD002874,AC002230,office,kyc_origination,2026-04-01,T3,"#138, Blk A, Rd 2, Lakeview Phase 2, Navanagara East - 980303",0,,0.0,,,,,,,,61,Valid and occupied,Visit,Unvisited address with complete description; schedule initial field visit
AD002875,AC002231,residence,kyc_origination,2026-04-01,T1,"House 333, 11th Crs, 8th Main, near Government School, Kuvempu Layt, Kaveripura - 96002",3,met_borrower,1270.0,2.0,1.0,0.0,0.0,0.0,0.0,0.0,87,Valid and occupied,Visit,Borrower confirmed at address on prior visit; schedule visit
AD002876,AC002232,residence,kyc_origination,2026-04-01,T1,"2ND CROSS, 2ND MAIN, KALYANA MANTAPA HATTIRA, GANDHI NGR, KAVERIPURA - 960102",0,,0.0,,,,,,,,77,Valid and occupied,Visit,Unvisited address with complete description; schedule initial field visit
AD002877,AC002233,residence,kyc_origination,2026-04-01,T3,"HOUSE 78, OM SAI COMPLEX, BLK E, RD 2, PAANI KI TANKI KE PEECHE, HMT COLNY, NAVANAGARA EAST - 980301",1,met_family,242.0,0.0,1.0,0.0,0.0,0.0,0.0,0.0,100,"Valid, but borrower usually absent",Change the visit time,Premises locked or met family; shift visit to evening/weekend slot
AD002878,AC002234,residence,kyc_origination,2026-04-01,T2,#419 gali 12 krishna puri devgarh nagar - 970202,3,locked_premises,61.0,0.0,0.0,3.0,0.0,0.0,0.0,0.0,48,"Valid, but borrower usually absent",Change the visit time,Premises locked or met family; shift visit to evening/weekend slot
AD002879,AC002235,residence,kyc_origination,2026-04-01,T2,house 353 gali 3 ward 10 krishna puri devgarh nagar - 970202,0,,0.0,,,,,,,,60,Valid and occupied,Visit,Unvisited address with complete description; schedule initial field visit
AD002880,AC002236,residence,kyc_origination,2026-04-01,T3,"H.No. 4, B Block, 5th Road, Sunrise Enclave, Navanagara East - 980304",5,met_family,415.0,0.0,4.0,1.0,0.0,0.0,0.0,0.0,69,"Valid, but borrower usually absent",Change the visit time,Premises locked or met family; shift visit to evening/weekend slot
AD002881,AC002237,residence,kyc_origination,2026-04-01,T1,no. 359 12th crs 3rd main bus nildna hattira kaveripura - 960103,0,,0.0,,,,,,,,64,Valid and occupied,Visit,Unvisited address with complete description; schedule initial field visit
AD002882,AC002238,residence,kyc_origination,2026-04-01,T1,lakshmi nilaya 4th cross 5th main b/h church kaveripura - 960102,6,locked_premises,238.0,2.0,2.0,2.0,0.0,0.0,0.0,0.0,64,Valid and occupied,Visit,Borrower confirmed at address on prior visit; schedule visit
AD002883,AC002239,residence,kyc_origination,2026-04-01,T1,no. 297 ganga apartments 4th cross 7th main near ganapathi temple gandhi nagr kaveripura - 960102,1,address_not_traceable,109.0,0.0,0.0,0.0,0.0,0.0,1.0,0.0,97,Hard to find on the ground,Resolve the location (Problem Statement 3) before writing it off,Detailed address but agent could not locate pin (109s dwell); resolve geocode (PS3)
AD002884,AC002240,residence,kyc_origination,2026-04-01,T3,"3/1, E BLK, 5TH RD., ORCHID ENCLAVE, NAVANAGARA EAST - 980301",1,neighbour_says_shifted,392.0,0.0,0.0,0.0,1.0,0.0,0.0,0.0,61,Borrower has moved,Trace the new address,Neighbours or occupants confirmed borrower relocated; trace new address
AD002885,AC002240,permanent_native,kyc_origination,2026-04-01,OUT,"Village Bilagi, Taluk A, District East - 994403",0,,0.0,,,,,,,,47,Valid and occupied,Visit,Unvisited address with complete description; schedule initial field visit
AD002886,AC002241,residence,kyc_origination,2026-04-01,T1,house 47 3rd cross 7th main near ganapathi temple gandhi nagar kaveripura - 960102,1,address_not_traceable,90.0,0.0,0.0,0.0,0.0,0.0,1.0,0.0,82,Hard to find on the ground,Resolve the location (Problem Statement 3) before writing it off,Detailed address but agent could not locate pin (90s dwell); resolve geocode (PS3)
AD002887,AC002241,office,kyc_origination,2026-04-01,T1,"close to Masjid, Vidya Naagar, Kaveripura - 960103",0,,0.0,,,,,,,,50,Valid and occupied,Visit,Unvisited address with complete description; schedule initial field visit
AD002888,AC002242,residence,kyc_origination,2026-04-01,T2,"GALI NO. 12, WARD 6, CLOSE TO RATION SHOP, NEHRU COL, DEVGARH NAGR - 970203",0,,0.0,,,,,,,,75,Valid and occupied,Visit,Unvisited address with complete description; schedule initial field visit
AD002889,AC002243,residence,kyc_origination,2026-04-01,T3,"206/2, BLK C, RD 1, BEHIND CHORCH, LAKEVIEW PHASE 2, NAVANAGARA EAST - 980303",7,neighbour_says_shifted,302.0,1.0,0.0,1.0,4.0,0.0,1.0,0.0,77,Valid and occupied,Visit,Borrower confirmed at address on prior visit; schedule visit
AD002890,AC002243,office,kyc_origination,2026-04-01,T3,"#298, C BLOCK, 3RD RD., CLOSE TO BUS STAND, NAVANAGARA EAST - 980304",2,neighbour_says_shifted,200.0,0.0,0.0,0.0,1.0,0.0,1.0,0.0,68,Borrower has moved,Trace the new address,Neighbours or occupants confirmed borrower relocated; trace new address
AD002891,AC002244,residence,kyc_origination,2026-04-01,T3,"191/2, D Block, 3rd Road, near Bus Stop, Teachers Colony, Navanagara East - 980302",2,met_family,506.0,0.0,1.0,1.0,0.0,0.0,0.0,0.0,82,"Valid, but borrower usually absent",Change the visit time,Premises locked or met family; shift visit to evening/weekend slot
AD002892,AC002245,residence,kyc_origination,2026-04-01,T3,"H.NO. 186, GREEN VIEW APTS, F BLK, 3RD ROAD, RAILWAY COLONY, NAVANAGARA EAST - 980304",0,,0.0,,,,,,,,85,Valid and occupied,Visit,Unvisited address with complete description; schedule initial field visit
AD002893,AC002246,residence,kyc_origination,2026-04-01,T2,#363 gali no-1 ward 11 close to medicals patel ngr devgarh ngr - 970202,0,,0.0,,,,,,,,71,Valid and occupied,Visit,Unvisited address with complete description; schedule initial field visit
AD002894,AC002247,residence,kyc_origination,2026-04-01,T3,"No. 134, Blk B, Rd 1, close to Bus Stop, Royal Gardens, Navanagara East - 980303",0,,0.0,,,,,,,,80,Valid and occupied,Visit,Unvisited address with complete description; schedule initial field visit
AD002895,AC002247,permanent_native,kyc_origination,2026-04-01,OUT,"Village Kodihalli, Tehsil C, District West - 993106",0,,0.0,,,,,,,,51,Valid and occupied,Visit,Unvisited address with complete description; schedule initial field visit
AD002896,AC002248,residence,kyc_origination,2026-04-01,T3,"Blk F, Rd 6, bhd Mossque, Teachers Colny, Navanagara East - 9800302",8,met_family,201.0,0.0,4.0,0.0,0.0,0.0,4.0,0.0,67,"Valid, but borrower usually absent",Change the visit time,Premises locked or met family; shift visit to evening/weekend slot
AD002897,AC002248,permanent_native,kyc_origination,2026-04-01,OUT,"Village Chikkapura, Tehsil C, District North - 996395",0,,0.0,,,,,,,,53,Valid and occupied,Visit,Unvisited address with complete description; schedule initial field visit
AD002898,AC002249,residence,kyc_origination,2026-04-01,T3,74/2 blk d rd 3 orchid enclave navanagara east - 980304,1,address_not_traceable,100.0,0.0,0.0,0.0,0.0,0.0,1.0,0.0,55,Hard to find on the ground,Resolve the location (Problem Statement 3) before writing it off,Detailed address but agent could not locate pin (100s dwell); resolve geocode (PS3)
AD002899,AC002250,residence,kyc_origination,2026-04-01,T2,#469 गली नं. 9 ward 6 डाकघर के पीछे nehru colony devgarh nagar - 970203,0,,0.0,,,,,,,,71,Valid and occupied,Visit,Unvisited address with complete description; schedule initial field visit
AD002900,AC002251,residence,kyc_origination,2026-04-01,T3,"Blk F, Rd 6, Palm Meadows, Navanagara East - 980302",0,,0.0,,,,,,,,51,Valid and occupied,Visit,Unvisited address with complete description; schedule initial field visit
AD002901,AC002252,residence,kyc_origination,2026-04-01,T3,blk a rd 3 near pds shop teachers colony navanagara east - 980302,3,locked_premises,185.0,0.0,2.0,1.0,0.0,0.0,0.0,0.0,65,"Valid, but borrower usually absent",Change the visit time,Premises locked or met family; shift visit to evening/weekend slot
AD002902,AC002253,residence,kyc_origination,2026-04-01,T3,"160/2, BLK C, RD 5, SUNRISE ENCLAVE, NAVANAGARA EAST",0,,0.0,,,,,,,,52,Valid and occupied,Visit,Unvisited address with complete description; schedule initial field visit
AD002903,AC002254,residence,kyc_origination,2026-04-01,T3,"163/3, Blk F, Rd 3, Railway Colony, Navanagara East - 980304",7,locked_premises,63.0,0.0,0.0,3.0,4.0,0.0,0.0,0.0,60,"Valid, but borrower usually absent",Change the visit time,Premises locked or met family; shift visit to evening/weekend slot
AD002904,AC002255,residence,kyc_origination,2026-04-01,T1,"H.No. 306, 4th X, 7th Mn, Nehru Colony, Kaveripura - 960102",4,address_not_traceable,67.0,0.0,0.0,0.0,0.0,2.0,2.0,0.0,59,Hard to find on the ground,Resolve the location (Problem Statement 3) before writing it off,Detailed address but agent could not locate pin (67s dwell); resolve geocode (PS3)
AD002905,AC002256,residence,kyc_origination,2026-04-01,T3,blk f rd 1 near pharmacy teachers colny navanagara east - 980302,1,address_not_traceable,81.0,0.0,0.0,0.0,0.0,0.0,1.0,0.0,64,Hard to find on the ground,Resolve the location (Problem Statement 3) before writing it off,Detailed address but agent could not locate pin (81s dwell); resolve geocode (PS3)
AD002906,AC002257,residence,kyc_origination,2026-04-01,T2,"#204, Gali no-5, Ward 9, Medical Store ke paas, Shastri Ngr, Devgarh Nagar - 970201",4,address_not_traceable,69.0,1.0,0.0,0.0,0.0,0.0,3.0,0.0,83,Valid and occupied,Visit,Borrower confirmed at address on prior visit; schedule visit
AD002907,AC002257,office,kyc_origination,2026-04-01,T2,"Ration Dukan ke paas, Azad Mohalla, Devgarh Nagar - 970203",3,no_such_person,268.0,0.0,0.0,0.0,0.0,2.0,1.0,0.0,58,Borrower has moved,Trace the new address,Neighbours or occupants confirmed borrower relocated; trace new address
AD002908,AC002258,residence,kyc_origination,2026-04-01,T1,"6th X, 5th Main, Anjaneya Swamy Temple hattiar, Nehru Colony, Kaveripura - 960102",0,,0.0,,,,,,,,81,Valid and occupied,Visit,Unvisited address with complete description; schedule initial field visit
AD002909,AC002258,permanent_native,kyc_origination,2026-04-01,OUT,"Village Rampura Kalan, Taluk A, District West - 999580",0,,0.0,,,,,,,,54,Valid and occupied,Visit,Unvisited address with complete description; schedule initial field visit
AD002910,AC002259,residence,kyc_origination,2026-04-01,T1,house 252 12th cr 2nd main bus nildana hattira hsa badavane kaveripura - 960101,0,,0.0,,,,,,,,79,Valid and occupied,Visit,Unvisited address with complete description; schedule initial field visit
AD002911,AC002260,residence,kyc_origination,2026-04-01,T1,"No. 377, 7th Cross, 5th Mainn, Kalyana Mantapa hinde, Nehru Colny, Kaveripura - 960102",8,met_borrower,808.0,4.0,2.0,2.0,0.0,0.0,0.0,0.0,86,Valid and occupied,Visit,Borrower confirmed at address on prior visit; schedule visit
AD002912,AC002261,residence,kyc_origination,2026-04-01,T2,"H.No. 209, Gali no-6, Ward 6, Bus Adda ke saamne, Devgarh Ngr - 970203",2,met_family,345.0,1.0,1.0,0.0,0.0,0.0,0.0,0.0,70,Valid and occupied,Visit,Borrower confirmed at address on prior visit; schedule visit
AD002913,AC002261,office,kyc_origination,2026-04-01,T2,"H.No. 289, Gali no-10, Tilak Nagar, Devgarh Nagr - 970204",1,locked_premises,121.0,0.0,0.0,1.0,0.0,0.0,0.0,0.0,57,"Valid, but borrower usually absent",Change the visit time,Premises locked or met family; shift visit to evening/weekend slot
AD002914,AC002262,residence,kyc_origination,2026-04-01,T1,no. 335 1st cross 3rd main niar children park ashoka lyt kaveripura - 960101,5,locked_premises,210.0,0.0,0.0,1.0,0.0,0.0,4.0,0.0,76,"Valid, but borrower usually absent",Change the visit time,Premises locked or met family; shift visit to evening/weekend slot
AD002915,AC002263,residence,kyc_origination,2026-04-01,T2,"b/h Bus Stand, Shastri Nagar, Devgarh Nagar - 970201",0,,0.0,,,,,,,,52,Valid and occupied,Visit,Unvisited address with complete description; schedule initial field visit
AD002916,AC002264,residence,kyc_origination,2026-04-01,T3,"#8, B BLOCK, 4TH ROAD, NEAR PETROL PUMP, ORCHID ENCLAVE, NAVANAGARA EAST - 980301",3,met_borrower,1084.0,2.0,0.0,1.0,0.0,0.0,0.0,0.0,81,Valid and occupied,Visit,Borrower confirmed at address on prior visit; schedule visit
AD002917,AC002265,residence,kyc_origination,2026-04-01,T1,369/2 10th cross 7th main rd church hattira basava nagr kaveripura - 960101,0,,0.0,,,,,,,,75,Valid and occupied,Visit,Unvisited address with complete description; schedule initial field visit
AD002918,AC002266,residence,kyc_origination,2026-04-01,T1,h.no. 196 near children park nehru colony kaveripuar - 960102,0,,0.0,,,,,,,,61,Valid and occupied,Visit,Unvisited address with complete description; schedule initial field visit
AD002919,AC002266,permanent_native,kyc_origination,2026-04-01,OUT,"Village Rampura Kalan, Tehsil D, District West - 991828",0,,0.0,,,,,,,,55,Valid and occupied,Visit,Unvisited address with complete description; schedule initial field visit
AD002920,AC002267,residence,kyc_origination,2026-04-01,T1,"1st Cross, 5th Main, Nehru Colony, Kaveripura - 960102",2,met_borrower,965.0,1.0,1.0,0.0,0.0,0.0,0.0,0.0,54,Valid and occupied,Visit,Borrower confirmed at address on prior visit; schedule visit
AD002921,AC002268,residence,kyc_origination,2026-04-01,T3,"HOUSE 33, BLK A, RD 2, RAILWAY COLONY, NAVANAGARA EAST - 980304",1,address_not_traceable,34.0,0.0,0.0,0.0,0.0,0.0,1.0,0.0,63,Hard to find on the ground,Resolve the location (Problem Statement 3) before writing it off,Detailed address but agent could not locate pin (34s dwell); resolve geocode (PS3)
AD002922,AC002269,residence,kyc_origination,2026-04-01,T1,"11TH CRS, 5TH MAIN, CLOSE TO GOVT SCHOOL, GANDHI NGR, KAVERIPURA - 960102",4,met_borrower,574.0,2.0,0.0,1.0,0.0,0.0,1.0,0.0,73,Valid and occupied,Visit,Borrower confirmed at address on prior visit; schedule visit
AD002923,AC002270,residence,kyc_origination,2026-04-01,T1,"#23, 3rd Cross, 2nd Main, Nehru Colony, Kaveripura",0,,0.0,,,,,,,,50,Valid and occupied,Visit,Unvisited address with complete description; schedule initial field visit
AD002924,AC002271,residence,kyc_origination,2026-04-01,T1,"H.No. 451, 11th Cross, 1st Main, bhd PDS Shop, Siddeshwara Colony, Kaveripura - 960102",0,,0.0,,,,,,,,86,Valid and occupied,Visit,Unvisited address with complete description; schedule initial field visit
AD002925,AC002272,residence,kyc_origination,2026-04-01,T1,"No. 216, 8th X, 2nd Main, close to Community Hall, Nehru Colony, Kaveripura - 960102",7,locked_premises,118.0,0.0,2.0,3.0,0.0,0.0,2.0,0.0,84,"Valid, but borrower usually absent",Change the visit time,Premises locked or met family; shift visit to evening/weekend slot
AD002926,AC002273,residence,kyc_origination,2026-04-01,T3,"329/2, Blk A, Rd 1, Green Park Layt, Navanagara East - 980301",0,,0.0,,,,,,,,61,Valid and occupied,Visit,Unvisited address with complete description; schedule initial field visit
AD002927,AC002274,residence,kyc_origination,2026-04-01,T3,"#249, opp Bus Stop, Navanagara East - 980301",0,,0.0,,,,,,,,44,Valid and occupied,Visit,Unvisited address with complete description; schedule initial field visit
AD002928,AC002275,residence,kyc_origination,2026-04-01,T1,"#311, 4th X, 8th Main, near Ganesh Temple, Gandhi Nagar, Kaveripura - 960102",7,locked_premises,183.0,1.0,2.0,4.0,0.0,0.0,0.0,0.0,76,Valid and occupied,Visit,Borrower confirmed at address on prior visit; schedule visit
AD002929,AC002275,office,kyc_origination,2026-04-01,T1,house 286 1st cross 6th main ಆಂಜನೇಯ ದೇವಸ್ಥಾನ ಹತ್ತಿರ kuvempu layout kaveripura - 960102,0,,0.0,,,,,,,,86,Valid and occupied,Visit,Unvisited address with complete description; schedule initial field visit
AD002930,AC002276,residence,kyc_origination,2026-04-01,T2,house 435 gali 3 next to overhead taank ambedkar nagar devgarh nagar - 970204,0,,0.0,,,,,,,,77,Valid and occupied,Visit,Unvisited address with complete description; schedule initial field visit
AD002931,AC002277,residence,kyc_origination,2026-04-01,T2,"HOUSE 373, GALI NO-11, WARD 10, NR GANAPATHI TEMPLE, KRISHNA PURI, DEVGARH NAGAR - 970202",1,address_not_traceable,78.0,0.0,0.0,0.0,0.0,0.0,1.0,0.0,89,Hard to find on the ground,Resolve the location (Problem Statement 3) before writing it off,Detailed address but agent could not locate pin (78s dwell); resolve geocode (PS3)
AD002932,AC002278,residence,kyc_origination,2026-04-01,T3,"No. 21, Blk D, Rd 1, Hanuman Mandir ke saamne, Orchid Enclave, Navanagara East - 980301",9,neighbour_says_shifted,308.0,1.0,0.0,1.0,2.0,1.0,4.0,0.0,87,Valid and occupied,Visit,Borrower confirmed at address on prior visit; schedule visit
AD002933,AC002279,residence,kyc_origination,2026-04-01,T3,"#43, BLK E, RD 3, NR GANAPATHI TEMPLE, TEACHERS COLONY, NAVANAGARA EAST - 980302",7,met_borrower,1065.0,3.0,2.0,1.0,0.0,0.0,1.0,0.0,80,Valid and occupied,Visit,Borrower confirmed at address on prior visit; schedule visit
AD002934,AC002280,residence,kyc_origination,2026-04-01,T3,"#143, near Chruch, Navanagara East - 980302",2,address_not_traceable,30.0,0.0,0.0,0.0,0.0,0.0,2.0,0.0,43,Hard to find on the ground,Resolve the location (Problem Statement 3) before writing it off,Detailed address but agent could not locate pin (30s dwell); resolve geocode (PS3)
AD002935,AC002281,residence,kyc_origination,2026-04-01,T3,"BLK E, RD 3, ORCHID ENCLAEV, NAVANAGARA EAST - 980301",0,,0.0,,,,,,,,53,Valid and occupied,Visit,Unvisited address with complete description; schedule initial field visit
AD002936,AC002282,residence,kyc_origination,2026-04-01,T2,"Gali no-11, Azad Mohalla, Devgarh Nagar - 970203",9,met_family,183.0,1.0,2.0,3.0,0.0,0.0,3.0,0.0,48,Valid and occupied,Visit,Borrower confirmed at address on prior visit; schedule visit
AD002937,AC002282,permanent_native,kyc_origination,2026-04-01,OUT,"Village Sundarpur, Taluk A, District East - 997028",0,,0.0,,,,,,,,50,Valid and occupied,Visit,Unvisited address with complete description; schedule initial field visit
AD002938,AC002283,residence,kyc_origination,2026-04-01,T1,"H.No. 81, near Park, Vidya Ngr, Kaveripura",3,met_borrower,1342.0,2.0,1.0,0.0,0.0,0.0,0.0,0.0,42,Valid and occupied,Visit,Borrower confirmed at address on prior visit; schedule visit
AD002939,AC002284,residence,kyc_origination,2026-04-01,T3,railway colony navanagara east - 980304,0,,0.0,,,,,,,,39,Valid and occupied,Visit,Unvisited address with complete description; schedule initial field visit
AD002940,AC002285,residence,kyc_origination,2026-04-01,T1,422/1 12th x 5th main hosa badavane kaveripura - 960101,0,,0.0,,,,,,,,55,Valid and occupied,Visit,Unvisited address with complete description; schedule initial field visit
AD002941,AC002285,office,kyc_origination,2026-04-01,T1,"H.No. 134, 12th Cross, 6th Main Rd, ಸರ್ಕಾರಿ ಶಾಲೆ ಹತ್ತಿರ, Gandhi Nagar, Kaveripura",0,,0.0,,,,,,,,81,Valid and occupied,Visit,Unvisited address with complete description; schedule initial field visit
AD002942,AC002286,residence,kyc_origination,2026-04-01,T2,"Gali No. 9, Gandhi Basti, Devgarh Nagar - 970203",0,,0.0,,,,,,,,48,Valid and occupied,Visit,Unvisited address with complete description; schedule initial field visit
AD002943,AC002287,residence,kyc_origination,2026-04-01,T3,"F BLOCK, 4TH ROAD, SILVER OAK LAYOUT, NAVANAGARA EAST - 980301",2,locked_premises,138.0,0.0,0.0,1.0,0.0,0.0,1.0,0.0,62,"Valid, but borrower usually absent",Change the visit time,Premises locked or met family; shift visit to evening/weekend slot
AD002944,AC002287,office,kyc_origination,2026-04-01,T3,"E BLOCK, 2ND ROAD, SILVER OAK LAYT, NAVANAGARA EAST - 980304",0,,0.0,,,,,,,,60,Valid and occupied,Visit,Unvisited address with complete description; schedule initial field visit
AD002945,AC002288,residence,kyc_origination,2026-04-01,T2,#23 gali no-1 near community hall nehru colony devgarh nagar,2,no_such_person,151.0,0.0,0.0,0.0,0.0,1.0,1.0,0.0,60,Borrower has moved,Trace the new address,Neighbours or occupants confirmed borrower relocated; trace new address
AD002946,AC002288,permanent_native,kyc_origination,2026-04-01,OUT,"Village Devipur, Taluk B, District West - 996476",0,,0.0,,,,,,,,48,Valid and occupied,Visit,Unvisited address with complete description; schedule initial field visit
AD002947,AC002289,residence,kyc_origination,2026-04-01,T2,"No. 416, Gali no-10, behind Pots Office, Indira Colony, Devgarh Nagr - 9702002",0,,0.0,,,,,,,,78,Valid and occupied,Visit,Unvisited address with complete description; schedule initial field visit
AD002948,AC002290,residence,kyc_origination,2026-04-01,T2,"#283, behind Ganesh Temple, Krishna Puri, Devgarh Ngr - 970202",0,,0.0,,,,,,,,62,Valid and occupied,Visit,Unvisited address with complete description; schedule initial field visit
AD002949,AC002290,office,kyc_origination,2026-04-01,T2,"Indira Col, Devgarh Ngr - 970202",0,,0.0,,,,,,,,32,Valid and occupied,Visit,Unvisited address with complete description; schedule initial field visit
AD002950,AC002291,residence,kyc_origination,2026-04-01,T1,"NEERINA TANK HINDE, BASAVA NAGAR, KAVERIPURA - 961001",0,,0.0,,,,,,,,53,Valid and occupied,Visit,Unvisited address with complete description; schedule initial field visit
AD002951,AC002291,permanent_native,kyc_origination,2026-04-01,OUT,"Village Chikkapura, Tehsil C, District South - 994907",0,,0.0,,,,,,,,53,Valid and occupied,Visit,Unvisited address with complete description; schedule initial field visit
AD002952,AC002292,residence,kyc_origination,2026-04-01,T1,b/h milk booth siddeshwara colony kaveripura,0,,0.0,,,,,,,,44,Valid and occupied,Visit,Unvisited address with complete description; schedule initial field visit
AD002953,AC002293,residence,kyc_origination,2026-04-01,T2,"No. 128, Gali No. 1, Ward 10, बस स्टॉप के पास, Devgarh Nagar - 970202",8,address_not_traceable,94.0,0.0,0.0,2.0,0.0,0.0,6.0,0.0,69,"Valid, but borrower usually absent",Change the visit time,Premises locked or met family; shift visit to evening/weekend slot
AD002954,AC002294,residence,kyc_origination,2026-04-01,T1,"4th X, 6th Main, bhd Water Tank, Basava Nagar, Kaveripura - 960101",0,,0.0,,,,,,,,66,Valid and occupied,Visit,Unvisited address with complete description; schedule initial field visit
AD002955,AC002294,office,kyc_origination,2026-04-01,T1,"1st Cross, 3rd Main, clsoe to Masjid, Kaveripura - 960102",1,address_not_traceable,96.0,0.0,0.0,0.0,0.0,0.0,1.0,0.0,57,Hard to find on the ground,Resolve the location (Problem Statement 3) before writing it off,Detailed address but agent could not locate pin (96s dwell); resolve geocode (PS3)
AD002956,AC002295,residence,kyc_origination,2026-04-01,T3,#56 blk d rd 2 doodh dairy ke samne silver oak layout navanagara east - 980301,3,met_borrower,624.0,1.0,0.0,2.0,0.0,0.0,0.0,0.0,78,Valid and occupied,Visit,Borrower confirmed at address on prior visit; schedule visit
AD002957,AC002296,residence,kyc_origination,2026-04-01,T2,#464 gali no-12 ward 1 shivaji nagar devgarh nagr - 9770202,0,,0.0,,,,,,,,59,Valid and occupied,Visit,Unvisited address with complete description; schedule initial field visit
AD002958,AC002296,office,kyc_origination,2026-04-01,T2,"House 453, Gali No. 4, nr. Bus Stop, Deevgarh Nagr - 970203",0,,0.0,,,,,,,,59,Valid and occupied,Visit,Unvisited address with complete description; schedule initial field visit
AD002959,AC002297,residence,kyc_origination,2026-04-01,T3,"No. 3, Blk C, Rd 4, opposite Masjid, Silver Oak Layout, Navanagara East - 980301",6,locked_premises,151.0,1.0,0.0,5.0,0.0,0.0,0.0,0.0,80,Valid and occupied,Visit,Borrower confirmed at address on prior visit; schedule visit
AD002960,AC002298,residence,kyc_origination,2026-04-01,T3,"E Blk., 2nd Road, adj. Govt School, Orchid Enclave, Navanagara East - 980301",0,,0.0,,,,,,,,76,Valid and occupied,Visit,Unvisited address with complete description; schedule initial field visit
AD002961,AC002299,residence,kyc_origination,2026-04-01,T2,"Gali No. 5, Bagicha ke paas, Azad Mohalla, Devgarh Ngr - 970203",0,,0.0,,,,,,,,63,Valid and occupied,Visit,Unvisited address with complete description; schedule initial field visit
AD002962,AC002300,residence,kyc_origination,2026-04-01,T2,"LAKSHMI NILAYA, GALI NO-12, AZAD MOHALLA, DEVGARH NAGAR - 970203",6,met_borrower,667.0,2.0,2.0,2.0,0.0,0.0,0.0,0.0,64,Valid and occupied,Visit,Borrower confirmed at address on prior visit; schedule visit
AD002963,AC002300,permanent_native,kyc_origination,2026-04-01,OUT,"Village Mallapura, Tehsil C, District South - 994288",0,,0.0,,,,,,,,52,Valid and occupied,Visit,Unvisited address with complete description; schedule initial field visit
AD002964,AC002301,residence,kyc_origination,2026-04-01,T3,"Blk D, Rd 6, Railwy Colony, Navanagara East - 980304",2,met_family,395.0,1.0,1.0,0.0,0.0,0.0,0.0,0.0,52,Valid and occupied,Visit,Borrower confirmed at address on prior visit; schedule visit
AD002965,AC002302,residence,kyc_origination,2026-04-01,T1,"No. 237, 11th Cross, 1st Main, Bus Stop hattira, Hosa Badavane, Kaveripura - 960101",0,,0.0,,,,,,,,83,Valid and occupied,Visit,Unvisited address with complete description; schedule initial field visit
AD002966,AC002303,residence,kyc_origination,2026-04-01,T2,house 375 gali no-2 ward 8 बारात घर के सामने azad mohalla devgarh ngar - 970203,6,locked_premises,161.0,3.0,1.0,1.0,0.0,0.0,1.0,0.0,79,Valid and occupied,Visit,Borrower confirmed at address on prior visit; schedule visit
AD002967,AC002304,residence,kyc_origination,2026-04-01,T1,"#253, 2ND CROSS, 2ND MAIN, OP. MEDICALS, ASHOKA LAYOUT, KAVERIPURA - 960104",4,met_borrower,714.0,2.0,0.0,1.0,0.0,0.0,1.0,0.0,75,Valid and occupied,Visit,Borrower confirmed at address on prior visit; schedule visit
AD002968,AC002305,residence,kyc_origination,2026-04-01,T3,"#379, F BLOCK, 3RD ROAD, CLOSE TO HANUMAN TEMPLE, LAKEVIEW PHASE 2, NAVANAGARA EAST - 980303",4,locked_premises,158.0,1.0,0.0,1.0,0.0,0.0,2.0,0.0,92,Valid and occupied,Visit,Borrower confirmed at address on prior visit; schedule visit
AD002969,AC002306,residence,kyc_origination,2026-04-01,T3,"Unity Nagar, Navanagara East - 980301",0,,0.0,,,,,,,,37,Valid and occupied,Visit,Unvisited address with complete description; schedule initial field visit
AD002970,AC002306,office,kyc_origination,2026-04-01,T3,#103 blk a rd 1 church ke pass defence colony navanagara east - 980301,0,,0.0,,,,,,,,70,Valid and occupied,Visit,Unvisited address with complete description; schedule initial field visit
AD002971,AC002307,residence,kyc_origination,2026-04-01,T2,"मस्जिद के पीछे, Krishna Puri, Devgarh Nagr - 970202",0,,0.0,,,,,,,,51,Valid and occupied,Visit,Unvisited address with complete description; schedule initial field visit
AD002972,AC002307,office,kyc_origination,2026-04-01,T2,"House 330, Gali No. 5, b/h Community Hall, Ram Nagar, Devgarh Nagar - 970203",0,,0.0,,,,,,,,76,Valid and occupied,Visit,Unvisited address with complete description; schedule initial field visit
AD002973,AC002308,residence,kyc_origination,2026-04-01,T2,"NO. 286, GALI NO-6, WARD 11, B/H GOVERNMENT SCHOOL, DEVGARH NAGAR - 970202",9,locked_premises,230.0,1.0,1.0,3.0,0.0,0.0,4.0,0.0,74,Valid and occupied,Visit,Borrower confirmed at address on prior visit; schedule visit
AD002974,AC002309,residence,kyc_origination,2026-04-01,T2,"Gali no-9, bhd Church, Ptael Nagar, Devgarh Nagar - 970202",0,,0.0,,,,,,,,58,Valid and occupied,Visit,Unvisited address with complete description; schedule initial field visit
AD002975,AC002310,residence,kyc_origination,2026-04-01,T2,"GALI NO. 7, RAM NGR, DEVGARH NAGAR - 970203",0,,0.0,,,,,,,,43,Valid and occupied,Visit,Unvisited address with complete description; schedule initial field visit
AD002976,AC002311,residence,kyc_origination,2026-04-01,T2,"H.No. 36, Gali No. 12, near Community Hall, Patel Nagr, Devgarh Nagar - 970202",1,locked_premises,71.0,0.0,0.0,1.0,0.0,0.0,0.0,0.0,78,"Valid, but borrower usually absent",Change the visit time,Premises locked or met family; shift visit to evening/weekend slot
AD002977,AC002312,residence,kyc_origination,2026-04-01,T3,"H.NO. 342, B BLK., 5TH ROAD, GREEN PARK LAYOUT, NAVANGARA EAST - 980301",6,met_borrower,930.0,1.0,2.0,3.0,0.0,0.0,0.0,0.0,71,Valid and occupied,Visit,Borrower confirmed at address on prior visit; schedule visit
AD002978,AC002313,residence,kyc_origination,2026-04-01,T1,"99/2, ANJANEYA GUDI HINDHE, NEHRU COLONY, KAVERIPURA - 960102",2,no_such_person,170.0,0.0,0.0,0.0,0.0,2.0,0.0,0.0,61,Borrower has moved,Trace the new address,Neighbours or occupants confirmed borrower relocated; trace new address
AD002979,AC002314,residence,kyc_origination,2026-04-01,T1,"NO. 217, ಸರ್ಕಾರಿ ಶಾಲೆ ಹಿಂದೆ, KAVERIPURA",5,address_not_traceable,60.0,0.0,1.0,1.0,0.0,0.0,3.0,0.0,39,"Valid, but borrower usually absent",Change the visit time,Premises locked or met family; shift visit to evening/weekend slot
AD002980,AC002315,residence,kyc_origination,2026-04-01,T1,"House 384, 3rd Cr, 6th Main Rd, Gandhi Ngr, Kaveripura - 960102",0,,0.0,,,,,,,,63,Valid and occupied,Visit,Unvisited address with complete description; schedule initial field visit
AD002981,AC002316,residence,kyc_origination,2026-04-01,T3,"H.No. 429, Blk F, Rd 2, Anjaneya Gudi hattira, Lakeview Phase 2, Navanagara East - 980303",3,met_family,564.0,0.0,1.0,1.0,0.0,0.0,1.0,0.0,89,"Valid, but borrower usually absent",Change the visit time,Premises locked or met family; shift visit to evening/weekend slot
AD002982,AC002317,residence,kyc_origination,2026-04-01,T3,"Blk A, Rd 4, opp. Milk Dairy, Palm Meadows, Navanagara East - 980302",3,met_borrower,1140.0,1.0,1.0,1.0,0.0,0.0,0.0,0.0,68,Valid and occupied,Visit,Borrower confirmed at address on prior visit; schedule visit
AD002983,AC002318,residence,kyc_origination,2026-04-01,T1,"#352, 2ND CRS, 4TH MAIN RD, BUS STOP KE PASS, KAVERIPURA - 960104",5,met_borrower,894.0,3.0,0.0,1.0,0.0,0.0,1.0,0.0,65,Valid and occupied,Visit,Borrower confirmed at address on prior visit; schedule visit
AD002984,AC002319,residence,kyc_origination,2026-04-01,T2,gali no. 8 azad mohalla devgarh nagar - 970203,0,,0.0,,,,,,,,46,Valid and occupied,Visit,Unvisited address with complete description; schedule initial field visit
AD002985,AC002319,permanent_native,kyc_origination,2026-04-01,OUT,"Village Hosahalli, Taluk A, District South - 993588",0,,0.0,,,,,,,,51,Valid and occupied,Visit,Unvisited address with complete description; schedule initial field visit
AD002986,AC002320,residence,kyc_origination,2026-04-01,T3,"#326, B BLOCK, 3RD ROAD, LAKEVIEW PHASE 2, NAVANAGARA EAST - 980303",1,met_family,282.0,0.0,1.0,0.0,0.0,0.0,0.0,0.0,67,"Valid, but borrower usually absent",Change the visit time,Premises locked or met family; shift visit to evening/weekend slot
AD002987,AC002321,residence,kyc_origination,2026-04-01,T1,3rd cross 4th mn kalyana mantapa hattira gandhi nagr kaveripura - 960102,1,met_family,563.0,0.0,1.0,0.0,0.0,0.0,0.0,0.0,72,"Valid, but borrower usually absent",Change the visit time,Premises locked or met family; shift visit to evening/weekend slot
AD002988,AC002322,residence,kyc_origination,2026-04-01,T3,blk a rd 1 palm meadows navanaggara east - 980302,7,address_not_traceable,113.0,1.0,0.0,0.0,0.0,0.0,5.0,1.0,49,Valid and occupied,Visit,Borrower confirmed at address on prior visit; schedule visit
AD002989,AC002323,residence,kyc_origination,2026-04-01,T3,h.no. 42 blk d rd 2 railway colony navanagara east - 980304,1,met_borrower,671.0,1.0,0.0,0.0,0.0,0.0,0.0,0.0,59,Valid and occupied,Visit,Borrower confirmed at address on prior visit; schedule visit
AD002990,AC002324,residence,kyc_origination,2026-04-01,T3,"D BLK, 4TH ROD, HMT COLONY, NAVANAGARA EAST - 980301",1,met_family,521.0,0.0,1.0,0.0,0.0,0.0,0.0,0.0,52,"Valid, but borrower usually absent",Change the visit time,Premises locked or met family; shift visit to evening/weekend slot
AD002991,AC002325,residence,kyc_origination,2026-04-01,T1,h.no. 265 5th cross 2nd main rd udyanavana hattira nehru colony kaveripura - 960102,3,locked_premises,127.0,1.0,0.0,1.0,0.0,0.0,1.0,0.0,83,Valid and occupied,Visit,Borrower confirmed at address on prior visit; schedule visit
AD002992,AC002326,residence,kyc_origination,2026-04-01,T2,h.no. 61 gali no-3 ward 9 masjid ke paas shastri nagar devgarh nagar - 970201,0,,0.0,,,,,,,,77,Valid and occupied,Visit,Unvisited address with complete description; schedule initial field visit
AD002993,AC002327,residence,kyc_origination,2026-04-01,T1,"House 466, 11th Crs, 1st Main, opposite Hanuman Temple, Gandhi Nagar, Kaveripura - 960102",3,locked_premises,145.0,0.0,0.0,2.0,0.0,0.0,1.0,0.0,89,"Valid, but borrower usually absent",Change the visit time,Premises locked or met family; shift visit to evening/weekend slot
AD002994,AC002328,residence,kyc_origination,2026-04-01,T1,no. 477 close to bus stand shanthi nagar kaveripura - 960101,0,,0.0,,,,,,,,60,Valid and occupied,Visit,Unvisited address with complete description; schedule initial field visit
AD002995,AC002329,residence,kyc_origination,2026-04-01,T1,"12TH X, 4TH MAIN, NR. PDS SHOP, KUVEMPU LAYOUT, KAVERIPURA - 960102",2,address_not_traceable,109.0,0.0,0.0,0.0,1.0,0.0,1.0,0.0,67,Borrower has moved,Trace the new address,Neighbours or occupants confirmed borrower relocated; trace new address
AD002996,AC002330,residence,kyc_origination,2026-04-01,T1,"5TH CROSS, 2ND MAIN, COMMUNITY HALL KE PASS, HOSA BADAVANE, KAVERIPURA - 960101",4,locked_premises,210.0,2.0,0.0,2.0,0.0,0.0,0.0,0.0,79,Valid and occupied,Visit,Borrower confirmed at address on prior visit; schedule visit
AD002997,AC002331,residence,kyc_origination,2026-04-01,T3,"near Hanuman Temple, Palm Meadows, Navanagara East - 980302",6,address_not_traceable,34.0,1.0,0.0,1.0,0.0,0.0,4.0,0.0,59,Valid and occupied,Visit,Borrower confirmed at address on prior visit; schedule visit
AD002998,AC002331,permanent_native,kyc_origination,2026-04-01,OUT,"Village Mallapura, Tehsil D, District West - 999490",0,,0.0,,,,,,,,51,Valid and occupied,Visit,Unvisited address with complete description; schedule initial field visit
AD002999,AC002332,residence,kyc_origination,2026-04-01,T2,"House 371, Gali 5, Ambedkar Nagar, Devgarh Nagar",0,,0.0,,,,,,,,48,Valid and occupied,Visit,Unvisited address with complete description; schedule initial field visit
AD003000,AC002333,residence,kyc_origination,2026-04-01,T1,1st cross 7th main ನ್ಯಾಯಬೆಲೆ ಅಂಗಡಿ ಹತ್ತಿರ kuvempu layout kaveripura - 960102,0,,0.0,,,,,,,,76,Valid and occupied,Visit,Unvisited address with complete description; schedule initial field visit
AD003001,AC002333,permanent_native,kyc_origination,2026-04-01,OUT,"Village Rampura Kalan, Taluk A, District South - 993879",0,,0.0,,,,,,,,55,Valid and occupied,Visit,Unvisited address with complete description; schedule initial field visit
AD003002,AC002334,residence,kyc_origination,2026-04-01,T2,"Gali 8, गणेश मंदिर के पास, Patel Nagar, Devgarh Nagar - 970202",1,met_family,210.0,0.0,1.0,0.0,0.0,0.0,0.0,0.0,62,"Valid, but borrower usually absent",Change the visit time,Premises locked or met family; shift visit to evening/weekend slot
AD003003,AC002335,residence,kyc_origination,2026-04-01,T2,"389/1, Devgarh Nagar - 970202",0,,0.0,,,,,,,,29,Valid and occupied,Visit,Unvisited address with complete description; schedule initial field visit
AD003004,AC002336,residence,kyc_origination,2026-04-01,T1,"#46, near Milk Booth, Nehru Colony, Kaveripura - 960102",7,met_borrower,150.0,4.0,2.0,0.0,0.0,0.0,1.0,0.0,55,Valid and occupied,Visit,Borrower confirmed at address on prior visit; schedule visit
AD003005,AC002336,office,kyc_origination,2026-04-01,T1,"ಬಸ್ ನಿಲ್ದಾಣ ಎದುರು, Kaveripura - 960101",2,address_not_traceable,100.0,0.0,0.0,0.0,0.0,0.0,1.0,1.0,38,Hard to find on the ground,Resolve the location (Problem Statement 3) before writing it off,Detailed address but agent could not locate pin (100s dwell); resolve geocode (PS3)
AD003006,AC002337,residence,kyc_origination,2026-04-01,T1,"ಗಣಪತಿ ದೇವಸ್ಥಾನ ಹತ್ತಿರ, Gandhi Nagar, Kaveripura - 961002",1,address_not_traceable,87.0,0.0,0.0,0.0,0.0,0.0,1.0,0.0,56,Hard to find on the ground,Resolve the location (Problem Statement 3) before writing it off,Detailed address but agent could not locate pin (87s dwell); resolve geocode (PS3)
AD003007,AC002338,residence,kyc_origination,2026-04-01,T2,"Sarkari School ke pass, Azad Mohalla, Devgarh Nagar - 970203",4,address_not_traceable,111.0,0.0,1.0,0.0,0.0,0.0,3.0,0.0,60,Hard to find on the ground,Resolve the location (Problem Statement 3) before writing it off,Detailed address but agent could not locate pin (111s dwell); resolve geocode (PS3)
AD003008,AC002338,office,kyc_origination,2026-04-01,T2,"Gali no-5, Indira Colony, Devgarh Nagar - 970202",2,address_not_traceable,36.0,0.0,0.0,1.0,0.0,0.0,1.0,0.0,48,"Valid, but borrower usually absent",Change the visit time,Premises locked or met family; shift visit to evening/weekend slot
AD003009,AC002339,residence,kyc_origination,2026-04-01,T3,"H.NO. 48, F BLOCK, 5TH ROAD, NEAR HANUMAN TEMPLE, SUNRISE ENCLAVE, NAVANAGARA EAST",0,,0.0,,,,,,,,82,Valid and occupied,Visit,Unvisited address with complete description; schedule initial field visit
AD003010,AC002340,residence,kyc_origination,2026-04-01,T1,"7th Cross, 4th Main, Basava Nagar, Kaveripura - 960101",5,locked_premises,183.0,0.0,1.0,3.0,0.0,0.0,1.0,0.0,54,"Valid, but borrower usually absent",Change the visit time,Premises locked or met family; shift visit to evening/weekend slot
AD003011,AC002340,office,kyc_origination,2026-04-01,T1,"11th Cross, 2nd Main, close to PDS Shop, Siddeshwara Colony, Kaveripura - 960102",2,neighbour_says_shifted,361.0,0.0,0.0,1.0,1.0,0.0,0.0,0.0,80,"Valid, but borrower usually absent",Change the visit time,Premises locked or met family; shift visit to evening/weekend slot
AD003012,AC002341,residence,kyc_origination,2026-04-01,T3,house 477 a blk. 2nd rd. orchid enclave navanagara east - 980301,3,neighbour_says_shifted,156.0,0.0,2.0,0.0,1.0,0.0,0.0,0.0,64,Borrower has moved,Trace the new address,Neighbours or occupants confirmed borrower relocated; trace new address
AD003013,AC002342,residence,kyc_origination,2026-04-01,T2,h.no. 337 gali no-1 dawai ki dukaan ke pass patel nagar devgarh nagar - 970202,6,neighbour_says_shifted,198.0,0.0,0.0,0.0,6.0,0.0,0.0,0.0,78,Borrower has moved,Trace the new address,Neighbours or occupants confirmed borrower relocated; trace new address
AD003014,AC002342,office,kyc_origination,2026-04-01,T2,"No. 57, Gali 7, Ward 6, nr. Children Park, Nehru Colony, Devgarh Ngr - 970203",2,met_borrower,732.0,2.0,0.0,0.0,0.0,0.0,0.0,0.0,77,Valid and occupied,Visit,Borrower confirmed at address on prior visit; schedule visit
AD003015,AC002343,residence,kyc_origination,2026-04-01,T2,house 199 ration ki dukaan ke samne azad mohalla devgarh nagar - 970203,9,met_family,564.0,2.0,1.0,4.0,0.0,0.0,2.0,0.0,71,Valid and occupied,Visit,Borrower confirmed at address on prior visit; schedule visit
AD003016,AC002344,residence,kyc_origination,2026-04-01,T1,h.no. 74 1st cross 4th main ಮಸೀದಿ ಹತ್ತಿರ vidya nagar kaveripura - 960103,5,met_borrower,1187.0,3.0,2.0,0.0,0.0,0.0,0.0,0.0,72,Valid and occupied,Visit,Borrower confirmed at address on prior visit; schedule visit
AD003017,AC002345,residence,kyc_origination,2026-04-01,T2,"Krishna Puri, Devgarh Nagar - 970202",0,,0.0,,,,,,,,36,Valid and occupied,Visit,Unvisited address with complete description; schedule initial field visit
AD003018,AC002345,office,kyc_origination,2026-04-01,T2,"Gali no-3, near Medical Store, Azad Mohalla, Devgarh Nagr - 970203",0,,0.0,,,,,,,,66,Valid and occupied,Visit,Unvisited address with complete description; schedule initial field visit
AD003019,AC002346,residence,kyc_origination,2026-04-01,T2,house 478 gali 6 azad mohalla devgarh nagar - 970203,4,met_family,314.0,2.0,1.0,1.0,0.0,0.0,0.0,0.0,52,Valid and occupied,Visit,Borrower confirmed at address on prior visit; schedule visit
AD003020,AC002347,residence,kyc_origination,2026-04-01,T1,"465/2, 10TH CROSS, 3RD MAIN, ANJANEYA SWAMY TEMPLE HINDE, HOSA BADAVANE, KAVERIPURA - 960104",3,address_not_traceable,80.0,0.0,0.0,0.0,0.0,0.0,3.0,0.0,92,Hard to find on the ground,Resolve the location (Problem Statement 3) before writing it off,Detailed address but agent could not locate pin (80s dwell); resolve geocode (PS3)
AD003021,AC002347,permanent_native,kyc_origination,2026-04-01,OUT,"Village Devipur, Taluk B, District North - 996584",0,,0.0,,,,,,,,49,Valid and occupied,Visit,Unvisited address with complete description; schedule initial field visit
AD003022,AC002348,residence,kyc_origination,2026-04-01,T3,"BLK A, RD 1, CLOSE TO CHURCH, TEACHERS COLONY, NAVANAGARA EAST",1,address_not_traceable,42.0,0.0,0.0,0.0,0.0,0.0,1.0,0.0,62,Hard to find on the ground,Resolve the location (Problem Statement 3) before writing it off,Detailed address but agent could not locate pin (42s dwell); resolve geocode (PS3)
AD003023,AC002348,permanent_native,kyc_origination,2026-04-01,OUT,"Village Hosahalli, Taluk B, District South - 996375",0,,0.0,,,,,,,,51,Valid and occupied,Visit,Unvisited address with complete description; schedule initial field visit
AD003024,AC002349,residence,kyc_origination,2026-04-01,T2,"Gali No. 7, Azad Mohalla, Devgarh Nagar - 970203",1,address_not_traceable,59.0,0.0,0.0,0.0,0.0,0.0,1.0,0.0,48,Hard to find on the ground,Resolve the location (Problem Statement 3) before writing it off,Detailed address but agent could not locate pin (59s dwell); resolve geocode (PS3)
AD003025,AC002349,office,kyc_origination,2026-04-01,T2,"Gali 3, Ward 11, Patel Nagar, Devgarh Nagar - 970201",0,,0.0,,,,,,,,52,Valid and occupied,Visit,Unvisited address with complete description; schedule initial field visit
AD003026,AC002350,residence,kyc_origination,2026-04-01,T1,"#269, 4TH CRSS, 6TH MAIN, NR. PDS SHOP, NEHRU COL, KAVERIPURA - 960102",7,met_family,514.0,1.0,2.0,2.0,0.0,0.0,2.0,0.0,70,Valid and occupied,Visit,Borrower confirmed at address on prior visit; schedule visit
AD003027,AC002351,residence,kyc_origination,2026-04-01,T1,h.no. 365 close to medicals vidya nagar kaveripura - 960103,2,cash_collected,389.0,0.0,0.0,1.0,0.0,0.0,0.0,1.0,59,Valid and occupied,Visit,Borrower confirmed at address on prior visit; schedule visit
AD003028,AC002352,residence,kyc_origination,2026-04-01,T1,"#447, 6th Crs, 6th Main, Ganapathi Gudi hattira, Ashoka Lyt, Kaveripura - 960104",0,,0.0,,,,,,,,80,Valid and occupied,Visit,Unvisited address with complete description; schedule initial field visit
AD003029,AC002353,residence,kyc_origination,2026-04-01,T3,"Blk D, Rd 1, Anjaneya Gdi hattira, Orchid Enclave, Navanagara East - 980301",0,,0.0,,,,,,,,75,Valid and occupied,Visit,Unvisited address with complete description; schedule initial field visit
AD003030,AC002354,residence,kyc_origination,2026-04-01,T1,"#266, Green View Apts, close to Kalyana Mantapa, Nehru Colony, Kaveripura - 960102",1,met_family,230.0,0.0,1.0,0.0,0.0,0.0,0.0,0.0,82,"Valid, but borrower usually absent",Change the visit time,Premises locked or met family; shift visit to evening/weekend slot
AD003031,AC002354,office,kyc_origination,2026-04-01,T1,"#87, 9th Cross, 5th Main, close to Bus Stand, Kaveripura - 960101",0,,0.0,,,,,,,,65,Valid and occupied,Visit,Unvisited address with complete description; schedule initial field visit
AD003032,AC002355,residence,kyc_origination,2026-04-01,T2,"248/3, GALI NO. 10, डाकघर के पास, KRISHNA PURI, DEVGARH NAGAR - 970202",0,,0.0,,,,,,,,70,Valid and occupied,Visit,Unvisited address with complete description; schedule initial field visit
AD003033,AC002355,permanent_native,kyc_origination,2026-04-01,OUT,"Village Bilagi, Tehsil C, District East - 997473",0,,0.0,,,,,,,,48,Valid and occupied,Visit,Unvisited address with complete description; schedule initial field visit
AD003034,AC002356,residence,kyc_origination,2026-04-01,T3,"House 271, Blk F, Rd 3, nr Water Tank, Teachers Colonny, Navanagara East - 980302",0,,0.0,,,,,,,,81,Valid and occupied,Visit,Unvisited address with complete description; schedule initial field visit
AD003035,AC002357,residence,kyc_origination,2026-04-01,T1,nr. bus stand vidya ngr kaveripura - 960103,3,met_family,448.0,0.0,2.0,0.0,0.0,0.0,1.0,0.0,43,"Valid, but borrower usually absent",Change the visit time,Premises locked or met family; shift visit to evening/weekend slot
AD003036,AC002357,office,kyc_origination,2026-04-01,T1,"#3, 9th Cr, 4th Main, nr Medical Store, Vidya Nagar, Kaveripura - 960103",0,,0.0,,,,,,,,72,Valid and occupied,Visit,Unvisited address with complete description; schedule initial field visit
AD003037,AC002358,residence,kyc_origination,2026-04-01,T2,"#225, GALI 6, NEAR POST OFFICE, NEHRU COLONY, DEVGARH NGR - 970203",0,,0.0,,,,,,,,66,Valid and occupied,Visit,Unvisited address with complete description; schedule initial field visit
AD003038,AC002359,residence,kyc_origination,2026-04-01,T2,"Gli 11, पार्क के पीछे, Nehru Colony, Devgarh Nagar - 970203",1,locked_premises,172.0,0.0,0.0,1.0,0.0,0.0,0.0,0.0,59,"Valid, but borrower usually absent",Change the visit time,Premises locked or met family; shift visit to evening/weekend slot
AD003039,AC002360,residence,kyc_origination,2026-04-01,T3,"NO. 415, RAILWAY COLONY, NAVANAGARA EAST",0,,0.0,,,,,,,,40,Valid and occupied,Visit,Unvisited address with complete description; schedule initial field visit
AD003040,AC002361,residence,kyc_origination,2026-04-01,T2,"GALI 5, WARD 5, OPP MIKL BOOTH, SUBHASH NAGAR, DEVGARH NAGAR - 970201",4,address_not_traceable,91.0,0.0,0.0,0.0,0.0,2.0,2.0,0.0,69,Hard to find on the ground,Resolve the location (Problem Statement 3) before writing it off,Detailed address but agent could not locate pin (91s dwell); resolve geocode (PS3)
AD003041,AC002362,residence,kyc_origination,2026-04-01,T1,"HOUSE 356, 7TH CR, 1ST MAIN, NR GANAPATHI TEMPLE, KUVEMPU LAYOUT, KAVERIPURA - 960104",4,locked_premises,223.0,2.0,0.0,2.0,0.0,0.0,0.0,0.0,85,Valid and occupied,Visit,Borrower confirmed at address on prior visit; schedule visit
AD003042,AC002362,office,kyc_origination,2026-04-01,T1,"10TH X, 6TH MAIN, KUVEMPU LAYOUT, KAVERIPURA - 960103",2,address_not_traceable,101.0,0.0,0.0,0.0,0.0,0.0,2.0,0.0,53,Hard to find on the ground,Resolve the location (Problem Statement 3) before writing it off,Detailed address but agent could not locate pin (101s dwell); resolve geocode (PS3)
AD003043,AC002363,residence,kyc_origination,2026-04-01,T1,"10th Cross, 6th Main, ಚರ್ಚ್ ಹತ್ತಿರ, Anjaneya Badavane, Kaveripura - 960103",0,,0.0,,,,,,,,74,Valid and occupied,Visit,Unvisited address with complete description; schedule initial field visit
AD003044,AC002364,residence,kyc_origination,2026-04-01,T2,"H.No. 105, Gali No. 1, Ward 11, opposite Mosque, Patel Nagar, Devgarh Nagar - 970202",9,no_such_person,186.0,0.0,0.0,2.0,5.0,2.0,0.0,0.0,84,"Valid, but borrower usually absent",Change the visit time,Premises locked or met family; shift visit to evening/weekend slot
AD003045,AC002365,residence,kyc_origination,2026-04-01,T2,no. 300 gali 9 ganesh mandir ke samne krishna puri devgarh nagar - 970202,8,neighbour_says_shifted,356.0,0.0,0.0,1.0,4.0,2.0,1.0,0.0,73,"Valid, but borrower usually absent",Change the visit time,Premises locked or met family; shift visit to evening/weekend slot
AD003046,AC002366,residence,kyc_origination,2026-04-01,T3,blk a rd 3 nr hanuman temple grreen park layout navanagara east,0,,0.0,,,,,,,,63,Valid and occupied,Visit,Unvisited address with complete description; schedule initial field visit
AD003047,AC002366,office,kyc_origination,2026-04-01,T3,"E Block, 2nd Road, Green Park Layout, Navanagara East - 980301",0,,0.0,,,,,,,,62,Valid and occupied,Visit,Unvisited address with complete description; schedule initial field visit
AD003048,AC002367,residence,kyc_origination,2026-04-01,T1,"#458, 12th Cross, 2nd Mn, Shanthi Nagar, Kaveripura - 90101",0,,0.0,,,,,,,,59,Valid and occupied,Visit,Unvisited address with complete description; schedule initial field visit
AD003049,AC002368,residence,kyc_origination,2026-04-01,T1,"No. 266, 7th Cr, 1st Main, Neerina Tank hattira, Shanthi Nagar, Kaveripura - 960101",0,,0.0,,,,,,,,83,Valid and occupied,Visit,Unvisited address with complete description; schedule initial field visit
AD003050,AC002369,residence,kyc_origination,2026-04-01,T2,"#208, बस स्टॉप के पास, Azad Mohalla, Devgarh Nagar - 970203",9,locked_premises,142.0,1.0,3.0,2.0,0.0,0.0,3.0,0.0,59,Valid and occupied,Visit,Borrower confirmed at address on prior visit; schedule visit
AD003051,AC002370,residence,kyc_origination,2026-04-01,T1,4th x 4th main rd anjaneya gudi hattira nehru colony kaveripura - 960102,1,address_not_traceable,97.0,0.0,0.0,0.0,0.0,0.0,1.0,0.0,72,Hard to find on the ground,Resolve the location (Problem Statement 3) before writing it off,Detailed address but agent could not locate pin (97s dwell); resolve geocode (PS3)
AD003052,AC002371,residence,kyc_origination,2026-04-01,T2,"Gali 4, Shivaji Nagar, Devgarh Nagar - 970202",0,,0.0,,,,,,,,45,Valid and occupied,Visit,Unvisited address with complete description; schedule initial field visit
AD003053,AC002372,residence,kyc_origination,2026-04-01,T1,"No. 95, Green View Apts, 9th Cress, 8th Main, Ration Angadi hattira, Nehru Colny, Kaveripura - 960102",1,met_borrower,792.0,1.0,0.0,0.0,0.0,0.0,0.0,0.0,101,Valid and occupied,Visit,Borrower confirmed at address on prior visit; schedule visit
AD003054,AC002372,office,kyc_origination,2026-04-01,T1,"H.No. 120, 11th Cross, 8th Main, Vinayaka Ngr, Kavreipura - 960104",0,,0.0,,,,,,,,66,Valid and occupied,Visit,Unvisited address with complete description; schedule initial field visit
AD003055,AC002373,residence,kyc_origination,2026-04-01,T3,"No. 215, F Block, 6th Road, Lakeview Phase 2, Navanagara East - 980303",3,locked_premises,103.0,0.0,0.0,1.0,1.0,0.0,1.0,0.0,70,"Valid, but borrower usually absent",Change the visit time,Premises locked or met family; shift visit to evening/weekend slot
AD003056,AC002374,residence,kyc_origination,2026-04-01,T1,"#396, 7th Cross, 7th Main Rd, Kaveripura - 960101",0,,0.0,,,,,,,,49,Valid and occupied,Visit,Unvisited address with complete description; schedule initial field visit
AD003057,AC002375,residence,kyc_origination,2026-04-01,T2,gali no-4 nr. mosque tilak ngr devgarh nagar - 970204,0,,0.0,,,,,,,,53,Valid and occupied,Visit,Unvisited address with complete description; schedule initial field visit
AD003058,AC002376,residence,kyc_origination,2026-04-01,T2,196/3 gali no-7 close to petrol bunk tilak nagar devgarh nagar - 970204,0,,0.0,,,,,,,,71,Valid and occupied,Visit,Unvisited address with complete description; schedule initial field visit
AD003059,AC002377,residence,kyc_origination,2026-04-01,T1,"76/2, 7TH CROSS, 8TH MAIN RD, NR. PDS SHOP, NEHRU COLONY, KAVERIPURA - 960102",0,,0.0,,,,,,,,77,Valid and occupied,Visit,Unvisited address with complete description; schedule initial field visit
AD003060,AC002378,residence,kyc_origination,2026-04-01,T2,"H.No. 210, Gali noo-7, Ward 8, nr Govt School, Azad Mohalla, Devgarh Nagr - 970203",9,met_family,399.0,0.0,5.0,4.0,0.0,0.0,0.0,0.0,82,"Valid, but borrower usually absent",Change the visit time,Premises locked or met family; shift visit to evening/weekend slot
AD003061,AC002378,permanent_native,kyc_origination,2026-04-01,OUT,"Village Devipur, Tehsil C, District South - 991141",0,,0.0,,,,,,,,50,Valid and occupied,Visit,Unvisited address with complete description; schedule initial field visit
AD003062,AC002379,residence,kyc_origination,2026-04-01,T2,"Gali 8, Ward 2, behind PDS Shop, Indira Colony, Devgarh Nagar - 970202",0,,0.0,,,,,,,,70,Valid and occupied,Visit,Unvisited address with complete description; schedule initial field visit
AD003063,AC002380,residence,kyc_origination,2026-04-01,T3,"Blk E, Rd 4, Teachers Col, Navanagara East - 980302",0,,0.0,,,,,,,,51,Valid and occupied,Visit,Unvisited address with complete description; schedule initial field visit
AD003064,AC002380,office,kyc_origination,2026-04-01,T3,e block 3rd road nr. ration shop palm meadows navanagara east - 980302,0,,0.0,,,,,,,,70,Valid and occupied,Visit,Unvisited address with complete description; schedule initial field visit
AD003065,AC002381,residence,kyc_origination,2026-04-01,T2,"near Park, Azad Mohalla, Devgarh Nagar - 970203",6,met_family,346.0,1.0,4.0,0.0,0.0,0.0,1.0,0.0,47,Valid and occupied,Visit,Borrower confirmed at address on prior visit; schedule visit
AD003066,AC002381,office,kyc_origination,2026-04-01,T2,"53/3, Glai No. 7, opp Post Office, Krishna Puri, Devgarh Nagar - 970202",3,met_borrower,911.0,1.0,0.0,2.0,0.0,0.0,0.0,0.0,71,Valid and occupied,Visit,Borrower confirmed at address on prior visit; schedule visit
AD003067,AC002382,residence,kyc_origination,2026-04-01,T2,"H.NO. 221, GALI 12, NR COMMUNITY HALL, PATEL NAGAR, DEVGARH NGR",8,met_family,254.0,2.0,3.0,2.0,0.0,0.0,1.0,0.0,63,Valid and occupied,Visit,Borrower confirmed at address on prior visit; schedule visit
AD003068,AC002382,office,kyc_origination,2026-04-01,T2,"NO. 1222, चर्च के पीछे, SHASTRI NAGAR, DEVVGARH NAGAR - 970201",0,,0.0,,,,,,,,62,Valid and occupied,Visit,Unvisited address with complete description; schedule initial field visit
AD003069,AC002383,residence,kyc_origination,2026-04-01,T2,"H.No. 256, Gali 3, nr. Masjid, Gandhi Basti, Devgarh Nagar - 970203",0,,0.0,,,,,,,,67,Valid and occupied,Visit,Unvisited address with complete description; schedule initial field visit
AD003070,AC002384,residence,kyc_origination,2026-04-01,T2,"No. 368, Gali 3, Ration ki Dukaan ke piche, Ram Nagar, Devgarh Nagar - 970203",0,,0.0,,,,,,,,77,Valid and occupied,Visit,Unvisited address with complete description; schedule initial field visit
AD003071,AC002385,residence,kyc_origination,2026-04-01,T3,"BLK B, RD 3, NR GOVERNMENT SCHOOL, ORCHAD ENCLAVE, NAVANAGARA EAST - 980031",0,,0.0,,,,,,,,75,Valid and occupied,Visit,Unvisited address with complete description; schedule initial field visit
AD003072,AC002385,office,kyc_origination,2026-04-01,T3,"B BLOCK, 5TH RD, HMT COLNY, NAVANAGARA EAST - 980031",1,neighbour_says_shifted,181.0,0.0,0.0,0.0,1.0,0.0,0.0,0.0,52,Borrower has moved,Trace the new address,Neighbours or occupants confirmed borrower relocated; trace new address
AD003073,AC002386,residence,kyc_origination,2026-04-01,T1,"HOUSE 113, 9TH CROSS, 7TH MAIN RD, KAVERIPURA - 960102",3,address_not_traceable,104.0,0.0,0.0,0.0,0.0,0.0,3.0,0.0,54,Hard to find on the ground,Resolve the location (Problem Statement 3) before writing it off,Detailed address but agent could not locate pin (104s dwell); resolve geocode (PS3)
AD003074,AC002387,residence,kyc_origination,2026-04-01,T2,"#215, Devgarh Nagar - 970202",5,met_borrower,1374.0,2.0,1.0,1.0,0.0,0.0,1.0,0.0,28,Valid and occupied,Visit,Borrower confirmed at address on prior visit; schedule visit
AD003075,AC002388,residence,kyc_origination,2026-04-01,T3,"H.NO. 362, GANESH MANDIR KE PAAS, HMT COLNY, NAVANAGARA EAST - 980301",0,,0.0,,,,,,,,69,Valid and occupied,Visit,Unvisited address with complete description; schedule initial field visit
AD003076,AC002388,office,kyc_origination,2026-04-01,T3,"H.NO. 42, A BLOCK, 2ND ROAD, CLOSE TO CHURCH, HMT COLONY, NAVANAGARA EAST - 980302",0,,0.0,,,,,,,,82,Valid and occupied,Visit,Unvisited address with complete description; schedule initial field visit
AD003077,AC002389,residence,kyc_origination,2026-04-01,T2,"#274, Gali No. 6, Krishna Puri, Dvegarh Nagar - 970202",8,met_family,447.0,4.0,1.0,2.0,0.0,0.0,1.0,0.0,54,Valid and occupied,Visit,Borrower confirmed at address on prior visit; schedule visit
AD003078,AC002390,residence,kyc_origination,2026-04-01,T2,"nr. Overhead Tank, Nehru Colony, Devgarh Nagar - 970203",0,,0.0,,,,,,,,55,Valid and occupied,Visit,Unvisited address with complete description; schedule initial field visit
AD003079,AC002390,permanent_native,kyc_origination,2026-04-01,OUT,"Village Mallapura, Tehsil D, District North - 997972",0,,0.0,,,,,,,,52,Valid and occupied,Visit,Unvisited address with complete description; schedule initial field visit
AD003080,AC002391,residence,kyc_origination,2026-04-01,T3,"186/1, E Block, 5th Rd, nr. Ganapathi Temple, Teachers Colony, Navanagara East - 980302",0,,0.0,,,,,,,,87,Valid and occupied,Visit,Unvisited address with complete description; schedule initial field visit
AD003081,AC002392,residence,kyc_origination,2026-04-01,T2,"Lakshmi Nilaya, Gali no-1, Shivaji Ngr, Devgarh Nagar - 970202",0,,0.0,,,,,,,,62,Valid and occupied,Visit,Unvisited address with complete description; schedule initial field visit
AD003082,AC002393,residence,kyc_origination,2026-04-01,T2,"H.No. 424, Gali 9, मेडिकल स्टोर के बगल में, Nehru Colny, Devgarh Nagar - 970203",0,,0.0,,,,,,,,79,Valid and occupied,Visit,Unvisited address with complete description; schedule initial field visit
AD003083,AC002394,residence,kyc_origination,2026-04-01,T1,"No. 352, Basava Nagar, Kaveripura - 960101",6,locked_premises,188.0,0.0,0.0,2.0,1.0,1.0,2.0,0.0,42,"Valid, but borrower usually absent",Change the visit time,Premises locked or met family; shift visit to evening/weekend slot
AD003084,AC002395,residence,kyc_origination,2026-04-01,T1,"H.NO. 416, 3RD CROSS, 6TH MAIN, VINAYAKA NAGAR, KAVERIPURA - 960104",0,,0.0,,,,,,,,67,Valid and occupied,Visit,Unvisited address with complete description; schedule initial field visit
AD003085,AC002396,residence,kyc_origination,2026-04-01,T1,"House 56, Om Sai Complex, 11th Cross, 8th Mn, Nehru Colony, Kaveripura - 960102",4,met_borrower,570.0,1.0,2.0,1.0,0.0,0.0,0.0,0.0,79,Valid and occupied,Visit,Borrower confirmed at address on prior visit; schedule visit
AD003086,AC002397,residence,kyc_origination,2026-04-01,T3,"133/1, D Blk., 3rd Rd, Teachers Colony, Navanagara East - 980302",1,met_family,368.0,0.0,1.0,0.0,0.0,0.0,0.0,0.0,64,"Valid, but borrower usually absent",Change the visit time,Premises locked or met family; shift visit to evening/weekend slot
AD003087,AC002398,residence,kyc_origination,2026-04-01,T2,"Tanki ke piche, Krishna Puri, Devgarh Nagr - 970204",6,neighbour_says_shifted,158.0,1.0,0.0,1.0,2.0,2.0,0.0,0.0,51,Valid and occupied,Visit,Borrower confirmed at address on prior visit; schedule visit
AD003088,AC002399,residence,kyc_origination,2026-04-01,T3,"274/2, E Block, 4th Road, adj. Ration Shop, Palm Meadows, Navanagara East - 980303",5,address_not_traceable,68.0,0.0,0.0,0.0,0.0,0.0,5.0,0.0,82,Hard to find on the ground,Resolve the location (Problem Statement 3) before writing it off,Detailed address but agent could not locate pin (68s dwell); resolve geocode (PS3)
AD003089,AC002399,permanent_native,kyc_origination,2026-04-01,OUT,"Village Sundarpur, Tehsil C, District South - 993714",0,,0.0,,,,,,,,52,Valid and occupied,Visit,Unvisited address with complete description; schedule initial field visit
AD003090,AC002400,residence,kyc_origination,2026-04-01,T1,"7th Cross, 6th Main, Samudaya Bhavana hattira, Gandhi Nagr, Kaveripura - 960102",2,met_borrower,971.0,1.0,1.0,0.0,0.0,0.0,0.0,0.0,79,Valid and occupied,Visit,Borrower confirmed at address on prior visit; schedule visit
AD003091,AC001083,residence,skip_trace,2026-04-23,OUT,"Village Rampura Kalan, Taluk A, District North - 998850",0,,0.0,,,,,,,,55,Valid and occupied,Visit,Unvisited address with complete description; schedule initial field visit
AD003092,AC001768,residence,skip_trace,2026-04-24,T2,#101 annapoorna nilaya गली नं. 1 ram nagar devgarh ngr - 970203,0,,0.0,,,,,,,,63,Valid and occupied,Visit,Unvisited address with complete description; schedule initial field visit
AD003093,AC000317,residence,skip_trace,2026-04-27,OUT,"Village Bilagi, Tehsil D, District South - 996507",0,,0.0,,,,,,,,49,Valid and occupied,Visit,Unvisited address with complete description; schedule initial field visit
AD003094,AC002225,residence,skip_trace,2026-04-30,T1,"6th Crs, 2nd Main, beside Ganesh Temple, Kuvempu Layout, Kaveripura - 960102",2,met_borrower,1237.0,1.0,0.0,0.0,0.0,0.0,0.0,1.0,76,Valid and occupied,Visit,Borrower confirmed at address on prior visit; schedule visit
AD003095,AC002341,residence,skip_trace,2026-05-01,OUT,"Village Kodihalli, Tehsil D, District East - 998580",0,,0.0,,,,,,,,51,Valid and occupied,Visit,Unvisited address with complete description; schedule initial field visit
AD003096,AC001013,residence,skip_trace,2026-05-10,T1,"9TH CROSS, 2ND MAIN RD, KALYANA NGR, KAVERIPURA - 960104",0,,0.0,,,,,,,,56,Valid and occupied,Visit,Unvisited address with complete description; schedule initial field visit
AD003097,AC001191,residence,skip_trace,2026-05-19,OUT,"Village Mallapura, Taluk A, District South - 995787",0,,0.0,,,,,,,,51,Valid and occupied,Visit,Unvisited address with complete description; schedule initial field visit
AD003098,AC001529,residence,skip_trace,2026-05-20,T2,"HOUSE 213, SHANTI KUNJ, NR PETROL PUMP, AZAD MOHALLA, DEVGARH NAGAR - 970203",4,met_borrower,324.0,2.0,0.0,2.0,0.0,0.0,0.0,0.0,76,Valid and occupied,Visit,Borrower confirmed at address on prior visit; schedule visit
AD003099,AC001408,residence,skip_trace,2026-05-24,T1,"6TH CROSS, 4TH MAIN, OPP. CHILDREN PARK, NEHRU COLONY, KAVERIPURA - 960102",3,met_borrower,784.0,1.0,1.0,1.0,0.0,0.0,0.0,0.0,74,Valid and occupied,Visit,Borrower confirmed at address on prior visit; schedule visit
AD003100,AC001748,residence,skip_trace,2026-05-24,T1,"House 399, 1t2h Cross, 4th Mn, nr. Govt School, Kuvempu Lyt, Kaveripura - 960102",2,met_borrower,825.0,1.0,0.0,1.0,0.0,0.0,0.0,0.0,80,Valid and occupied,Visit,Borrower confirmed at address on prior visit; schedule visit
AD003101,AC000232,residence,skip_trace,2026-05-27,OUT,"Village Mallapura, Taluk A, District East - 998315",0,,0.0,,,,,,,,50,Valid and occupied,Visit,Unvisited address with complete description; schedule initial field visit
AD003102,AC001232,residence,skip_trace,2026-05-29,T1,"#372, 6th X, 7th Mn, Gandhi Nagar, Kaveripura",3,locked_premises,198.0,1.0,0.0,2.0,0.0,0.0,0.0,0.0,45,Valid and occupied,Visit,Borrower confirmed at address on prior visit; schedule visit
AD003103,AC001162,residence,skip_trace,2026-05-30,OUT,"Village Mallapura, Tehsil C, District West - 995699",0,,0.0,,,,,,,,51,Valid and occupied,Visit,Unvisited address with complete description; schedule initial field visit
AD003104,AC001882,residence,skip_trace,2026-05-30,T2,h.no. 387 gali 10 opposite petrol pump tilak nagar devgarh nagr - 970204,0,,0.0,,,,,,,,72,Valid and occupied,Visit,Unvisited address with complete description; schedule initial field visit
AD003105,AC001373,residence,skip_trace,2026-06-01,T3,no. 149 blk f rd 1 near overhead tank sunrise enclave navanagara east - 980304,2,met_borrower,1224.0,1.0,0.0,1.0,0.0,0.0,0.0,0.0,78,Valid and occupied,Visit,Borrower confirmed at address on prior visit; schedule visit
AD003106,AC002288,residence,skip_trace,2026-06-01,T2,no. 315 gali 10 ward 2 indira col devgarh nagr - 970202,2,locked_premises,93.0,0.0,1.0,1.0,0.0,0.0,0.0,0.0,55,"Valid, but borrower usually absent",Change the visit time,Premises locked or met family; shift visit to evening/weekend slot
AD003107,AC001202,residence,skip_trace,2026-06-06,T1,"6th Cross, 3rd Mn, Bus Stop hattira, Kaveripura - 960102",0,,0.0,,,,,,,,56,Valid and occupied,Visit,Unvisited address with complete description; schedule initial field visit
AD003108,AC002174,residence,skip_trace,2026-06-10,OUT,"Village Sundarpur, Tehsil C, District South - 993233",0,,0.0,,,,,,,,52,Valid and occupied,Visit,Unvisited address with complete description; schedule initial field visit
AD003109,AC000775,residence,skip_trace,2026-06-11,OUT,"Village Kodihalli, Taluk B, District West - 994477",0,,0.0,,,,,,,,50,Valid and occupied,Visit,Unvisited address with complete description; schedule initial field visit
AD003110,AC000542,residence,skip_trace,2026-06-14,T1,"H.NNO. 273, 12TH CROSSS, 8TH MAIN, HOSA BADAVANE, KAVERIPURA - 960101",0,,0.0,,,,,,,,69,Valid and occupied,Visit,Unvisited address with complete description; schedule initial field visit
AD003111,AC000602,residence,skip_trace,2026-06-18,T3,h.no. 61 b block 3rd rd. church hattira sunrise enclave navanagara east - 980304,0,,0.0,,,,,,,,80,Valid and occupied,Visit,Unvisited address with complete description; schedule initial field visit
AD003112,AC000523,residence,skip_trace,2026-06-19,OUT,"Village Kodihalli, Tehsil D, District South - 993021",0,,0.0,,,,,,,,52,Valid and occupied,Visit,Unvisited address with complete description; schedule initial field visit
AD003113,AC002368,residence,skip_trace,2026-06-20,T1,"3rd Cross, 5th Main, close to Ganesh Temple, Ashoka Layout, Kaveripura - 960104",0,,0.0,,,,,,,,79,Valid and occupied,Visit,Unvisited address with complete description; schedule initial field visit
AD003114,AC000505,residence,skip_trace,2026-06-23,OUT,"Village Rampura Kalan, Taluk B, District South - 997536",0,,0.0,,,,,,,,55,Valid and occupied,Visit,Unvisited address with complete description; schedule initial field visit
AD003115,AC001755,residence,skip_trace,2026-06-25,T2,"opposite Hanuman Temple, Shivaaji Nagar, Devgarh Nagar - 970202",0,,0.0,,,,,,,,63,Valid and occupied,Visit,Unvisited address with complete description; schedule initial field visit
AD003116,AC002060,residence,skip_trace,2026-06-25,OUT,"Village Rampura Kalan, Tehsil C, District South - 991666",0,,0.0,,,,,,,,56,Valid and occupied,Visit,Unvisited address with complete description; schedule initial field visit
AD003117,AC000977,residence,skip_trace,2026-06-29,T1,"NO. 284, 1ST CROSS, 8TH MAIN, KAVERIPURA - 960102",0,,0.0,,,,,,,,49,Valid and occupied,Visit,Unvisited address with complete description; schedule initial field visit
