account_id,lender_id,portfolio,income_type,town_id,preferred_language,bucket_start,dpd_start,emi_amount,overdue_start,outstanding,salary_credit_day,bureau_score_band,other_active_loans,paid_other_lenders_30d,last_bounce_reason,ability_to_pay_estimate,prev_ptp_count,prev_ptp_broken,dialling_arm,prob_trace_hit,expected_recovery_gross,expected_net_value_trace,has_reachable_channel
AC001489,L06,msme,self_employed,T3,hinglish,X,0,38700.0,38700.0,1780200.0,,700-749,1,False,technical,0.64,0,0,rule_based,0.27105703091629474,683596.7999999999,83293.17352834606,False
AC000256,L06,msme,self_employed,T3,hinglish,90+,110,37550.0,150200.0,1915050.0,,300-549,3,True,insufficient_funds,0.61,2,2,rule_based,0.24109660129503982,700908.2999999999,75954.97402726788,False
AC000730,L05,msme,self_employed,T2,hinglish,90+,236,35300.0,282400.0,1376700.0,,300-549,2,False,mandate_not_registered,0.83,1,0,rule_based,0.243912272214159,685596.6,75162.44103773584,False
AC001519,L06,msme,self_employed,T3,kanglish,X,0,38850.0,38850.0,1864800.0,,550-649,3,False,insufficient_funds,,0,0,random_contact_point,0.25441164386375775,559440.0,63958.622519413286,False
AC002190,L05,msme,self_employed,T1,kanglish,1-30,15,21400.0,21400.0,963000.0,,750-900,1,False,insufficient_funds,1.0,1,0,rule_based,0.24281430191089035,577800.0,63045.1466398506,False
AC001515,L06,msme,self_employed,T2,hinglish,1-30,3,32300.0,32300.0,1227400.0,,300-549,3,True,insufficient_funds,0.69,0,0,rule_based,0.27105703091629474,508143.5999999999,61892.15297280278,False
AC000816,L06,msme,self_employed,T2,hinglish,X,0,38500.0,38500.0,1848000.0,,300-549,1,True,insufficient_funds,,0,0,rule_based,0.23777550222761615,554400.0,59231.23229574567,False
AC001462,L05,msme,self_employed,T3,kanglish,90+,227,36000.0,288000.0,1656000.0,,300-549,2,False,insufficient_funds,,1,1,rule_based,0.2544208892801531,496800.0,56789.33400747103,False
AC000336,L06,msme,self_employed,T2,hinglish,90+,565,38350.0,460200.0,1188850.0,,300-549,1,False,mandate_not_registered,0.88,3,3,rule_based,0.1996816289890466,627712.7999999999,56315.22149857402,False
AC002168,L05,msme,self_employed,T2,hinglish,1-30,25,36350.0,36350.0,1635750.0,,300-549,1,False,insufficient_funds,,1,0,rule_based,0.25441164386375775,490725.0,56091.76927076913,False
AC001830,L03,pl_salaried,salaried,T1,kanglish,90+,296,16000.0,160000.0,896000.0,,300-549,6,False,insufficient_funds,1.0,4,1,rule_based,0.227266885161622,537600.0,54891.4048582996,False
AC000671,L05,msme,self_employed,T3,english,31-60,47,36600.0,73200.0,1683600.0,,550-649,0,False,insufficient_funds,0.6,3,2,rule_based,0.19796285585759268,606096.0,53904.02278773857,False
AC002088,L06,msme,self_employed,T2,english,1-30,21,30750.0,30750.0,984000.0,,300-549,2,False,insufficient_funds,0.73,2,1,rule_based,0.27186140672067055,430992.0,52637.54113240986,False
AC001899,L06,msme,self_employed,T1,english,31-60,49,29600.0,59200.0,1450400.0,,650-699,0,False,insufficient_funds,0.68,2,0,rule_based,0.19796285585759268,591763.2000000001,52627.20987854251,False
AC002180,L06,msme,self_employed,T1,kanglish,31-60,43,22800.0,45600.0,866400.0,,300-549,0,False,insufficient_funds,0.99,1,0,rule_based,0.227266885161622,514641.6,52543.44703296703,False
AC000854,L05,msme,self_employed,T1,kanglish,61-90,81,35800.0,107400.0,1539400.0,,300-549,2,False,insufficient_funds,0.48,2,2,rule_based,0.26054841385030064,443347.2,51892.034385237406,False
AC001143,L05,msme,self_employed,T3,hinglish,31-60,41,34950.0,69900.0,1607700.0,,300-549,3,False,mandate_not_registered,,2,1,rule_based,0.23777550222761615,482310.0,51517.67611573069,False
AC000114,L06,msme,self_employed,T3,kanglish,1-30,4,33750.0,33750.0,1552500.0,,550-649,1,True,insufficient_funds,,0,0,rule_based,0.23777550222761615,465750.0,49745.7730731305,False
AC000173,L06,msme,self_employed,T3,english,90+,180,37300.0,223800.0,1603900.0,,300-549,4,False,insufficient_funds,,2,1,rule_based,0.22964205861030154,481170.0,49634.591203683456,False
AC000136,L05,msme,self_employed,T1,english,X,0,37850.0,37850.0,984100.0,,550-649,1,False,insufficient_funds,0.69,0,0,rule_based,0.27105703091629474,407417.39999999997,49606.007854436386,False
AC001266,L06,msme,self_employed,T3,kanglish,90+,289,39500.0,395000.0,1738000.0,,300-549,1,True,insufficient_funds,,7,3,rule_based,0.20781507260636115,521400.0,48670.65048563052,False
AC000067,L05,msme,self_employed,T3,hinglish,1-30,23,38700.0,38700.0,1393200.0,,550-649,4,False,insufficient_funds,,3,1,rule_based,0.2552160196681336,417960.0,47912.53941122191,False
AC000532,L05,msme,self_employed,T1,kanglish,31-60,31,29300.0,58600.0,879000.0,,550-649,5,False,insufficient_funds,0.79,1,0,rule_based,0.2544208892801531,416646.0,47612.550625758406,False
AC000628,L05,msme,self_employed,T1,kanglish,61-90,86,24450.0,73350.0,1002450.0,,300-549,0,True,insufficient_funds,0.73,3,1,rule_based,0.24109660129503982,439073.1,47547.56445853472,False
AC000441,L06,msme,self_employed,T1,hinglish,1-30,7,38450.0,38450.0,692100.0,,550-649,0,False,stop_payment,1.0,0,0,rule_based,0.25441164386375775,415260.0,47452.14065388882,False
AC001344,L06,msme,self_employed,T1,english,31-60,53,22800.0,45600.0,1094400.0,,300-549,1,False,insufficient_funds,0.68,1,1,rule_based,0.23124438454627136,446515.2,46375.35967654987,False
AC001504,L06,msme,self_employed,T2,hinglish,1-30,25,38600.0,38600.0,1312400.0,,300-549,1,False,mandate_not_registered,,0,0,rule_based,0.25441164386375775,393720.0,44986.12858991742,False
AC001975,L06,msme,self_employed,T3,english,61-90,70,21850.0,65550.0,1070650.0,,300-549,1,True,stop_payment,0.7,2,0,rule_based,0.22237952972216565,449673.0,44910.13162093993,False
AC001118,L05,msme,self_employed,T2,hinglish,1-30,19,29250.0,29250.0,1228500.0,,550-649,3,True,stop_payment,,0,0,rule_based,0.27105703091629474,368550.0,44865.13093489019,False
AC000940,L05,msme,self_employed,T1,kanglish,1-30,6,34050.0,34050.0,1293900.0,,300-549,3,False,mandate_not_registered,,0,0,rule_based,0.2544208892801531,388170.0,44352.350466344666,False
AC001770,L03,pl_salaried,salaried,T2,hinglish,1-30,24,14200.0,14200.0,667400.0,10.0,550-649,1,False,stop_payment,1.0,3,2,rule_based,0.24390302679776363,400440.0,43861.83762290341,False
AC001410,L05,msme,self_employed,T1,english,1-30,26,28750.0,28750.0,891250.0,,550-649,0,False,insufficient_funds,0.7,1,1,rule_based,0.26054841385030064,374325.0,43799.40325653121,False
AC001359,L03,pl_salaried,salaried,T1,hinglish,31-60,43,17700.0,35400.0,831900.0,5.0,300-549,2,True,technical,0.74,1,0,random_contact_point,0.26054841385030064,369363.6,43217.69505131661,False
AC001748,L03,pl_salaried,salaried,T1,kanglish,61-90,62,17850.0,53550.0,874650.0,25.0,300-549,1,False,insufficient_funds,0.74,2,1,rule_based,0.24109660129503982,388344.6,42043.85343607677,False
AC000357,L05,msme,self_employed,T3,hinglish,31-60,52,39650.0,79300.0,1387750.0,,300-549,3,False,mandate_not_registered,,1,1,rule_based,0.21913344154430744,416325.0,40964.82852292021,False
AC000822,L03,pl_salaried,salaried,T2,hinglish,1-30,8,18000.0,18000.0,846000.0,,550-649,3,False,insufficient_funds,0.65,1,1,rule_based,0.26890434202749314,329940.0,39836.034373847986,False
AC000551,L05,msme,self_employed,T2,hinglish,61-90,87,26300.0,78900.0,1236100.0,,300-549,0,True,insufficient_funds,,0,0,rule_based,0.23777550222761615,370830.0,39589.430270980105,False
AC001037,L06,msme,self_employed,T2,hinglish,X,0,33800.0,33800.0,1284400.0,,700-749,2,False,insufficient_funds,0.42,0,0,random_contact_point,0.27186140672067055,323668.8,39507.87487581612,False
AC002228,L05,msme,self_employed,T3,hinglish,1-30,20,28800.0,28800.0,1152000.0,,650-699,1,False,insufficient_funds,,0,0,rule_based,0.25441164386375775,345600.0,39477.098853691605,False
AC000175,L05,msme,self_employed,T3,kanglish,1-30,20,31750.0,31750.0,1016000.0,,550-649,3,False,insufficient_funds,0.53,0,0,rule_based,0.27186140672067055,323088.0,39436.821178555605,False
AC000001,L03,pl_salaried,salaried,T1,kanglish,61-90,81,16750.0,50250.0,737000.0,,550-649,2,False,mandate_not_registered,0.76,2,0,rule_based,0.26054841385030064,336072.0,39314.36194277421,False
AC002331,L06,msme,self_employed,T3,hinglish,61-90,89,28850.0,86550.0,1182850.0,,300-549,3,False,insufficient_funds,,0,0,rule_based,0.24628744566283856,354855.0,39239.349188808956,False
AC000394,L06,msme,self_employed,T2,hinglish,1-30,19,16150.0,16150.0,662150.0,,650-699,2,True,insufficient_funds,0.81,1,0,rule_based,0.27105703091629474,321804.89999999997,39163.36632774181,False
AC000630,L03,pl_salaried,salaried,T1,english,1-30,20,14100.0,14100.0,620400.0,5.0,550-649,2,False,insufficient_funds,0.73,1,1,rule_based,0.3151046499639138,271735.2,38442.261285493354,False
AC001596,L06,msme,self_employed,T2,hinglish,31-60,57,33750.0,67500.0,843750.0,,300-549,1,True,insufficient_funds,0.78,2,2,rule_based,0.21632701604158358,394875.0,38350.95870673914,False
AC001267,L01,pl_salaried,salaried,T3,hinglish,1-30,13,16200.0,16200.0,745200.0,,550-649,3,False,insufficient_funds,0.75,0,0,rule_based,0.25441164386375775,335340.0,38302.480293972636,False
AC000431,L01,pl_salaried,salaried,T3,english,1-30,8,17500.0,17500.0,770000.0,,550-649,2,False,insufficient_funds,0.68,0,0,rule_based,0.27105703091629474,314160.0,38230.87457469842,False
AC000028,L05,msme,self_employed,T2,hinglish,61-90,67,36400.0,109200.0,1310400.0,,300-549,2,False,stop_payment,,4,1,rule_based,0.21632701604158358,393120.0,38180.1144458203,False
AC000076,L03,pl_salaried,salaried,T3,kanglish,61-90,87,17150.0,51450.0,668850.0,,550-649,1,False,insufficient_funds,0.93,2,1,rule_based,0.227266885161622,373218.3,38080.072236842105,False
AC002042,L01,pl_salaried,salaried,T3,hinglish,61-90,83,14300.0,42900.0,700700.0,,550-649,2,False,technical,1.0,4,0,rule_based,0.1996816289890466,420420.0,37688.56770680874,False
AC001855,L06,msme,self_employed,T1,kanglish,X,0,25100.0,25100.0,928700.0,,550-649,2,False,insufficient_funds,0.55,0,0,rule_based,0.27105703091629474,306471.0,37293.0036948765,False
AC001381,L06,msme,self_employed,T3,hinglish,1-30,9,24000.0,24000.0,1080000.0,,550-649,2,False,insufficient_funds,0.47,0,0,rule_based,0.27186140672067055,304560.0,37170.14951388134,False
AC001557,L06,msme,self_employed,T3,english,X,0,26950.0,26950.0,1158850.0,,650-699,0,False,insufficient_funds,,0,0,rule_based,0.23777550222761615,347655.0,37109.72900212385,False
AC001374,L05,msme,self_employed,T2,hinglish,X,0,24400.0,24400.0,1146800.0,,550-649,6,False,insufficient_funds,,1,0,rule_based,0.23777550222761615,344040.0,36722.92770387507,False
AC000377,L06,msme,self_employed,T2,hinglish,1-30,8,26400.0,26400.0,1161600.0,,300-549,3,False,insufficient_funds,0.46,1,0,rule_based,0.25441164386375775,320601.6,36615.15103660791,False
AC000737,L01,pl_salaried,salaried,T3,hinglish,61-90,83,12950.0,38850.0,608650.0,,300-549,3,False,stop_payment,0.9,1,1,rule_based,0.24470740260213944,328671.0,36103.702024291495,False
AC001907,L06,msme,self_employed,T2,hinglish,90+,160,18250.0,109500.0,894250.0,,300-549,4,False,insufficient_funds,0.61,1,0,rule_based,0.243912272214159,327295.5,35835.125090711175,False
AC001518,L05,msme,self_employed,T3,english,X,0,36750.0,36750.0,1470000.0,,550-649,2,True,insufficient_funds,0.33,0,0,rule_based,0.27186140672067055,291060.0,35518.591468053266,False
AC001466,L06,msme,self_employed,T3,hinglish,90+,357,32300.0,387600.0,1130500.0,,300-549,4,True,stop_payment,,2,2,rule_based,0.227266885161622,339150.0,34595.903846153844,False
AC000966,L01,pl_salaried,salaried,T1,kanglish,1-30,14,13850.0,13850.0,664800.0,,300-549,0,False,stop_payment,0.71,0,0,rule_based,0.27186140672067055,283204.8,34557.60489312077,False
AC001457,L06,msme,self_employed,T3,english,90+,228,21950.0,175600.0,636550.0,,300-549,4,False,insufficient_funds,0.89,5,2,rule_based,0.2244512142425028,339917.7,34243.72322838346,False
AC002348,L05,msme,self_employed,T3,english,90+,109,36950.0,147800.0,812900.0,,300-549,1,False,insufficient_funds,0.64,2,0,rule_based,0.243912272214159,312153.6,34173.14223512336,False
AC001415,L05,msme,self_employed,T2,hinglish,X,0,21650.0,21650.0,779400.0,,550-649,1,True,insufficient_funds,0.6,0,0,rule_based,0.27105703091629474,280584.0,34135.41968317794,False
AC001576,L01,pl_salaried,salaried,T3,kanglish,X,0,15400.0,15400.0,569800.0,,650-699,1,False,insufficient_funds,0.82,0,0,rule_based,0.27105703091629474,280341.6,34105.85278224559,False
AC000366,L06,msme,self_employed,T3,hinglish,X,0,23400.0,23400.0,608400.0,,750-900,1,False,mandate_not_registered,0.81,0,0,rule_based,0.25441164386375775,295682.4,33762.270450511525,False
AC001712,L06,msme,self_employed,T3,english,1-30,8,26650.0,26650.0,746200.0,,550-649,1,False,insufficient_funds,0.66,1,1,rule_based,0.25441164386375775,295495.2,33740.83881363244,False
AC002135,L06,msme,self_employed,T3,hinglish,61-90,72,24700.0,74100.0,1235000.0,,300-549,1,False,stop_payment,,3,3,rule_based,0.1996816289890466,370500.0,33202.91959319879,False
AC000436,L01,pl_salaried,salaried,T1,hinglish,61-90,68,16000.0,48000.0,688000.0,,300-549,5,False,insufficient_funds,0.85,2,0,rule_based,0.20781507260636115,350880.0,32724.168704254,False
AC001110,L06,msme,self_employed,T1,kanglish,61-90,73,38400.0,115200.0,1497600.0,,300-549,3,False,insufficient_funds,0.36,0,0,rule_based,0.22446045965889816,323481.6,32584.972882238122,False
AC000412,L05,msme,self_employed,T3,english,1-30,25,17500.0,17500.0,507500.0,,700-749,1,False,insufficient_funds,1.0,1,0,rule_based,0.23777550222761615,304500.0,32492.1881927391,False
AC001123,L06,msme,self_employed,T3,kanglish,90+,127,13600.0,68000.0,584800.0,,300-549,1,True,insufficient_funds,0.9,2,1,rule_based,0.227266885161622,315792.0,32207.07888953152,False
AC001412,L05,msme,self_employed,T3,kanglish,31-60,52,21750.0,43500.0,652500.0,,300-549,4,True,stop_payment,0.88,1,0,rule_based,0.20781507260636115,344520.0,32129.401966454596,False
AC000877,L03,pl_salaried,salaried,T2,hinglish,1-30,6,16200.0,16200.0,518400.0,1.0,300-549,0,True,insufficient_funds,0.88,0,0,rule_based,0.25441164386375775,273715.2,31247.350292123752,False
AC000864,L01,pl_salaried,salaried,T3,english,31-60,52,16200.0,32400.0,793800.0,1.0,550-649,1,False,insufficient_funds,0.76,5,1,rule_based,0.18982941224027808,361972.8,30831.88774193548,False
AC000426,L03,pl_salaried,salaried,T2,hinglish,X,0,16750.0,16750.0,737000.0,,650-699,4,True,insufficient_funds,0.61,1,1,rule_based,0.25441164386375775,269742.0,30792.477537593983,False
AC000292,L03,pl_salaried,salaried,T1,hinglish,90+,251,12600.0,113400.0,655200.0,25.0,300-549,1,True,insufficient_funds,0.84,5,2,rule_based,0.20781507260636115,330220.8,30792.1867876588,False
AC001607,L01,pl_salaried,salaried,T3,kanglish,90+,470,14300.0,171600.0,829400.0,,300-549,1,False,insufficient_funds,0.6,3,2,rule_based,0.22446045965889816,298584.0,30070.1358490566,False
AC000789,L05,msme,self_employed,T3,kanglish,61-90,83,34850.0,104550.0,627300.0,,300-549,3,True,insufficient_funds,0.79,1,0,rule_based,0.2244512142425028,297340.2,29943.266019898885,False
AC002353,L06,msme,self_employed,T3,kanglish,31-60,33,23400.0,46800.0,561600.0,,300-549,1,True,insufficient_funds,0.81,2,1,rule_based,0.24390302679776363,272937.60000000003,29867.638045112788,False
AC002113,L01,pl_salaried,salaried,T2,hinglish,61-90,86,11650.0,34950.0,570850.0,30.0,300-549,2,True,insufficient_funds,0.85,2,2,rule_based,0.2244512142425028,291133.5,29316.37041175136,False
AC001700,L03,pl_salaried,self_employed,T2,hinglish,61-90,84,16950.0,50850.0,644100.0,,550-649,2,True,insufficient_funds,0.75,2,2,rule_based,0.2252555900468786,289845.0,29291.142923711886,False
AC001443,L06,msme,self_employed,T1,english,90+,167,21000.0,126000.0,1071000.0,,300-549,0,True,insufficient_funds,,5,2,rule_based,0.1996816289890466,321300.0,28781.968327381303,False
AC000660,L01,pl_salaried,salaried,T2,hinglish,1-30,29,16200.0,16200.0,550800.0,5.0,700-749,1,False,insufficient_funds,0.75,0,0,rule_based,0.25441164386375775,247860.0,28287.31152163195,False
AC001680,L05,msme,self_employed,T2,hinglish,1-30,13,27500.0,27500.0,742500.0,,300-549,1,True,insufficient_funds,0.58,1,1,rule_based,0.24390302679776363,258389.99999999994,28270.94639242336,False
AC001984,L05,msme,self_employed,T3,hinglish,1-30,6,34400.0,34400.0,825600.0,,650-699,2,False,insufficient_funds,,0,0,rule_based,0.2544208892801531,247680.0,28267.734635608744,False
AC002284,L06,msme,self_employed,T3,kanglish,X,0,39950.0,39950.0,878900.0,,300-549,3,False,insufficient_funds,,1,1,rule_based,0.23777550222761615,263670.0,28123.420002559997,False
AC001268,L03,pl_salaried,salaried,T1,english,1-30,21,12450.0,12450.0,460650.0,5.0,550-649,3,False,insufficient_funds,1.0,0,0,rule_based,0.2244512142425028,276390.0,27827.231997018407,False
AC002144,L05,msme,self_employed,T1,hinglish,90+,211,37550.0,300400.0,826100.0,,300-549,1,False,insufficient_funds,,1,0,random_contact_point,0.24628744566283856,247830.0,27377.837946379575,False
AC000425,L06,msme,self_employed,T1,hinglish,1-30,18,25850.0,25850.0,1240800.0,,300-549,1,True,insufficient_funds,0.3,2,1,rule_based,0.27186140672067055,223344.0,27234.37631017965,False
AC000448,L01,pl_salaried,salaried,T1,kanglish,X,0,14250.0,14250.0,484500.0,5.0,650-699,2,False,technical,0.77,0,0,rule_based,0.27105703091629474,223839.0,27213.910634472624,False
AC000488,L03,pl_salaried,salaried,T3,hinglish,1-30,3,17350.0,17350.0,416400.0,10.0,650-699,0,False,insufficient_funds,1.0,1,1,rule_based,0.24140283297823406,249840.0,27051.4377060769,False
AC000622,L03,pl_salaried,salaried,T3,hinglish,X,0,13250.0,13250.0,477000.0,1.0,550-649,0,False,insufficient_funds,0.77,0,0,rule_based,0.27105703091629474,220374.0,26791.264959016393,False
AC001609,L03,pl_salaried,salaried,T1,english,1-30,18,17050.0,17050.0,664950.0,,300-549,2,False,insufficient_funds,0.58,2,1,rule_based,0.2552160196681336,231402.6,26486.942730785766,False
AC001102,L03,pl_salaried,self_employed,T3,english,1-30,23,11750.0,11750.0,387750.0,,550-649,2,False,insufficient_funds,0.97,2,1,random_contact_point,0.26135278965467645,225670.5,26451.82662299455,False
AC001401,L06,msme,self_employed,T2,hinglish,1-30,7,17100.0,17100.0,820800.0,,550-649,1,False,mandate_not_registered,,1,0,rule_based,0.23777550222761615,246240.0,26258.42785083769,False
AC001705,L05,msme,self_employed,T2,hinglish,31-60,47,12500.0,25000.0,525000.0,,650-699,1,False,insufficient_funds,0.93,2,0,rule_based,0.19796285585759268,292950.0,26007.9483805668,False
AC001244,L01,pl_salaried,salaried,T2,hinglish,X,0,10600.0,10600.0,487600.0,,650-699,3,False,insufficient_funds,0.73,0,0,rule_based,0.27105703091629474,213568.8,25961.196170960186,False
AC001216,L06,msme,self_employed,T3,kanglish,90+,92,29050.0,116200.0,784350.0,,300-549,2,False,insufficient_funds,0.47,3,3,rule_based,0.26054841385030064,221186.69999999998,25844.42973240203,False
AC000875,L01,pl_salaried,salaried,T2,hinglish,X,0,11600.0,11600.0,475600.0,,650-699,4,False,technical,0.74,0,0,rule_based,0.27105703091629474,211166.4,25668.161835977196,False
AC000003,L06,msme,self_employed,T2,hinglish,61-90,70,22550.0,67650.0,766700.0,,300-549,2,False,insufficient_funds,0.55,2,2,rule_based,0.2244512142425028,253011.00000000003,25465.881775019447,False
AC000473,L06,msme,self_employed,T3,kanglish,61-90,63,24100.0,72300.0,795300.0,,300-549,2,True,insufficient_funds,0.49,1,0,rule_based,0.24109660129503982,233818.19999999998,25278.748003415745,False
AC002106,L03,pl_salaried,salaried,T2,hinglish,X,0,14350.0,14350.0,401800.0,,650-699,1,False,insufficient_funds,0.74,0,0,rule_based,0.3151046499639138,178399.19999999998,25207.48786142901,False
AC000344,L01,credit_card,salaried,T3,hinglish,1-30,12,11650.0,11650.0,419400.0,1.0,750-900,1,False,technical,0.98,0,0,rule_based,0.227266885161622,246607.19999999998,25131.542591093115,False
AC002298,L06,msme,self_employed,T3,english,1-30,20,35500.0,35500.0,745500.0,,300-549,2,False,insufficient_funds,0.49,1,1,rule_based,0.2552160196681336,219177.0,25082.866694261134,False
AC000213,L05,msme,self_employed,T2,hinglish,61-90,83,29850.0,89550.0,567150.0,,300-549,4,False,insufficient_funds,0.73,1,1,rule_based,0.2244512142425028,248411.69999999998,25001.33846366995,False
AC000714,L03,pl_salaried,salaried,T1,hinglish,90+,154,10600.0,63600.0,487600.0,25.0,300-549,2,True,stop_payment,0.79,2,2,rule_based,0.24109660129503982,231122.4,24986.271305418722,False
AC002069,L03,pl_salaried,salaried,T2,hinglish,90+,242,16300.0,146700.0,717200.0,1.0,300-549,0,False,insufficient_funds,0.62,1,1,rule_based,0.20781507260636115,266798.39999999997,24861.12799026744,False
AC000885,L03,pl_salaried,salaried,T1,english,X,0,17100.0,17100.0,803700.0,7.0,300-549,5,True,insufficient_funds,,1,1,rule_based,0.22964205861030154,241110.0,24827.048538188414,False
AC000459,L01,pl_salaried,salaried,T3,hinglish,X,0,13250.0,13250.0,371000.0,5.0,750-900,0,False,insufficient_funds,0.97,0,0,rule_based,0.2552160196681336,215922.0,24709.039029452237,False
AC001103,L03,pl_salaried,salaried,T1,english,90+,362,9200.0,110400.0,506000.0,7.0,300-549,2,True,stop_payment,0.85,2,2,random_contact_point,0.21341109125062485,258060.0,24693.78979366131,False
AC001713,L03,pl_salaried,salaried,T1,hinglish,61-90,90,16400.0,49200.0,557600.0,10.0,300-549,2,True,insufficient_funds,0.73,3,1,rule_based,0.2252555900468786,244228.8,24667.256102698495,False
AC000327,L06,msme,self_employed,T2,hinglish,90+,191,33550.0,234850.0,872300.0,,300-549,2,False,insufficient_funds,0.43,4,3,rule_based,0.243912272214159,225053.4,24612.978773584906,False
AC002044,L01,pl_salaried,salaried,T2,hinglish,1-30,7,16150.0,16150.0,759050.0,7.0,300-549,2,False,insufficient_funds,,0,0,rule_based,0.23777550222761615,227715.0,24276.271820392725,False
AC001238,L03,pl_salaried,self_employed,T1,english,X,0,13900.0,13900.0,403100.0,,750-900,1,False,insufficient_funds,0.71,0,0,rule_based,0.3151046499639138,171720.6,24260.481799566965,False
AC001099,L05,msme,self_employed,T1,kanglish,1-30,9,38700.0,38700.0,657900.0,,550-649,6,True,insufficient_funds,0.53,1,0,rule_based,0.25441164386375775,209212.19999999998,23862.708873258965,False
AC001009,L03,pl_salaried,salaried,T2,hinglish,X,0,14150.0,14150.0,452800.0,25.0,650-699,3,False,insufficient_funds,0.72,0,0,rule_based,0.27186140672067055,195609.6,23841.415460830456,False
AC002080,L03,pl_salaried,salaried,T1,kanglish,31-60,59,16050.0,32100.0,770400.0,,550-649,2,False,insufficient_funds,0.51,1,1,rule_based,0.2252555900468786,235742.4,23807.03203498027,False
AC001862,L03,pl_salaried,salaried,T2,hinglish,61-90,66,16200.0,48600.0,777600.0,,300-549,3,False,insufficient_funds,,2,1,rule_based,0.227266885161622,233280.0,23768.56853672643,False
AC001917,L03,pl_salaried,salaried,T3,hinglish,X,0,16650.0,16650.0,482850.0,,550-649,3,True,technical,0.71,0,0,rule_based,0.2552160196681336,205694.1,23534.393262048572,False
AC002134,L01,pl_salaried,salaried,T3,kanglish,X,0,17350.0,17350.0,728700.0,,700-749,1,False,insufficient_funds,,0,0,rule_based,0.23777550222761615,218610.0,23302.046143890624,False
AC001685,L03,pl_salaried,salaried,T1,english,90+,164,12300.0,73800.0,651900.0,30.0,300-549,3,False,insufficient_funds,0.59,4,2,rule_based,0.2244512142425028,230772.6,23219.73562775473,False
AC001603,L05,msme,self_employed,T2,english,X,0,28950.0,28950.0,752700.0,,550-649,1,False,insufficient_funds,0.46,2,1,rule_based,0.2481459797033568,207745.19999999998,23109.01128220141,False
AC001497,L03,pl_salaried,salaried,T3,english,1-30,19,13750.0,13750.0,660000.0,30.0,700-749,1,False,mandate_not_registered,,0,0,rule_based,0.2552160196681336,198000.0,22650.747352430706,False
AC002062,L03,pl_salaried,salaried,T2,hinglish,90+,150,12750.0,63750.0,446250.0,,300-549,1,False,technical,0.83,0,0,rule_based,0.227266885161622,222232.5,22638.739625506074,False
AC002258,L06,msme,self_employed,T1,hinglish,1-30,1,17650.0,17650.0,458900.0,,650-699,0,True,insufficient_funds,0.91,2,2,rule_based,0.20154940844596017,250559.4,22636.04448275862,False
AC002090,L05,msme,self_employed,T3,hinglish,90+,130,20950.0,104750.0,858950.0,,300-549,1,True,mandate_not_registered,0.49,4,2,rule_based,0.1996816289890466,252531.3,22602.63760962473,False
AC002201,L01,pl_salaried,salaried,T1,hinglish,90+,457,11300.0,135600.0,632800.0,30.0,300-549,1,True,insufficient_funds,0.66,6,4,rule_based,0.19968722034029981,250588.8,22428.721414185096,False
AC000906,L05,msme,self_employed,T3,hinglish,90+,345,18800.0,225600.0,864800.0,,300-549,2,False,insufficient_funds,0.37,4,2,rule_based,0.26054841385030064,191985.6,22420.694602944226,False
AC002386,L05,msme,self_employed,T1,kanglish,90+,101,16850.0,67400.0,758250.0,,300-549,3,False,insufficient_funds,0.55,6,4,rule_based,0.1996816289890466,250222.50000000003,22395.176384370272,False
AC000548,L06,msme,self_employed,T2,hinglish,31-60,50,28450.0,56900.0,569000.0,,550-649,4,False,insufficient_funds,0.77,2,1,rule_based,0.18982941224027808,262878.0,22366.88930390492,False
AC001250,L05,msme,self_employed,T2,hinglish,31-60,44,29900.0,59800.0,538200.0,,550-649,0,True,insufficient_funds,0.84,1,1,rule_based,0.18356374807987708,271252.8,22317.481290322576,False
AC001687,L03,pl_salaried,salaried,T1,hinglish,X,0,11450.0,11450.0,377850.0,,700-749,0,False,insufficient_funds,0.81,0,0,rule_based,0.27105703091629474,183635.1,22310.013240107597,False
AC001567,L01,pl_salaried,salaried,T3,english,31-60,38,15950.0,31900.0,590150.0,5.0,300-549,3,False,insufficient_funds,0.55,2,0,rule_based,0.2552160196681336,194749.5,22277.436500061634,False
AC000112,L01,pl_salaried,salaried,T2,english,90+,233,15850.0,126800.0,649850.0,30.0,300-549,0,False,insufficient_funds,,4,1,rule_based,0.25441164386375775,194955.0,22230.4699132565,False
AC001754,L05,msme,self_employed,T2,hinglish,31-60,50,27400.0,54800.0,1233000.0,,300-549,2,False,insufficient_funds,0.31,1,0,rule_based,0.2161822935596108,229338.0,22221.466678168308,False
AC000477,L01,credit_card,salaried,T2,english,X,0,11750.0,11750.0,517000.0,,650-699,2,False,insufficient_funds,0.7,1,1,rule_based,0.227266885161622,217140.0,22117.929149797572,False
AC000155,L03,pl_salaried,salaried,T2,english,90+,157,17650.0,105900.0,741300.0,10.0,300-549,0,False,insufficient_funds,,2,2,rule_based,0.21913344154430744,222390.0,21840.88872926734,False
AC000088,L06,msme,self_employed,T1,hinglish,X,0,27950.0,27950.0,838500.0,,300-549,1,False,insufficient_funds,0.38,0,0,rule_based,0.25441164386375775,191178.0,21798.059162763464,False
AC001719,L01,pl_salaried,salaried,T1,hinglish,1-30,8,12900.0,12900.0,606300.0,,550-649,2,False,insufficient_funds,0.51,0,0,rule_based,0.26135278965467645,185527.8,21730.693639822697,False
AC000056,L01,credit_card,self_employed,T2,hinglish,90+,264,11400.0,102600.0,513000.0,,300-549,3,False,insufficient_funds,0.69,1,0,rule_based,0.22446045965889816,212382.0,21363.11260447425,False
AC001606,L03,pl_salaried,salaried,T3,english,90+,127,12200.0,61000.0,353800.0,5.0,300-549,3,False,technical,1.0,2,2,rule_based,0.2244512142425028,212280.0,21351.92669172932,False
AC002082,L01,credit_card,self_employed,T3,hinglish,61-90,67,10500.0,31500.0,388500.0,,300-549,1,False,insufficient_funds,0.91,1,0,rule_based,0.2244512142425028,212121.0,21335.86720735027,False
AC001183,L03,pl_salaried,salaried,T2,hinglish,1-30,11,14500.0,14500.0,623500.0,1.0,650-699,2,True,insufficient_funds,,1,1,rule_based,0.25441164386375775,187050.0,21325.464093122147,False
AC000304,L01,pl_salaried,salaried,T2,hinglish,X,0,14700.0,14700.0,617400.0,,550-649,1,False,insufficient_funds,,0,0,rule_based,0.25441164386375775,185220.0,21115.956104400346,False
AC001814,L01,pl_salaried,salaried,T2,hinglish,1-30,8,12850.0,12850.0,411200.0,,300-549,2,False,mandate_not_registered,0.73,0,0,rule_based,0.26135278965467645,180105.6,21092.995446593184,False
AC000133,L03,pl_salaried,salaried,T1,hinglish,1-30,2,13050.0,13050.0,430650.0,,550-649,1,False,insufficient_funds,0.67,1,0,rule_based,0.27186140672067055,173121.3,21090.25006809005,False
AC000154,L06,msme,self_employed,T1,kanglish,90+,182,10500.0,73500.0,399000.0,,300-549,0,True,insufficient_funds,0.75,1,0,rule_based,0.26135278965467645,179550.0,21027.652022123722,False
AC002216,L01,pl_salaried,salaried,T1,english,90+,306,12500.0,137500.0,437500.0,,300-549,2,False,mandate_not_registered,0.86,4,3,rule_based,0.20781507260636115,225750.0,21022.413688398716,False
AC002164,L06,msme,self_employed,T1,kanglish,90+,119,14400.0,57600.0,662400.0,,300-549,0,False,insufficient_funds,0.59,5,2,rule_based,0.1996816289890466,234489.6,20981.469389045473,False
AC000102,L01,credit_card,salaried,T1,kanglish,1-30,15,10800.0,10800.0,410400.0,,550-649,1,True,insufficient_funds,0.77,1,1,rule_based,0.243912272214159,189604.8,20722.12191582003,False
AC000118,L01,pl_salaried,salaried,T1,kanglish,X,0,13950.0,13950.0,488250.0,1.0,650-699,2,False,insufficient_funds,0.58,0,0,rule_based,0.27186140672067055,169911.0,20697.509564792137,False
AC002313,L05,msme,self_employed,T1,hinglish,31-60,40,22700.0,45400.0,817200.0,,300-549,5,False,insufficient_funds,0.47,5,4,rule_based,0.1996816289890466,230450.4,20618.520072929823,False
AC000189,L01,pl_salaried,salaried,T1,english,90+,237,9400.0,75200.0,300800.0,15.0,300-549,2,False,insufficient_funds,1.0,2,1,rule_based,0.2544208892801531,180480.0,20574.046943776913,False
AC000013,L03,pl_salaried,salaried,T2,english,61-90,62,15150.0,45450.0,545400.0,28.0,300-549,0,False,insufficient_funds,0.65,0,0,random_contact_point,0.21459899749373434,212706.0,20451.922462406015,False
AC000617,L06,msme,self_employed,T2,hinglish,90+,235,24600.0,196800.0,492000.0,,300-549,0,True,insufficient_funds,0.78,4,3,rule_based,0.19796285585759268,230256.0,20422.960902255636,False
AC000761,L05,msme,self_employed,T3,kanglish,31-60,42,39500.0,79000.0,1027000.0,,300-549,1,False,insufficient_funds,0.33,3,1,rule_based,0.2238758498994654,203346.0,20396.916358145514,False
AC001260,L03,pl_salaried,salaried,T1,english,31-60,53,16800.0,33600.0,823200.0,1.0,300-549,3,False,insufficient_funds,0.41,1,0,rule_based,0.2244512142425028,202507.19999999998,20364.84411978221,False
AC000279,L03,pl_salaried,salaried,T3,english,X,0,16650.0,16650.0,549450.0,7.0,550-649,3,True,insufficient_funds,0.54,0,0,rule_based,0.25441164386375775,178021.8,20291.868451713297,False
AC001762,L03,pl_salaried,salaried,T2,hinglish,1-30,14,12750.0,12750.0,408000.0,15.0,550-649,1,True,insufficient_funds,0.7,3,0,rule_based,0.2626573615461602,171360.0,20165.034463547505,False
AC001306,L01,pl_salaried,salaried,T3,hinglish,1-30,7,12200.0,12200.0,463600.0,,550-649,2,True,technical,0.62,0,0,rule_based,0.26054841385030064,172459.19999999998,20131.286956251293,False
AC001048,L03,pl_salaried,salaried,T1,hinglish,31-60,46,13700.0,27400.0,438400.0,,550-649,2,True,insufficient_funds,0.79,1,0,rule_based,0.2146082429101297,207801.6,19979.171312461127,False
AC001322,L03,pl_salaried,salaried,T2,english,90+,151,16250.0,97500.0,357500.0,7.0,300-549,1,False,insufficient_funds,1.0,3,1,rule_based,0.20781507260636115,214500.0,19970.34988332901,False
AC002176,L03,pl_salaried,self_employed,T1,kanglish,90+,170,13000.0,78000.0,624000.0,,300-549,0,False,insufficient_funds,,1,1,rule_based,0.23777550222761615,187200.0,19941.208307654382,False
AC000770,L03,pl_salaried,salaried,T1,english,1-30,15,11750.0,11750.0,446500.0,1.0,550-649,3,False,insufficient_funds,0.68,1,0,rule_based,0.24390302679776363,182172.0,19905.53598901099,False
AC001138,L03,pl_salaried,salaried,T2,hinglish,1-30,2,12500.0,12500.0,550000.0,,550-649,2,False,insufficient_funds,0.55,1,0,rule_based,0.24390302679776363,181500.0,19831.779713707347,False
AC001370,L01,pl_salaried,salaried,T1,kanglish,X,0,11400.0,11400.0,364800.0,,550-649,4,False,mandate_not_registered,0.74,0,0,rule_based,0.27186140672067055,161971.19999999998,19726.173226105784,False
AC002109,L05,msme,self_employed,T3,english,90+,115,18900.0,75600.0,756000.0,,300-549,2,False,insufficient_funds,0.38,2,2,rule_based,0.25441164386375775,172368.0,19644.591803278687,False
AC001273,L02,two_wheeler,daily_wage,T1,hinglish,90+,202,4450.0,31150.0,231400.0,,300-549,2,True,insufficient_funds,0.79,4,4,rule_based,0.3989396304970076,109683.59999999999,19601.71068501171,False
AC000793,L01,pl_salaried,salaried,T1,hinglish,31-60,32,12050.0,24100.0,349450.0,,550-649,0,True,insufficient_funds,0.82,0,0,rule_based,0.25441164386375775,171929.4,19594.378577129297,False
AC000848,L01,pl_salaried,salaried,T3,english,31-60,32,16350.0,32700.0,506850.0,15.0,300-549,3,False,insufficient_funds,0.63,3,1,rule_based,0.2252555900468786,191589.3,19331.452368175796,False
AC000085,L03,pl_salaried,salaried,T1,hinglish,1-30,14,14050.0,14050.0,562000.0,15.0,550-649,3,False,insufficient_funds,0.5,0,0,rule_based,0.2552160196681336,168600.0,19274.239412221297,False
AC001474,L01,pl_salaried,salaried,T3,kanglish,90+,300,8150.0,81500.0,415650.0,10.0,300-549,0,True,insufficient_funds,0.83,8,6,rule_based,0.20781507260636115,206993.69999999998,19268.3848575517,False
AC002239,L06,msme,self_employed,T1,kanglish,X,0,28700.0,28700.0,315700.0,,550-649,3,False,stop_payment,0.89,1,1,rule_based,0.25441164386375775,168583.8,19211.35675905953,False
AC001783,L01,credit_card,salaried,T2,hinglish,1-30,11,9050.0,9050.0,352950.0,28.0,550-649,2,True,insufficient_funds,1.0,1,0,rule_based,0.20154940844596017,211770.0,19117.953201970442,False
AC000420,L06,msme,self_employed,T1,kanglish,90+,148,15900.0,79500.0,747300.0,,300-549,1,True,insufficient_funds,0.43,4,4,rule_based,0.21913344154430744,192803.4,18923.352662549674,False
AC002041,L01,credit_card,salaried,T2,hinglish,61-90,74,9100.0,27300.0,400400.0,,550-649,2,True,insufficient_funds,0.81,4,1,rule_based,0.21632701604158358,194594.4,18854.21165068105,False
AC001753,L06,msme,self_employed,T2,hinglish,90+,91,16300.0,65200.0,489000.0,,300-549,1,False,insufficient_funds,0.75,4,3,rule_based,0.19038817816474185,220050.0,18763.71337231815,False
AC001652,L01,pl_salaried,salaried,T1,kanglish,61-90,64,17650.0,52950.0,811900.0,1.0,300-549,1,True,insufficient_funds,0.43,4,2,rule_based,0.1996816289890466,209470.19999999998,18733.307842297625,False
AC001642,L01,pl_salaried,salaried,T2,hinglish,1-30,7,11300.0,11300.0,508500.0,1.0,650-699,2,False,insufficient_funds,0.61,0,0,rule_based,0.22446045965889816,186111.0,18709.55227340974,False
AC002312,L05,msme,self_employed,T3,hinglish,31-60,45,10750.0,21500.0,494500.0,,550-649,2,True,insufficient_funds,0.71,0,0,rule_based,0.19796285585759268,210657.0,18677.017596876805,False
AC001553,L05,msme,self_employed,T2,hinglish,31-60,59,30500.0,61000.0,457500.0,,550-649,1,False,insufficient_funds,0.8,1,1,rule_based,0.18982941224027808,219600.0,18669.94251758428,False
AC000945,L05,msme,self_employed,T1,english,90+,102,30450.0,121800.0,548100.0,,300-549,1,False,insufficient_funds,0.96,6,6,rule_based,0.13154624955996344,315705.6,18599.449440285098,False
AC000497,L06,msme,self_employed,T3,hinglish,90+,197,30600.0,214200.0,765000.0,,300-549,1,True,insufficient_funds,0.41,2,0,rule_based,0.21913344154430744,188190.0,18468.42506390045,False
AC000971,L01,pl_salaried,salaried,T1,hinglish,90+,111,12500.0,50000.0,500000.0,10.0,300-549,2,False,insufficient_funds,0.61,3,2,rule_based,0.2252555900468786,183000.0,18460.79784036045,False
AC000080,L01,pl_salaried,salaried,T3,kanglish,X,0,14400.0,14400.0,504000.0,15.0,650-699,2,True,technical,0.5,0,0,rule_based,0.27186140672067055,151200.0,18408.450113274426,False
AC001977,L03,pl_salaried,salaried,T2,hinglish,31-60,51,12400.0,24800.0,595200.0,30.0,300-549,2,True,insufficient_funds,0.6,4,2,rule_based,0.19169719169719168,214272.0,18394.903296703298,False
AC002104,L06,msme,self_employed,T3,hinglish,31-60,50,32400.0,64800.0,680400.0,,300-549,4,False,insufficient_funds,0.52,4,1,rule_based,0.19341596482864562,212284.8,18387.67123470523,False
AC000129,L01,pl_salaried,salaried,T2,english,1-30,11,13900.0,13900.0,291900.0,5.0,300-549,1,False,stop_payment,0.92,1,1,rule_based,0.25441164386375775,161128.8,18357.869296807592,False
AC000092,L01,pl_salaried,salaried,T3,hinglish,31-60,52,8200.0,16400.0,336200.0,,300-549,1,True,insufficient_funds,0.97,2,0,rule_based,0.20781507260636115,195668.4,18209.279238746734,False
AC000691,L03,pl_salaried,salaried,T1,kanglish,1-30,20,15100.0,15100.0,286900.0,1.0,700-749,1,False,insufficient_funds,0.92,0,0,rule_based,0.25441164386375775,158368.8,18041.890035128803,False
AC000187,L01,credit_card,salaried,T3,hinglish,31-60,32,7500.0,15000.0,247500.0,7.0,650-699,4,True,insufficient_funds,1.0,1,0,rule_based,0.27105703091629474,148500.0,18024.386090981396,False
AC000008,L03,pl_salaried,salaried,T3,hinglish,1-30,9,11700.0,11700.0,339300.0,,550-649,2,True,insufficient_funds,0.95,1,1,rule_based,0.20781507260636115,193401.0,17997.239285714284,False
AC001111,L03,pl_salaried,salaried,T3,hinglish,90+,113,15200.0,60800.0,668800.0,,300-549,2,True,insufficient_funds,,6,6,rule_based,0.1996816289890466,200640.0,17939.85491816304,False
AC000444,L06,msme,self_employed,T3,english,31-60,42,18300.0,36600.0,329400.0,,550-649,2,False,insufficient_funds,0.89,2,0,rule_based,0.227266885161622,175899.6,17900.26938692886,False
AC002224,L05,msme,self_employed,T3,kanglish,90+,369,36500.0,438000.0,2117000.0,,300-549,2,True,insufficient_funds,0.14,3,2,rule_based,0.22446045965889816,177828.0,17872.909579100145,False
AC000203,L03,pl_salaried,salaried,T1,hinglish,31-60,36,16500.0,33000.0,445500.0,15.0,550-649,1,True,technical,0.61,0,0,rule_based,0.24470740260213944,163053.0,17866.124252418987,False
AC002222,L06,msme,self_employed,T3,kanglish,61-90,76,28550.0,85650.0,513900.0,,300-549,2,False,insufficient_funds,0.6,1,0,rule_based,0.2146082429101297,185004.0,17777.522517105535,False
AC000281,L03,pl_salaried,self_employed,T3,kanglish,61-90,73,14200.0,42600.0,511200.0,,300-549,3,False,technical,0.6,1,1,rule_based,0.21540337329811013,184032.0,17749.501117659012,False
AC001916,L03,pl_salaried,salaried,T2,hinglish,1-30,5,17450.0,17450.0,680550.0,1.0,550-649,3,False,insufficient_funds,0.38,2,1,rule_based,0.2552160196681336,155165.4,17731.313100196217,False
AC000150,L01,credit_card,salaried,T3,english,31-60,49,9650.0,19300.0,347400.0,10.0,550-649,1,False,insufficient_funds,1.0,0,0,rule_based,0.18982941224027808,208440.0,17716.619209313605,False
AC001114,L05,msme,self_employed,T2,hinglish,90+,198,16950.0,118650.0,406800.0,,300-549,3,False,insufficient_funds,0.78,1,0,rule_based,0.20781507260636115,190382.4,17714.94952553798,False
AC001096,L01,pl_salaried,salaried,T2,hinglish,61-90,74,16100.0,48300.0,579600.0,1.0,300-549,2,False,insufficient_funds,,1,1,rule_based,0.227266885161622,173880.0,17693.724696356276,False
AC002170,L03,pl_salaried,salaried,T3,hinglish,31-60,31,8000.0,16000.0,392000.0,,550-649,1,False,stop_payment,0.66,0,0,rule_based,0.25441164386375775,155232.0,17682.77273511648,False
AC000152,L03,pl_salaried,salaried,T3,english,90+,357,14650.0,175800.0,586000.0,7.0,300-549,2,True,mandate_not_registered,,5,3,rule_based,0.2244512142425028,175800.0,17667.335558724397,False
AC000991,L01,pl_salaried,salaried,T2,hinglish,31-60,40,15000.0,30000.0,345000.0,,300-549,1,False,insufficient_funds,0.7,2,1,rule_based,0.27186140672067055,144899.99999999997,17637.72302522132,False
AC000267,L06,msme,self_employed,T2,hinglish,31-60,45,23000.0,46000.0,1081000.0,,300-549,2,False,insufficient_funds,0.25,1,1,rule_based,0.24109660129503982,162150.0,17503.21625499582,False
AC002081,L03,pl_salaried,salaried,T3,hinglish,X,0,16750.0,16750.0,770500.0,1.0,550-649,0,False,insufficient_funds,0.33,0,0,rule_based,0.2552160196681336,152559.0,17431.97533504786,False
AC002002,L01,credit_card,salaried,T2,hinglish,90+,212,9750.0,78000.0,321750.0,,300-549,1,True,insufficient_funds,0.92,1,1,rule_based,0.21913344154430744,177606.0,17424.73630851322,False
AC002366,L03,pl_salaried,salaried,T3,hinglish,61-90,89,14150.0,42450.0,551850.0,1.0,300-549,0,False,insufficient_funds,0.48,0,0,rule_based,0.24470740260213944,158932.8,17412.414704328385,False
AC001470,L01,pl_salaried,salaried,T3,hinglish,90+,100,10550.0,42200.0,422000.0,7.0,300-549,4,True,insufficient_funds,0.68,3,2,rule_based,0.2252555900468786,172176.0,17363.622912360115,False
AC001167,L05,msme,self_employed,T1,hinglish,31-60,49,39750.0,79500.0,874500.0,,300-549,1,False,insufficient_funds,0.37,2,1,rule_based,0.1996816289890466,194139.0,17355.696296637034,False
AC002315,L01,credit_card,salaried,T1,hinglish,31-60,47,10600.0,21200.0,508800.0,,650-699,2,False,insufficient_funds,0.64,3,1,rule_based,0.19796285585759268,195379.19999999998,17316.020983227296,False
AC000767,L01,pl_salaried,salaried,T1,kanglish,1-30,19,13450.0,13450.0,484200.0,,700-749,0,False,insufficient_funds,0.59,1,1,rule_based,0.2252555900468786,171406.8,17285.65294242129,False
AC000941,L03,pl_salaried,salaried,T3,english,90+,95,13750.0,55000.0,660000.0,7.0,300-549,3,False,stop_payment,,4,2,rule_based,0.19341596482864562,198000.0,17144.362466232324,False
AC000503,L03,pl_salaried,salaried,T3,english,61-90,68,15650.0,46950.0,688600.0,,300-549,4,False,insufficient_funds,0.41,3,1,rule_based,0.2252555900468786,169395.6,17081.787623205262,False
AC000780,L01,pl_salaried,salaried,T3,english,90+,104,8800.0,35200.0,343200.0,,300-549,2,False,insufficient_funds,0.68,2,1,rule_based,0.27186140672067055,140025.6,17041.40046680767,False
AC001738,L05,msme,self_employed,T1,kanglish,90+,162,12650.0,75900.0,569250.0,,300-549,0,True,insufficient_funds,0.49,4,1,rule_based,0.227266885161622,167359.5,17026.872520242916,False
AC001439,L02,two_wheeler,self_employed,T2,hinglish,31-60,32,4600.0,9200.0,207000.0,,300-549,0,False,stop_payment,0.69,2,1,rule_based,0.4429872495446266,85698.0,16994.404590163937,False
AC002096,L01,pl_salaried,salaried,T2,hinglish,31-60,60,15900.0,31800.0,572400.0,,300-549,3,False,insufficient_funds,,1,1,rule_based,0.221001221001221,171720.0,16988.64835164835,False
AC001516,L03,pl_salaried,salaried,T2,hinglish,61-90,77,9250.0,27750.0,462500.0,7.0,550-649,5,True,insufficient_funds,0.69,0,0,rule_based,0.19796285585759268,191475.0,16968.22202139965,False
AC000531,L01,pl_salaried,self_employed,T2,hinglish,90+,310,11700.0,128700.0,549900.0,,300-549,4,False,insufficient_funds,,4,0,rule_based,0.227266885161622,164970.0,16782.498120300752,False
AC002280,L03,pl_salaried,salaried,T3,hinglish,1-30,22,12550.0,12550.0,489450.0,1.0,300-549,1,False,insufficient_funds,,1,1,random_contact_point,0.2552160196681336,146835.0,16774.58991158668,False
AC001525,L01,pl_salaried,salaried,T3,english,1-30,25,17050.0,17050.0,460350.0,,550-649,2,False,insufficient_funds,,0,0,rule_based,0.27105703091629474,138105.0,16756.449064612698,False
AC002295,L06,two_wheeler,salaried,T3,english,61-90,71,4100.0,12300.0,196800.0,,550-649,1,False,insufficient_funds,0.79,2,1,random_contact_point,0.39974400630138335,93283.2,16691.23003987594,False
AC000831,L03,pl_salaried,salaried,T1,english,61-90,77,9650.0,28950.0,337750.0,15.0,550-649,2,False,insufficient_funds,0.92,5,1,random_contact_point,0.1996816289890466,186438.0,16663.70959545694,False
AC001087,L01,pl_salaried,salaried,T2,hinglish,31-60,48,12400.0,24800.0,458800.0,30.0,300-549,0,False,technical,0.62,2,0,rule_based,0.21751266279462392,170673.6,16616.651142135037,False
AC002381,L01,credit_card,salaried,T2,hinglish,90+,144,10500.0,52500.0,546000.0,10.0,300-549,2,False,mandate_not_registered,0.46,3,1,rule_based,0.24390302679776363,150696.0,16450.844736842104,False
AC002355,L05,msme,self_employed,T2,hinglish,1-30,24,39400.0,39400.0,591000.0,,650-699,0,False,insufficient_funds,0.42,1,0,rule_based,0.24616185271922977,148932.0,16408.61967213115,False
AC001288,L01,pl_salaried,salaried,T2,hinglish,90+,169,15750.0,94500.0,535500.0,5.0,300-549,0,True,insufficient_funds,0.52,2,1,rule_based,0.21913344154430744,167076.0,16386.37249575552,False
AC000689,L01,credit_card,salaried,T3,english,61-90,63,10950.0,32850.0,438000.0,7.0,300-549,3,False,stop_payment,0.62,2,1,rule_based,0.2244512142425028,162936.0,16368.032369717395,False
AC002178,L01,pl_salaried,salaried,T1,hinglish,90+,92,14450.0,57800.0,476850.0,30.0,300-549,1,False,insufficient_funds,0.64,2,2,rule_based,0.1996816289890466,183110.4,16364.702330576161,False
AC000157,L06,msme,self_employed,T2,hinglish,31-60,50,21050.0,42100.0,736750.0,,300-549,1,False,insufficient_funds,,2,1,rule_based,0.16520855631563436,221025.0,16342.849521848388,False
AC002018,L05,msme,self_employed,T1,kanglish,31-60,53,23750.0,47500.0,902500.0,,300-549,4,False,technical,0.3,1,0,rule_based,0.22446045965889816,162450.0,16319.620752214603,False
AC002372,L01,pl_salaried,salaried,T1,hinglish,1-30,28,13450.0,13450.0,430400.0,30.0,550-649,2,False,insufficient_funds,0.54,1,0,rule_based,0.26135278965467645,139449.6,16311.493889302947,False
AC000091,L03,pl_salaried,salaried,T1,kanglish,31-60,46,17950.0,35900.0,556450.0,7.0,300-549,4,True,technical,,1,0,rule_based,0.2181855500821018,166935.0,16301.26216133005,False
AC001005,L01,credit_card,salaried,T1,kanglish,90+,161,8250.0,49500.0,429000.0,,300-549,1,True,insufficient_funds,0.68,0,0,rule_based,0.20781507260636115,175032.0,16279.429504796473,False
AC001793,L05,msme,self_employed,T2,english,X,0,31850.0,31850.0,796250.0,,300-549,3,False,insufficient_funds,0.28,0,0,rule_based,0.27186140672067055,133770.0,16276.105169660847,False
AC002095,L03,pl_salaried,salaried,T2,hinglish,X,0,15400.0,15400.0,261800.0,,550-649,1,True,insufficient_funds,0.91,0,0,rule_based,0.25441164386375775,142942.8,16275.840726919756,False
AC000104,L05,msme,self_employed,T1,hinglish,90+,146,10350.0,51750.0,434700.0,,300-549,2,True,insufficient_funds,0.67,5,3,rule_based,0.20781507260636115,174749.4,16253.001662013121,False
AC000773,L03,pl_salaried,salaried,T2,hinglish,1-30,13,11300.0,11300.0,531100.0,,300-549,1,False,insufficient_funds,,1,1,rule_based,0.227266885161622,159330.0,16205.694765760556,False
AC000500,L03,pl_salaried,salaried,T3,english,1-30,17,10200.0,10200.0,316200.0,5.0,550-649,2,True,insufficient_funds,0.73,0,0,rule_based,0.26135278965467645,138495.6,16199.295136704195,False
AC001280,L01,pl_salaried,salaried,T3,kanglish,X,0,11900.0,11900.0,285600.0,,550-649,1,False,insufficient_funds,0.81,0,0,rule_based,0.26054841385030064,138801.6,16185.041523947752,False
AC000891,L01,pl_salaried,salaried,T1,hinglish,31-60,43,15200.0,30400.0,501600.0,10.0,650-699,1,False,insufficient_funds,0.84,5,3,rule_based,0.14285714285714282,252806.4,16162.839999999995,False
AC002038,L06,msme,self_employed,T3,english,1-30,13,16850.0,16850.0,454950.0,,650-699,1,True,insufficient_funds,0.52,0,0,rule_based,0.25441164386375775,141944.4,16161.538663564648,False
AC002083,L03,pl_salaried,salaried,T1,hinglish,90+,96,10350.0,41400.0,455400.0,1.0,300-549,2,False,insufficient_funds,0.66,4,2,rule_based,0.1996816289890466,180338.4,16115.619466575226,False
AC001311,L01,credit_card,salaried,T1,english,61-90,70,11450.0,34350.0,538150.0,10.0,300-549,1,True,insufficient_funds,,2,1,rule_based,0.21913344154430744,161445.0,15831.099311554322,False
AC001494,L01,credit_card,salaried,T2,hinglish,90+,103,9650.0,38600.0,414950.0,1.0,300-549,5,False,technical,0.71,5,3,rule_based,0.1996816289890466,176768.69999999998,15794.857886624235,False
AC000526,L01,pl_salaried,salaried,T3,kanglish,31-60,35,13950.0,27900.0,460350.0,10.0,550-649,3,False,insufficient_funds,,2,1,rule_based,0.2552160196681336,138105.0,15771.973778320418,False
AC002270,L06,msme,self_employed,T1,kanglish,1-30,2,19200.0,19200.0,441600.0,,550-649,1,False,insufficient_funds,0.52,1,1,rule_based,0.25441164386375775,137779.19999999998,15684.684743005051,False
AC001040,L03,pl_salaried,salaried,T3,english,90+,143,15900.0,79500.0,365700.0,,300-549,1,False,insufficient_funds,0.8,4,3,rule_based,0.1996816289890466,175536.0,15684.091491799578,False
AC001465,L01,credit_card,salaried,T3,hinglish,61-90,74,11850.0,35550.0,402900.0,30.0,300-549,1,False,insufficient_funds,0.76,3,3,rule_based,0.18982941224027808,183722.4,15605.16184331797,False
AC002218,L06,msme,self_employed,T3,english,1-30,21,19800.0,19800.0,455400.0,,550-649,3,False,insufficient_funds,,1,0,rule_based,0.2552160196681336,136620.0,15601.425673177187,False
AC002380,L03,pl_salaried,salaried,T3,english,X,0,13000.0,13000.0,403000.0,,550-649,3,True,insufficient_funds,0.53,0,0,rule_based,0.27186140672067055,128154.0,15589.057022596367,False
AC001477,L06,msme,self_employed,T2,hinglish,61-90,85,24650.0,73950.0,320450.0,,300-549,0,False,insufficient_funds,0.74,0,0,rule_based,0.24390302679776363,142279.8,15527.113242481202,False
AC000058,L01,credit_card,salaried,T3,kanglish,31-60,39,9900.0,19800.0,376200.0,30.0,300-549,3,False,insufficient_funds,0.63,1,0,rule_based,0.24390302679776363,142203.6,15518.74980769231,False
AC000409,L01,credit_card,salaried,T3,hinglish,1-30,24,11300.0,11300.0,452000.0,10.0,300-549,1,False,technical,,1,0,rule_based,0.2552160196681336,135600.0,15484.281520149514,False
AC000305,L01,credit_card,salaried,T2,english,1-30,28,11250.0,11250.0,450000.0,10.0,550-649,1,False,insufficient_funds,,1,1,rule_based,0.25441164386375775,135000.0,15366.507364723284,False
AC000338,L03,pl_salaried,salaried,T1,english,1-30,4,10950.0,10950.0,503700.0,,700-749,1,True,insufficient_funds,,2,1,rule_based,0.227266885161622,151110.0,15365.034557547715,False
AC000649,L01,pl_salaried,salaried,T1,english,90+,191,15400.0,107800.0,354200.0,5.0,300-549,2,False,insufficient_funds,0.62,1,1,rule_based,0.26054841385030064,131762.4,15359.717946298984,False
AC002046,L03,pl_salaried,salaried,T1,english,61-90,88,9350.0,28050.0,289850.0,25.0,300-549,1,True,insufficient_funds,0.9,1,1,rule_based,0.21913344154430744,156519.0,15345.346211683056,False
AC001780,L03,pl_salaried,salaried,T2,hinglish,90+,219,13750.0,110000.0,550000.0,,300-549,2,False,insufficient_funds,,5,4,rule_based,0.20781507260636115,165000.0,15341.269141022316,False
AC000804,L05,msme,self_employed,T1,kanglish,90+,120,11550.0,46200.0,450450.0,,300-549,0,True,stop_payment,0.63,5,4,random_contact_point,0.1996816289890466,170270.1,15210.91492125754,False
AC000865,L05,msme,self_employed,T2,hinglish,90+,169,8450.0,50700.0,363350.0,,300-549,1,True,insufficient_funds,0.78,4,3,rule_based,0.1996816289890466,170047.8,15190.939769501618,False
AC001510,L01,pl_salaried,salaried,T2,hinglish,31-60,55,17000.0,34000.0,561000.0,,550-649,3,True,insufficient_funds,,0,0,rule_based,0.20154940844596017,168300.0,15175.344448654794,False
AC000899,L01,credit_card,self_employed,T3,english,61-90,84,8450.0,25350.0,304200.0,,300-549,2,True,mandate_not_registered,0.76,3,3,rule_based,0.243912272214159,138715.19999999998,15136.452830188677,False
AC000471,L06,msme,self_employed,T1,hinglish,1-30,15,31600.0,31600.0,442400.0,,550-649,1,True,insufficient_funds,,0,0,rule_based,0.25441164386375775,132720.0,15105.481018119068,False
AC002340,L01,pl_salaried,salaried,T1,english,90+,168,12050.0,72300.0,397650.0,,300-549,1,False,technical,0.68,3,2,rule_based,0.20781507260636115,162241.19999999998,15083.275040984421,False
AC000596,L03,pl_salaried,salaried,T2,english,61-90,66,12950.0,38850.0,271950.0,,550-649,2,False,insufficient_funds,0.73,1,1,rule_based,0.28237381067569745,119114.09999999999,15046.616044992741,False
AC000116,L01,credit_card,salaried,T1,english,61-90,63,11100.0,33300.0,499500.0,,300-549,1,True,insufficient_funds,0.5,0,0,rule_based,0.2244512142425028,149850.0,15046.30650440757,False
AC001455,L05,msme,self_employed,T1,kanglish,X,0,30500.0,30500.0,610000.0,,550-649,2,False,mandate_not_registered,0.36,0,0,rule_based,0.2552160196681336,131760.0,15043.268238162978,False
AC000171,L05,msme,self_employed,T1,kanglish,X,0,10200.0,10200.0,489600.0,,700-749,1,False,mandate_not_registered,,1,1,rule_based,0.227266885161622,146880.0,14932.432041642567,False
AC001095,L06,msme,self_employed,T3,hinglish,90+,169,36400.0,218400.0,546000.0,,300-549,2,False,insufficient_funds,0.49,5,3,rule_based,0.20781507260636115,160524.0,14922.688021778584,False
AC000423,L03,pl_salaried,salaried,T1,kanglish,61-90,89,17950.0,53850.0,359000.0,,300-549,1,False,insufficient_funds,0.69,0,0,rule_based,0.2244512142425028,148625.99999999997,14922.678775602797,False
AC001319,L01,pl_salaried,salaried,T2,hinglish,90+,107,16450.0,65800.0,707350.0,,300-549,1,False,insufficient_funds,,5,5,rule_based,0.15707511269831978,212205.0,14910.455930566128,False
AC000544,L05,msme,self_employed,T1,hinglish,X,0,22000.0,22000.0,396000.0,,750-900,4,False,insufficient_funds,0.53,0,0,rule_based,0.263785992568303,125928.0,14859.119112463568,False
AC000912,L03,pl_salaried,salaried,T2,hinglish,1-30,21,9100.0,9100.0,300300.0,,650-699,1,True,mandate_not_registered,0.82,0,0,rule_based,0.2244512142425028,147747.59999999998,14833.957699637022,False
AC002207,L05,msme,self_employed,T2,hinglish,90+,202,21000.0,147000.0,336000.0,,300-549,5,True,insufficient_funds,0.79,5,4,rule_based,0.20781507260636115,159264.0,14804.856875610776,False
AC001406,L06,msme,self_employed,T1,english,90+,351,16650.0,199800.0,516150.0,,550-649,2,False,insufficient_funds,,4,2,rule_based,0.2134813772572722,154845.0,14786.435737631042,False
AC001440,L05,msme,self_employed,T2,hinglish,31-60,50,15150.0,30300.0,545400.0,,550-649,0,True,insufficient_funds,,1,0,rule_based,0.20154940844596017,163620.0,14750.881394467602,False
AC002365,L06,two_wheeler,daily_wage,T2,hinglish,61-90,79,4350.0,13050.0,200100.0,,300-549,1,False,insufficient_funds,0.62,2,1,rule_based,0.4429872495446266,74437.2,14749.628721311476,False
AC001822,L03,pl_salaried,salaried,T1,kanglish,90+,154,13100.0,78600.0,445400.0,1.0,300-549,2,True,insufficient_funds,,1,1,rule_based,0.24628744566283856,133620.0,14720.017820260819,False
AC000342,L06,msme,self_employed,T3,hinglish,1-30,13,9750.0,9750.0,282750.0,,550-649,3,True,stop_payment,0.93,0,0,rule_based,0.20781507260636115,157774.5,14665.563627819549,False
AC001131,L01,credit_card,salaried,T1,hinglish,90+,122,6850.0,34250.0,232900.0,,300-549,2,False,insufficient_funds,0.92,1,1,rule_based,0.25441164386375775,128560.79999999999,14629.314008997902,False
AC001918,L01,credit_card,self_employed,T1,kanglish,1-30,22,11900.0,11900.0,428400.0,,300-549,3,False,insufficient_funds,,1,0,random_contact_point,0.25441164386375775,128520.0,14624.643011216565,False
AC000410,L06,msme,self_employed,T3,hinglish,31-60,46,13950.0,27900.0,446400.0,,300-549,4,False,insufficient_funds,,1,0,rule_based,0.24390302679776363,133920.0,14609.572006940429,False
AC001920,L01,pl_salaried,salaried,T3,hinglish,1-30,2,9750.0,9750.0,360750.0,5.0,700-749,2,False,insufficient_funds,0.67,1,0,rule_based,0.2244512142425028,145021.5,14558.613294821103,False
AC001301,L03,pl_salaried,salaried,T3,kanglish,61-90,79,10850.0,32550.0,455700.0,28.0,300-549,1,False,insufficient_funds,,1,0,rule_based,0.23777550222761615,136710.0,14538.83000929183,False
AC002399,L06,msme,self_employed,T3,kanglish,31-60,43,21350.0,42700.0,832650.0,,300-549,2,True,insufficient_funds,0.24,1,1,rule_based,0.27105703091629474,119901.59999999999,14536.077264150941,False
AC000060,L03,pl_salaried,salaried,T1,hinglish,90+,193,4650.0,32550.0,195300.0,,300-549,2,True,insufficient_funds,0.88,2,0,rule_based,0.3151046499639138,103118.4,14532.889301577481,False
AC000303,L05,msme,self_employed,T2,english,1-30,7,12400.0,12400.0,322400.0,,550-649,1,False,insufficient_funds,0.64,0,0,rule_based,0.26135278965467645,123801.59999999999,14471.152085670576,False
AC002174,L01,pl_salaried,salaried,T1,hinglish,90+,491,15950.0,191400.0,733700.0,,300-549,2,False,insufficient_funds,0.27,2,2,rule_based,0.27105703091629474,118859.4,14408.95422722151,False
AC000572,L01,pl_salaried,salaried,T1,kanglish,90+,199,11100.0,77700.0,444000.0,1.0,300-549,2,False,stop_payment,0.53,3,2,rule_based,0.227266885161622,141192.0,14350.71972238288,False
AC002136,L01,pl_salaried,self_employed,T3,english,61-90,86,7550.0,22650.0,339750.0,,300-549,2,False,insufficient_funds,0.58,2,1,rule_based,0.27105703091629474,118233.0,14332.548671346825,False
AC000217,L01,credit_card,self_employed,T1,kanglish,X,0,11450.0,11450.0,469450.0,,700-749,2,False,insufficient_funds,,0,0,rule_based,0.227266885161622,140835.0,14314.209297281666,False
AC000364,L03,pl_salaried,salaried,T2,hinglish,90+,96,17000.0,68000.0,408000.0,7.0,300-549,4,False,insufficient_funds,0.53,2,0,rule_based,0.24390302679776363,129744.0,14151.22943898207,False
AC001554,L03,pl_salaried,salaried,T2,hinglish,X,0,12650.0,12650.0,430100.0,28.0,650-699,2,False,insufficient_funds,,0,0,rule_based,0.24390302679776363,129030.0,14072.86339647195,False
AC001193,L06,msme,self_employed,T2,hinglish,31-60,39,10450.0,20900.0,303050.0,,550-649,4,False,insufficient_funds,0.68,1,0,rule_based,0.25441164386375775,123644.40000000001,14066.458776346604,False
AC000840,L03,pl_salaried,salaried,T1,kanglish,90+,125,13400.0,67000.0,402000.0,10.0,300-549,2,False,insufficient_funds,,2,2,rule_based,0.26054841385030064,120600.0,14050.962419655816,False
AC002306,L03,pl_salaried,salaried,T3,english,31-60,52,15950.0,31900.0,510400.0,,300-549,3,True,mandate_not_registered,0.47,2,1,rule_based,0.21801991172539537,143932.8,14032.097357675044,False
AC001912,L01,pl_salaried,salaried,T3,kanglish,90+,374,9750.0,117000.0,575250.0,10.0,300-549,2,True,mandate_not_registered,0.4,3,1,rule_based,0.227266885161622,138060.0,14030.40977443609,False
AC001036,L05,msme,self_employed,T2,hinglish,61-90,80,34350.0,103050.0,961800.0,,300-549,0,False,insufficient_funds,0.22,2,0,rule_based,0.24628744566283856,126957.59999999999,13981.628355167975,False
AC002032,L03,pl_salaried,self_employed,T2,hinglish,1-30,5,15050.0,15050.0,270900.0,,550-649,1,False,technical,0.85,3,2,random_contact_point,0.2259539393829433,138159.0,13958.90664004363,False
AC001061,L03,pl_salaried,salaried,T1,kanglish,31-60,37,6650.0,13300.0,259350.0,1.0,550-649,1,False,insufficient_funds,0.88,2,0,rule_based,0.227266885161622,136936.8,13915.539999999999,False
AC000158,L01,pl_salaried,salaried,T3,english,90+,313,8150.0,89650.0,456400.0,1.0,300-549,1,False,insufficient_funds,0.5,4,3,rule_based,0.227266885161622,136920.0,13913.821862348179,False
AC000797,L03,pl_salaried,salaried,T2,hinglish,31-60,52,8100.0,16200.0,388800.0,,650-699,1,False,insufficient_funds,0.64,1,0,rule_based,0.20781507260636115,149299.19999999998,13872.980839632235,False
AC000720,L01,pl_salaried,salaried,T1,hinglish,31-60,56,16300.0,32600.0,342300.0,7.0,550-649,0,True,insufficient_funds,0.67,0,0,rule_based,0.2244512142425028,137604.6,13809.483799909256,False
AC000837,L01,credit_card,self_employed,T3,hinglish,90+,179,10400.0,62400.0,353600.0,,300-549,1,True,insufficient_funds,0.7,3,3,rule_based,0.20781507260636115,148511.99999999997,13799.364428312156,False
AC000652,L06,two_wheeler,salaried,T1,hinglish,90+,542,4300.0,51600.0,189200.0,5.0,300-549,4,True,insufficient_funds,1.0,1,0,rule_based,0.27105703091629474,113520.0,13757.677367328,False
AC000922,L03,pl_salaried,salaried,T1,kanglish,61-90,77,16200.0,48600.0,405000.0,7.0,300-549,2,False,insufficient_funds,0.57,2,1,rule_based,0.22210588427248126,138509.99999999997,13754.748713761617,False
AC001393,L03,pl_salaried,salaried,T1,english,61-90,68,11250.0,33750.0,483750.0,25.0,300-549,2,True,stop_payment,0.53,4,3,rule_based,0.1996816289890466,153832.5,13733.88588615588,False
AC000927,L06,msme,self_employed,T1,english,X,0,20450.0,20450.0,490800.0,,300-549,3,True,insufficient_funds,,2,2,rule_based,0.20781507260636115,147240.0,13680.411080752277,False
AC000886,L01,pl_salaried,salaried,T1,english,90+,165,7850.0,47100.0,235500.0,5.0,300-549,1,False,insufficient_funds,0.91,2,2,rule_based,0.23777550222761615,128583.0,13669.249331320105,False
AC002396,L01,credit_card,salaried,T1,kanglish,61-90,84,4950.0,14850.0,242550.0,5.0,300-549,0,False,insufficient_funds,0.84,1,1,rule_based,0.24909294996727285,122245.2,13613.687869302668,False
AC002187,L03,pl_salaried,salaried,T2,hinglish,31-60,56,17850.0,35700.0,838950.0,,300-549,1,False,insufficient_funds,0.29,1,1,rule_based,0.20781507260636115,145977.3,13562.327439271254,False
AC001638,L01,pl_salaried,salaried,T1,hinglish,31-60,54,7600.0,15200.0,342000.0,10.0,300-549,3,False,technical,0.65,1,1,rule_based,0.227266885161622,133380.0,13551.785714285714,False
AC000126,L03,pl_salaried,salaried,T3,kanglish,61-90,76,6650.0,19950.0,332500.0,5.0,300-549,2,False,insufficient_funds,0.73,1,0,rule_based,0.20781507260636115,145635.0,13530.316644562334,False
AC000948,L03,pl_salaried,salaried,T3,kanglish,X,0,14350.0,14350.0,430500.0,,550-649,2,False,insufficient_funds,0.43,0,0,rule_based,0.27186140672067055,111069.0,13498.918562376171,False
AC000707,L05,msme,self_employed,T3,english,90+,204,37150.0,260050.0,668700.0,,300-549,0,False,insufficient_funds,0.34,5,4,rule_based,0.221001221001221,136414.80000000002,13477.526813186814,False
AC002192,L05,msme,self_employed,T3,hinglish,1-30,21,24000.0,24000.0,336000.0,,300-549,0,False,insufficient_funds,,1,1,rule_based,0.29845926291137687,100800.0,13449.112165660054,False
AC002339,L05,msme,self_employed,T3,english,X,0,23700.0,23700.0,331800.0,,550-649,3,False,insufficient_funds,0.59,1,0,rule_based,0.2552160196681336,117457.2,13400.631579413757,False
AC001704,L01,pl_salaried,salaried,T3,kanglish,1-30,5,16450.0,16450.0,361900.0,25.0,650-699,1,False,insufficient_funds,0.56,1,1,rule_based,0.24470740260213944,121598.40000000001,13301.212881059197,False
AC000023,L01,pl_salaried,salaried,T2,hinglish,90+,219,5350.0,42800.0,256800.0,,300-549,2,False,insufficient_funds,0.71,3,1,rule_based,0.27186140672067055,109396.8,13294.345572432934,False
AC002291,L05,msme,self_employed,T1,kanglish,X,0,18550.0,18550.0,389550.0,,700-749,4,False,insufficient_funds,,0,0,rule_based,0.25441164386375775,116865.0,13290.317542062123,False
AC001020,L05,msme,self_employed,T2,hinglish,90+,125,27850.0,139250.0,417750.0,,300-549,6,False,mandate_not_registered,0.52,2,1,rule_based,0.227266885161622,130338.0,13240.68007518797,False
AC001447,L01,credit_card,self_employed,T1,english,90+,135,10850.0,54250.0,499100.0,,300-549,1,False,insufficient_funds,0.51,5,3,random_contact_point,0.19341596482864562,152724.6,13203.719137931037,False
AC000041,L05,msme,self_employed,T1,kanglish,31-60,47,37050.0,74100.0,407550.0,,550-649,0,True,insufficient_funds,0.67,1,0,rule_based,0.17999226862655396,163835.1,13181.073098346249,False
AC000978,L03,pl_salaried,salaried,T3,english,1-30,9,15900.0,15900.0,413400.0,30.0,650-699,3,False,insufficient_funds,,1,1,random_contact_point,0.23777550222761615,124020.0,13181.013003821028,False
AC001341,L03,pl_salaried,salaried,T1,kanglish,90+,122,7750.0,38750.0,403000.0,,300-549,3,False,insufficient_funds,,2,2,rule_based,0.24390302679776363,120900.0,13180.54417293233,False
AC000293,L01,credit_card,salaried,T3,english,1-30,25,7400.0,7400.0,266400.0,15.0,650-699,0,True,insufficient_funds,0.82,1,1,rule_based,0.2244512142425028,131068.79999999999,13149.348089188486,False
AC001508,L06,msme,self_employed,T3,kanglish,31-60,46,30550.0,61100.0,274950.0,,650-699,1,True,insufficient_funds,0.89,1,0,rule_based,0.1996816289890466,146823.3,13104.062072896368,False
AC001459,L05,msme,self_employed,T1,hinglish,1-30,22,21250.0,21250.0,382500.0,,550-649,2,False,insufficient_funds,,1,1,rule_based,0.2552160196681336,114750.0,13089.717215613251,False
AC002047,L01,pl_salaried,salaried,T2,hinglish,1-30,14,9400.0,9400.0,432400.0,30.0,300-549,1,False,insufficient_funds,,2,1,rule_based,0.2244512142425028,129720.0,13013.115180191859,False
AC000958,L06,msme,self_employed,T1,kanglish,90+,172,10250.0,61500.0,461250.0,,300-549,6,False,insufficient_funds,0.48,4,1,rule_based,0.21913344154430744,132840.0,13010.35886863561,False
AC001843,L03,pl_salaried,salaried,T1,kanglish,31-60,52,16400.0,32800.0,705200.0,30.0,550-649,3,False,insufficient_funds,0.34,1,0,rule_based,0.2023125342090859,143860.80000000002,13008.17935960591,False
AC000949,L05,msme,self_employed,T1,kanglish,X,0,22750.0,22750.0,204750.0,,550-649,3,False,insufficient_funds,0.93,0,0,rule_based,0.25441164386375775,114250.5,12990.995882765314,False
AC001742,L06,msme,self_employed,T1,kanglish,1-30,2,11050.0,11050.0,442000.0,,550-649,2,False,insufficient_funds,,2,2,rule_based,0.21913344154430744,132600.0,12986.692456948826,False
AC001573,L01,pl_salaried,salaried,T1,english,1-30,23,12200.0,12200.0,329400.0,,550-649,1,False,insufficient_funds,0.54,0,0,rule_based,0.27186140672067055,106725.59999999999,12967.557287098418,False
AC001961,L03,pl_salaried,salaried,T2,english,90+,414,15000.0,180000.0,330000.0,,300-549,3,False,insufficient_funds,0.54,3,2,rule_based,0.27105703091629474,106920.0,12952.637985506606,False
AC000044,L01,credit_card,salaried,T3,english,1-30,23,7300.0,7300.0,189800.0,1.0,700-749,0,False,insufficient_funds,1.0,2,0,rule_based,0.25441164386375775,113880.0,12948.57910144213,False
AC002172,L03,pl_salaried,salaried,T1,english,61-90,67,9750.0,29250.0,390000.0,1.0,300-549,2,False,insufficient_funds,0.62,4,3,rule_based,0.1996816289890466,145080.0,12947.414830178895,False
AC001442,L01,credit_card,salaried,T3,kanglish,1-30,2,7750.0,7750.0,364250.0,,550-649,0,False,insufficient_funds,0.59,0,0,rule_based,0.2244512142425028,128944.5,12934.78731770158,False
AC000367,L01,pl_salaried,salaried,T3,hinglish,31-60,39,10500.0,21000.0,378000.0,,300-549,0,True,mandate_not_registered,,0,0,rule_based,0.25441164386375775,113400.0,12893.626186367557,False
AC000015,L01,pl_salaried,salaried,T1,kanglish,90+,129,16100.0,80500.0,322000.0,10.0,300-549,2,False,insufficient_funds,0.65,5,4,rule_based,0.22964205861030154,125580.0,12888.30237412675,False
AC001032,L06,msme,self_employed,T1,kanglish,61-90,72,10800.0,32400.0,226800.0,,300-549,2,True,insufficient_funds,0.78,1,1,rule_based,0.27105703091629474,106142.4,12857.789709248374,False
AC001445,L01,pl_salaried,salaried,T3,english,61-90,65,16850.0,50550.0,556050.0,,300-549,0,True,stop_payment,0.52,3,2,rule_based,0.16520855631563436,173487.6,12808.736170598911,False
AC000301,L05,msme,self_employed,T2,hinglish,90+,157,8900.0,53400.0,471700.0,,300-549,1,True,insufficient_funds,,2,2,rule_based,0.1996816289890466,141510.0,12626.626293207994,False
AC000998,L06,msme,self_employed,T3,english,1-30,18,12500.0,12500.0,487500.0,,300-549,2,False,insufficient_funds,0.42,3,1,rule_based,0.2298192997018453,122850.0,12615.985435767263,False
AC002211,L01,credit_card,self_employed,T2,hinglish,1-30,11,7450.0,7450.0,268200.0,,550-649,1,False,insufficient_funds,0.78,1,0,rule_based,0.2244512142425028,125517.59999999999,12588.659977962145,False
AC000025,L01,credit_card,salaried,T2,hinglish,31-60,36,4450.0,8900.0,160200.0,,650-699,0,True,insufficient_funds,0.93,2,0,rule_based,0.3151046499639138,89391.59999999999,12586.468972471388,False
AC001788,L01,pl_salaried,salaried,T1,english,31-60,54,15550.0,31100.0,450950.0,,550-649,3,False,insufficient_funds,,2,0,rule_based,0.20781507260636115,135285.0,12562.417943898206,False
AC001451,L03,pl_salaried,salaried,T3,kanglish,61-90,67,12350.0,37050.0,345800.0,,300-549,0,False,insufficient_funds,0.61,4,3,rule_based,0.2219297599327131,126562.79999999999,12550.623319185392,False
AC001357,L01,credit_card,salaried,T1,english,31-60,46,6650.0,13300.0,292600.0,25.0,550-649,1,False,insufficient_funds,0.8,1,0,rule_based,0.1996816289890466,140448.0,12531.198442714127,False
AC000144,L03,pl_salaried,salaried,T1,kanglish,90+,156,10200.0,61200.0,377400.0,,300-549,2,False,technical,,3,0,rule_based,0.24735917599389068,113220.0,12513.702657712736,False
AC002285,L03,pl_salaried,salaried,T1,kanglish,X,0,8200.0,8200.0,246000.0,1.0,650-699,2,False,insufficient_funds,0.74,1,0,rule_based,0.2552160196681336,109224.0,12455.071539504503,False
AC000271,L03,pl_salaried,salaried,T3,hinglish,90+,142,7750.0,38750.0,341000.0,,300-549,2,False,insufficient_funds,,4,2,rule_based,0.27105703091629474,102300.0,12389.110418231629,False
AC001904,L01,pl_salaried,salaried,T1,english,61-90,67,4100.0,12300.0,196800.0,1.0,300-549,4,False,insufficient_funds,0.74,2,0,rule_based,0.3172503289791593,87379.2,12385.48597567109,False
AC001119,L02,two_wheeler,self_employed,T3,kanglish,X,0,4450.0,4450.0,195800.0,,550-649,0,False,insufficient_funds,0.59,0,0,rule_based,0.39974400630138335,69313.2,12379.391315906068,False
AC000858,L01,credit_card,salaried,T1,hinglish,90+,235,7000.0,56000.0,217000.0,,300-549,3,False,insufficient_funds,0.78,6,4,rule_based,0.27105703091629474,101556.0,12298.360524280853,False
AC000103,L03,pl_salaried,salaried,T1,kanglish,90+,98,9800.0,39200.0,303800.0,7.0,300-549,4,True,insufficient_funds,0.59,5,2,rule_based,0.25441164386375775,107545.2,12223.33800474547,False
AC001045,L01,credit_card,salaried,T2,hinglish,31-60,57,8700.0,17400.0,339300.0,1.0,300-549,0,True,insufficient_funds,0.64,1,1,rule_based,0.20781507260636115,130291.2,12095.413834586465,False
AC000736,L01,credit_card,salaried,T3,english,31-60,59,8100.0,16200.0,396900.0,10.0,550-649,1,False,insufficient_funds,,2,0,rule_based,0.227266885161622,119070.0,12088.300607287449,False
AC001745,L03,pl_salaried,salaried,T3,english,90+,175,9850.0,59100.0,394000.0,25.0,300-549,0,False,insufficient_funds,0.48,3,1,rule_based,0.23777550222761615,113472.0,12052.387804947426,False
AC001874,L01,pl_salaried,salaried,T1,kanglish,1-30,16,8150.0,8150.0,236350.0,28.0,550-649,2,False,insufficient_funds,0.78,1,0,rule_based,0.24390302679776363,110611.8,12051.348768796994,False
AC000140,L05,msme,self_employed,T2,hinglish,90+,214,33350.0,266800.0,566950.0,,300-549,0,False,insufficient_funds,0.41,7,3,rule_based,0.19341596482864562,139469.69999999998,12050.049965437787,False
AC000354,L03,pl_salaried,salaried,T3,hinglish,31-60,54,11150.0,22300.0,323350.0,,300-549,2,True,insufficient_funds,0.57,1,1,rule_based,0.24390302679776363,110585.69999999998,12048.484127747251,False
AC001060,L03,pl_salaried,salaried,T3,kanglish,90+,315,10300.0,113300.0,432600.0,25.0,300-549,3,True,insufficient_funds,,4,3,rule_based,0.20781507260636115,129780.0,12047.608055284098,False
AC000230,L01,pl_salaried,salaried,T3,hinglish,X,0,7000.0,7000.0,217000.0,5.0,750-900,2,True,insufficient_funds,0.87,1,0,rule_based,0.2376373626373626,113274.0,12024.160576923075,False
AC002263,L01,credit_card,salaried,T2,hinglish,31-60,51,8600.0,17200.0,232200.0,,550-649,2,False,insufficient_funds,0.88,0,0,rule_based,0.21913344154430744,122601.59999999999,12000.749746077352,False
AC000244,L03,pl_salaried,salaried,T1,kanglish,1-30,15,15050.0,15050.0,436450.0,1.0,300-549,3,False,insufficient_funds,0.4,3,2,rule_based,0.2552160196681336,104748.0,11941.015432688948,False
AC000818,L06,two_wheeler,daily_wage,T3,kanglish,61-90,90,4400.0,13200.0,171600.0,,300-549,1,False,insufficient_funds,0.65,2,1,rule_based,0.3989396304970076,66924.0,11925.38612412178,False
AC001541,L01,pl_salaried,salaried,T3,english,31-60,33,8150.0,16300.0,383050.0,,300-549,3,True,insufficient_funds,0.42,2,1,rule_based,0.2762370406891546,96528.59999999999,11910.148662640207,False
AC001577,L01,pl_salaried,salaried,T2,hinglish,31-60,44,9750.0,19500.0,292500.0,5.0,300-549,3,True,insufficient_funds,0.73,1,1,rule_based,0.20781507260636115,128115.0,11891.902612133783,False
AC000406,L01,pl_salaried,salaried,T3,hinglish,61-90,73,9700.0,29100.0,223100.0,10.0,300-549,2,False,insufficient_funds,0.78,0,0,rule_based,0.2544208892801531,104410.8,11864.929863903495,False
AC001328,L01,credit_card,salaried,T3,kanglish,X,0,5100.0,5100.0,204000.0,,700-749,1,False,insufficient_funds,0.85,0,0,rule_based,0.2552160196681336,104040.0,11859.70360882268,False
AC001041,L06,msme,self_employed,T3,kanglish,90+,161,10550.0,63300.0,443100.0,,300-549,3,False,insufficient_funds,,7,6,rule_based,0.1996816289890466,132930.0,11855.655523681284,False
AC000196,L03,pl_salaried,self_employed,T1,english,61-90,71,14900.0,44700.0,596000.0,,300-549,2,False,insufficient_funds,0.26,3,0,rule_based,0.28514422034265885,92976.0,11841.206063760574,False
AC001837,L05,msme,self_employed,T3,hinglish,61-90,66,36550.0,109650.0,694450.0,,300-549,1,False,stop_payment,0.29,2,2,rule_based,0.21913344154430744,120834.29999999999,11826.476207018788,False
AC001181,L03,pl_salaried,salaried,T3,kanglish,90+,215,12950.0,103600.0,440300.0,15.0,300-549,0,False,insufficient_funds,,3,2,rule_based,0.1996816289890466,132090.0,11780.175867923424,False
AC000747,L02,two_wheeler,salaried,T2,hinglish,31-60,34,4700.0,9400.0,197400.0,,300-549,4,False,insufficient_funds,0.67,2,0,rule_based,0.3318761384335155,79354.8,11762.18406557377,False
AC000004,L01,credit_card,self_employed,T2,hinglish,61-90,68,4450.0,13350.0,160200.0,,300-549,0,False,insufficient_funds,1.0,0,0,rule_based,0.27105703091629474,96120.0,11635.300815253413,False
AC001882,L03,pl_salaried,self_employed,T2,hinglish,1-30,14,6850.0,6850.0,267150.0,,700-749,1,False,insufficient_funds,0.67,0,0,rule_based,0.2419009770994156,107394.3,11601.453747208498,False
AC000972,L03,pl_salaried,salaried,T1,english,31-60,50,5800.0,11600.0,243600.0,,300-549,2,False,insufficient_funds,1.0,3,2,random_contact_point,0.17754294895562972,146160.0,11588.354838709678,False
AC002379,L01,credit_card,self_employed,T2,hinglish,1-30,15,10800.0,10800.0,216000.0,,650-699,1,False,insufficient_funds,0.88,1,0,rule_based,0.227266885161622,114048.0,11574.7001735107,False
AC001873,L01,credit_card,salaried,T3,kanglish,61-90,61,9950.0,29850.0,437800.0,15.0,300-549,6,True,insufficient_funds,0.48,3,2,rule_based,0.20546298888638867,126086.4,11568.739870866139,False
AC000902,L06,msme,self_employed,T3,english,31-60,49,16450.0,32900.0,296100.0,,300-549,2,False,insufficient_funds,0.64,4,2,rule_based,0.227266885161622,113702.4,11539.355627530364,False
AC002231,L01,credit_card,salaried,T1,kanglish,31-60,31,11650.0,23300.0,512600.0,,550-649,2,False,insufficient_funds,0.33,3,1,rule_based,0.25441164386375775,101494.8,11530.656510230494,False
AC001746,L06,two_wheeler,salaried,T3,hinglish,90+,231,4100.0,32800.0,176300.0,15.0,300-549,1,False,insufficient_funds,0.61,7,4,rule_based,0.39974400630138335,64525.799999999996,11518.21081081081,False
AC000999,L01,pl_salaried,salaried,T3,hinglish,90+,153,14750.0,88500.0,295000.0,1.0,300-549,1,True,insufficient_funds,0.57,1,0,rule_based,0.2544208892801531,100890.0,11461.835583763592,False
AC000340,L05,msme,self_employed,T2,hinglish,X,0,16800.0,16800.0,336000.0,,550-649,1,False,insufficient_funds,,0,0,rule_based,0.25441164386375775,100800.0,11451.112165660052,False
AC000988,L03,pl_salaried,salaried,T2,hinglish,1-30,19,17750.0,17750.0,284000.0,5.0,300-549,2,False,insufficient_funds,0.59,1,1,rule_based,0.25441164386375775,100536.0,11420.888062369037,False
AC000273,L01,pl_salaried,salaried,T1,kanglish,1-30,11,16750.0,16750.0,603000.0,,300-549,2,False,insufficient_funds,0.26,0,0,rule_based,0.27186140672067055,94068.0,11419.056463330018,False
AC002272,L03,pl_salaried,salaried,T1,kanglish,31-60,57,8200.0,16400.0,344400.0,25.0,550-649,2,False,stop_payment,,1,1,rule_based,0.24628744566283856,103320.0,11361.888498648015,False
AC001025,L02,two_wheeler,salaried,T1,kanglish,31-60,52,4150.0,8300.0,182600.0,,550-649,0,False,insufficient_funds,0.95,2,1,rule_based,0.24390302679776363,104082.0,11334.661675824176,False
AC002356,L01,pl_salaried,salaried,T3,kanglish,61-90,71,9550.0,28650.0,257850.0,7.0,550-649,1,False,insufficient_funds,0.73,1,0,rule_based,0.2244512142425028,112938.3,11318.112356267824,False
AC000164,L01,pl_salaried,salaried,T2,hinglish,31-60,58,8600.0,17200.0,232200.0,,300-549,0,True,stop_payment,0.83,1,0,rule_based,0.21913344154430744,115635.59999999999,11313.832146868412,False
AC001144,L01,pl_salaried,salaried,T1,english,31-60,45,16800.0,33600.0,386400.0,7.0,550-649,3,True,insufficient_funds,,1,1,rule_based,0.2181855500821018,115920.0,11292.431034482759,False
AC001277,L03,pl_salaried,salaried,T2,hinglish,31-60,44,9500.0,19000.0,370500.0,7.0,300-549,3,False,insufficient_funds,,1,0,rule_based,0.227266885161622,111150.0,11278.32142857143,False
AC000492,L01,credit_card,salaried,T2,hinglish,31-60,53,9350.0,18700.0,383350.0,1.0,300-549,1,True,insufficient_funds,,1,0,rule_based,0.21913344154430744,115005.0,11251.648650161385,False
AC001997,L03,pl_salaried,salaried,T2,hinglish,90+,184,7600.0,53200.0,402800.0,,300-549,2,False,insufficient_funds,,7,4,rule_based,0.20781507260636115,120840.0,11211.568018188707,False
AC000524,L01,pl_salaried,salaried,T2,hinglish,31-60,32,9950.0,19900.0,368150.0,28.0,300-549,1,False,insufficient_funds,,3,3,rule_based,0.227266885161622,110445.0,11206.221009253904,False
AC000373,L03,pl_salaried,salaried,T2,hinglish,90+,357,10600.0,127200.0,328600.0,28.0,300-549,2,False,insufficient_funds,,1,0,rule_based,0.2544208892801531,98580.0,11197.365069356872,False
AC000934,L03,pl_salaried,salaried,T1,kanglish,90+,122,6250.0,31250.0,212500.0,1.0,300-549,3,False,mandate_not_registered,0.71,1,1,rule_based,0.2762370406891546,90525.0,11163.861148773574,False
AC001861,L01,pl_salaried,self_employed,T3,hinglish,1-30,10,13100.0,13100.0,340600.0,,550-649,1,False,insufficient_funds,,0,0,rule_based,0.24470740260213944,102180.0,11162.891079048974,False
AC002359,L06,msme,self_employed,T2,english,1-30,16,10300.0,10300.0,247200.0,,550-649,1,False,insufficient_funds,0.62,0,0,rule_based,0.27186140672067055,91958.4,11160.97299270195,False
AC000002,L03,pl_salaried,salaried,T3,english,X,0,9800.0,9800.0,284200.0,5.0,650-699,2,False,insufficient_funds,0.65,0,0,rule_based,0.2252555900468786,110838.0,11146.095590327168,False
AC001699,L01,credit_card,salaried,T1,english,61-90,65,4400.0,13200.0,123200.0,,300-549,0,False,technical,0.76,1,0,rule_based,0.4429872495446266,56179.2,11110.001180327868,False
AC001312,L01,credit_card,salaried,T2,hinglish,1-30,22,11800.0,11800.0,354000.0,,300-549,2,True,insufficient_funds,0.48,0,0,rule_based,0.24390302679776363,101952.0,11100.88062463852,False
AC001939,L05,msme,self_employed,T3,hinglish,61-90,68,27900.0,83700.0,585900.0,,300-549,5,False,insufficient_funds,0.29,3,2,rule_based,0.24390302679776363,101946.59999999999,11100.2879402834,False
AC002376,L03,consumer_durable,salaried,T2,hinglish,1-30,17,4150.0,4150.0,132800.0,1.0,550-649,0,False,insufficient_funds,0.99,3,1,rule_based,0.3151046499639138,78883.2,11096.408405815031,False
AC001350,L03,pl_salaried,salaried,T3,hinglish,31-60,38,15450.0,30900.0,324450.0,,550-649,3,True,insufficient_funds,,1,1,rule_based,0.2552160196681336,97335.0,11089.653073479003,False
AC001911,L06,msme,self_employed,T2,hinglish,X,0,8300.0,8300.0,398400.0,,550-649,2,False,insufficient_funds,,0,0,rule_based,0.20781507260636115,119520.0,11088.125865060529,False
AC001987,L01,pl_salaried,salaried,T3,english,90+,212,9550.0,76400.0,324700.0,10.0,300-549,2,False,insufficient_funds,,3,3,rule_based,0.2544208892801531,97410.0,11063.412471150872,False
AC000082,L06,msme,self_employed,T3,hinglish,31-60,31,13800.0,27600.0,303600.0,,550-649,2,True,insufficient_funds,,0,0,rule_based,0.27186140672067055,91080.0,11053.511615853404,False
AC000111,L01,credit_card,salaried,T2,hinglish,1-30,17,7050.0,7050.0,338400.0,,300-549,4,False,insufficient_funds,,2,1,rule_based,0.24390302679776363,101520.0,11053.465876229035,False
AC000943,L06,msme,self_employed,T3,hinglish,61-90,79,13550.0,40650.0,365850.0,,300-549,2,False,insufficient_funds,,3,2,rule_based,0.2252555900468786,109755.0,11036.317278517821,False
AC001849,L03,pl_salaried,salaried,T3,english,1-30,18,12150.0,12150.0,303750.0,1.0,300-549,4,False,insufficient_funds,0.52,0,0,rule_based,0.26054841385030064,94770.0,11022.477931266847,False
AC000253,L01,pl_salaried,salaried,T1,english,31-60,59,9150.0,18300.0,329400.0,30.0,300-549,1,False,insufficient_funds,0.6,2,0,rule_based,0.20781507260636115,118584.0,11000.59415647873,False
AC000721,L06,msme,self_employed,T1,english,31-60,54,12400.0,24800.0,372000.0,,550-649,2,False,insufficient_funds,0.49,2,1,rule_based,0.2252555900468786,109368.0,10997.089017511158,False
AC000907,L01,credit_card,self_employed,T3,hinglish,1-30,3,8300.0,8300.0,365200.0,,300-549,0,False,technical,,1,1,rule_based,0.2244512142425028,109560.0,10976.893764583872,False
AC002098,L01,credit_card,salaried,T1,english,61-90,69,9100.0,27300.0,409500.0,,300-549,1,False,insufficient_funds,,2,1,rule_based,0.1996816289890466,122850.0,10949.899654586969,False
AC001369,L06,two_wheeler,self_employed,T2,hinglish,61-90,88,4550.0,13650.0,222950.0,,300-549,0,False,mandate_not_registered,,2,1,rule_based,0.36556385680461334,66885.0,10913.832353069454,False
AC000265,L01,credit_card,self_employed,T3,kanglish,1-30,5,6750.0,6750.0,222750.0,,550-649,2,False,insufficient_funds,0.75,0,0,rule_based,0.24390302679776363,100237.5,10912.703341888375,False
AC000329,L03,pl_salaried,salaried,T1,kanglish,61-90,78,16050.0,48150.0,770400.0,,300-549,2,False,insufficient_funds,0.23,1,1,rule_based,0.227266885161622,106315.2,10783.865957200695,False
AC000605,L03,pl_salaried,salaried,T3,english,90+,290,9200.0,92000.0,386400.0,,300-549,1,True,insufficient_funds,,8,4,rule_based,0.20781507260636115,115920.0,10751.465447438224,False
AC000215,L05,msme,self_employed,T3,kanglish,X,0,17150.0,17150.0,686000.0,,300-549,3,False,insufficient_funds,0.23,1,0,rule_based,0.25441164386375775,94668.0,10749.088675582398,False
AC002184,L01,credit_card,salaried,T2,hinglish,31-60,32,4350.0,8700.0,208800.0,30.0,300-549,3,False,insufficient_funds,0.61,1,1,rule_based,0.3151046499639138,76420.8,10747.247245283019,False
AC001982,L01,credit_card,self_employed,T2,hinglish,61-90,67,4400.0,13200.0,211200.0,,300-549,0,True,insufficient_funds,0.95,4,2,rule_based,0.1996816289890466,120384.0,10728.312950897824,False
AC001871,L03,pl_salaried,salaried,T1,kanglish,1-30,21,9650.0,9650.0,405300.0,7.0,550-649,0,True,technical,0.49,1,1,rule_based,0.20154940844596017,119158.2,10718.319124668435,False
AC001968,L01,credit_card,salaried,T1,english,X,0,7100.0,7100.0,234300.0,10.0,650-699,1,True,insufficient_funds,0.63,0,0,rule_based,0.27105703091629474,88565.4,10713.823464661304,False
AC001305,L01,credit_card,salaried,T1,kanglish,1-30,25,8250.0,8250.0,313500.0,10.0,550-649,1,False,insufficient_funds,,0,0,rule_based,0.2552160196681336,94050.0,10712.379992404585,False
AC001223,L05,msme,self_employed,T2,hinglish,31-60,51,16750.0,33500.0,636500.0,,300-549,0,False,insufficient_funds,0.28,1,0,rule_based,0.2244512142425028,106932.00000000001,10711.45775862069,False
AC000368,L01,pl_salaried,salaried,T1,kanglish,1-30,3,10550.0,10550.0,305950.0,25.0,550-649,1,False,insufficient_funds,0.5,0,0,rule_based,0.26135278965467645,91785.0,10705.719609304515,False
AC001903,L01,credit_card,self_employed,T1,kanglish,1-30,16,6800.0,6800.0,265200.0,,300-549,4,False,stop_payment,0.67,0,0,rule_based,0.2244512142425028,106610.4,10678.975178895513,False
AC002221,L01,pl_salaried,salaried,T3,hinglish,31-60,38,18000.0,36000.0,540000.0,,300-549,1,False,insufficient_funds,0.29,0,0,rule_based,0.25441164386375775,93960.0,10668.033125847405,False
AC002293,L03,pl_salaried,salaried,T2,hinglish,90+,389,16750.0,201000.0,335000.0,1.0,300-549,1,False,insufficient_funds,,1,0,rule_based,0.23777550222761615,100500.0,10664.39708824394,False
AC001512,L03,pl_salaried,salaried,T2,hinglish,1-30,25,9200.0,9200.0,312800.0,1.0,650-699,1,False,mandate_not_registered,,0,0,rule_based,0.25441164386375775,93840.0,10654.294897078762,False
AC000098,L05,msme,self_employed,T2,hinglish,31-60,49,12500.0,25000.0,312500.0,,550-649,4,False,insufficient_funds,,1,1,rule_based,0.25441164386375775,93750.0,10643.99122550228,False
AC000936,L03,pl_salaried,salaried,T2,hinglish,31-60,32,10250.0,20500.0,492000.0,,300-549,3,False,insufficient_funds,0.36,4,2,rule_based,0.22337639444990054,106272.0,10593.395285940924,False
AC001083,L01,pl_salaried,salaried,T2,hinglish,31-60,37,7750.0,15500.0,209250.0,10.0,300-549,1,False,insufficient_funds,0.6,2,1,rule_based,0.3151046499639138,75330.0,10592.574976801732,False
AC000977,L02,consumer_durable,self_employed,T1,kanglish,61-90,86,3950.0,11850.0,197500.0,,300-549,0,True,insufficient_funds,,2,1,rule_based,0.39974400630138335,59250.0,10569.174568010632,False
AC001227,L01,pl_salaried,self_employed,T3,hinglish,31-60,32,6050.0,12100.0,290400.0,,300-549,1,False,insufficient_funds,,2,0,rule_based,0.27186140672067055,87120.0,10569.054589077168,False
AC000821,L01,pl_salaried,salaried,T1,hinglish,X,0,8900.0,8900.0,231400.0,5.0,650-699,1,False,insufficient_funds,0.67,0,0,rule_based,0.25441164386375775,93022.8,10560.737559164305,False
AC000701,L03,pl_salaried,salaried,T1,kanglish,90+,201,4300.0,30100.0,129000.0,5.0,300-549,1,False,insufficient_funds,0.69,0,0,rule_based,0.4429872495446266,53406.0,10557.179672131148,False
AC001255,L01,pl_salaried,salaried,T1,english,31-60,53,9550.0,19100.0,334250.0,10.0,650-699,1,True,insufficient_funds,0.59,0,0,rule_based,0.1996816289890466,118324.5,10543.2530091915,False
AC000620,L01,credit_card,salaried,T3,english,31-60,60,9250.0,18500.0,286750.0,,300-549,2,False,insufficient_funds,0.66,1,1,rule_based,0.20781507260636115,113553.0,10530.111222851558,False
AC000101,L05,msme,self_employed,T3,english,1-30,5,10750.0,10750.0,322500.0,,550-649,2,True,insufficient_funds,,0,0,rule_based,0.24390302679776363,96750.0,10529.928029207635,False
AC001938,L01,pl_salaried,salaried,T1,kanglish,X,0,4550.0,4550.0,172900.0,1.0,700-749,1,False,insufficient_funds,0.99,0,0,rule_based,0.22964205861030154,102702.59999999999,10524.176419883659,False
AC001343,L03,pl_salaried,salaried,T2,hinglish,31-60,39,8950.0,17900.0,250600.0,5.0,300-549,0,False,stop_payment,0.81,2,2,random_contact_point,0.19341596482864562,121791.59999999999,10511.397919911013,False
AC000881,L03,pl_salaried,self_employed,T3,kanglish,61-90,90,6250.0,18750.0,206250.0,,300-549,2,False,insufficient_funds,0.7,2,1,rule_based,0.27186140672067055,86625.0,10508.49746073014,False
AC001574,L05,msme,self_employed,T2,english,1-30,8,21200.0,21200.0,318000.0,,300-549,1,True,insufficient_funds,,0,0,rule_based,0.24684294860963504,95400.0,10507.967783811633,False
AC000512,L06,two_wheeler,self_employed,T2,hinglish,61-90,85,4650.0,13950.0,213900.0,,550-649,1,True,insufficient_funds,0.72,5,2,rule_based,0.2544208892801531,92404.8,10490.370125389612,False
AC002262,L06,msme,self_employed,T1,kanglish,90+,201,9600.0,67200.0,441600.0,,300-549,3,False,insufficient_funds,0.39,3,1,random_contact_point,0.227266885161622,103334.4,10479.0192481203,False
AC002257,L01,pl_salaried,salaried,T2,hinglish,90+,126,9400.0,47000.0,413600.0,,300-549,2,False,technical,0.37,3,2,rule_based,0.2552160196681336,91819.2,10456.178838900532,False
AC001670,L03,pl_salaried,salaried,T1,kanglish,1-30,9,16100.0,16100.0,305900.0,7.0,550-649,0,False,insufficient_funds,,1,0,rule_based,0.25441164386375775,91770.0,10417.310450819672,False
AC000743,L06,msme,self_employed,T1,english,1-30,14,13850.0,13850.0,304700.0,,300-549,1,False,insufficient_funds,,0,0,rule_based,0.2552160196681336,91410.0,10409.183361038842,False
AC001972,L03,pl_salaried,salaried,T3,english,31-60,33,13700.0,27400.0,342500.0,28.0,550-649,3,False,insufficient_funds,0.38,2,1,rule_based,0.29845926291137687,78090.0,10399.00772833724,False
AC001136,L03,pl_salaried,salaried,T3,kanglish,1-30,20,8000.0,8000.0,344000.0,30.0,300-549,1,True,insufficient_funds,0.46,0,0,rule_based,0.24390302679776363,94944.0,10331.708039329093,False
AC000920,L03,pl_salaried,salaried,T3,hinglish,90+,214,7150.0,57200.0,286000.0,,300-549,1,False,insufficient_funds,0.53,3,0,rule_based,0.2544208892801531,90948.0,10323.581967213115,False
AC001113,L03,pl_salaried,salaried,T2,hinglish,61-90,71,16650.0,49950.0,333000.0,,300-549,4,False,insufficient_funds,,1,0,rule_based,0.23150983806721515,99900.0,10318.524770311657,False
AC000788,L01,credit_card,salaried,T3,kanglish,1-30,4,8050.0,8050.0,370300.0,25.0,300-549,1,False,technical,,1,1,rule_based,0.20781507260636115,111090.0,10299.779387128297,False
AC001915,L01,credit_card,salaried,T2,hinglish,31-60,37,11200.0,22400.0,537600.0,30.0,300-549,8,True,insufficient_funds,0.3,2,0,rule_based,0.23777550222761615,96768.0,10265.076909802881,False
AC000392,L01,credit_card,self_employed,T3,english,90+,171,8250.0,49500.0,222750.0,,300-549,0,False,insufficient_funds,0.63,0,0,rule_based,0.27105703091629474,84199.5,10181.289913586452,False
AC000676,L06,two_wheeler,salaried,T3,english,90+,157,4300.0,25800.0,215000.0,25.0,300-549,2,True,insufficient_funds,0.61,3,2,rule_based,0.28863289519027224,78690.0,10131.635135135135,False
AC002097,L01,credit_card,salaried,T1,english,X,0,7250.0,7250.0,239250.0,15.0,550-649,2,True,insufficient_funds,0.62,1,1,rule_based,0.25441164386375775,89001.0,10100.300821983237,False
AC000763,L05,msme,self_employed,T1,english,61-90,68,11100.0,33300.0,210900.0,,300-549,0,False,stop_payment,0.7,1,0,rule_based,0.2552160196681336,88578.0,10083.936065573773,False
AC001507,L01,credit_card,salaried,T1,kanglish,61-90,77,9650.0,28950.0,328100.0,,300-549,3,False,insufficient_funds,,4,1,rule_based,0.22964205861030154,98430.0,10082.650523055392,False
AC001400,L03,pl_salaried,salaried,T1,kanglish,90+,182,12050.0,84350.0,361500.0,25.0,300-549,4,True,insufficient_funds,,5,2,rule_based,0.20781507260636115,108450.0,10052.89508087194,False
AC000808,L03,pl_salaried,salaried,T3,kanglish,90+,608,15700.0,188400.0,361100.0,,300-549,1,False,insufficient_funds,,4,3,rule_based,0.20781507260636115,108330.0,10041.673066951196,False
AC001408,L02,consumer_durable,salaried,T1,english,31-60,35,3750.0,7500.0,127500.0,5.0,300-549,2,False,insufficient_funds,0.68,3,2,rule_based,0.43247863247863244,52020.0,10034.892307692307,False
AC002011,L05,msme,self_employed,T3,english,90+,286,8650.0,86500.0,294100.0,,300-549,3,True,insufficient_funds,,2,1,rule_based,0.2544208892801531,88230.0,10012.39977753456,False
AC001106,L01,credit_card,self_employed,T3,english,31-60,32,5800.0,11600.0,272600.0,,300-549,3,False,technical,0.61,2,1,rule_based,0.2244512142425028,99771.59999999999,9988.23554511278,False
AC001844,L03,pl_salaried,salaried,T3,english,61-90,80,11600.0,34800.0,162400.0,5.0,550-649,0,False,insufficient_funds,1.0,0,0,rule_based,0.22964205861030154,97440.0,9980.344985944503,False
AC000248,L01,pl_salaried,salaried,T2,hinglish,1-30,10,12100.0,12100.0,290400.0,,300-549,2,False,insufficient_funds,0.57,2,1,rule_based,0.2244512142425028,99316.8,9942.299359605911,False
AC001329,L01,pl_salaried,salaried,T1,hinglish,31-60,53,14450.0,28900.0,505750.0,,300-549,1,False,insufficient_funds,0.35,0,0,rule_based,0.20833333333333334,106207.5,9867.953125,False
AC001803,L01,credit_card,salaried,T2,hinglish,31-60,39,9000.0,18000.0,216000.0,,550-649,2,False,insufficient_funds,0.67,0,0,rule_based,0.2544208892801531,86832.0,9852.343596088414,False
AC000195,L03,pl_salaried,salaried,T1,kanglish,X,0,8200.0,8200.0,328000.0,30.0,300-549,0,True,insufficient_funds,,1,0,rule_based,0.2244512142425028,98400.0,9849.699766658025,False
AC002163,L03,pl_salaried,salaried,T1,kanglish,61-90,71,12150.0,36450.0,206550.0,,300-549,0,True,insufficient_funds,0.7,3,1,rule_based,0.25441164386375775,86751.0,9842.709032571182,False
AC001533,L03,pl_salaried,salaried,T1,hinglish,61-90,72,9200.0,27600.0,368000.0,1.0,300-549,4,False,stop_payment,,1,1,rule_based,0.1996816289890466,110400.0,9831.183328175835,False
AC000257,L06,two_wheeler,salaried,T3,hinglish,90+,270,3650.0,32850.0,193450.0,,300-549,1,True,insufficient_funds,0.7,1,0,rule_based,0.27105703091629474,81249.0,9821.400717213115,False
AC001930,L01,pl_salaried,salaried,T1,english,90+,207,7400.0,51800.0,244200.0,1.0,300-549,1,False,insufficient_funds,0.59,7,6,rule_based,0.2544208892801531,86446.8,9808.242279140593,False
AC000506,L02,consumer_durable,salaried,T1,english,90+,255,4200.0,37800.0,130200.0,,300-549,1,False,technical,0.7,5,5,rule_based,0.39974400630138335,54684.0,9747.82055826318,False
AC000800,L03,pl_salaried,salaried,T2,hinglish,61-90,65,15900.0,47700.0,286200.0,,300-549,2,True,insufficient_funds,,1,1,rule_based,0.2544208892801531,85860.0,9741.059899117276,False
AC001074,L01,pl_salaried,salaried,T1,hinglish,90+,350,6550.0,78600.0,268550.0,,300-549,2,True,insufficient_funds,,4,2,rule_based,0.27105703091629474,80565.0,9737.96936309708,False
AC001487,L03,pl_salaried,salaried,T3,kanglish,1-30,22,10300.0,10300.0,381100.0,,550-649,1,True,insufficient_funds,0.39,1,0,rule_based,0.24470740260213944,89177.4,9731.066466165412,False
AC000996,L03,consumer_durable,salaried,T3,hinglish,61-90,86,3800.0,11400.0,190000.0,,300-549,1,False,insufficient_funds,0.5,1,1,rule_based,0.3823034888608659,57000.0,9717.084489281211,False
AC002337,L01,credit_card,self_employed,T1,english,31-60,34,11550.0,23100.0,242550.0,,300-549,3,False,insufficient_funds,,3,1,rule_based,0.29845926291137687,72765.0,9683.824719585851,False
AC000631,L02,two_wheeler,salaried,T3,english,61-90,80,4350.0,13050.0,191400.0,30.0,300-549,2,True,insufficient_funds,0.58,1,0,random_contact_point,0.32498437598652574,66607.19999999998,9651.83469769437,False
AC002332,L01,credit_card,salaried,T2,hinglish,X,0,7750.0,7750.0,294500.0,15.0,550-649,4,False,insufficient_funds,0.5,0,0,rule_based,0.24390302679776363,88350.0,9607.974587912087,False
AC000360,L01,pl_salaried,salaried,T2,hinglish,31-60,47,17850.0,35700.0,321300.0,25.0,300-549,3,False,stop_payment,0.5,5,4,rule_based,0.22337639444990054,96390.0,9600.062797461662,False
AC001672,L02,two_wheeler,salaried,T1,english,90+,234,4200.0,33600.0,147000.0,,300-549,2,False,insufficient_funds,0.8,1,0,rule_based,0.30449457127015866,70560.0,9579.311626970079,False
AC000836,L05,msme,self_employed,T3,english,61-90,85,36200.0,108600.0,325800.0,,300-549,1,False,insufficient_funds,0.46,0,0,rule_based,0.23777550222761615,89920.8,9532.433521319062,False
AC002245,L05,msme,self_employed,T3,english,1-30,20,34150.0,34150.0,273200.0,,550-649,1,False,insufficient_funds,0.51,0,0,rule_based,0.2552160196681336,83599.2,9512.134782148107,False
AC000219,L03,pl_salaried,salaried,T1,english,X,0,9700.0,9700.0,203700.0,,750-900,0,True,technical,0.68,1,1,rule_based,0.2552160196681336,83109.59999999999,9455.905588694823,False
AC002364,L01,pl_salaried,salaried,T2,hinglish,61-90,64,14500.0,43500.0,348000.0,25.0,300-549,3,False,insufficient_funds,0.34,3,2,rule_based,0.29845926291137687,70992.0,9445.69899667201,False
AC000313,L03,pl_salaried,salaried,T3,kanglish,1-30,6,9650.0,9650.0,202650.0,,700-749,6,False,insufficient_funds,0.71,0,0,rule_based,0.24390302679776363,86328.9,9386.146004554656,False
AC001568,L01,pl_salaried,salaried,T1,english,61-90,67,11450.0,34350.0,274800.0,1.0,300-549,3,False,mandate_not_registered,,1,0,rule_based,0.25441164386375775,82440.0,9349.163164057685,False
AC000846,L01,pl_salaried,self_employed,T3,hinglish,61-90,71,10600.0,31800.0,190800.0,,550-649,0,True,insufficient_funds,0.77,0,0,rule_based,0.23777550222761615,88149.59999999999,9342.91693502356,False
AC001100,L01,credit_card,salaried,T2,hinglish,1-30,2,11000.0,11000.0,286000.0,,300-549,2,False,insufficient_funds,,0,0,rule_based,0.24390302679776363,85800.0,9328.095864661655,False
AC000518,L06,two_wheeler,self_employed,T1,hinglish,90+,266,3750.0,33750.0,180000.0,,300-549,3,True,insufficient_funds,0.62,4,2,rule_based,0.31239769159898295,66960.0,9324.167243260554,False
AC000385,L06,msme,self_employed,T3,hinglish,31-60,34,26000.0,52000.0,312000.0,,300-549,1,True,insufficient_funds,0.45,1,0,rule_based,0.2481459797033568,84240.0,9317.717798594851,False
AC001701,L01,pl_salaried,salaried,T1,kanglish,1-30,6,7950.0,7950.0,206700.0,,650-699,0,False,insufficient_funds,0.66,1,0,rule_based,0.2552160196681336,81853.2,9311.611555494854,False
AC000007,L01,credit_card,salaried,T1,kanglish,61-90,68,9850.0,29550.0,197000.0,,300-549,4,False,insufficient_funds,0.65,1,1,random_contact_point,0.27186140672067055,76830.0,9310.200345257104,False
AC000225,L03,pl_salaried,salaried,T1,kanglish,90+,103,11150.0,44600.0,535200.0,,300-549,4,False,insufficient_funds,,8,4,rule_based,0.12889983579638753,160560.0,9224.270935960592,False
AC001077,L01,credit_card,self_employed,T1,kanglish,61-90,83,8650.0,25950.0,276800.0,,550-649,1,False,insufficient_funds,0.52,1,0,rule_based,0.23777550222761615,86361.59999999999,9151.602765931222,False
AC000862,L01,pl_salaried,salaried,T2,english,31-60,32,5700.0,11400.0,267900.0,,300-549,3,True,insufficient_funds,,0,0,rule_based,0.25441164386375775,80370.0,9112.178717798595,False
AC001542,L01,pl_salaried,salaried,T2,hinglish,1-30,5,8450.0,8450.0,245050.0,25.0,550-649,1,False,mandate_not_registered,0.58,1,1,rule_based,0.23965365912915396,85277.4,9107.66842795923,False
AC000528,L01,pl_salaried,salaried,T3,english,1-30,28,11900.0,11900.0,273700.0,30.0,550-649,3,False,insufficient_funds,0.51,1,0,rule_based,0.24390302679776363,83752.2,9103.336786437247,False
AC000884,L01,pl_salaried,salaried,T3,hinglish,1-30,5,8800.0,8800.0,378400.0,,650-699,5,False,insufficient_funds,0.45,1,0,rule_based,0.1996816289890466,102168.0,9091.482701748811,False
AC001384,L02,consumer_durable,salaried,T1,hinglish,31-60,45,3700.0,7400.0,170200.0,7.0,550-649,2,False,insufficient_funds,1.0,1,1,rule_based,0.1996816289890466,102120.0,9087.169578562647,False
AC000372,L06,two_wheeler,salaried,T3,english,90+,109,4350.0,17400.0,156600.0,,300-549,2,True,insufficient_funds,0.85,3,1,rule_based,0.2552160196681336,79866.0,9083.387182066823,False
AC001725,L03,pl_salaried,salaried,T3,english,90+,469,6250.0,75000.0,225000.0,25.0,300-549,1,False,stop_payment,0.63,0,0,rule_based,0.23777550222761615,85050.0,9011.262909006438,False
AC002196,L01,pl_salaried,salaried,T2,hinglish,1-30,17,6950.0,6950.0,278000.0,1.0,650-699,2,True,insufficient_funds,,0,0,rule_based,0.2419009770994156,83400.0,8989.543670541068,False
AC000545,L03,pl_salaried,salaried,T2,hinglish,31-60,57,13200.0,26400.0,330000.0,28.0,550-649,1,False,insufficient_funds,0.4,3,1,rule_based,0.25441164386375775,79200.0,8978.230987304327,False
AC000995,L01,pl_salaried,salaried,T2,hinglish,1-30,5,11950.0,11950.0,274850.0,,650-699,0,True,insufficient_funds,,1,0,rule_based,0.24390302679776363,82455.0,8960.960833574321,False
AC002204,L01,pl_salaried,salaried,T1,hinglish,31-60,36,13900.0,27800.0,208500.0,5.0,550-649,2,False,insufficient_funds,0.51,2,0,rule_based,0.3151046499639138,63801.0,8957.79629755645,False
AC001820,L03,pl_salaried,salaried,T2,hinglish,1-30,23,8750.0,8750.0,218750.0,,550-649,1,False,insufficient_funds,0.6,1,0,rule_based,0.25441164386375775,78750.0,8926.712629421914,False
AC000523,L01,credit_card,salaried,T2,hinglish,90+,144,9300.0,46500.0,223200.0,7.0,300-549,2,False,insufficient_funds,0.55,1,1,rule_based,0.27186140672067055,73656.0,8921.90069803797,False
AC001012,L01,credit_card,salaried,T1,hinglish,90+,275,8150.0,81500.0,211900.0,,300-549,1,False,insufficient_funds,0.58,1,0,rule_based,0.27105703091629474,73741.19999999998,8905.631827692101,False
AC000188,L01,credit_card,salaried,T3,hinglish,61-90,61,4000.0,12000.0,136000.0,7.0,300-549,2,False,insufficient_funds,0.77,3,0,rule_based,0.317773606691162,62832.0,8895.858065028591,False
AC001363,L01,credit_card,salaried,T2,hinglish,90+,422,5950.0,71400.0,279650.0,,300-549,0,False,insufficient_funds,,1,1,rule_based,0.23777550222761615,83895.0,8887.679091723636,False
AC000795,L01,credit_card,salaried,T3,hinglish,1-30,29,7650.0,7650.0,260100.0,10.0,650-699,3,False,insufficient_funds,,1,1,rule_based,0.2552160196681336,78030.0,8872.52770661701,False
AC002328,L06,msme,self_employed,T1,kanglish,X,0,14450.0,14450.0,187850.0,,650-699,0,False,insufficient_funds,0.7,1,1,rule_based,0.25190685972856186,78897.0,8854.612980401957,False
AC000698,L03,pl_salaried,salaried,T3,hinglish,X,0,4900.0,4900.0,191100.0,1.0,650-699,0,False,insufficient_funds,0.68,0,0,rule_based,0.2544208892801531,77968.8,8837.60114444788,False
AC001476,L01,pl_salaried,salaried,T1,hinglish,X,0,10600.0,10600.0,381600.0,,550-649,1,True,insufficient_funds,0.34,0,0,rule_based,0.25441164386375775,77846.40000000001,8823.263766794034,False
AC000130,L01,pl_salaried,salaried,T2,hinglish,90+,172,15800.0,94800.0,347600.0,1.0,300-549,2,True,insufficient_funds,0.35,0,0,rule_based,0.27105703091629474,72995.99999999999,8814.735562944632,False
AC001789,L01,pl_salaried,salaried,T1,kanglish,61-90,61,3700.0,11100.0,181300.0,10.0,300-549,2,True,insufficient_funds,0.81,3,2,rule_based,0.2244512142425028,88111.8,8810.56022459165,False
AC001565,L01,pl_salaried,salaried,T1,kanglish,X,0,15400.0,15400.0,215600.0,7.0,650-699,2,True,insufficient_funds,0.6,1,1,rule_based,0.25441164386375775,77616.0,8796.88636755824,False
AC001078,L01,credit_card,salaried,T3,hinglish,1-30,24,5100.0,5100.0,204000.0,7.0,550-649,3,False,insufficient_funds,0.54,1,1,rule_based,0.29845926291137687,66096.0,8788.133548625665,False
AC000346,L01,pl_salaried,salaried,T2,hinglish,90+,137,8450.0,42250.0,354900.0,10.0,300-549,0,False,insufficient_funds,0.4,3,3,rule_based,0.23150983806721515,85176.0,8784.586885245903,False
AC000317,L03,pl_salaried,salaried,T3,hinglish,31-60,54,12250.0,24500.0,257250.0,,550-649,0,False,insufficient_funds,,1,1,rule_based,0.25441164386375775,77175.0,8746.398376833477,False
AC001531,L06,msme,self_employed,T2,hinglish,90+,219,10650.0,85200.0,404700.0,,300-549,4,False,insufficient_funds,0.31,1,0,rule_based,0.26054841385030064,75274.2,8736.658036232635,False
AC001594,L02,two_wheeler,salaried,T2,hinglish,1-30,14,3950.0,3950.0,158000.0,,550-649,1,True,insufficient_funds,0.81,1,1,rule_based,0.2552160196681336,76788.0,8729.88747322449,False
AC002060,L06,two_wheeler,self_employed,T3,english,X,0,4350.0,4350.0,121800.0,,750-900,0,False,insufficient_funds,0.67,0,0,rule_based,0.39974400630138335,48963.6,8718.807532122286,False
AC000662,L01,pl_salaried,salaried,T2,hinglish,31-60,39,7100.0,14200.0,255600.0,,300-549,1,True,insufficient_funds,,1,1,rule_based,0.2552160196681336,76680.0,8717.48397466862,False
AC000970,L06,two_wheeler,self_employed,T3,kanglish,1-30,25,4700.0,4700.0,206800.0,,550-649,0,False,insufficient_funds,,1,0,rule_based,0.3151046499639138,62040.0,8708.091617692546,False
AC000872,L01,pl_salaried,salaried,T2,hinglish,61-90,78,13650.0,40950.0,122850.0,15.0,300-549,3,False,insufficient_funds,0.92,1,1,rule_based,0.2879506458453827,67813.2,8698.084631578948,False
AC001160,L01,pl_salaried,salaried,T2,hinglish,61-90,89,5550.0,16650.0,277500.0,,300-549,0,True,insufficient_funds,0.51,4,1,rule_based,0.22964205861030154,84915.0,8686.02493310219,False
AC002329,L05,msme,self_employed,T1,hinglish,1-30,12,19900.0,19900.0,218900.0,,550-649,6,True,insufficient_funds,0.64,3,1,rule_based,0.23150983806721515,84057.59999999999,8668.072613943434,False
AC001218,L02,two_wheeler,daily_wage,T1,kanglish,90+,139,3950.0,19750.0,205400.0,,300-549,1,True,insufficient_funds,0.62,4,3,random_contact_point,0.2544208892801531,76408.8,8658.997680173214,False
AC001150,L01,pl_salaried,salaried,T2,hinglish,90+,422,13550.0,162600.0,718150.0,28.0,300-549,2,True,technical,0.2,6,3,rule_based,0.2244512142425028,86178.0,8615.240533445683,False
AC000259,L06,msme,self_employed,T1,kanglish,X,0,31650.0,31650.0,253200.0,,550-649,0,False,insufficient_funds,,0,0,rule_based,0.25441164386375775,75960.0,8607.298810550967,False
AC000204,L03,pl_salaried,salaried,T1,kanglish,X,0,11500.0,11500.0,126500.0,1.0,700-749,0,True,insufficient_funds,1.0,1,0,rule_based,0.25441164386375775,75900.0,8600.429696166646,False
AC001735,L01,pl_salaried,salaried,T2,hinglish,1-30,14,7850.0,7850.0,188400.0,,700-749,0,False,insufficient_funds,0.63,1,0,rule_based,0.27105703091629474,71215.2,8597.52130064955,False
AC000475,L03,consumer_durable,salaried,T1,kanglish,90+,258,4000.0,36000.0,204000.0,1.0,300-549,2,False,technical,,2,1,rule_based,0.3151046499639138,61200.0,8588.982060006187,False
AC002375,L06,two_wheeler,daily_wage,T2,hinglish,90+,99,3400.0,13600.0,125800.0,,300-549,2,False,insufficient_funds,0.81,2,1,rule_based,0.3151046499639138,61138.799999999996,8580.304077946179,False
AC000343,L03,consumer_durable,salaried,T1,english,X,0,4100.0,4100.0,131200.0,,750-900,0,False,insufficient_funds,0.9,0,0,rule_based,0.27186140672067055,70848.0,8578.37662450573,False
AC000530,L03,pl_salaried,salaried,T2,hinglish,61-90,63,9550.0,28650.0,191000.0,,300-549,3,False,insufficient_funds,0.62,2,1,rule_based,0.27105703091629474,71052.0,8577.614872299058,False
AC000569,L01,pl_salaried,salaried,T3,hinglish,1-30,17,10500.0,10500.0,346500.0,15.0,550-649,2,False,insufficient_funds,0.34,2,1,random_contact_point,0.27186140672067055,70686.0,8558.557927955793,False
AC000749,L01,pl_salaried,salaried,T3,hinglish,1-30,17,9650.0,9650.0,250900.0,,300-549,4,False,stop_payment,,0,0,rule_based,0.2552160196681336,75270.0,8555.549410189187,False
AC000658,L03,pl_salaried,salaried,T3,kanglish,1-30,30,5350.0,5350.0,251450.0,1.0,300-549,0,False,insufficient_funds,,2,1,rule_based,0.25441164386375775,75435.0,8547.194059688154,False
AC002117,L02,two_wheeler,self_employed,T1,kanglish,1-30,28,4700.0,4700.0,202100.0,,550-649,2,True,insufficient_funds,,1,1,rule_based,0.3151046499639138,60630.0,8508.157717290442,False
AC000824,L03,pl_salaried,salaried,T3,kanglish,1-30,29,6400.0,6400.0,249600.0,1.0,300-549,3,False,insufficient_funds,,2,0,rule_based,0.25441164386375775,74880.0,8483.654751633181,False
AC002342,L03,pl_salaried,salaried,T2,hinglish,61-90,63,16800.0,50400.0,235200.0,,300-549,2,True,insufficient_funds,0.53,3,3,rule_based,0.25441164386375775,74793.59999999999,8473.763226919757,False
AC001161,L03,pl_salaried,salaried,T3,hinglish,1-30,30,10050.0,10050.0,201000.0,,700-749,2,False,insufficient_funds,,0,0,random_contact_point,0.3151046499639138,60300.0,8461.364676770801,False
AC000898,L02,two_wheeler,self_employed,T3,english,31-60,44,4100.0,8200.0,155800.0,,550-649,0,False,insufficient_funds,0.78,1,1,rule_based,0.26054841385030064,72914.4,8459.979070080863,False
AC000975,L05,msme,self_employed,T1,kanglish,1-30,26,13700.0,13700.0,137000.0,,650-699,2,False,insufficient_funds,0.85,2,1,rule_based,0.27186140672067055,69870.0,8458.730419407964,False
AC000494,L03,pl_salaried,salaried,T1,hinglish,1-30,3,5700.0,5700.0,199500.0,,550-649,3,False,insufficient_funds,0.65,1,0,rule_based,0.24390302679776363,77805.0,8450.59375,False
AC001026,L03,pl_salaried,salaried,T2,hinglish,X,0,17700.0,17700.0,123900.0,10.0,750-900,2,False,insufficient_funds,1.0,2,0,rule_based,0.2552160196681336,74340.0,8448.741505958074,False
AC001790,L06,msme,self_employed,T3,kanglish,31-60,58,32950.0,65900.0,494250.0,,300-549,1,False,insufficient_funds,0.32,2,0,rule_based,0.1996816289890466,94896.0,8438.044539045055,False
AC000113,L06,msme,self_employed,T3,kanglish,61-90,77,27400.0,82200.0,274000.0,,300-549,2,False,insufficient_funds,,4,1,rule_based,0.22964205861030154,82200.0,8405.459747995053,False
AC001782,L03,pl_salaried,salaried,T2,hinglish,31-60,37,12400.0,24800.0,210800.0,7.0,300-549,1,True,insufficient_funds,,1,0,rule_based,0.29845926291137687,63240.0,8404.553703931962,False
AC001407,L01,credit_card,self_employed,T1,english,X,0,11200.0,11200.0,257600.0,,550-649,2,False,insufficient_funds,,1,0,rule_based,0.24390302679776363,77280.0,8392.971659919029,False
AC002254,L01,pl_salaried,salaried,T3,hinglish,90+,169,7250.0,43500.0,246500.0,30.0,300-549,1,False,insufficient_funds,,2,1,rule_based,0.25441164386375775,73950.0,8377.1834786762,False
AC002307,L01,credit_card,salaried,T2,hinglish,1-30,4,9900.0,9900.0,178200.0,10.0,300-549,1,False,insufficient_funds,0.69,2,1,random_contact_point,0.25441164386375775,73774.79999999999,8357.125664673978,False
AC002398,L01,pl_salaried,salaried,T2,hinglish,61-90,84,3650.0,10950.0,131400.0,,550-649,3,True,insufficient_funds,1.0,5,1,rule_based,0.23777550222761615,78840.0,8346.799268031366,False
AC001484,L06,msme,self_employed,T2,hinglish,90+,202,23000.0,161000.0,920000.0,,300-549,1,True,insufficient_funds,0.17,3,2,rule_based,0.1996816289890466,93840.0,8343.15582894946,False
AC001591,L05,msme,self_employed,T2,hinglish,1-30,8,18750.0,18750.0,262500.0,,300-549,4,False,insufficient_funds,,1,0,rule_based,0.23777550222761615,78750.0,8337.169360191147,False
AC002092,L01,pl_salaried,salaried,T2,hinglish,X,0,17350.0,17350.0,347000.0,,550-649,4,False,insufficient_funds,0.33,0,0,rule_based,0.27186140672067055,68706.0,8316.329414567677,False
AC001358,L03,consumer_durable,salaried,T1,kanglish,31-60,46,3950.0,7900.0,150100.0,5.0,550-649,3,False,insufficient_funds,0.85,2,0,rule_based,0.24390302679776363,76551.0,8312.959271978021,False
AC001781,L01,credit_card,salaried,T2,hinglish,61-90,81,5200.0,15600.0,254800.0,,550-649,2,True,insufficient_funds,0.48,0,0,rule_based,0.25441164386375775,73382.4,8312.201656600517,False
AC001047,L03,pl_salaried,salaried,T3,english,X,0,8400.0,8400.0,294000.0,30.0,550-649,3,False,insufficient_funds,,0,0,rule_based,0.21133768159264169,88200.0,8298.99258241195,False
AC000128,L06,two_wheeler,salaried,T1,kanglish,X,0,3000.0,3000.0,135000.0,,750-900,0,False,insufficient_funds,0.73,0,0,rule_based,0.3151046499639138,59130.0,8295.4620785648,False
AC001168,L01,pl_salaried,salaried,T2,hinglish,1-30,11,8300.0,8300.0,298800.0,,300-549,1,True,insufficient_funds,,2,1,rule_based,0.20781507260636115,89640.0,8293.844398795396,False
AC000677,L01,pl_salaried,salaried,T2,hinglish,1-30,10,5050.0,5050.0,217150.0,,550-649,0,False,insufficient_funds,0.56,0,0,random_contact_point,0.2552160196681336,72962.40000000001,8290.527991045406,False
AC000212,L03,pl_salaried,salaried,T2,hinglish,90+,209,10600.0,74200.0,254400.0,,300-549,2,True,insufficient_funds,,6,5,rule_based,0.243912272214159,76320.0,8287.923076923076,False
AC002357,L03,pl_salaried,salaried,T1,kanglish,31-60,58,8150.0,16300.0,260800.0,7.0,550-649,0,True,insufficient_funds,,1,0,random_contact_point,0.23777550222761615,78240.0,8282.59988242991,False
AC001628,L01,pl_salaried,salaried,T3,english,1-30,6,12000.0,12000.0,300000.0,25.0,550-649,1,False,insufficient_funds,0.46,1,0,rule_based,0.2244512142425028,82800.0,8274.052242675654,False
AC002392,L01,pl_salaried,salaried,T2,hinglish,X,0,7150.0,7150.0,243100.0,,550-649,4,False,insufficient_funds,,1,1,rule_based,0.25441164386375775,72930.0,8260.408534142734,False
AC000261,L01,credit_card,salaried,T2,hinglish,90+,450,7050.0,84600.0,148050.0,,300-549,4,True,insufficient_funds,0.82,1,1,rule_based,0.2544208892801531,72840.59999999999,8250.476602464963,False
AC001636,L01,pl_salaried,salaried,T2,hinglish,61-90,74,10600.0,31800.0,137800.0,,550-649,1,False,insufficient_funds,0.71,2,1,rule_based,0.3151046499639138,58702.799999999996,8234.886360655737,False
AC000629,L02,consumer_durable,salaried,T1,english,1-30,24,3500.0,3500.0,143500.0,,550-649,1,True,insufficient_funds,0.88,1,1,rule_based,0.24390302679776363,75768.0,8227.02004048583,False
AC000571,L01,credit_card,salaried,T1,hinglish,X,0,9800.0,9800.0,274400.0,7.0,650-699,4,False,insufficient_funds,,0,0,rule_based,0.2244512142425028,82320.0,8225.570780399274,False
AC001491,L01,credit_card,salaried,T2,hinglish,61-90,66,9150.0,27450.0,137250.0,25.0,300-549,2,True,insufficient_funds,0.86,1,1,rule_based,0.26054841385030064,70821.0,8214.534647781464,False
AC002345,L01,credit_card,salaried,T2,hinglish,X,0,9150.0,9150.0,137250.0,25.0,550-649,3,False,insufficient_funds,0.71,2,1,rule_based,0.3151046499639138,58468.5,8201.663301886792,False
AC000468,L03,consumer_durable,self_employed,T2,hinglish,X,0,3450.0,3450.0,148350.0,,650-699,2,False,insufficient_funds,0.99,1,1,rule_based,0.20781507260636115,88119.9,8151.689537454378,False
AC000389,L01,credit_card,salaried,T1,kanglish,31-60,34,4300.0,8600.0,193500.0,5.0,300-549,5,False,insufficient_funds,0.64,1,1,rule_based,0.24628744566283856,74304.0,8146.0640631392,False
AC001859,L03,pl_salaried,salaried,T3,hinglish,90+,130,4850.0,24250.0,184300.0,30.0,300-549,2,False,technical,0.61,5,2,rule_based,0.27105703091629474,67453.8,8138.722038409704,False
AC001204,L03,pl_salaried,salaried,T3,english,90+,111,14600.0,58400.0,277400.0,,300-549,2,True,stop_payment,,5,2,random_contact_point,0.21913344154430744,83220.0,8117.32825239277,False
AC000663,L06,two_wheeler,daily_wage,T3,english,61-90,77,4500.0,13500.0,193500.0,,300-549,0,True,insufficient_funds,,2,1,rule_based,0.3139273405733648,58050.0,8111.566954127722,False
AC000418,L01,credit_card,salaried,T2,hinglish,90+,405,9250.0,111000.0,425500.0,30.0,300-549,3,True,technical,0.3,6,5,rule_based,0.23777550222761615,76590.0,8106.0515720259045,False
AC002001,L01,credit_card,salaried,T3,kanglish,31-60,34,5000.0,10000.0,185000.0,1.0,550-649,0,False,insufficient_funds,0.69,1,0,rule_based,0.23777550222761615,76589.99999999999,8106.051572025903,False
AC002000,L01,credit_card,self_employed,T2,hinglish,31-60,44,7150.0,14300.0,235950.0,,300-549,1,False,stop_payment,0.54,1,1,rule_based,0.23777550222761615,76447.8,8090.836317638359,False
AC000469,L03,pl_salaried,salaried,T1,kanglish,61-90,73,10350.0,31050.0,238050.0,5.0,300-549,1,False,insufficient_funds,,1,1,random_contact_point,0.25441164386375775,71415.0,8086.9633959386165,False
AC001184,L03,pl_salaried,salaried,T1,kanglish,90+,153,5500.0,33000.0,264000.0,30.0,300-549,0,False,insufficient_funds,0.45,2,1,rule_based,0.25441164386375775,71280.0,8071.507888573893,False
AC002155,L02,consumer_durable,salaried,T1,kanglish,1-30,14,4050.0,4050.0,174150.0,7.0,700-749,0,True,insufficient_funds,0.64,0,0,rule_based,0.27105703091629474,66873.59999999999,8067.951758207767,False
AC000205,L01,pl_salaried,salaried,T3,hinglish,61-90,85,5900.0,17700.0,253700.0,,300-549,1,False,insufficient_funds,,2,1,rule_based,0.23777550222761615,76110.0,8054.692063544739,False
AC000597,L03,pl_salaried,salaried,T2,hinglish,X,0,13550.0,13550.0,135500.0,25.0,700-749,1,True,insufficient_funds,0.67,0,0,rule_based,0.3315159791132011,54471.0,8037.103104223829,False
AC000959,L01,pl_salaried,salaried,T2,hinglish,61-90,64,12450.0,37350.0,236550.0,1.0,300-549,3,True,insufficient_funds,,3,1,rule_based,0.25441164386375775,70965.0,8035.445038056206,False
AC000541,L01,credit_card,salaried,T1,hinglish,1-30,16,8450.0,8450.0,228150.0,,550-649,2,False,insufficient_funds,0.58,0,0,rule_based,0.227266885161622,79396.2,8030.8571804511275,False
AC000200,L06,two_wheeler,self_employed,T1,kanglish,90+,202,4600.0,32200.0,234600.0,,300-549,3,False,mandate_not_registered,,3,1,rule_based,0.2552160196681336,70380.0,7993.94655890946,False
AC001980,L01,pl_salaried,salaried,T1,kanglish,61-90,64,5750.0,17250.0,212750.0,25.0,300-549,1,False,insufficient_funds,0.59,4,1,rule_based,0.23777550222761615,75313.5,7969.467379158806,False
AC001330,L01,pl_salaried,salaried,T1,kanglish,31-60,43,6600.0,13200.0,250800.0,,550-649,1,False,technical,,1,1,rule_based,0.23777550222761615,75240.0,7961.602954422628,False
AC001608,L06,two_wheeler,salaried,T3,kanglish,X,0,3500.0,3500.0,154000.0,,750-900,0,False,insufficient_funds,0.85,0,0,rule_based,0.227266885161622,78540.0,7943.293522267207,False
AC001743,L02,two_wheeler,daily_wage,T3,hinglish,90+,163,4350.0,26100.0,160950.0,,300-549,4,True,insufficient_funds,0.68,1,0,random_contact_point,0.27105703091629474,65667.6,7920.849107529495,False
AC001890,L01,pl_salaried,salaried,T2,hinglish,31-60,31,5550.0,11100.0,233100.0,,300-549,1,False,insufficient_funds,,1,1,rule_based,0.25441164386375775,69930.0,7916.952814926661,False
AC001137,L01,credit_card,salaried,T1,kanglish,X,0,8200.0,8200.0,262400.0,28.0,550-649,0,False,insufficient_funds,,0,0,rule_based,0.2252555900468786,78720.0,7890.454021820627,False
AC000586,L06,two_wheeler,self_employed,T2,hinglish,31-60,55,4050.0,8100.0,137700.0,,550-649,1,False,insufficient_funds,0.89,1,0,rule_based,0.24109660129503982,73531.8,7888.7201801979745,False
AC000670,L03,pl_salaried,salaried,T2,hinglish,1-30,2,7500.0,7500.0,262500.0,,550-649,3,False,insufficient_funds,,0,0,rule_based,0.2244512142425028,78750.0,7864.989904718693,False
AC001089,L01,pl_salaried,salaried,T1,kanglish,1-30,27,4050.0,4050.0,170100.0,10.0,650-699,5,True,insufficient_funds,0.79,1,0,rule_based,0.21913344154430744,80627.4,7861.671840146271,False
AC001979,L01,credit_card,salaried,T3,hinglish,1-30,29,6550.0,6550.0,209600.0,,300-549,3,False,insufficient_funds,0.55,2,1,rule_based,0.25441164386375775,69168.0,7829.715062245778,False
AC000542,L02,two_wheeler,self_employed,T1,english,31-60,37,4550.0,9100.0,163800.0,,550-649,0,True,insufficient_funds,0.66,2,2,random_contact_point,0.2711923777497548,64864.799999999996,7826.877704918033,False
AC001864,L01,pl_salaried,self_employed,T1,kanglish,X,0,17600.0,17600.0,176000.0,,550-649,0,False,insufficient_funds,0.76,0,0,rule_based,0.21913344154430744,80256.0,7825.048068060972,False
AC000835,L03,pl_salaried,salaried,T1,english,X,0,7050.0,7050.0,282000.0,,300-549,2,False,insufficient_funds,,2,1,rule_based,0.20781507260636115,84600.0,7822.519814124169,False
AC001345,L03,pl_salaried,salaried,T2,hinglish,90+,131,6700.0,33500.0,174200.0,,300-549,1,False,technical,0.74,3,2,rule_based,0.227266885161622,77344.8,7821.06030075188,False
AC001948,L03,pl_salaried,salaried,T3,english,X,0,9650.0,9650.0,260550.0,1.0,650-699,2,True,insufficient_funds,,1,0,rule_based,0.2244512142425028,78165.0,7805.903122569354,False
AC000756,L01,pl_salaried,salaried,T2,hinglish,90+,413,6650.0,79800.0,359100.0,5.0,300-549,1,False,insufficient_funds,0.39,1,0,rule_based,0.20781507260636115,84029.4,7769.159137931034,False
AC002015,L01,pl_salaried,salaried,T2,hinglish,1-30,10,12800.0,12800.0,128000.0,5.0,650-699,1,False,insufficient_funds,0.87,0,0,rule_based,0.26135278965467645,66816.0,7769.146597105088,False
AC002200,L01,credit_card,salaried,T1,hinglish,X,0,5950.0,5950.0,279650.0,,650-699,0,True,stop_payment,,0,0,rule_based,0.20781507260636115,83895.0,7756.590482339801,False
AC001946,L01,pl_salaried,salaried,T2,hinglish,31-60,58,4550.0,9100.0,213850.0,1.0,300-549,1,False,technical,,0,0,rule_based,0.27105703091629474,64155.0,7736.348718295701,False
AC000446,L01,credit_card,salaried,T3,kanglish,31-60,52,11450.0,22900.0,274800.0,1.0,300-549,1,False,insufficient_funds,0.47,0,0,rule_based,0.22433645589383297,77493.59999999999,7734.08781030445,False
AC002147,L01,pl_salaried,self_employed,T1,kanglish,90+,577,8700.0,104400.0,243600.0,,300-549,3,False,insufficient_funds,,1,0,random_contact_point,0.23777550222761615,73080.0,7730.485166257385,False
AC002296,L03,pl_salaried,salaried,T2,hinglish,1-30,19,7900.0,7900.0,134300.0,15.0,550-649,0,True,insufficient_funds,0.88,1,1,rule_based,0.24470740260213944,70910.4,7719.534910665436,False
AC001044,L03,pl_salaried,salaried,T1,hinglish,31-60,39,6650.0,13300.0,179550.0,,300-549,4,False,stop_payment,0.9,3,2,rule_based,0.17842683632157316,96957.0,7695.878846153846,False
AC002094,L03,pl_salaried,salaried,T2,hinglish,31-60,45,16150.0,32300.0,242250.0,30.0,300-549,1,False,insufficient_funds,,1,1,random_contact_point,0.2376373626373626,72675.0,7682.632898351647,False
AC001380,L05,msme,self_employed,T3,kanglish,31-60,60,9400.0,18800.0,376000.0,,300-549,3,False,insufficient_funds,0.36,3,2,rule_based,0.21180512757303097,81216.0,7651.884358437077,False
AC000345,L01,credit_card,salaried,T2,hinglish,31-60,34,5850.0,11700.0,181350.0,,550-649,1,False,insufficient_funds,0.72,2,2,random_contact_point,0.21913344154430744,78343.2,7636.426766917294,False
AC001279,L03,pl_salaried,salaried,T2,hinglish,31-60,31,7850.0,15700.0,266900.0,,550-649,3,False,insufficient_funds,0.42,0,0,rule_based,0.2552160196681336,67258.8,7635.48545064478,False
AC002141,L02,two_wheeler,salaried,T2,hinglish,61-90,61,3250.0,9750.0,149500.0,10.0,300-549,1,False,insufficient_funds,0.92,5,1,rule_based,0.20781507260636115,82524.0,7628.378973295306,False
AC000621,L03,pl_salaried,salaried,T1,hinglish,31-60,52,7500.0,15000.0,240000.0,,300-549,2,False,insufficient_funds,0.5,1,1,rule_based,0.23777550222761615,72000.0,7614.926272174763,False
AC000954,L06,two_wheeler,daily_wage,T3,kanglish,X,0,4550.0,4550.0,195650.0,,700-749,1,False,insufficient_funds,0.41,0,0,rule_based,0.3550580191056832,48129.9,7601.00812918958,False
AC000624,L03,consumer_durable,self_employed,T3,english,1-30,28,3950.0,3950.0,189600.0,,550-649,1,False,insufficient_funds,0.59,0,0,rule_based,0.2544208892801531,67118.4,7595.345356777462,False
AC000760,L01,credit_card,salaried,T2,hinglish,31-60,53,11500.0,23000.0,207000.0,7.0,550-649,2,False,insufficient_funds,0.54,0,0,rule_based,0.25441164386375775,67068.0,7589.296058794527,False
AC000656,L03,pl_salaried,salaried,T2,hinglish,90+,265,4850.0,43650.0,223100.0,,300-549,1,False,insufficient_funds,,1,0,rule_based,0.25441164386375775,66930.0,7573.497095710588,False
AC001791,L02,two_wheeler,self_employed,T1,hinglish,X,0,4350.0,4350.0,200100.0,,700-749,1,False,insufficient_funds,0.45,0,0,rule_based,0.3151046499639138,54027.0,7571.871515620167,False
AC002370,L03,pl_salaried,salaried,T1,hinglish,31-60,57,8350.0,16700.0,233800.0,5.0,300-549,1,False,insufficient_funds,,2,1,rule_based,0.2423798443192404,70140.0,7561.235026248184,False
AC000820,L02,two_wheeler,daily_wage,T2,hinglish,61-90,87,4700.0,14100.0,141000.0,,300-549,0,True,mandate_not_registered,0.94,3,3,rule_based,0.21286777738390641,79524.0,7528.643707904998,False
AC001496,L01,credit_card,self_employed,T2,hinglish,X,0,8550.0,8550.0,230850.0,,750-900,2,False,insufficient_funds,,1,0,rule_based,0.24390302679776363,69255.0,7512.176854395604,False
AC001971,L03,pl_salaried,salaried,T1,kanglish,1-30,4,9100.0,9100.0,227500.0,1.0,650-699,3,False,insufficient_funds,0.61,1,1,rule_based,0.20154940844596017,83265.0,7462.9051724137935,False
AC001270,L02,consumer_durable,daily_wage,T2,hinglish,1-30,18,3950.0,3950.0,122450.0,,700-749,1,False,insufficient_funds,0.8,0,0,rule_based,0.28514422034265885,58776.0,7452.836512687053,False
AC001230,L06,two_wheeler,salaried,T3,english,X,0,3100.0,3100.0,124000.0,25.0,750-900,1,False,insufficient_funds,1.0,0,0,rule_based,0.2252555900468786,74400.0,7452.557154769495,False
AC001583,L01,credit_card,self_employed,T3,english,31-60,59,9700.0,19400.0,135800.0,,300-549,3,False,insufficient_funds,0.84,1,0,rule_based,0.24390302679776363,68443.2,7423.076639676113,False
AC001560,L01,credit_card,salaried,T1,hinglish,X,0,10600.0,10600.0,265000.0,7.0,550-649,2,False,insufficient_funds,0.43,0,0,rule_based,0.24390302679776363,68370.0,7415.042473973395,False
AC000156,L03,pl_salaried,salaried,T1,hinglish,X,0,9650.0,9650.0,154400.0,10.0,700-749,0,False,insufficient_funds,0.82,0,0,random_contact_point,0.21913344154430744,75964.79999999999,7401.8926271012515,False
AC000753,L03,pl_salaried,salaried,T3,hinglish,X,0,9500.0,9500.0,247000.0,,650-699,2,False,insufficient_funds,,0,0,rule_based,0.2244512142425028,74100.0,7395.325738916255,False
AC000290,L06,two_wheeler,salaried,T2,english,61-90,66,4250.0,12750.0,157250.0,,550-649,1,False,insufficient_funds,0.65,0,0,rule_based,0.2711923777497548,61327.5,7395.19774590164,False
AC001547,L03,pl_salaried,salaried,T3,english,X,0,13350.0,13350.0,226950.0,,550-649,2,False,insufficient_funds,,1,0,rule_based,0.24390302679776363,68085.0,7383.761910786582,False
AC001285,L01,credit_card,self_employed,T3,english,1-30,20,4100.0,4100.0,172200.0,,650-699,3,False,insufficient_funds,0.63,0,0,rule_based,0.25441164386375775,65091.6,7363.027430974978,False
AC001733,L02,two_wheeler,salaried,T1,kanglish,61-90,65,4800.0,14400.0,187200.0,,300-549,3,False,insufficient_funds,0.54,2,1,rule_based,0.27186140672067055,60652.799999999996,7331.119988296369,False
AC000031,L02,two_wheeler,daily_wage,T3,english,1-30,11,4750.0,4750.0,142500.0,,550-649,1,False,insufficient_funds,0.74,1,1,rule_based,0.26054841385030064,63270.0,7329.204164938835,False
AC001435,L01,credit_card,salaried,T2,hinglish,61-90,85,8750.0,26250.0,288750.0,,300-549,1,False,insufficient_funds,0.4,0,0,rule_based,0.23777550222761615,69300.0,7326.029036968209,False
AC000206,L03,pl_salaried,salaried,T1,english,X,0,8150.0,8150.0,244500.0,25.0,700-749,4,False,insufficient_funds,,0,0,rule_based,0.2244512142425028,73350.0,7319.573454109411,False
AC002265,L03,pl_salaried,self_employed,T1,kanglish,X,0,6750.0,6750.0,168750.0,,550-649,2,True,insufficient_funds,0.86,0,0,rule_based,0.18905825357438263,87075.0,7319.011343495215,False
AC001090,L03,pl_salaried,salaried,T1,hinglish,31-60,47,7750.0,15500.0,201500.0,,550-649,2,False,insufficient_funds,,0,0,rule_based,0.27186140672067055,60450.0,7306.309916319041,False
AC001049,L02,consumer_durable,salaried,T1,english,90+,279,3950.0,39500.0,201450.0,1.0,300-549,3,False,insufficient_funds,,5,1,rule_based,0.27186140672067055,60435.0,7304.4748518236765,False
AC001970,L01,pl_salaried,salaried,T3,hinglish,61-90,86,9100.0,27300.0,336700.0,10.0,300-549,0,False,technical,0.34,0,0,rule_based,0.23777550222761615,68686.8,7260.417264883521,False
AC000222,L01,credit_card,salaried,T1,kanglish,1-30,10,10550.0,10550.0,232100.0,7.0,550-649,2,True,insufficient_funds,0.48,1,0,rule_based,0.24390302679776363,66844.8,7247.642070561018,False
AC001893,L02,two_wheeler,self_employed,T3,english,1-30,21,2950.0,2950.0,123900.0,,550-649,2,False,mandate_not_registered,0.72,1,0,rule_based,0.3045960328979197,53524.799999999996,7247.548783744557,False
AC000688,L03,pl_salaried,salaried,T2,hinglish,1-30,7,13950.0,13950.0,167400.0,1.0,650-699,6,False,insufficient_funds,0.7,0,0,rule_based,0.22964205861030154,70307.99999999999,7176.553235547885,False
AC001275,L01,pl_salaried,salaried,T2,hinglish,1-30,15,12550.0,12550.0,125500.0,,650-699,0,False,insufficient_funds,0.82,1,0,rule_based,0.26135278965467645,61746.0,7172.870207507944,False
AC001125,L06,two_wheeler,daily_wage,T1,kanglish,61-90,74,3950.0,11850.0,197500.0,,300-549,3,True,insufficient_funds,,2,1,rule_based,0.27186140672067055,59250.0,7159.504756689879,False
AC000416,L03,pl_salaried,salaried,T3,hinglish,31-60,32,7150.0,14300.0,300300.0,1.0,300-549,0,False,technical,0.35,1,0,rule_based,0.2552160196681336,63063.0,7153.60953174918,False
AC002078,L03,pl_salaried,salaried,T1,english,61-90,87,7900.0,23700.0,197500.0,10.0,550-649,3,False,technical,,3,1,rule_based,0.27105703091629474,59250.0,7138.058086805709,False
AC000393,L06,two_wheeler,self_employed,T2,english,1-30,16,3200.0,3200.0,124800.0,,550-649,2,False,insufficient_funds,0.87,0,0,rule_based,0.24627661106789964,65145.6,7130.726917293233,False
AC001838,L03,consumer_durable,self_employed,T2,hinglish,X,0,2350.0,2350.0,112800.0,,550-649,1,False,insufficient_funds,0.97,1,1,rule_based,0.24390302679776363,65649.59999999999,7116.461266628108,False
AC001563,L03,consumer_durable,daily_wage,T2,hinglish,1-30,22,4000.0,4000.0,144000.0,,700-749,5,True,insufficient_funds,0.89,1,0,rule_based,0.20781507260636115,76896.0,7102.066520412436,False
AC000745,L05,msme,self_employed,T2,hinglish,61-90,80,21600.0,64800.0,259200.0,,300-549,2,False,insufficient_funds,0.43,1,1,rule_based,0.23777550222761615,66873.59999999999,7066.4067215959185,False
AC000455,L01,pl_salaried,salaried,T1,kanglish,31-60,53,5050.0,10100.0,217150.0,,550-649,0,False,insufficient_funds,,1,1,rule_based,0.24390302679776363,65145.0,7061.078206333141,False
AC000474,L01,credit_card,self_employed,T3,kanglish,90+,123,4800.0,24000.0,249600.0,,300-549,3,True,insufficient_funds,0.39,6,2,random_contact_point,0.27105703091629474,58406.4,7035.159416729265,False
AC000896,L03,consumer_durable,self_employed,T2,hinglish,1-30,20,3900.0,3900.0,117000.0,,550-649,0,False,insufficient_funds,0.74,1,0,rule_based,0.3045960328979197,51948.0,7031.41962264151,False
AC002123,L01,credit_card,self_employed,T3,hinglish,90+,137,4350.0,21750.0,156600.0,,300-549,1,True,technical,0.75,5,5,rule_based,0.22446045965889816,70470.0,7028.977866473149,False
AC001747,L03,pl_salaried,salaried,T2,english,31-60,47,7550.0,15100.0,135900.0,10.0,300-549,0,True,technical,0.76,0,0,rule_based,0.2552160196681336,61970.399999999994,7028.127471358948,False
AC001651,L03,pl_salaried,salaried,T2,hinglish,90+,233,16750.0,134000.0,368500.0,5.0,300-549,0,False,insufficient_funds,0.3,2,2,rule_based,0.23777550222761615,66330.0,7008.242078241,False
AC000939,L01,credit_card,salaried,T3,english,31-60,54,11850.0,23700.0,177750.0,15.0,550-649,1,False,insufficient_funds,0.64,1,0,rule_based,0.22964205861030154,68256.0,6964.501758627134,False
AC000547,L03,pl_salaried,salaried,T3,kanglish,90+,118,17100.0,68400.0,598500.0,,300-549,2,False,insufficient_funds,0.21,4,2,rule_based,0.20781507260636115,75411.0,6963.194098143235,False
AC002288,L06,two_wheeler,daily_wage,T2,hinglish,31-60,48,4000.0,8000.0,92000.0,,300-549,0,False,technical,0.69,3,1,rule_based,0.4102564102564102,38087.99999999999,6942.630769230767,False
AC000582,L06,two_wheeler,salaried,T2,hinglish,31-60,33,2900.0,5800.0,116000.0,15.0,550-649,2,False,insufficient_funds,1.0,2,0,rule_based,0.2244512142425028,69600.0,6940.812030075188,False
AC000776,L06,two_wheeler,salaried,T3,english,1-30,2,4350.0,4350.0,204450.0,5.0,300-549,5,False,insufficient_funds,,0,0,rule_based,0.25441164386375775,61335.0,6932.952179372612,False
AC000588,L03,pl_salaried,salaried,T2,hinglish,X,0,7100.0,7100.0,198800.0,,650-699,1,False,insufficient_funds,,0,0,rule_based,0.26135278965467645,59640.0,6925.186168752207,False
AC002261,L01,credit_card,salaried,T2,hinglish,31-60,50,9400.0,18800.0,206800.0,28.0,300-549,2,False,insufficient_funds,0.57,0,0,random_contact_point,0.21913344154430744,70725.59999999999,6885.254859978731,False
AC000243,L06,two_wheeler,salaried,T3,kanglish,1-30,26,4050.0,4050.0,133650.0,,550-649,3,False,insufficient_funds,0.8,2,2,rule_based,0.24109660129503982,64152.0,6871.073124825728,False
AC001765,L03,pl_salaried,salaried,T1,english,X,0,14000.0,14000.0,112000.0,,750-900,3,False,insufficient_funds,0.73,1,1,rule_based,0.3151046499639138,49056.0,6866.99816888339,False
AC000811,L03,pl_salaried,salaried,T1,kanglish,X,0,4650.0,4650.0,139500.0,,700-749,3,False,insufficient_funds,0.68,1,0,rule_based,0.27105703091629474,56916.0,6853.366887234324,False
AC000131,L01,pl_salaried,salaried,T2,hinglish,61-90,77,9000.0,27000.0,234000.0,10.0,300-549,1,False,mandate_not_registered,,2,1,rule_based,0.21913344154430744,70200.0,6833.425418384672,False
AC001368,L01,pl_salaried,salaried,T1,english,61-90,62,9350.0,28050.0,149600.0,7.0,300-549,4,False,insufficient_funds,0.63,2,1,rule_based,0.27105703091629474,56548.799999999996,6808.577423445716,False
AC000696,L05,msme,self_employed,T2,hinglish,X,0,15750.0,15750.0,189000.0,,650-699,2,False,insufficient_funds,0.53,0,0,rule_based,0.2544208892801531,60102.0,6792.041929382093,False
AC000399,L01,credit_card,salaried,T2,hinglish,1-30,6,3550.0,3550.0,138450.0,,550-649,0,True,insufficient_funds,0.76,0,0,rule_based,0.24109660129503982,63133.2,6760.539976996004,False
AC000976,L06,two_wheeler,salaried,T3,english,90+,272,4450.0,44500.0,186900.0,5.0,300-549,2,False,insufficient_funds,,2,1,rule_based,0.27105703091629474,56070.0,6750.175475564491,False
AC001722,L02,consumer_durable,daily_wage,T3,kanglish,1-30,17,3450.0,3450.0,120750.0,,550-649,1,False,insufficient_funds,0.93,1,0,rule_based,0.2252555900468786,67378.5,6740.822698288124,False
AC000428,L05,msme,self_employed,T1,english,31-60,33,17850.0,35700.0,267750.0,,300-549,2,False,insufficient_funds,0.37,0,0,rule_based,0.2552160196681336,59440.5,6737.575517687664,False
AC001129,L03,pl_salaried,salaried,T3,hinglish,90+,205,7600.0,53200.0,129200.0,1.0,300-549,0,True,stop_payment,0.86,5,2,rule_based,0.227266885161622,66667.2,6729.061098901098,False
AC001171,L01,credit_card,self_employed,T3,kanglish,1-30,21,4250.0,4250.0,178500.0,,550-649,0,True,insufficient_funds,0.52,1,1,rule_based,0.27186140672067055,55692.0,6724.227458389413,False
AC000724,L01,credit_card,salaried,T2,hinglish,X,0,8800.0,8800.0,281600.0,,550-649,2,False,insufficient_funds,0.41,0,0,rule_based,0.2181855500821018,69273.59999999999,6712.524334975369,False
AC000501,L06,two_wheeler,salaried,T3,kanglish,90+,169,3600.0,21600.0,162000.0,10.0,300-549,0,False,insufficient_funds,0.61,3,0,random_contact_point,0.25441164386375775,59292.0,6699.058834586466,False
AC000489,L01,credit_card,salaried,T1,hinglish,61-90,64,6800.0,20400.0,244800.0,,300-549,0,True,mandate_not_registered,0.51,1,0,rule_based,0.2012965105070368,74908.8,6696.496020821283,False
AC001112,L01,pl_salaried,self_employed,T1,kanglish,61-90,73,16700.0,50100.0,217100.0,,300-549,4,False,insufficient_funds,,0,0,rule_based,0.23150983806721515,65130.0,6696.206088992975,False
AC002186,L01,credit_card,self_employed,T3,kanglish,1-30,2,8500.0,8500.0,110500.0,,550-649,1,False,insufficient_funds,1.0,1,1,rule_based,0.227266885161622,66300.0,6691.507518796992,False
AC000878,L02,consumer_durable,salaried,T2,hinglish,90+,112,4000.0,16000.0,164000.0,30.0,300-549,4,False,insufficient_funds,0.64,3,3,rule_based,0.23777550222761615,62976.0,6649.367512728859,False
AC000694,L06,two_wheeler,salaried,T3,hinglish,1-30,22,4400.0,4400.0,158400.0,,650-699,0,True,insufficient_funds,,1,0,rule_based,0.3151046499639138,47520.0,6649.197834828333,False
AC001347,L03,pl_salaried,salaried,T3,english,1-30,2,6450.0,6450.0,219300.0,7.0,300-549,4,True,stop_payment,,2,1,rule_based,0.227266885161622,65790.0,6639.349768652401,False
AC002294,L01,pl_salaried,salaried,T1,kanglish,31-60,53,9100.0,18200.0,245700.0,5.0,300-549,0,False,insufficient_funds,0.54,1,1,rule_based,0.18703554231957473,79606.8,6611.185454646665,False
AC000921,L01,credit_card,salaried,T2,hinglish,X,0,6000.0,6000.0,162000.0,,550-649,3,False,insufficient_funds,0.73,0,0,rule_based,0.20965923761598826,70956.0,6605.461388926029,False
AC001616,L01,credit_card,salaried,T3,kanglish,1-30,21,6800.0,6800.0,251600.0,1.0,300-549,1,False,insufficient_funds,0.41,1,0,rule_based,0.24009812758563634,61893.6,6598.241861290454,False
AC001629,L01,credit_card,salaried,T3,english,90+,198,9800.0,68600.0,215600.0,,300-549,5,False,insufficient_funds,,0,0,rule_based,0.22964205861030154,64680.0,6594.9617579114365,False
AC000043,L01,credit_card,salaried,T1,kanglish,1-30,11,10200.0,10200.0,275400.0,,550-649,2,True,insufficient_funds,0.4,1,0,rule_based,0.2244512142425028,66096.0,6586.89735545761,False
AC000728,L03,pl_salaried,salaried,T1,english,1-30,27,14650.0,14650.0,190450.0,,550-649,3,True,insufficient_funds,0.51,1,0,rule_based,0.25441164386375775,58277.7,6582.936455919511,False
AC000950,L02,two_wheeler,self_employed,T2,hinglish,1-30,19,3100.0,3100.0,96100.0,,550-649,0,False,insufficient_funds,0.86,1,0,rule_based,0.29845926291137687,49587.6,6570.945345494886,False
AC001229,L05,msme,self_employed,T2,hinglish,1-30,19,12000.0,12000.0,432000.0,,300-549,1,False,insufficient_funds,0.24,1,1,rule_based,0.23777550222761615,62208.0,6567.192299158995,False
AC000017,L03,pl_salaried,salaried,T1,kanglish,31-60,57,7100.0,14200.0,340800.0,,300-549,5,False,insufficient_funds,0.33,1,0,rule_based,0.21913344154430744,67478.4,6565.048309856527,False
AC000270,L06,two_wheeler,salaried,T1,kanglish,1-30,11,3150.0,3150.0,129150.0,30.0,750-900,1,False,insufficient_funds,0.73,2,0,rule_based,0.26135278965467645,56567.7,6563.856789706979,False
AC001885,L01,credit_card,self_employed,T2,hinglish,X,0,9150.0,9150.0,201300.0,,650-699,1,False,mandate_not_registered,,0,0,rule_based,0.24470740260213944,60390.0,6561.04601941444,False
AC000823,L03,consumer_durable,self_employed,T2,hinglish,31-60,49,4150.0,8300.0,132800.0,,300-549,0,False,insufficient_funds,0.67,0,0,rule_based,0.2759846727034145,53385.6,6541.123304383932,False
AC001624,L06,two_wheeler,salaried,T3,hinglish,X,0,3800.0,3800.0,174800.0,,550-649,0,False,stop_payment,0.55,1,0,rule_based,0.2552160196681336,57684.00000000001,6535.84639534148,False
AC000350,L06,two_wheeler,salaried,T1,kanglish,1-30,25,4700.0,4700.0,192700.0,,300-549,2,False,insufficient_funds,,0,0,rule_based,0.2544208892801531,57810.0,6529.632224178543,False
AC000957,L06,two_wheeler,self_employed,T1,kanglish,31-60,46,3300.0,6600.0,151800.0,,300-549,5,True,insufficient_funds,0.78,2,2,rule_based,0.20693514792850234,71042.4,6526.526298938125,False
AC001883,L03,pl_salaried,salaried,T1,kanglish,X,0,5600.0,5600.0,190400.0,10.0,300-549,1,False,insufficient_funds,0.56,1,1,rule_based,0.22964205861030154,63974.40000000001,6522.045811461495,False
AC000207,L03,pl_salaried,salaried,T1,kanglish,31-60,55,11850.0,23700.0,331800.0,10.0,550-649,2,False,insufficient_funds,0.29,0,0,rule_based,0.2544208892801531,57733.2,6520.839438245021,False
AC002188,L06,two_wheeler,salaried,T1,kanglish,1-30,12,4000.0,4000.0,192000.0,,300-549,1,False,insufficient_funds,0.5,3,3,rule_based,0.2544208892801531,57600.0,6505.589450141569,False
AC000186,L01,credit_card,salaried,T1,hinglish,61-90,67,4450.0,13350.0,191350.0,30.0,300-549,3,False,insufficient_funds,,1,1,rule_based,0.2544208892801531,57405.0,6483.264017107235,False
AC001104,L01,pl_salaried,salaried,T3,english,1-30,22,10000.0,10000.0,270000.0,10.0,550-649,2,False,insufficient_funds,0.4,0,0,rule_based,0.2252555900468786,64800.0,6479.45300576698,False
AC000641,L06,two_wheeler,salaried,T3,english,61-90,77,4200.0,12600.0,92400.0,,300-549,1,False,insufficient_funds,1.0,1,0,rule_based,0.26292199812043665,55440.0,6470.378009108654,False
AC001274,L01,credit_card,salaried,T1,kanglish,31-60,42,8700.0,17400.0,121800.0,,550-649,2,False,insufficient_funds,0.69,2,1,rule_based,0.28863289519027224,50425.2,6460.467159946832,False
AC000197,L01,pl_salaried,salaried,T3,english,61-90,64,6700.0,20100.0,221100.0,10.0,300-549,2,False,insufficient_funds,,1,1,random_contact_point,0.21913344154430744,66330.0,6451.804529935261,False
AC000591,L02,consumer_durable,salaried,T3,english,1-30,12,4000.0,4000.0,164000.0,1.0,700-749,2,False,insufficient_funds,0.62,1,0,rule_based,0.2376373626373626,61008.0,6435.001098901098,False
AC001130,L01,credit_card,self_employed,T3,hinglish,61-90,78,10600.0,31800.0,201400.0,,300-549,0,False,insufficient_funds,0.47,2,0,random_contact_point,0.2552160196681336,56794.799999999996,6433.724257231472,False
AC001385,L03,pl_salaried,salaried,T1,kanglish,61-90,85,7100.0,21300.0,269800.0,,300-549,1,True,insufficient_funds,0.43,1,0,rule_based,0.20770031425769134,69608.4,6416.958949738786,False
AC001813,L03,consumer_durable,salaried,T2,hinglish,90+,196,3350.0,23450.0,147400.0,28.0,300-549,1,True,insufficient_funds,0.64,4,2,rule_based,0.2544208892801531,56601.6,6391.283233005782,False
AC000024,L01,credit_card,salaried,T3,kanglish,31-60,32,6200.0,12400.0,272800.0,1.0,300-549,3,False,insufficient_funds,0.38,4,2,rule_based,0.22964205861030154,62198.399999999994,6338.515878220141,False
AC000673,L03,pl_salaried,salaried,T1,kanglish,61-90,71,5050.0,15150.0,247450.0,1.0,300-549,3,False,insufficient_funds,0.34,3,2,rule_based,0.28267451517119996,50479.799999999996,6332.2088459226115,False
AC000552,L01,pl_salaried,salaried,T2,hinglish,31-60,58,9400.0,18800.0,131600.0,,550-649,5,True,insufficient_funds,0.76,2,0,rule_based,0.23777550222761615,60009.6,6331.965750315258,False
AC000614,L02,consumer_durable,salaried,T2,english,90+,194,2450.0,17150.0,132300.0,25.0,300-549,0,False,stop_payment,0.9,4,4,rule_based,0.1996816289890466,71442.0,6330.54472220596,False
AC001419,L01,credit_card,salaried,T1,kanglish,X,0,2300.0,2300.0,98900.0,,650-699,3,False,insufficient_funds,0.98,0,0,rule_based,0.24390302679776363,58153.2,6293.6836740890685,False
AC001800,L03,pl_salaried,salaried,T2,hinglish,X,0,3050.0,3050.0,118950.0,,700-749,0,False,insufficient_funds,0.63,0,0,rule_based,0.3151046499639138,44963.1,6286.636849056604,False
AC001433,L06,two_wheeler,salaried,T1,kanglish,1-30,20,4700.0,4700.0,84600.0,15.0,300-549,0,True,insufficient_funds,0.63,1,0,rule_based,0.4429872495446266,31978.8,6285.790295081967,False
AC000218,L01,pl_salaried,salaried,T2,hinglish,31-60,44,5250.0,10500.0,136500.0,,300-549,3,True,insufficient_funds,0.83,0,0,rule_based,0.20781507260636115,67977.0,6267.990335753176,False
AC001845,L06,mfi_jlg,self_employed,T1,english,90+,107,2150.0,8600.0,109650.0,,300-549,2,False,stop_payment,1.0,3,3,rule_based,0.21459899749373434,65790.0,6264.310620300752,False
AC001769,L02,two_wheeler,daily_wage,T2,hinglish,31-60,32,2400.0,4800.0,108000.0,,550-649,2,False,insufficient_funds,1.0,1,1,rule_based,0.2176261875175897,64800.0,6256.979628012916,False
AC001417,L02,two_wheeler,daily_wage,T2,hinglish,1-30,15,4100.0,4100.0,184500.0,,300-549,1,False,insufficient_funds,,2,1,rule_based,0.25441164386375775,55350.0,6247.758019536546,False
AC000179,L02,two_wheeler,self_employed,T2,hinglish,61-90,71,3450.0,10350.0,158700.0,,300-549,1,True,insufficient_funds,0.58,2,0,rule_based,0.25441164386375775,55227.6,6233.7450261925305,False
AC000810,L02,two_wheeler,salaried,T1,english,90+,133,3400.0,17000.0,139400.0,10.0,300-549,2,False,insufficient_funds,0.66,2,2,rule_based,0.25441164386375775,55202.4,6230.859998151115,False
AC001674,L03,pl_salaried,salaried,T2,hinglish,1-30,27,10500.0,10500.0,136500.0,,550-649,0,False,insufficient_funds,0.63,0,0,rule_based,0.27186140672067055,51597.0,6223.254851154898,False
AC002146,L02,two_wheeler,daily_wage,T2,hinglish,31-60,57,3700.0,7400.0,140600.0,,300-549,1,True,insufficient_funds,0.68,1,1,rule_based,0.243912272214159,57364.799999999996,6207.390420899855,False
AC001379,L01,pl_salaried,salaried,T2,hinglish,31-60,38,15250.0,30500.0,183000.0,7.0,550-649,0,False,insufficient_funds,,3,1,rule_based,0.25441164386375775,54900.0,6196.2396616541355,False
AC000604,L02,two_wheeler,salaried,T1,hinglish,90+,314,4050.0,44550.0,97200.0,7.0,300-549,2,True,technical,0.72,1,1,rule_based,0.3318761384335155,41990.4,6182.02531147541,False
AC000613,L03,pl_salaried,salaried,T1,english,X,0,16650.0,16650.0,233100.0,,650-699,3,False,insufficient_funds,0.39,0,0,rule_based,0.25441164386375775,54545.4,6155.643195642795,False
AC001655,L02,two_wheeler,self_employed,T2,english,1-30,5,4500.0,4500.0,90000.0,,650-699,0,False,insufficient_funds,0.67,4,1,rule_based,0.3823034888608659,36180.0,6135.283102143759,False
AC001717,L02,two_wheeler,salaried,T2,hinglish,31-60,46,4050.0,8100.0,194400.0,30.0,550-649,5,False,insufficient_funds,0.54,2,1,rule_based,0.21913344154430744,62985.6,6122.013083079909,False
AC000985,L01,credit_card,salaried,T3,hinglish,X,0,9300.0,9300.0,297600.0,1.0,550-649,2,False,insufficient_funds,0.36,1,1,rule_based,0.21459899749373434,64281.6,6118.6451127819555,False
AC000153,L03,consumer_durable,salaried,T2,english,1-30,17,3950.0,3950.0,154050.0,25.0,650-699,2,False,insufficient_funds,,1,0,rule_based,0.29845926291137687,46215.0,6117.982675952177,False
AC001581,L06,two_wheeler,salaried,T1,hinglish,1-30,14,4100.0,4100.0,118900.0,5.0,300-549,1,False,insufficient_funds,0.71,0,0,rule_based,0.27186140672067055,50651.4,6107.572385367118,False
AC000427,L03,consumer_durable,self_employed,T2,hinglish,31-60,38,4100.0,8200.0,180400.0,,300-549,1,False,insufficient_funds,0.5,2,2,rule_based,0.2544208892801531,54120.0,6107.166337528849,False
AC002029,L01,pl_salaried,salaried,T2,hinglish,1-30,13,6850.0,6850.0,116450.0,25.0,550-649,0,False,insufficient_funds,0.87,1,1,rule_based,0.2244512142425028,60786.899999999994,6050.662081766916,False
AC001613,L01,credit_card,salaried,T1,kanglish,1-30,19,10150.0,10150.0,131950.0,10.0,300-549,2,True,insufficient_funds,0.61,0,0,rule_based,0.28237381067569745,48293.7,6047.594245283019,False
AC001706,L03,pl_salaried,self_employed,T1,english,1-30,15,10250.0,10250.0,184500.0,,300-549,1,True,insufficient_funds,0.5,0,0,rule_based,0.24628744566283856,55350.0,6045.4045528471515,False
AC000648,L01,credit_card,salaried,T2,hinglish,1-30,22,10600.0,10600.0,106000.0,,650-699,3,False,insufficient_funds,0.95,0,0,rule_based,0.2252555900468786,60420.0,6035.474237784582,False
AC001303,L06,two_wheeler,salaried,T2,hinglish,31-60,46,2950.0,5900.0,141600.0,7.0,550-649,1,False,insufficient_funds,0.77,1,0,rule_based,0.20781507260636115,65419.2,6028.793109032527,False
AC001744,L03,pl_salaried,salaried,T3,hinglish,1-30,19,11850.0,11850.0,177750.0,,550-649,1,False,insufficient_funds,,0,0,rule_based,0.25441164386375775,53325.0,6015.925409065697,False
AC002051,L03,pl_salaried,salaried,T3,hinglish,X,0,5900.0,5900.0,112100.0,,700-749,0,False,insufficient_funds,0.92,0,0,rule_based,0.21913344154430744,61879.2,6012.910925203829,False
AC001081,L06,two_wheeler,self_employed,T3,english,61-90,77,3950.0,11850.0,193550.0,,300-549,4,False,insufficient_funds,0.43,3,1,rule_based,0.27105703091629474,49935.9,6001.964555559852,False
AC002077,L01,credit_card,salaried,T3,kanglish,1-30,1,8800.0,8800.0,413600.0,,300-549,1,False,insufficient_funds,0.33,1,1,rule_based,0.16520855631563436,81892.8,5999.226067290241,False
AC001178,L03,pl_salaried,salaried,T1,kanglish,1-30,2,12250.0,12250.0,477750.0,10.0,300-549,2,True,insufficient_funds,0.21,0,0,random_contact_point,0.2244512142425028,60196.5,5991.029883166969,False
AC001058,L01,pl_salaried,salaried,T1,kanglish,1-30,26,5400.0,5400.0,102600.0,30.0,650-699,3,True,stop_payment,1.0,2,1,rule_based,0.21913344154430744,61560.0,5981.4345976604045,False
AC000917,L02,two_wheeler,daily_wage,T3,kanglish,1-30,16,2850.0,2850.0,125400.0,,550-649,0,False,insufficient_funds,0.74,3,2,rule_based,0.2419009770994156,55677.6,5971.80962914769,False
AC002395,L02,two_wheeler,daily_wage,T1,kanglish,1-30,7,4600.0,4600.0,188600.0,,550-649,0,False,insufficient_funds,,1,0,rule_based,0.23777550222761615,56580.0,5965.002062217334,False
AC000739,L02,two_wheeler,self_employed,T2,hinglish,90+,143,4650.0,23250.0,102300.0,,300-549,3,True,insufficient_funds,0.91,6,2,rule_based,0.2406871449090616,55855.799999999996,5960.697862875202,False
AC001021,L01,pl_salaried,salaried,T3,english,X,0,6550.0,6550.0,176850.0,5.0,700-749,1,False,insufficient_funds,0.67,0,0,rule_based,0.18893545338756731,71093.7,5955.4541991248625,False
AC001728,L06,two_wheeler,self_employed,T3,kanglish,61-90,75,4150.0,12450.0,128650.0,,300-549,1,False,technical,0.64,3,2,rule_based,0.27186140672067055,49401.6,5954.674811613346,False
AC000037,L03,pl_salaried,salaried,T3,hinglish,1-30,3,3500.0,3500.0,157500.0,5.0,550-649,1,True,insufficient_funds,0.58,1,0,rule_based,0.24390302679776363,54810.0,5926.746204453441,False
AC001248,L01,credit_card,salaried,T1,kanglish,90+,168,4850.0,29100.0,213400.0,,300-549,3,False,insufficient_funds,0.33,3,1,rule_based,0.3151046499639138,42253.2,5902.380908134859,False
AC000699,L06,two_wheeler,daily_wage,T2,hinglish,1-30,24,3950.0,3950.0,173800.0,,550-649,0,False,insufficient_funds,,2,2,rule_based,0.2552160196681336,52140.0,5899.13346947342,False
AC000268,L02,two_wheeler,self_employed,T2,hinglish,1-30,16,4550.0,4550.0,127400.0,,550-649,2,True,stop_payment,0.64,1,0,rule_based,0.27186140672067055,48921.6,5895.95274776168,False
AC002020,L01,credit_card,salaried,T3,hinglish,90+,317,8450.0,92950.0,245050.0,,300-549,0,False,mandate_not_registered,0.38,3,1,rule_based,0.23777550222761615,55871.4,5889.182587822014,False
AC001892,L03,consumer_durable,salaried,T1,english,31-60,35,3900.0,7800.0,148200.0,,300-549,3,False,insufficient_funds,,1,1,random_contact_point,0.29845926291137687,44460.0,5882.274473067917,False
AC001086,L03,pl_salaried,salaried,T1,kanglish,90+,180,12300.0,73800.0,159900.0,,300-549,4,True,insufficient_funds,0.51,2,0,rule_based,0.27105703091629474,48929.4,5879.196049832089,False
AC002226,L01,credit_card,self_employed,T3,english,1-30,6,2350.0,2350.0,98700.0,,300-549,0,False,insufficient_funds,0.88,0,0,rule_based,0.25441164386375775,52113.6,5877.237989646246,False
AC001211,L06,two_wheeler,salaried,T3,english,X,0,4550.0,4550.0,100100.0,15.0,550-649,0,False,insufficient_funds,0.55,0,0,rule_based,0.3989396304970076,33033.0,5841.177766393443,False
AC002301,L01,pl_salaried,salaried,T3,english,90+,101,12500.0,50000.0,212500.0,,300-549,1,False,mandate_not_registered,0.45,4,3,random_contact_point,0.22964205861030154,57375.0,5840.070900744723,False
AC000234,L01,pl_salaried,salaried,T2,english,1-30,20,4050.0,4050.0,117450.0,25.0,550-649,2,False,insufficient_funds,0.83,1,0,rule_based,0.2252555900468786,58490.1,5839.849894330419,False
AC001263,L01,pl_salaried,salaried,T2,hinglish,X,0,15600.0,15600.0,390000.0,5.0,300-549,1,True,insufficient_funds,0.22,0,0,rule_based,0.2552160196681336,51480.0,5823.334311631984,False
AC000651,L06,msme,self_employed,T2,hinglish,31-60,31,21950.0,43900.0,219500.0,,300-549,5,False,mandate_not_registered,0.39,2,1,rule_based,0.25441164386375775,51363.0,5791.305368698385,False
AC001558,L02,two_wheeler,daily_wage,T3,kanglish,61-90,63,3800.0,11400.0,87400.0,,300-549,1,False,insufficient_funds,0.82,1,1,rule_based,0.30191570881226054,43000.799999999996,5753.177655172413,False
AC000167,L01,pl_salaried,salaried,T3,hinglish,1-30,22,5000.0,5000.0,170000.0,,300-549,3,False,insufficient_funds,,1,1,rule_based,0.25441164386375775,51000.0,5749.74722667324,False
AC002118,L01,credit_card,salaried,T3,hinglish,90+,199,4000.0,28000.0,208000.0,,300-549,5,False,technical,,3,3,rule_based,0.20781507260636115,62400.0,5746.447238786622,False
AC000685,L02,two_wheeler,daily_wage,T1,kanglish,1-30,4,4500.0,4500.0,108000.0,,550-649,2,True,mandate_not_registered,0.86,1,0,rule_based,0.2324331058949043,55728.0,5739.8644563900525,False
AC002007,L01,pl_salaried,salaried,T3,kanglish,31-60,31,9900.0,19800.0,148500.0,30.0,650-699,2,True,insufficient_funds,0.59,1,1,random_contact_point,0.24628744566283856,52569.0,5737.1881289723915,False
AC001794,L03,pl_salaried,salaried,T1,kanglish,90+,173,5600.0,33600.0,134400.0,,300-549,2,False,insufficient_funds,0.63,6,3,rule_based,0.2544208892801531,50803.2,5727.427895024864,False
AC000681,L06,two_wheeler,self_employed,T3,hinglish,1-30,14,3900.0,3900.0,144300.0,,650-699,2,False,technical,,1,0,rule_based,0.29845926291137687,43290.0,5725.135671145077,False
AC000918,L05,msme,self_employed,T1,english,90+,328,10300.0,113300.0,226600.0,,300-549,2,False,technical,0.35,5,4,rule_based,0.27105703091629474,47586.0,5715.3339429322605,False
AC001839,L01,credit_card,self_employed,T3,english,31-60,60,3550.0,7100.0,120700.0,,550-649,1,True,technical,0.79,1,0,rule_based,0.2244512142425028,57211.799999999996,5689.56609054965,False
AC001159,L01,pl_salaried,salaried,T2,hinglish,61-90,72,6350.0,19050.0,171450.0,25.0,300-549,2,False,insufficient_funds,0.54,1,1,rule_based,0.22964205861030154,55549.799999999996,5651.456692325737,False
AC000040,L01,pl_salaried,salaried,T2,hinglish,90+,171,12900.0,77400.0,193500.0,,300-549,1,True,insufficient_funds,,3,2,rule_based,0.21913344154430744,58050.0,5635.313326741171,False
AC001605,L06,two_wheeler,self_employed,T1,kanglish,90+,453,2600.0,31200.0,111800.0,,300-549,2,True,stop_payment,0.66,5,2,rule_based,0.2871044292470961,44272.799999999996,5630.912638826877,False
AC001546,L01,credit_card,salaried,T1,kanglish,1-30,14,7900.0,7900.0,134300.0,25.0,700-749,0,False,insufficient_funds,,1,0,rule_based,0.3151046499639138,40290.0,5624.004856170739,False
AC001771,L01,pl_salaried,salaried,T1,english,31-60,36,4850.0,9700.0,130950.0,,300-549,0,False,insufficient_funds,0.66,1,0,rule_based,0.24470740260213944,51856.2,5621.318204867678,False
AC002152,L01,pl_salaried,salaried,T2,hinglish,1-30,6,6000.0,6000.0,276000.0,7.0,550-649,1,True,insufficient_funds,,5,3,rule_based,0.1528825551957637,82800.0,5607.404006594155,False
AC000319,L03,consumer_durable,self_employed,T3,hinglish,1-30,7,3300.0,3300.0,148500.0,,650-699,2,False,insufficient_funds,0.63,0,0,rule_based,0.2244512142425028,56133.0,5580.604004083484,False
AC000705,L01,credit_card,salaried,T1,hinglish,1-30,30,6300.0,6300.0,182700.0,30.0,650-699,2,True,insufficient_funds,,0,0,rule_based,0.22964205861030154,54810.0,5575.006554593782,False
AC001887,L01,pl_salaried,salaried,T2,hinglish,1-30,5,5550.0,5550.0,127650.0,,550-649,0,False,insufficient_funds,0.79,1,1,rule_based,0.20781507260636115,60506.1,5569.335804082487,False
AC000914,L01,pl_salaried,salaried,T3,hinglish,90+,107,8850.0,35400.0,185850.0,1.0,300-549,1,True,insufficient_funds,0.49,7,3,rule_based,0.22964205861030154,54639.9,5557.428603217457,False
AC000910,L02,consumer_durable,self_employed,T3,hinglish,X,0,3950.0,3950.0,118500.0,,750-900,1,False,insufficient_funds,0.72,1,0,rule_based,0.24470740260213944,51192.0,5548.177609303924,False
AC000599,L03,pl_salaried,salaried,T2,hinglish,X,0,9050.0,9050.0,135750.0,,550-649,3,False,insufficient_funds,0.63,0,0,rule_based,0.24390302679776363,51313.5,5542.9830845141705,False
AC001052,L01,credit_card,salaried,T3,english,90+,200,3350.0,23450.0,97150.0,,300-549,5,False,insufficient_funds,0.84,2,0,rule_based,0.2552160196681336,48963.6,5534.332795280182,False
AC000561,L02,two_wheeler,self_employed,T1,kanglish,31-60,38,3800.0,7600.0,163400.0,,300-549,1,False,insufficient_funds,,0,0,rule_based,0.25441164386375775,49020.0,5523.066451990632,False
AC001623,L01,credit_card,salaried,T3,english,1-30,19,4950.0,4950.0,138600.0,15.0,300-549,3,False,stop_payment,,0,0,rule_based,0.29845926291137687,41580.0,5495.4712683347725,False
AC000176,L03,consumer_durable,daily_wage,T2,hinglish,90+,111,3500.0,14000.0,157500.0,,300-549,0,True,insufficient_funds,0.55,3,2,rule_based,0.23777550222761615,51975.0,5472.271777726157,False
AC000664,L03,pl_salaried,salaried,T2,hinglish,X,0,9450.0,9450.0,141750.0,7.0,650-699,2,False,insufficient_funds,0.67,0,0,random_contact_point,0.21632701604158358,56983.5,5458.18173337251,False
AC002281,L02,two_wheeler,salaried,T3,kanglish,1-30,16,2650.0,2650.0,108650.0,1.0,550-649,2,False,insufficient_funds,0.6,1,0,rule_based,0.3151046499639138,39114.0,5457.251475409836,False
AC000159,L02,two_wheeler,salaried,T2,hinglish,90+,448,2600.0,31200.0,109200.0,,300-549,2,False,insufficient_funds,0.78,5,4,rule_based,0.24109660129503982,51105.6,5455.623910214705,False
AC001675,L06,two_wheeler,salaried,T3,kanglish,31-60,37,3150.0,6300.0,110250.0,7.0,550-649,3,False,insufficient_funds,0.94,0,0,rule_based,0.19796285585759268,62181.0,5450.287753036437,False
AC001011,L01,credit_card,salaried,T3,hinglish,1-30,18,2700.0,2700.0,129600.0,,300-549,3,True,insufficient_funds,,1,0,rule_based,0.3151046499639138,38880.0,5424.070955768636,False
AC002236,L01,credit_card,self_employed,T3,english,61-90,64,8650.0,25950.0,363300.0,,300-549,1,False,insufficient_funds,0.29,1,1,rule_based,0.19341596482864562,63214.2,5412.985967741936,False
AC000682,L03,consumer_durable,self_employed,T3,hinglish,1-30,24,2700.0,2700.0,102600.0,,550-649,4,False,stop_payment,0.63,0,0,rule_based,0.3151046499639138,38782.799999999996,5410.288278379214,False
AC000047,L02,consumer_durable,salaried,T1,kanglish,31-60,31,3100.0,6200.0,111600.0,,550-649,0,True,insufficient_funds,0.7,0,0,rule_based,0.26054841385030064,46872.0,5406.591364296081,False
AC002112,L01,credit_card,self_employed,T2,english,90+,124,10200.0,51000.0,163200.0,,300-549,2,True,insufficient_funds,0.46,2,1,rule_based,0.27105703091629474,45043.2,5405.174224735981,False
AC000229,L06,two_wheeler,salaried,T2,hinglish,90+,221,4700.0,37600.0,136300.0,15.0,550-649,0,True,insufficient_funds,,0,0,rule_based,0.29845926291137687,40890.0,5402.79966720079,False
AC002052,L02,two_wheeler,self_employed,T2,hinglish,1-30,27,4700.0,4700.0,159800.0,,300-549,5,False,technical,,2,0,rule_based,0.25441164386375775,47940.0,5399.422393072846,False
AC000674,L01,pl_salaried,salaried,T2,hinglish,31-60,47,12850.0,25700.0,154200.0,,300-549,0,True,insufficient_funds,0.58,1,0,rule_based,0.227266885161622,53661.6,5398.9771081550025,False
AC001043,L02,two_wheeler,daily_wage,T1,english,1-30,23,3000.0,3000.0,129000.0,,300-549,1,False,insufficient_funds,,0,0,rule_based,0.3151046499639138,38700.0,5398.547479121559,False
AC001006,L03,pl_salaried,salaried,T2,hinglish,31-60,54,13350.0,26700.0,106800.0,1.0,550-649,3,True,insufficient_funds,0.66,0,0,rule_based,0.2879506458453827,42292.799999999996,5391.20758357432,False
AC000964,L02,consumer_durable,daily_wage,T3,english,1-30,27,3050.0,3050.0,118950.0,,550-649,0,False,insufficient_funds,0.54,0,0,rule_based,0.3151046499639138,38539.8,5375.831584905661,False
AC000657,L01,credit_card,self_employed,T1,kanglish,X,0,4100.0,4100.0,184500.0,,550-649,2,False,insufficient_funds,,0,0,rule_based,0.21913344154430744,55350.0,5369.066195264838,False
AC000254,L06,msme,self_employed,T1,english,31-60,44,37850.0,75700.0,605600.0,,300-549,1,False,insufficient_funds,0.16,0,0,rule_based,0.20781507260636115,58137.6,5347.8413043218125,False
AC001527,L03,pl_salaried,salaried,T1,hinglish,31-60,56,7350.0,14700.0,139650.0,,550-649,4,False,insufficient_funds,0.59,1,1,rule_based,0.243912272214159,49436.1,5337.132166182873,False
AC001251,L03,pl_salaried,salaried,T3,english,90+,149,12000.0,60000.0,156000.0,5.0,300-549,5,False,insufficient_funds,0.56,1,0,rule_based,0.22964205861030154,52416.00000000001,5327.613164852905,False
AC001795,L03,pl_salaried,salaried,T1,english,1-30,14,3750.0,3750.0,168750.0,,650-699,1,False,insufficient_funds,,0,0,rule_based,0.2376373626373626,50625.0,5324.676167582416,False
AC000387,L01,credit_card,self_employed,T3,kanglish,1-30,1,9350.0,9350.0,345950.0,,300-549,2,True,insufficient_funds,0.28,0,0,random_contact_point,0.20671555480962348,58119.600000000006,5317.4014116910275,False
AC000089,L01,credit_card,salaried,T1,kanglish,90+,96,5750.0,23000.0,224250.0,10.0,300-549,0,False,insufficient_funds,,4,3,rule_based,0.17842683632157316,67275.0,5312.649436090225,False
AC001206,L06,two_wheeler,salaried,T1,kanglish,31-60,39,3150.0,6300.0,100800.0,7.0,550-649,1,False,insufficient_funds,1.0,0,0,rule_based,0.19796285585759268,60480.0,5298.757085020243,False
AC001900,L01,pl_salaried,salaried,T1,kanglish,61-90,75,16950.0,50850.0,186450.0,,300-549,1,False,insufficient_funds,0.45,2,1,rule_based,0.23777550222761615,50341.5,5297.488950426192,False
AC001708,L01,credit_card,salaried,T2,hinglish,31-60,48,3700.0,7400.0,166500.0,,300-549,2,False,insufficient_funds,0.6,1,0,rule_based,0.1996816289890466,59940.0,5297.012578721554,False
AC002124,L01,credit_card,self_employed,T1,hinglish,X,0,3250.0,3250.0,100750.0,,750-900,1,False,insufficient_funds,0.82,0,0,rule_based,0.24109660129503982,49569.0,5288.912843317224,False
AC002279,L02,two_wheeler,daily_wage,T3,english,90+,111,3800.0,15200.0,155800.0,,300-549,1,True,insufficient_funds,,3,1,rule_based,0.25508038259460625,46740.0,5276.105687112353,False
AC000849,L01,credit_card,self_employed,T2,hinglish,31-60,32,6100.0,12200.0,164700.0,,300-549,5,False,insufficient_funds,0.55,0,0,rule_based,0.21913344154430744,54351.00000000001,5270.554756618595,False
AC000538,L02,two_wheeler,salaried,T2,hinglish,31-60,36,3650.0,7300.0,167900.0,10.0,300-549,6,False,insufficient_funds,0.59,1,1,rule_based,0.1996816289890466,59436.6,5251.778699306665,False
AC001115,L01,pl_salaried,salaried,T3,hinglish,61-90,68,6350.0,19050.0,165100.0,10.0,300-549,2,False,insufficient_funds,0.63,4,2,rule_based,0.18893545338756731,62407.799999999996,5216.97069456428,False
AC001702,L01,pl_salaried,salaried,T2,hinglish,31-60,55,15500.0,31000.0,186000.0,,300-549,1,True,insufficient_funds,0.46,0,0,rule_based,0.22964205861030154,51336.0,5216.007124368298,False
AC001473,L02,consumer_durable,salaried,T1,english,61-90,89,4100.0,12300.0,123000.0,28.0,300-549,0,True,insufficient_funds,,0,0,rule_based,0.31861710555632505,36900.0,5201.637037762778,False
AC001402,L03,pl_salaried,salaried,T2,hinglish,1-30,30,3850.0,3850.0,150150.0,30.0,650-699,0,False,insufficient_funds,0.48,0,0,rule_based,0.27186140672067055,43243.2,5201.270732396485,False
AC001186,L03,pl_salaried,salaried,T1,english,1-30,22,3650.0,3650.0,153300.0,,550-649,2,False,insufficient_funds,,1,0,rule_based,0.2552160196681336,45990.0,5192.823135041859,False
AC002255,L06,msme,self_employed,T1,kanglish,1-30,28,13300.0,13300.0,226100.0,,550-649,1,False,insufficient_funds,0.34,0,0,rule_based,0.25441164386375775,46124.4,5191.562991803278,False
AC001284,L02,two_wheeler,salaried,T3,english,90+,293,3450.0,34500.0,93150.0,25.0,300-549,0,True,insufficient_funds,0.87,4,4,rule_based,0.24109660129503982,48624.299999999996,5186.419061657682,False
AC001872,L02,consumer_durable,self_employed,T1,hinglish,61-90,85,4150.0,12450.0,170150.0,,300-549,3,True,stop_payment,,0,0,rule_based,0.22964205861030154,51045.0,5185.935496793279,False
AC000294,L03,pl_salaried,salaried,T1,hinglish,61-90,75,6150.0,18450.0,141450.0,30.0,300-549,2,False,insufficient_funds,0.63,0,0,rule_based,0.21913344154430744,53468.1,5183.491944625833,False
AC001458,L03,pl_salaried,salaried,T1,kanglish,61-90,70,8350.0,25050.0,342350.0,,300-549,1,False,insufficient_funds,0.26,4,1,rule_based,0.21913344154430744,53406.6,5177.427426631094,False
AC000883,L03,pl_salaried,salaried,T3,hinglish,1-30,9,10000.0,10000.0,110000.0,,550-649,2,True,insufficient_funds,0.79,0,0,rule_based,0.2244512142425028,52140.0,5177.298839771844,False
AC001436,L02,two_wheeler,salaried,T3,english,31-60,54,3500.0,7000.0,171500.0,7.0,300-549,0,False,insufficient_funds,,2,1,rule_based,0.227266885161622,51450.0,5172.796558704454,False
AC000981,L02,consumer_durable,salaried,T3,hinglish,X,0,3000.0,3000.0,120000.0,1.0,550-649,0,True,insufficient_funds,0.5,0,0,rule_based,0.3247840262341158,36000.0,5172.501224992676,False
AC001635,L03,pl_salaried,salaried,T1,kanglish,90+,135,3800.0,19000.0,140600.0,1.0,300-549,0,True,insufficient_funds,0.54,2,2,rule_based,0.2544208892801531,45554.4,5126.495931380713,False
AC001375,L06,two_wheeler,salaried,T3,hinglish,1-30,27,4500.0,4500.0,162000.0,,300-549,5,False,insufficient_funds,,1,0,rule_based,0.23777550222761615,48600.0,5111.1502337179645,False
AC002336,L06,two_wheeler,salaried,T1,hinglish,90+,149,4600.0,23000.0,161000.0,7.0,300-549,1,True,insufficient_funds,0.47,4,2,rule_based,0.2544208892801531,45402.0,5109.04774679388,False
AC000618,L03,consumer_durable,salaried,T2,hinglish,90+,247,2350.0,21150.0,119850.0,,300-549,1,False,insufficient_funds,0.59,3,1,rule_based,0.27186140672067055,42426.9,5101.406522558748,False
AC000738,L03,pl_salaried,salaried,T2,hinglish,1-30,2,4750.0,4750.0,180500.0,30.0,300-549,2,False,insufficient_funds,,0,0,random_contact_point,0.21286777738390641,54150.0,5098.05556540234,False
AC000577,L05,msme,self_employed,T3,hinglish,90+,196,15650.0,109550.0,594700.0,,300-549,5,False,insufficient_funds,0.16,5,2,rule_based,0.20154940844596017,57091.2,5089.013914361501,False
AC000386,L01,pl_salaried,salaried,T2,english,1-30,20,6200.0,6200.0,161200.0,,750-900,1,False,insufficient_funds,,2,0,rule_based,0.23777550222761615,48360.0,5085.4704794773825,False
AC001853,L06,msme,self_employed,T2,hinglish,31-60,53,11200.0,22400.0,134400.0,,300-549,2,True,insufficient_funds,0.56,3,2,rule_based,0.25441164386375775,45158.4,5080.970250215703,False
AC000429,L06,msme,self_employed,T2,hinglish,X,0,31350.0,31350.0,940500.0,,550-649,1,False,insufficient_funds,0.08,0,0,rule_based,0.25441164386375775,45144.0,5079.321662763466,False
AC001225,L01,pl_salaried,self_employed,T1,kanglish,31-60,40,11000.0,22000.0,121000.0,,650-699,1,True,insufficient_funds,0.62,2,2,rule_based,0.25441164386375775,45012.0,5064.209611117959,False
AC000379,L01,pl_salaried,salaried,T3,hinglish,1-30,6,7100.0,7100.0,184600.0,1.0,300-549,7,False,insufficient_funds,0.45,2,1,rule_based,0.22964205861030154,49842.0,5061.618768364592,False
AC000764,L02,two_wheeler,self_employed,T3,english,X,0,4050.0,4050.0,190350.0,,300-549,3,False,insufficient_funds,0.41,0,0,rule_based,0.243912272214159,46826.1,5050.657202467344,False
AC000771,L01,pl_salaried,salaried,T2,hinglish,1-30,28,10800.0,10800.0,97200.0,5.0,650-699,2,False,insufficient_funds,0.81,1,1,rule_based,0.24109660129503982,47239.2,5036.1447555534905,False
AC001309,L02,consumer_durable,salaried,T2,hinglish,31-60,44,3800.0,7600.0,83600.0,30.0,300-549,1,True,insufficient_funds,0.98,0,0,rule_based,0.23124438454627136,49156.799999999996,5026.255283018868,False
AC002354,L01,credit_card,salaried,T1,kanglish,1-30,4,8400.0,8400.0,260400.0,10.0,300-549,2,False,insufficient_funds,0.44,1,0,rule_based,0.16520855631563436,68745.59999999999,5021.812598073432,False
AC000384,L06,two_wheeler,salaried,T1,kanglish,61-90,79,2750.0,8250.0,129250.0,,300-549,1,False,insufficient_funds,0.6,0,0,rule_based,0.24390302679776363,46530.0,5017.963526604974,False
AC000356,L01,credit_card,salaried,T3,kanglish,61-90,69,10100.0,30300.0,232300.0,15.0,300-549,1,False,technical,0.32,1,1,rule_based,0.25441164386375775,44601.6,5017.224868729199,False
AC000853,L01,credit_card,salaried,T1,kanglish,31-60,45,8200.0,16400.0,287000.0,,300-549,0,False,insufficient_funds,0.27,2,0,rule_based,0.24390302679776363,46494.0,5014.01229757085,False
AC001544,L01,pl_salaried,salaried,T3,hinglish,61-90,84,11350.0,34050.0,158900.0,,300-549,1,False,insufficient_funds,,3,0,rule_based,0.23777550222761615,47670.0,5011.6411860357075,False
AC001018,L02,two_wheeler,salaried,T1,kanglish,1-30,23,3550.0,3550.0,117150.0,1.0,550-649,1,True,insufficient_funds,0.66,0,0,rule_based,0.24390302679776363,46391.4,5002.751294823598,False
AC002214,L06,two_wheeler,self_employed,T1,english,31-60,33,4450.0,8900.0,102350.0,,650-699,2,False,insufficient_funds,0.76,0,0,rule_based,0.2419009770994156,46671.6,4991.457539256889,False
AC002131,L01,pl_salaried,salaried,T2,hinglish,61-90,64,13950.0,41850.0,125550.0,,300-549,2,False,mandate_not_registered,,1,1,rule_based,0.29845926291137687,37665.0,4969.660661900654,False
AC000351,L01,credit_card,salaried,T3,kanglish,31-60,59,10250.0,20500.0,164000.0,,300-549,0,False,insufficient_funds,0.55,3,0,rule_based,0.20770031425769134,54120.00000000001,4969.3334534318155,False
AC002181,L01,pl_salaried,salaried,T3,kanglish,1-30,9,11750.0,11750.0,493500.0,1.0,300-549,0,False,technical,0.19,1,1,rule_based,0.1996816289890466,56259.0,4966.249944382647,False
AC000190,L01,pl_salaried,salaried,T1,kanglish,90+,240,5500.0,44000.0,93500.0,25.0,300-549,1,True,insufficient_funds,0.82,5,4,rule_based,0.243912272214159,46002.0,4960.203555878084,False
AC000570,L02,two_wheeler,self_employed,T1,hinglish,61-90,80,3350.0,10050.0,127300.0,,300-549,0,True,mandate_not_registered,0.54,0,0,rule_based,0.27186140672067055,41245.2,4956.84014161393,False
AC001499,L03,pl_salaried,self_employed,T1,hinglish,1-30,30,5600.0,5600.0,168000.0,,550-649,3,False,insufficient_funds,0.81,1,0,rule_based,0.13683634373289544,81648.0,4938.586206896552,False
AC002316,L06,two_wheeler,daily_wage,T3,english,90+,586,2300.0,27600.0,82800.0,,300-549,0,False,insufficient_funds,1.0,3,2,rule_based,0.22446045965889816,49680.0,4929.038036134328,False
AC002206,L01,credit_card,salaried,T3,kanglish,61-90,63,9900.0,29700.0,207900.0,,300-549,1,False,insufficient_funds,0.35,2,1,rule_based,0.2552160196681336,43659.0,4925.114291210971,False
AC000573,L03,pl_salaried,salaried,T1,hinglish,X,0,11300.0,11300.0,135600.0,7.0,550-649,2,False,insufficient_funds,0.53,3,1,rule_based,0.258227580729075,43120.799999999996,4921.740938396033,False
AC001390,L01,credit_card,salaried,T1,english,31-60,59,4450.0,8900.0,155750.0,5.0,550-649,3,False,insufficient_funds,,0,0,rule_based,0.23777550222761615,46725.0,4910.527153713414,False
AC000262,L06,mfi_jlg,self_employed,T2,hinglish,90+,205,2150.0,15050.0,101050.0,,300-549,2,True,insufficient_funds,0.78,4,2,rule_based,0.23475395716326128,47291.4,4906.829480405795,False
AC000440,L02,two_wheeler,self_employed,T3,hinglish,1-30,2,4600.0,4600.0,161000.0,,300-549,3,False,insufficient_funds,,0,0,random_contact_point,0.22964205861030154,48300.0,4902.270143894904,False
AC000235,L03,pl_salaried,salaried,T1,kanglish,1-30,11,8050.0,8050.0,104650.0,15.0,550-649,0,False,stop_payment,0.65,0,0,rule_based,0.27105703091629474,40813.5,4889.253759085988,False
AC000166,L01,credit_card,salaried,T1,english,1-30,20,7800.0,7800.0,117000.0,30.0,550-649,2,False,mandate_not_registered,,1,1,rule_based,0.3151046499639138,35100.0,4888.077946180018,False
AC000250,L06,two_wheeler,salaried,T1,hinglish,90+,218,2950.0,23600.0,91450.0,10.0,300-549,2,False,technical,0.77,2,0,rule_based,0.26135278965467645,42249.9,4879.958152434002,False
AC000549,L01,credit_card,salaried,T2,english,61-90,85,7900.0,23700.0,110600.0,,300-549,1,False,insufficient_funds,0.8,3,2,rule_based,0.20781507260636115,53088.0,4875.618958536926,False
AC002159,L03,pl_salaried,salaried,T3,hinglish,1-30,11,11300.0,11300.0,158200.0,15.0,550-649,1,False,insufficient_funds,0.53,1,1,rule_based,0.21913344154430744,50307.6,4871.8348857254805,False
AC001231,L06,two_wheeler,self_employed,T2,hinglish,1-30,16,2800.0,2800.0,120400.0,,550-649,1,False,insufficient_funds,,0,0,rule_based,0.3045960328979197,36120.0,4861.903918722787,False
AC001983,L03,pl_salaried,salaried,T3,hinglish,31-60,51,4600.0,9200.0,216200.0,25.0,300-549,6,False,insufficient_funds,,1,0,rule_based,0.16960644101912178,64860.0,4861.303194025108,False
AC001446,L02,two_wheeler,salaried,T2,hinglish,31-60,46,3750.0,7500.0,176250.0,,300-549,1,True,insufficient_funds,,2,2,rule_based,0.20781507260636115,52875.0,4855.699883827606,False
AC001936,L02,consumer_durable,daily_wage,T1,kanglish,31-60,46,3850.0,7700.0,150150.0,,550-649,3,False,insufficient_funds,,0,0,rule_based,0.24390302679776363,45045.0,4854.975328947368,False
AC001532,L02,consumer_durable,salaried,T1,kanglish,90+,138,3100.0,15500.0,127100.0,15.0,300-549,4,False,insufficient_funds,,3,1,rule_based,0.2879506458453827,38130.0,4851.801156737999,False
AC000546,L01,pl_salaried,salaried,T2,hinglish,61-90,65,10600.0,31800.0,169600.0,5.0,300-549,0,True,technical,,1,1,rule_based,0.21481509059735557,50880.0,4829.406314317053,False
AC001015,L01,credit_card,salaried,T1,kanglish,X,0,7500.0,7500.0,150000.0,30.0,700-749,1,False,insufficient_funds,0.51,1,1,rule_based,0.23777550222761615,45900.0,4822.2529985114115,False
AC000578,L02,two_wheeler,self_employed,T2,hinglish,31-60,54,3600.0,7200.0,93600.0,,550-649,1,True,mandate_not_registered,0.97,2,1,rule_based,0.20032927138652076,54475.2,4821.839706085748,False
AC000965,L02,consumer_durable,salaried,T3,english,X,0,2000.0,2000.0,86000.0,5.0,700-749,2,False,insufficient_funds,0.93,0,0,random_contact_point,0.227266885161622,47988.0,4818.737478311163,False
AC001383,L06,msme,self_employed,T1,kanglish,90+,161,18900.0,113400.0,264600.0,,300-549,2,False,insufficient_funds,0.27,4,2,rule_based,0.2544208892801531,42865.2,4818.611036427228,False
AC001833,L03,pl_salaried,salaried,T3,hinglish,X,0,3350.0,3350.0,150750.0,,650-699,3,False,insufficient_funds,0.53,0,0,rule_based,0.227266885161622,47938.5,4813.675108444188,False
AC001057,L01,credit_card,salaried,T2,hinglish,X,0,11350.0,11350.0,170250.0,10.0,550-649,1,False,insufficient_funds,,0,0,rule_based,0.21286777738390641,51075.0,4803.499778447359,False
AC002145,L03,consumer_durable,salaried,T3,kanglish,1-30,15,3700.0,3700.0,125800.0,10.0,550-649,3,False,insufficient_funds,,1,1,rule_based,0.2879506458453827,37740.0,4801.265818392134,False
AC000786,L03,pl_salaried,salaried,T1,hinglish,61-90,64,11950.0,35850.0,203150.0,1.0,300-549,1,True,insufficient_funds,0.35,1,1,rule_based,0.25441164386375775,42661.5,4795.112055112166,False
AC000812,L01,credit_card,self_employed,T1,kanglish,61-90,82,7100.0,21300.0,156200.0,,300-549,0,False,insufficient_funds,,1,0,rule_based,0.23150983806721515,46860.0,4792.847955323366,False
AC001093,L02,two_wheeler,salaried,T1,kanglish,1-30,22,4300.0,4300.0,141900.0,,300-549,4,False,mandate_not_registered,,0,0,rule_based,0.25441164386375775,42570.0,4784.636655676075,False
AC000391,L03,pl_salaried,salaried,T3,hinglish,31-60,52,12650.0,25300.0,151800.0,,550-649,3,False,mandate_not_registered,,2,0,rule_based,0.2376373626373626,45540.0,4780.902472527471,False
AC001999,L03,consumer_durable,self_employed,T1,hinglish,90+,401,2400.0,28800.0,91200.0,,300-549,0,True,insufficient_funds,0.84,2,2,rule_based,0.2347943184973489,45964.799999999996,4767.523250890124,False
AC001399,L02,two_wheeler,salaried,T2,hinglish,X,0,3750.0,3750.0,138750.0,,550-649,6,False,mandate_not_registered,0.57,1,1,rule_based,0.227266885161622,47452.5,4763.971840659341,False
AC000903,L02,consumer_durable,salaried,T1,hinglish,X,0,2500.0,2500.0,77500.0,1.0,750-900,0,False,insufficient_funds,1.0,0,0,rule_based,0.23150983806721515,46500.0,4755.343361556477,False
AC000297,L03,pl_salaried,salaried,T3,kanglish,1-30,2,6400.0,6400.0,275200.0,1.0,300-549,3,True,insufficient_funds,0.29,1,0,rule_based,0.2244512142425028,47884.799999999996,4747.510676691729,False
AC000075,L02,two_wheeler,daily_wage,T3,hinglish,90+,428,2500.0,30000.0,140000.0,,300-549,0,True,insufficient_funds,,3,1,rule_based,0.2552160196681336,42000.0,4734.582771727725,False
AC001960,L01,pl_salaried,salaried,T2,hinglish,1-30,17,6550.0,6550.0,78600.0,,550-649,3,True,insufficient_funds,1.0,2,1,rule_based,0.227266885161622,47160.0,4734.057836899942,False
AC000414,L01,pl_salaried,salaried,T2,hinglish,31-60,57,9450.0,18900.0,189000.0,5.0,300-549,2,False,insufficient_funds,,1,1,rule_based,0.18893545338756731,56700.0,4731.68809318378,False
AC002197,L03,pl_salaried,salaried,T1,kanglish,X,0,4400.0,4400.0,162800.0,25.0,550-649,4,False,insufficient_funds,,0,0,rule_based,0.21913344154430744,48840.0,4727.114778260789,False
AC002299,L01,pl_salaried,salaried,T2,hinglish,X,0,4300.0,4300.0,146200.0,10.0,650-699,0,True,insufficient_funds,,0,0,rule_based,0.24390302679776363,43860.0,4724.914039907461,False
AC000487,L02,two_wheeler,salaried,T3,kanglish,31-60,48,4000.0,8000.0,112000.0,,300-549,1,True,stop_payment,0.66,2,1,random_contact_point,0.24109660129503982,44352.0,4722.902407286923,False
AC001579,L01,credit_card,salaried,T3,kanglish,31-60,43,2850.0,5700.0,139650.0,,300-549,1,True,stop_payment,0.51,2,0,rule_based,0.2501412438508823,42732.9,4721.167341709916,False
AC000034,L01,credit_card,salaried,T1,kanglish,61-90,83,10000.0,30000.0,140000.0,10.0,300-549,3,False,insufficient_funds,,1,0,rule_based,0.25441164386375775,42000.0,4719.380069025022,False
AC001543,L03,pl_salaried,salaried,T3,english,1-30,19,17900.0,17900.0,143200.0,1.0,550-649,1,False,insufficient_funds,,1,1,rule_based,0.2481459797033568,42960.0,4708.158079625294,False
AC000792,L06,two_wheeler,daily_wage,T1,english,X,0,4800.0,4800.0,100800.0,,700-749,0,True,insufficient_funds,0.65,0,0,rule_based,0.27105703091629474,39312.0,4706.107299721621,False
AC001943,L03,consumer_durable,salaried,T3,kanglish,1-30,20,2450.0,2450.0,112700.0,,300-549,2,False,insufficient_funds,,2,1,rule_based,0.3151046499639138,33810.0,4705.159696875967,False
AC001471,L03,pl_salaried,salaried,T2,hinglish,61-90,72,7400.0,22200.0,88800.0,,550-649,2,False,insufficient_funds,0.75,1,1,rule_based,0.26505870059369285,39960.0,4677.2855540757855,False
AC000615,L06,two_wheeler,salaried,T2,hinglish,61-90,69,3650.0,10950.0,127750.0,,300-549,1,False,insufficient_funds,,3,1,rule_based,0.2762370406891546,38325.0,4675.053062985333,False
AC001398,L06,two_wheeler,salaried,T2,hinglish,X,0,4350.0,4350.0,160950.0,10.0,300-549,3,False,insufficient_funds,,0,0,rule_based,0.21913344154430744,48285.0,4672.386201235098,False
AC000929,L03,consumer_durable,salaried,T1,hinglish,61-90,65,2850.0,8550.0,128250.0,28.0,300-549,3,False,insufficient_funds,0.61,0,0,random_contact_point,0.2252555900468786,46939.5,4669.023146052456,False
AC001153,L02,two_wheeler,self_employed,T2,hinglish,1-30,9,4300.0,4300.0,141900.0,,300-549,1,True,insufficient_funds,,1,1,rule_based,0.2481459797033568,42570.0,4664.608460187355,False
AC002064,L01,credit_card,self_employed,T2,english,31-60,59,5700.0,11400.0,136800.0,,300-549,1,False,insufficient_funds,,1,1,rule_based,0.25441164386375775,41040.0,4609.474238875878,False
AC000349,L01,credit_card,salaried,T2,hinglish,61-90,68,2950.0,8850.0,109150.0,,300-549,1,False,insufficient_funds,0.74,1,1,rule_based,0.21540337329811013,48462.6,4608.553383458647,False
AC001070,L06,two_wheeler,daily_wage,T1,kanglish,61-90,67,3650.0,10950.0,142350.0,,300-549,2,False,insufficient_funds,0.48,3,1,rule_based,0.25441164386375775,40996.799999999996,4604.528476519166,False
AC001648,L01,pl_salaried,salaried,T2,english,61-90,77,9600.0,28800.0,96000.0,10.0,300-549,0,False,mandate_not_registered,0.87,3,2,rule_based,0.20781507260636115,50112.0,4597.313013302487,False
AC001220,L01,pl_salaried,salaried,T3,hinglish,X,0,9050.0,9050.0,190050.0,,750-900,1,False,insufficient_funds,0.48,0,0,rule_based,0.18893545338756731,54734.4,4564.570905953409,False
AC001088,L03,consumer_durable,self_employed,T1,hinglish,90+,155,3250.0,19500.0,81250.0,,300-549,1,False,insufficient_funds,0.97,1,0,rule_based,0.2181855500821018,47287.5,4553.852139778325,False
AC001931,L01,pl_salaried,salaried,T1,kanglish,X,0,4850.0,4850.0,116400.0,,700-749,1,False,insufficient_funds,0.58,1,0,rule_based,0.25441164386375775,40507.2,4548.476503143103,False
AC001825,L03,pl_salaried,salaried,T1,kanglish,1-30,11,3800.0,3800.0,110200.0,10.0,650-699,1,False,insufficient_funds,0.61,0,0,rule_based,0.2552160196681336,40333.2,4543.155444015445,False
AC001109,L05,msme,self_employed,T3,hinglish,1-30,11,9400.0,9400.0,169200.0,,550-649,0,False,insufficient_funds,0.59,0,0,rule_based,0.1717981802477412,59896.799999999996,4541.572559198307,False
AC001434,L06,two_wheeler,salaried,T2,english,61-90,61,3700.0,11100.0,114700.0,,300-549,2,False,technical,,2,1,rule_based,0.29845926291137687,34410.0,4532.492456551215,False
AC001456,L03,consumer_durable,daily_wage,T1,kanglish,90+,117,3200.0,12800.0,134400.0,,300-549,1,False,insufficient_funds,,4,0,rule_based,0.25441164386375775,40320.0,4527.04486626402,False
AC000376,L01,credit_card,salaried,T1,kanglish,61-90,73,8800.0,26400.0,114400.0,1.0,300-549,3,False,insufficient_funds,0.61,1,0,rule_based,0.24470740260213944,41870.4,4521.698573460679,False
AC002070,L03,pl_salaried,salaried,T2,hinglish,31-60,52,8550.0,17100.0,171000.0,1.0,550-649,2,False,insufficient_funds,,2,0,rule_based,0.1996816289890466,51300.0,4520.650405212141,False
AC000033,L03,consumer_durable,salaried,T2,hinglish,31-60,32,2600.0,5200.0,119600.0,,300-549,1,False,insufficient_funds,0.65,2,2,rule_based,0.21913344154430744,46644.0,4510.567111326704,False
AC000404,L01,pl_salaried,salaried,T1,english,61-90,83,3050.0,9150.0,109800.0,1.0,300-549,2,False,insufficient_funds,0.72,2,2,rule_based,0.21540337329811013,47433.6,4508.810851452957,False
AC000784,L01,pl_salaried,salaried,T2,hinglish,X,0,8450.0,8450.0,185900.0,,650-699,2,False,insufficient_funds,0.43,1,0,rule_based,0.21286777738390641,47962.2,4505.323110599078,False
AC000362,L01,pl_salaried,self_employed,T3,hinglish,61-90,83,4000.0,12000.0,108000.0,,300-549,0,False,insufficient_funds,,2,0,rule_based,0.3151046499639138,32400.0,4505.225796473863,False
AC001994,L03,pl_salaried,salaried,T1,kanglish,1-30,5,5100.0,5100.0,153000.0,15.0,300-549,4,True,insufficient_funds,0.41,1,1,rule_based,0.27105703091629474,37637.99999999999,4501.920038332375,False
AC001913,L01,pl_salaried,salaried,T3,kanglish,1-30,12,6700.0,6700.0,120600.0,7.0,550-649,2,False,insufficient_funds,0.62,1,0,random_contact_point,0.227266885161622,44863.2,4499.163875072296,False
AC001424,L01,credit_card,salaried,T1,kanglish,61-90,71,8400.0,25200.0,159600.0,,300-549,1,False,stop_payment,,1,1,rule_based,0.21286777738390641,47880.0,4497.449131513647,False
AC001726,L06,two_wheeler,salaried,T1,hinglish,X,0,3950.0,3950.0,173800.0,28.0,300-549,1,False,insufficient_funds,0.43,0,0,rule_based,0.227266885161622,44840.4,4496.832116830538,False
AC001720,L03,pl_salaried,salaried,T2,hinglish,61-90,67,4300.0,12900.0,163400.0,5.0,300-549,2,True,stop_payment,,2,2,rule_based,0.20781507260636115,49020.0,4495.192686623721,False
AC000666,L01,pl_salaried,salaried,T2,hinglish,90+,120,8900.0,35600.0,89000.0,7.0,300-549,3,False,insufficient_funds,0.73,5,3,random_contact_point,0.26054841385030064,38982.0,4481.514220920589,False
AC000742,L03,pl_salaried,salaried,T2,hinglish,1-30,14,7400.0,7400.0,162800.0,10.0,300-549,0,False,insufficient_funds,,0,0,rule_based,0.20781507260636115,48840.0,4478.359665742606,False
AC000752,L01,pl_salaried,salaried,T1,kanglish,1-30,21,12550.0,12550.0,150600.0,5.0,550-649,1,False,insufficient_funds,,3,2,rule_based,0.2244512142425028,45180.0,4474.317636764325,False
AC002304,L02,two_wheeler,self_employed,T1,kanglish,90+,286,3300.0,33000.0,122100.0,,300-549,1,False,insufficient_funds,0.51,4,3,rule_based,0.27105703091629474,37362.6,4468.327940490919,False
AC001667,L01,credit_card,salaried,T1,kanglish,90+,334,3250.0,39000.0,146250.0,5.0,300-549,3,False,insufficient_funds,0.42,4,2,rule_based,0.27186140672067055,36855.0,4419.753465110642,False
AC002105,L03,pl_salaried,salaried,T1,kanglish,X,0,8750.0,8750.0,131250.0,5.0,300-549,4,True,technical,,1,0,rule_based,0.25441164386375775,39375.0,4418.856314710957,False
AC000462,L04,mfi_jlg,daily_wage,T1,english,61-90,87,2150.0,6450.0,103200.0,,550-649,0,False,insufficient_funds,0.72,1,0,rule_based,0.2244512142425028,44582.4,4413.95821623023,False
AC000993,L01,credit_card,salaried,T3,english,31-60,39,4250.0,8500.0,161500.0,10.0,550-649,0,False,insufficient_funds,0.33,1,0,rule_based,0.3122422020173813,31977.0,4404.056002259411,False
AC002198,L02,two_wheeler,salaried,T1,kanglish,X,0,3050.0,3050.0,76250.0,1.0,650-699,1,False,insufficient_funds,1.0,0,0,rule_based,0.2181855500821018,45750.0,4402.895012315271,False
AC001626,L01,pl_salaried,salaried,T1,hinglish,1-30,26,16900.0,16900.0,152100.0,25.0,550-649,2,True,insufficient_funds,,2,2,rule_based,0.21829944160799417,45630.0,4393.451584257748,False
AC001038,L01,pl_salaried,salaried,T3,hinglish,90+,115,6550.0,26200.0,288200.0,,300-549,6,False,insufficient_funds,0.25,4,3,rule_based,0.22964205861030154,43230.0,4378.341787175501,False
AC002065,L01,pl_salaried,salaried,T2,english,90+,165,11800.0,70800.0,295000.0,7.0,300-549,0,False,insufficient_funds,0.22,1,1,rule_based,0.2544208892801531,38940.0,4369.2172428561225,False
AC001711,L03,consumer_durable,salaried,T2,hinglish,90+,152,3800.0,22800.0,110200.0,5.0,300-549,2,False,insufficient_funds,,0,0,rule_based,0.2994854581931832,33060.0,4366.445161539986,False
AC001615,L05,msme,self_employed,T3,kanglish,31-60,58,14400.0,28800.0,144000.0,,300-549,4,False,insufficient_funds,0.45,2,1,rule_based,0.25441164386375775,38880.0,4362.186121040306,False
AC002292,L06,two_wheeler,self_employed,T1,kanglish,61-90,66,3550.0,10650.0,120700.0,,300-549,1,False,insufficient_funds,0.5,3,1,rule_based,0.27316219974023453,36210.0,4362.041463667252,False
AC000090,L06,two_wheeler,salaried,T3,english,61-90,70,4550.0,13650.0,95550.0,,300-549,1,False,technical,0.73,5,3,rule_based,0.23577882859684443,41850.9,4351.4002799756545,False
AC001452,L02,two_wheeler,self_employed,T2,hinglish,1-30,4,2800.0,2800.0,112000.0,,300-549,4,False,insufficient_funds,0.54,0,0,rule_based,0.27186140672067055,36288.0,4350.3880271858625,False
AC002089,L01,credit_card,salaried,T2,hinglish,1-30,19,9700.0,9700.0,184300.0,,550-649,3,False,insufficient_funds,0.5,0,0,rule_based,0.17842683632157316,55290.0,4350.348901098901,False
AC000726,L01,pl_salaried,salaried,T1,kanglish,90+,178,7050.0,42300.0,141000.0,,300-549,2,False,insufficient_funds,0.43,0,0,rule_based,0.27105703091629474,36378.0,4348.230701802837,False
AC001529,L02,two_wheeler,salaried,T2,english,31-60,52,3900.0,7800.0,120900.0,,300-549,1,True,insufficient_funds,,1,1,rule_based,0.27186140672067055,36270.0,4348.185949791425,False
AC001414,L02,two_wheeler,salaried,T3,hinglish,X,0,4500.0,4500.0,85500.0,,650-699,0,False,insufficient_funds,0.48,0,0,rule_based,0.3989396304970076,24624.0,4331.570257611242,False
AC002156,L01,pl_salaried,salaried,T3,hinglish,1-30,10,14750.0,14750.0,162250.0,1.0,650-699,3,False,insufficient_funds,,1,1,rule_based,0.20154940844596017,48675.0,4325.6878552482,False
AC000554,L01,credit_card,self_employed,T2,hinglish,1-30,5,8300.0,8300.0,91300.0,,550-649,4,False,insufficient_funds,0.66,2,1,rule_based,0.27105703091629474,36154.799999999996,4321.005733617603,False
AC000986,L01,pl_salaried,salaried,T3,hinglish,1-30,2,11950.0,11950.0,239000.0,,300-549,0,False,insufficient_funds,0.28,0,0,rule_based,0.24390302679776363,40152.0,4317.937449392713,False
AC002189,L01,pl_salaried,salaried,T2,hinglish,31-60,38,6600.0,13200.0,85800.0,,550-649,1,False,insufficient_funds,0.73,0,0,random_contact_point,0.26054841385030064,37580.4,4317.181125336928,False
AC002309,L06,two_wheeler,self_employed,T2,english,1-30,15,2350.0,2350.0,103400.0,,550-649,1,True,insufficient_funds,,1,0,rule_based,0.3151046499639138,31020.0,4309.545808846273,False
AC001219,L06,two_wheeler,salaried,T3,english,90+,163,2400.0,14400.0,112800.0,1.0,300-549,4,False,insufficient_funds,,1,0,rule_based,0.28792499043534125,33840.0,4295.521754349377,False
AC000039,L01,pl_salaried,salaried,T1,english,X,0,7200.0,7200.0,252000.0,,550-649,3,True,insufficient_funds,0.27,0,0,rule_based,0.23817150613435487,40824.0,4286.401104893007,False
AC000282,L01,pl_salaried,salaried,T2,hinglish,90+,479,13250.0,159000.0,265000.0,,300-549,1,False,insufficient_funds,0.25,6,5,rule_based,0.243912272214159,39750.0,4273.9807692307695,False
AC000700,L06,two_wheeler,daily_wage,T2,hinglish,31-60,41,2950.0,5900.0,126850.0,,300-549,4,False,technical,,2,0,rule_based,0.25441164386375775,38055.0,4267.735798255885,False
AC002027,L01,credit_card,self_employed,T3,kanglish,61-90,62,3300.0,9900.0,141900.0,,550-649,1,False,technical,,1,1,rule_based,0.227266885161622,42570.0,4264.638085598612,False
AC000490,L05,msme,self_employed,T3,english,61-90,67,8050.0,24150.0,305900.0,,300-549,1,False,insufficient_funds,0.24,4,2,rule_based,0.21913344154430744,44049.6,4254.733200992556,False
AC000170,L03,pl_salaried,salaried,T1,kanglish,1-30,9,7450.0,7450.0,141550.0,,650-699,1,False,insufficient_funds,,0,0,rule_based,0.227266885161622,42465.0,4253.899725274725,False
AC001932,L02,two_wheeler,salaried,T3,english,1-30,4,3650.0,3650.0,131400.0,,550-649,0,True,insufficient_funds,,1,0,rule_based,0.24470740260213944,39420.0,4251.864614759352,False
AC001854,L03,consumer_durable,self_employed,T3,hinglish,31-60,37,3650.0,7300.0,178850.0,,300-549,2,False,insufficient_funds,0.39,4,1,rule_based,0.22964205861030154,41850.9,4235.827073812241,False
AC000716,L03,consumer_durable,daily_wage,T2,hinglish,X,0,2800.0,2800.0,109200.0,,300-549,2,True,insufficient_funds,0.56,0,0,rule_based,0.26135278965467645,36691.200000000004,4226.2063640999495,False
AC000055,L06,two_wheeler,salaried,T2,hinglish,31-60,50,3500.0,7000.0,168000.0,15.0,300-549,2,False,insufficient_funds,,3,1,rule_based,0.1898387661693186,50400.0,4216.543216720146,False
AC001205,L03,pl_salaried,salaried,T2,hinglish,X,0,12750.0,12750.0,140250.0,10.0,550-649,2,False,insufficient_funds,0.5,1,1,rule_based,0.227266885161622,42075.0,4214.01438692886,False
AC001640,L01,credit_card,self_employed,T1,hinglish,31-60,49,6650.0,13300.0,226100.0,,300-549,3,True,insufficient_funds,0.31,2,1,rule_based,0.227266885161622,42054.6,4211.928076923077,False
AC000447,L01,pl_salaried,salaried,T3,hinglish,90+,121,7800.0,39000.0,93600.0,7.0,300-549,1,False,mandate_not_registered,0.54,1,0,rule_based,0.3151046499639138,30326.399999999998,4211.1953454995355,False
AC000274,L03,pl_salaried,salaried,T1,kanglish,61-90,75,8150.0,24450.0,105950.0,,300-549,0,False,stop_payment,0.59,2,2,rule_based,0.25441164386375775,37506.299999999996,4204.917747211265,False
AC002071,L06,two_wheeler,daily_wage,T1,kanglish,31-60,38,2650.0,5300.0,124550.0,,550-649,1,False,insufficient_funds,,0,0,rule_based,0.2552160196681336,37365.0,4202.265958704916,False
AC000465,L01,credit_card,salaried,T2,hinglish,1-30,3,4200.0,4200.0,130200.0,1.0,650-699,1,False,insufficient_funds,,0,0,rule_based,0.24390302679776363,39060.0,4198.083502024291,False
AC002250,L06,mfi_jlg,daily_wage,T2,hinglish,1-30,7,2000.0,2000.0,94000.0,,550-649,0,False,insufficient_funds,0.66,0,0,rule_based,0.2544208892801531,37224.0,4172.753432153989,False
AC000238,L06,two_wheeler,daily_wage,T2,hinglish,1-30,18,4300.0,4300.0,107500.0,,550-649,3,True,insufficient_funds,0.54,0,0,rule_based,0.27186140672067055,34830.0,4172.01975823643,False
AC001535,L03,consumer_durable,daily_wage,T3,hinglish,31-60,49,3800.0,7600.0,129200.0,,550-649,1,False,insufficient_funds,,3,1,rule_based,0.24390343349949925,38760.0,4165.163687098267,False
AC000961,L03,pl_salaried,salaried,T2,hinglish,1-30,9,5300.0,5300.0,100700.0,5.0,550-649,4,False,insufficient_funds,0.75,1,0,rule_based,0.20781507260636115,45315.0,4148.713006820765,False
AC002338,L01,credit_card,salaried,T2,hinglish,90+,328,4150.0,45650.0,99600.0,25.0,300-549,1,True,stop_payment,,1,1,rule_based,0.3151046499639138,29880.0,4147.897123414785,False
AC001662,L06,two_wheeler,daily_wage,T1,kanglish,90+,95,3550.0,14200.0,113600.0,,300-549,2,True,insufficient_funds,,1,1,rule_based,0.2762370406891546,34080.0,4147.371256008875,False
AC000842,L01,pl_salaried,salaried,T3,hinglish,31-60,47,10200.0,20400.0,224400.0,,300-549,0,False,insufficient_funds,0.46,1,1,rule_based,0.15194782302132911,61934.399999999994,4145.858762559492,False
AC000635,L02,consumer_durable,salaried,T1,english,1-30,12,2450.0,2450.0,115150.0,,300-549,0,False,insufficient_funds,,0,0,rule_based,0.27186140672067055,34545.0,4137.1535328245045,False
AC000990,L01,pl_salaried,salaried,T2,hinglish,31-60,59,10950.0,21900.0,131400.0,,550-649,3,False,insufficient_funds,,2,2,rule_based,0.2376373626373626,39420.0,4126.449175824175,False
AC000278,L03,pl_salaried,salaried,T2,hinglish,X,0,6550.0,6550.0,176850.0,5.0,550-649,2,True,insufficient_funds,,1,1,rule_based,0.1765269252535806,53055.0,4125.536208697923,False
AC001055,L02,two_wheeler,self_employed,T1,kanglish,1-30,9,4800.0,4800.0,148800.0,,300-549,3,False,insufficient_funds,0.4,1,1,rule_based,0.26135278965467645,35712.0,4111.043870866512,False
AC001392,L01,pl_salaried,salaried,T1,kanglish,1-30,28,11250.0,11250.0,157500.0,,300-549,2,False,insufficient_funds,0.43,1,0,rule_based,0.22964205861030154,40635.0,4110.177273233321,False
AC002325,L03,consumer_durable,salaried,T1,english,1-30,12,2900.0,2900.0,121800.0,5.0,550-649,2,False,insufficient_funds,,1,0,rule_based,0.2552160196681336,36540.0,4107.517011403122,False
AC001155,L01,credit_card,salaried,T3,kanglish,90+,133,2650.0,13250.0,116600.0,,300-549,2,False,insufficient_funds,0.49,1,1,rule_based,0.27186140672067055,34280.4,4104.782995126274,False
AC000027,L02,two_wheeler,salaried,T3,kanglish,61-90,79,4000.0,12000.0,104000.0,1.0,300-549,3,False,insufficient_funds,,2,1,rule_based,0.29845926291137687,31200.0,4101.368051275731,False
AC000510,L02,two_wheeler,salaried,T1,english,1-30,9,2550.0,2550.0,61200.0,1.0,700-749,4,True,insufficient_funds,1.0,2,1,rule_based,0.2524139807016453,36720.0,4081.8886171139866,False
AC001752,L06,two_wheeler,self_employed,T2,hinglish,31-60,48,3350.0,6700.0,137350.0,,300-549,2,False,technical,,0,0,rule_based,0.2244512142425028,41205.0,4072.830527288048,False
AC000331,L02,two_wheeler,salaried,T2,hinglish,31-60,41,3900.0,7800.0,128700.0,25.0,550-649,4,True,insufficient_funds,0.47,1,0,rule_based,0.25441164386375775,36293.4,4066.0585999322075,False
AC000619,L01,pl_salaried,salaried,T1,kanglish,1-30,28,11900.0,11900.0,95200.0,28.0,550-649,0,False,insufficient_funds,0.62,0,0,rule_based,0.26054841385030064,35414.4,4063.2245863570397,False
AC002014,L06,two_wheeler,salaried,T2,hinglish,X,0,3250.0,3250.0,130000.0,1.0,550-649,0,False,insufficient_funds,0.39,0,0,rule_based,0.30316602041588286,30420.0,4061.0396534730207,False
AC001182,L03,consumer_durable,salaried,T3,english,X,0,3100.0,3100.0,136400.0,10.0,550-649,2,False,insufficient_funds,,0,0,rule_based,0.2252555900468786,40920.0,4058.8564351232226,False
AC001526,L01,credit_card,salaried,T2,hinglish,1-30,27,8800.0,8800.0,88000.0,1.0,300-549,1,False,insufficient_funds,0.84,0,0,rule_based,0.20781507260636115,44352.0,4058.6563451067987,False
AC001349,L01,credit_card,self_employed,T3,kanglish,31-60,53,3700.0,7400.0,148000.0,,300-549,3,False,technical,0.42,1,0,rule_based,0.24628744566283856,37296.0,4044.491458048552,False
AC000086,L06,msme,self_employed,T3,english,90+,353,15850.0,190200.0,919300.0,,300-549,3,False,insufficient_funds,0.08,3,2,rule_based,0.20781507260636115,44126.4,4037.5589589358005,False
AC000311,L01,credit_card,salaried,T1,hinglish,61-90,81,7300.0,21900.0,102200.0,,300-549,3,False,insufficient_funds,0.5,2,2,rule_based,0.29845926291137687,30660.0,4028.842450388266,False
AC001552,L01,credit_card,salaried,T3,english,31-60,35,9650.0,19300.0,106150.0,5.0,300-549,3,False,insufficient_funds,0.52,2,0,rule_based,0.2762370406891546,33118.799999999996,4027.887686429188,False
AC000419,L01,pl_salaried,salaried,T2,hinglish,1-30,4,12850.0,12850.0,89950.0,,550-649,2,False,insufficient_funds,0.6,0,0,rule_based,0.28237381067569745,32382.0,4025.722931785196,False
AC001461,L01,credit_card,self_employed,T3,english,31-60,51,5150.0,10300.0,242050.0,,300-549,3,False,insufficient_funds,0.37,1,1,rule_based,0.16960644101912178,53735.1,4012.2185809629755,False
AC000454,L02,consumer_durable,self_employed,T2,hinglish,1-30,26,3500.0,3500.0,119000.0,,650-699,3,True,insufficient_funds,,2,0,rule_based,0.2552160196681336,35700.0,4011.0453559685666,False
AC001824,L02,two_wheeler,self_employed,T1,kanglish,31-60,47,2800.0,5600.0,117600.0,,300-549,2,True,technical,0.65,1,0,rule_based,0.19796285585759268,45864.0,3996.715789473684,False
AC000014,L03,pl_salaried,salaried,T2,hinglish,31-60,45,8100.0,16200.0,186300.0,5.0,300-549,1,False,insufficient_funds,0.37,1,0,rule_based,0.21913344154430744,41358.6,3989.373559954477,False
AC002390,L04,mfi_jlg,daily_wage,T2,hinglish,31-60,60,2150.0,4300.0,88150.0,,650-699,0,False,insufficient_funds,0.71,2,1,rule_based,0.24109660129503982,37551.9,3985.135957977043,False
AC002125,L06,two_wheeler,daily_wage,T3,kanglish,1-30,27,3700.0,3700.0,88800.0,,650-699,4,False,insufficient_funds,0.85,1,1,rule_based,0.1996816289890466,45288.0,3980.4317261451743,False
AC000038,L01,credit_card,salaried,T1,hinglish,61-90,61,3350.0,10050.0,107200.0,10.0,300-549,4,False,insufficient_funds,0.65,2,2,rule_based,0.21601502596403344,41808.0,3975.0202924769396,False
AC002335,L01,credit_card,salaried,T2,hinglish,1-30,5,3150.0,3150.0,122850.0,15.0,550-649,2,False,insufficient_funds,,1,0,rule_based,0.24470740260213944,36855.0,3969.411095305832,False
AC002084,L06,two_wheeler,salaried,T2,hinglish,X,0,4400.0,4400.0,123200.0,7.0,300-549,2,False,insufficient_funds,,0,0,rule_based,0.24390302679776363,36960.0,3967.595141700405,False
AC001257,L02,consumer_durable,self_employed,T2,hinglish,X,0,2300.0,2300.0,110400.0,,300-549,0,False,insufficient_funds,,0,0,rule_based,0.27186140672067055,33120.0,3962.822405764874,False
AC002234,L06,two_wheeler,daily_wage,T2,english,X,0,2300.0,2300.0,110400.0,,550-649,2,False,insufficient_funds,,0,0,rule_based,0.27186140672067055,33120.0,3962.822405764874,False
AC000982,L01,credit_card,salaried,T1,kanglish,31-60,32,5900.0,11800.0,253700.0,15.0,300-549,5,False,insufficient_funds,0.26,0,0,rule_based,0.227266885161622,39577.2,3958.5641353383457,False
AC001679,L01,pl_salaried,salaried,T1,kanglish,31-60,48,3600.0,7200.0,144000.0,10.0,300-549,2,False,insufficient_funds,,1,0,rule_based,0.20781507260636115,43200.0,3950.925011467661,False
AC001602,L01,pl_salaried,salaried,T2,hinglish,61-90,80,5600.0,16800.0,117600.0,1.0,300-549,3,True,insufficient_funds,,1,1,rule_based,0.25441164386375775,35280.0,3950.039257981018,False
AC000984,L02,two_wheeler,daily_wage,T1,kanglish,61-90,85,3050.0,9150.0,149450.0,,300-549,1,True,insufficient_funds,,2,2,rule_based,0.1996816289890466,44835.0,3939.726626075757,False
AC001981,L01,credit_card,self_employed,T2,hinglish,31-60,45,9500.0,19000.0,152000.0,,550-649,1,False,insufficient_funds,0.55,0,0,rule_based,0.17842683632157316,50160.0,3938.4505494505493,False
AC000288,L03,pl_salaried,salaried,T1,hinglish,1-30,27,3750.0,3750.0,90000.0,5.0,300-549,2,True,insufficient_funds,0.83,1,0,rule_based,0.1996816289890466,44820.0,3938.3787750800807,False
AC001585,L03,pl_salaried,salaried,T2,hinglish,61-90,84,5450.0,16350.0,92650.0,10.0,300-549,3,False,insufficient_funds,0.66,1,0,rule_based,0.24390302679776363,36689.4,3937.8950701272415,False
AC001922,L01,credit_card,self_employed,T1,english,1-30,16,5250.0,5250.0,131250.0,,300-549,6,False,technical,,0,0,rule_based,0.227266885161622,39375.0,3937.8851214574897,False
AC000095,L02,two_wheeler,daily_wage,T1,kanglish,X,0,3550.0,3550.0,142000.0,,300-549,1,False,insufficient_funds,0.43,1,1,rule_based,0.24390302679776363,36636.0,3932.034080393291,False
AC001239,L01,pl_salaried,salaried,T3,kanglish,61-90,71,5950.0,17850.0,142800.0,10.0,550-649,2,False,insufficient_funds,,3,1,rule_based,0.20781507260636115,42840.0,3917.2589697054304,False
AC001659,L02,consumer_durable,self_employed,T3,english,61-90,72,4000.0,12000.0,144000.0,,300-549,0,False,insufficient_funds,0.38,3,1,rule_based,0.27105703091629474,32832.0,3915.704997569705,False
AC000563,L06,two_wheeler,self_employed,T3,english,90+,132,2950.0,14750.0,120950.0,,300-549,1,False,insufficient_funds,,3,0,rule_based,0.24470740260213944,36285.0,3906.643646538383,False
AC000422,L01,pl_salaried,salaried,T1,english,1-30,5,7650.0,7650.0,99450.0,7.0,550-649,2,False,insufficient_funds,0.61,1,0,rule_based,0.24390302679776363,36398.7,3905.9888956766913,False
AC001760,L01,pl_salaried,salaried,T2,hinglish,X,0,9250.0,9250.0,148000.0,,750-900,0,False,insufficient_funds,,0,0,rule_based,0.1996816289890466,44400.0,3900.638947201151,False
AC001925,L01,pl_salaried,salaried,T2,english,1-30,9,8650.0,8650.0,121100.0,,550-649,3,False,technical,,1,1,rule_based,0.24390302679776363,36330.0,3898.4486336032387,False
AC000814,L01,pl_salaried,salaried,T1,english,90+,98,13450.0,53800.0,134500.0,5.0,300-549,2,True,insufficient_funds,,4,2,rule_based,0.21913344154430744,40350.0,3889.9154648407625,False
AC001721,L03,pl_salaried,salaried,T2,hinglish,X,0,10100.0,10100.0,141400.0,,650-699,2,False,insufficient_funds,,0,0,rule_based,0.20781507260636115,42420.0,3877.9819209828283,False
AC001008,L01,pl_salaried,salaried,T3,hinglish,X,0,6400.0,6400.0,166400.0,,750-900,0,True,insufficient_funds,,1,0,rule_based,0.1765269252535806,49920.0,3876.5008488964345,False
AC000712,L03,consumer_durable,salaried,T1,kanglish,90+,150,2350.0,11750.0,96350.0,10.0,300-549,1,True,insufficient_funds,0.52,3,1,rule_based,0.29288242774169154,30061.199999999997,3872.978756572842,False
AC000514,L03,pl_salaried,salaried,T1,kanglish,1-30,3,6150.0,6150.0,184500.0,30.0,300-549,4,False,insufficient_funds,,0,0,rule_based,0.15897502376631234,55350.0,3870.6704044594244,False
AC000236,L02,two_wheeler,self_employed,T1,hinglish,1-30,27,3300.0,3300.0,112200.0,,650-699,2,True,insufficient_funds,,0,0,rule_based,0.26135278965467645,33660.0,3869.7107048993844,False
AC001842,L03,pl_salaried,salaried,T3,hinglish,90+,110,10950.0,43800.0,164250.0,,300-549,2,False,insufficient_funds,,5,3,rule_based,0.17842683632157316,49275.0,3867.3920618854827,False
AC001727,L03,pl_salaried,salaried,T3,hinglish,90+,226,3950.0,31600.0,130350.0,,300-549,1,True,insufficient_funds,,4,3,rule_based,0.2244512142425028,39105.0,3860.7241298288823,False
AC001132,L06,two_wheeler,salaried,T3,hinglish,31-60,37,3800.0,7600.0,102600.0,1.0,300-549,1,False,stop_payment,,3,2,rule_based,0.28514422034265885,30780.0,3860.532595966168,False
AC000687,L01,pl_salaried,salaried,T2,hinglish,61-90,90,6050.0,18150.0,114950.0,,300-549,1,True,insufficient_funds,,1,1,rule_based,0.25441164386375775,34485.0,3859.0234923887588,False
AC001108,L03,pl_salaried,salaried,T3,hinglish,1-30,14,6100.0,6100.0,140300.0,1.0,550-649,3,False,insufficient_funds,,0,0,rule_based,0.20781507260636115,42090.0,3847.1213827007837,False
AC001308,L01,credit_card,salaried,T1,kanglish,31-60,39,4900.0,9800.0,137200.0,1.0,300-549,3,False,insufficient_funds,,2,2,rule_based,0.21239345018770606,41160.0,3844.951484376692,False
AC001860,L01,credit_card,self_employed,T3,kanglish,31-60,42,7100.0,14200.0,184600.0,,300-549,2,True,stop_payment,0.31,2,2,rule_based,0.2544208892801531,34335.6,3842.0622486854313,False
AC001175,L01,credit_card,salaried,T3,english,90+,144,5600.0,28000.0,162400.0,1.0,300-549,3,False,insufficient_funds,0.39,0,0,rule_based,0.22964205861030154,38001.6,3838.044544518356,False
AC000870,L02,consumer_durable,salaried,T3,english,1-30,9,2700.0,2700.0,118800.0,,300-549,3,False,insufficient_funds,,0,0,rule_based,0.24470740260213944,35640.0,3835.617322933112,False
AC001654,L03,consumer_durable,salaried,T3,english,1-30,20,3050.0,3050.0,106750.0,15.0,300-549,3,False,insufficient_funds,0.41,0,0,rule_based,0.3318761384335155,26260.5,3832.855,False
AC000295,L06,two_wheeler,self_employed,T1,english,1-30,15,4100.0,4100.0,118900.0,,300-549,4,True,insufficient_funds,0.5,1,1,rule_based,0.24390302679776363,35670.0,3826.009434644303,False
AC000890,L01,credit_card,salaried,T2,hinglish,31-60,58,9600.0,19200.0,230400.0,7.0,300-549,1,False,insufficient_funds,0.43,5,2,rule_based,0.14632893709684047,59443.2,3825.2171231357083,False
AC000352,L01,pl_salaried,salaried,T1,kanglish,X,0,10250.0,10250.0,102500.0,,550-649,2,False,insufficient_funds,,0,0,rule_based,0.2817429407694662,30750.0,3809.617942897489,False
AC000332,L02,two_wheeler,salaried,T2,hinglish,31-60,34,4600.0,9200.0,96600.0,,550-649,3,False,insufficient_funds,,2,0,rule_based,0.29845926291137687,28980.0,3803.2072476272656,False
AC001253,L03,consumer_durable,daily_wage,T3,kanglish,61-90,65,3600.0,10800.0,162000.0,,300-549,2,False,insufficient_funds,,3,2,rule_based,0.17773988463643633,48600.0,3798.1712769988626,False
AC000016,L06,two_wheeler,daily_wage,T3,english,90+,324,2300.0,25300.0,112700.0,,300-549,1,False,insufficient_funds,,2,1,random_contact_point,0.2552160196681336,33810.0,3793.984131240819,False
AC001141,L03,pl_salaried,salaried,T3,english,90+,352,5850.0,70200.0,175500.0,15.0,300-549,3,True,insufficient_funds,0.32,4,4,rule_based,0.2544208892801531,33696.0,3768.834828332818,False
AC001353,L06,mfi_jlg,daily_wage,T2,hinglish,90+,434,2050.0,24600.0,108650.0,,300-549,2,False,insufficient_funds,,3,2,rule_based,0.26292199812043665,32595.0,3767.4741379310344,False
AC000138,L01,pl_salaried,salaried,T2,hinglish,90+,94,9000.0,36000.0,90000.0,,300-549,1,True,insufficient_funds,0.53,2,1,rule_based,0.2992813819871274,28620.0,3765.444918612214,False
AC002006,L01,credit_card,salaried,T3,english,31-60,51,8200.0,16400.0,147600.0,7.0,300-549,1,True,insufficient_funds,,1,1,rule_based,0.19341596482864562,44280.0,3765.0065151755925,False
AC001382,L03,consumer_durable,self_employed,T3,hinglish,1-30,20,3850.0,3850.0,88550.0,,300-549,0,False,insufficient_funds,0.51,2,0,rule_based,0.3151046499639138,27096.3,3753.176557067739,False
AC001187,L03,consumer_durable,salaried,T3,hinglish,1-30,7,3000.0,3000.0,81000.0,1.0,650-699,1,True,insufficient_funds,0.69,0,0,rule_based,0.25441164386375775,33533.99999999999,3750.1480293972627,False
AC002153,L03,pl_salaried,salaried,T3,hinglish,61-90,74,4700.0,14100.0,98700.0,1.0,550-649,2,True,technical,,1,0,rule_based,0.2879506458453827,29610.0,3747.798380566802,False
AC000645,L01,credit_card,self_employed,T1,kanglish,31-60,47,4700.0,9400.0,98700.0,,300-549,1,False,insufficient_funds,,2,1,rule_based,0.2879506458453827,29610.0,3747.798380566802,False
AC000750,L06,mfi_jlg,self_employed,T3,kanglish,X,0,1850.0,1850.0,85100.0,,550-649,0,True,stop_payment,0.6,0,0,random_contact_point,0.27810540551231505,30636.0,3745.016741473878,False
AC001101,L02,two_wheeler,salaried,T1,kanglish,1-30,15,3950.0,3950.0,118500.0,,300-549,2,False,insufficient_funds,0.38,1,0,rule_based,0.3151046499639138,27018.0,3742.0738447262606,False
AC001013,L02,two_wheeler,salaried,T1,hinglish,1-30,26,3000.0,3000.0,78000.0,10.0,550-649,1,False,insufficient_funds,0.71,0,0,rule_based,0.2552160196681336,33228.0,3727.143055689735,False
AC002311,L03,pl_salaried,salaried,T2,hinglish,X,0,3600.0,3600.0,118800.0,,550-649,2,False,insufficient_funds,0.53,0,0,rule_based,0.2244512142425028,37778.4,3726.7334884625357,False
AC000706,L01,pl_salaried,salaried,T2,hinglish,31-60,33,12450.0,24900.0,149400.0,1.0,550-649,0,False,technical,0.37,3,1,rule_based,0.2552160196681336,33166.799999999996,3720.114406508074,False
AC000967,L01,credit_card,salaried,T2,hinglish,31-60,44,8450.0,16900.0,92950.0,,300-549,3,False,insufficient_funds,0.76,0,0,rule_based,0.1996816289890466,42385.2,3719.595601461942,False
AC001454,L01,credit_card,self_employed,T2,hinglish,1-30,21,2200.0,2200.0,94600.0,,550-649,2,True,insufficient_funds,0.55,2,1,rule_based,0.27105703091629474,31218.000000000004,3718.836276015201,False
AC001418,L03,consumer_durable,salaried,T2,hinglish,90+,268,2950.0,26550.0,135700.0,30.0,300-549,3,False,insufficient_funds,,8,5,rule_based,0.20781507260636115,40710.0,3718.068222612233,False
AC000120,L02,two_wheeler,salaried,T2,hinglish,90+,432,3400.0,40800.0,68000.0,7.0,300-549,1,False,insufficient_funds,0.72,5,1,rule_based,0.2879506458453827,29376.0,3717.477177559283,False
AC001016,L06,two_wheeler,self_employed,T1,kanglish,1-30,28,2400.0,2400.0,115200.0,,550-649,1,True,insufficient_funds,,2,2,rule_based,0.24390302679776363,34560.0,3704.1798727588202,False
AC001065,L06,two_wheeler,salaried,T1,english,X,0,4100.0,4100.0,139400.0,5.0,650-699,1,False,insufficient_funds,,0,0,rule_based,0.20154940844596017,41820.0,3703.9583175445246,False
AC001391,L01,credit_card,salaried,T3,kanglish,61-90,75,11900.0,35700.0,226100.0,25.0,300-549,0,False,insufficient_funds,0.27,4,1,random_contact_point,0.22964205861030154,36628.200000000004,3696.118863035432,False
AC001678,L03,pl_salaried,salaried,T1,kanglish,61-90,85,3850.0,11550.0,134750.0,25.0,300-549,4,False,stop_payment,0.33,2,1,rule_based,0.3151046499639138,26680.5,3694.217326012991,False
AC000684,L01,credit_card,salaried,T3,kanglish,1-30,6,5850.0,5850.0,134550.0,5.0,650-699,0,False,insufficient_funds,,1,0,rule_based,0.20811415475423786,40365.0,3691.2375354946653,False
AC002251,L01,pl_salaried,salaried,T3,hinglish,31-60,48,5750.0,11500.0,178250.0,,550-649,3,False,insufficient_funds,,1,0,rule_based,0.15707511269831978,53475.0,3690.816243194193,False
AC000266,L02,two_wheeler,salaried,T2,english,61-90,84,4600.0,13800.0,184000.0,1.0,300-549,3,False,insufficient_funds,0.28,3,2,rule_based,0.27105703091629474,30912.000000000004,3681.511722858027,False
AC000529,L02,consumer_durable,salaried,T1,kanglish,X,0,3000.0,3000.0,114000.0,30.0,650-699,4,False,insufficient_funds,,0,0,rule_based,0.24470740260213944,34200.0,3677.046926046926,False
AC000233,L03,consumer_durable,self_employed,T2,hinglish,X,0,2650.0,2650.0,113950.0,,650-699,0,False,insufficient_funds,0.45,0,0,rule_based,0.27186140672067055,30766.5,3674.90078644218,False
AC001998,L01,pl_salaried,salaried,T3,english,31-60,31,6900.0,13800.0,200100.0,,300-549,6,False,insufficient_funds,0.22,2,0,rule_based,0.3151046499639138,26413.2,3656.314963192082,False
AC000493,L02,consumer_durable,salaried,T2,hinglish,31-60,41,3400.0,6800.0,85000.0,5.0,300-549,2,False,stop_payment,0.79,0,0,rule_based,0.2064747992928151,40290.0,3654.491348578384,False
AC000198,L03,consumer_durable,salaried,T3,english,31-60,48,3000.0,6000.0,123000.0,,300-549,3,False,insufficient_funds,,0,0,rule_based,0.2244512142425028,36900.0,3638.0124124967588,False
AC001222,L06,two_wheeler,salaried,T3,english,31-60,60,4700.0,9400.0,112800.0,5.0,300-549,1,False,insufficient_funds,,3,1,rule_based,0.24470740260213944,33840.0,3637.404326825379,False
AC000968,L02,two_wheeler,salaried,T1,kanglish,1-30,11,3200.0,3200.0,108800.0,,300-549,3,True,insufficient_funds,0.52,0,0,rule_based,0.24390302679776363,33945.6,3636.7455639097743,False
AC001521,L04,mfi_jlg,self_employed,T1,hinglish,1-30,23,1950.0,1950.0,91650.0,,650-699,2,True,insufficient_funds,0.55,0,0,rule_based,0.27105703091629474,30244.500000000004,3600.092967196545,False
AC001511,L06,two_wheeler,daily_wage,T1,english,X,0,3250.0,3250.0,91000.0,,650-699,2,False,insufficient_funds,0.66,0,0,rule_based,0.227266885161622,36036.0,3596.4052631578948,False
AC001356,L01,pl_salaried,salaried,T3,english,90+,232,5400.0,43200.0,86400.0,,300-549,3,False,insufficient_funds,0.5,1,1,rule_based,0.3151046499639138,25920.0,3586.3806371790906,False
AC002264,L02,two_wheeler,salaried,T3,hinglish,31-60,50,3450.0,6900.0,134550.0,30.0,300-549,1,False,insufficient_funds,,2,0,rule_based,0.20154940844596017,40365.0,3571.993842364532,False
AC000483,L03,pl_salaried,salaried,T2,hinglish,1-30,1,3250.0,3250.0,120250.0,,750-900,3,False,insufficient_funds,,0,0,rule_based,0.2252555900468786,36075.0,3567.7429349235153,False
AC000517,L01,credit_card,self_employed,T1,english,90+,238,7300.0,58400.0,299300.0,,300-549,0,False,mandate_not_registered,0.19,2,0,rule_based,0.23777550222761615,34120.2,3561.8264609980183,False
AC001046,L04,mfi_jlg,self_employed,T3,kanglish,90+,474,2100.0,25200.0,119700.0,,300-549,3,False,insufficient_funds,,2,2,rule_based,0.2252555900468786,35910.0,3551.0177073625346,False
AC001170,L01,credit_card,self_employed,T1,english,1-30,4,6550.0,6550.0,117900.0,,550-649,0,False,insufficient_funds,,0,0,rule_based,0.227266885161622,35370.0,3528.2933776749564,False
AC000012,L02,consumer_durable,salaried,T1,kanglish,X,0,3950.0,3950.0,161950.0,,550-649,2,False,stop_payment,,0,0,rule_based,0.16520855631563436,48585.0,3522.9959688677927,False
AC000491,L01,pl_salaried,self_employed,T3,hinglish,90+,130,7750.0,38750.0,209250.0,,300-549,4,False,insufficient_funds,0.25,5,2,rule_based,0.2552160196681336,31387.5,3515.766767800095,False
AC000430,L03,pl_salaried,self_employed,T2,hinglish,1-30,28,11800.0,11800.0,94400.0,,300-549,1,False,insufficient_funds,0.52,0,0,rule_based,0.27186140672067055,29452.8,3514.1858379381547,False
AC000330,L03,pl_salaried,self_employed,T3,kanglish,1-30,2,4650.0,4650.0,93000.0,,300-549,2,False,insufficient_funds,0.58,0,0,rule_based,0.24628744566283856,32363.999999999993,3497.8811011444473,False
AC002326,L03,pl_salaried,salaried,T2,hinglish,1-30,19,5200.0,5200.0,78000.0,25.0,550-649,1,False,insufficient_funds,0.69,2,2,rule_based,0.24628744566283856,32291.999999999993,3489.901387904971,False
AC001649,L01,pl_salaried,salaried,T1,hinglish,1-30,11,6200.0,6200.0,173600.0,5.0,300-549,4,False,insufficient_funds,,2,2,rule_based,0.15270935960591134,52080.0,3489.8965517241386,False
AC002091,L02,two_wheeler,salaried,T1,english,31-60,52,4500.0,9000.0,166500.0,,550-649,0,False,insufficient_funds,,5,3,rule_based,0.15897502376631234,49950.0,3484.3610967072855,False
AC001208,L06,two_wheeler,self_employed,T3,hinglish,31-60,59,3950.0,7900.0,185650.0,,300-549,1,False,insufficient_funds,0.28,2,0,rule_based,0.2544208892801531,31189.200000000004,3481.832799971449,False
AC000182,L03,consumer_durable,salaried,T3,english,61-90,83,3900.0,11700.0,120900.0,10.0,300-549,0,True,insufficient_funds,0.38,5,0,rule_based,0.28782851938589643,27565.2,3481.3228161592506,False
AC002237,L06,two_wheeler,self_employed,T1,english,90+,128,4700.0,23500.0,103400.0,,300-549,2,False,insufficient_funds,,0,0,rule_based,0.2552160196681336,31020.0,3473.560418547477,False
AC001764,L02,two_wheeler,salaried,T2,english,1-30,5,4250.0,4250.0,106250.0,7.0,700-749,2,False,insufficient_funds,,2,1,rule_based,0.2481459797033568,31875.0,3470.3438963700246,False
AC000334,L06,two_wheeler,salaried,T3,hinglish,1-30,15,3450.0,3450.0,69000.0,28.0,550-649,0,False,insufficient_funds,0.99,2,1,rule_based,0.19266406439505293,40986.0,3464.438204483038,False
AC001601,L01,credit_card,salaried,T2,hinglish,31-60,51,4200.0,8400.0,134400.0,,300-549,2,False,insufficient_funds,0.43,2,1,rule_based,0.227266885161622,34675.2,3457.2361133603235,False
AC002115,L01,pl_salaried,salaried,T1,kanglish,X,0,5650.0,5650.0,129950.0,30.0,550-649,2,True,insufficient_funds,0.44,0,0,random_contact_point,0.22964205861030154,34306.799999999996,3456.2278793493515,False
AC001373,L03,consumer_durable,salaried,T3,kanglish,90+,93,2850.0,11400.0,76950.0,,300-549,4,False,insufficient_funds,0.56,2,1,random_contact_point,0.3045960328979197,25855.200000000004,3454.926107402033,False
AC001779,L02,consumer_durable,salaried,T3,english,90+,170,3400.0,20400.0,81600.0,1.0,300-549,2,True,insufficient_funds,0.7,4,2,rule_based,0.22964205861030154,34272.0,3452.6316847115145,False
AC000232,L03,pl_salaried,salaried,T1,english,31-60,33,12200.0,24400.0,207400.0,5.0,300-549,2,False,insufficient_funds,0.2,2,0,rule_based,0.3151046499639138,24888.0,3440.046037735849,False
AC000337,L03,pl_salaried,salaried,T3,hinglish,31-60,40,5950.0,11900.0,196350.0,,300-549,2,False,insufficient_funds,0.27,2,2,rule_based,0.24628744566283856,31808.699999999997,3436.337562784989,False
AC001690,L06,two_wheeler,salaried,T2,hinglish,X,0,3450.0,3450.0,82800.0,,650-699,1,False,insufficient_funds,0.68,0,0,rule_based,0.22964205861030154,33782.4,3402.036946358493,False
AC001954,L03,pl_salaried,salaried,T2,hinglish,1-30,8,5900.0,5900.0,118000.0,,550-649,1,False,insufficient_funds,,0,0,rule_based,0.21913344154430744,35400.0,3401.7957238008175,False
AC000956,L03,pl_salaried,salaried,T2,hinglish,61-90,81,6750.0,20250.0,101250.0,,300-549,3,False,insufficient_funds,,2,0,rule_based,0.2552160196681336,30375.0,3399.4839688388015,False
AC000908,L02,consumer_durable,salaried,T1,kanglish,1-30,10,3450.0,3450.0,103500.0,,300-549,3,True,insufficient_funds,,2,1,rule_based,0.2481459797033568,31050.0,3378.219701405153,False
AC000520,L02,consumer_durable,salaried,T3,hinglish,31-60,32,2450.0,4900.0,73500.0,25.0,550-649,0,False,insufficient_funds,0.84,2,1,rule_based,0.20781507260636115,37044.0,3375.235697333519,False
AC001964,L03,consumer_durable,salaried,T1,english,1-30,13,3450.0,3450.0,113850.0,5.0,300-549,2,False,insufficient_funds,,0,0,rule_based,0.2252555900468786,34155.0,3373.1221051230123,False
AC000740,L03,consumer_durable,salaried,T3,kanglish,31-60,46,3350.0,6700.0,113900.0,30.0,300-549,3,True,insufficient_funds,,0,0,rule_based,0.2244512142425028,34170.0,3362.2740957998444,False
AC001296,L01,pl_salaried,salaried,T2,hinglish,90+,99,3700.0,14800.0,133200.0,,300-549,1,False,insufficient_funds,,5,3,rule_based,0.1916706413110906,39960.0,3357.6214720560315,False
AC001660,L03,pl_salaried,salaried,T3,hinglish,1-30,7,6300.0,6300.0,88200.0,25.0,550-649,3,False,technical,0.66,0,0,rule_based,0.21913344154430744,34927.2,3355.1728927778504,False
AC000388,L04,mfi_jlg,daily_wage,T2,hinglish,90+,207,1750.0,12250.0,80500.0,,300-549,2,False,insufficient_funds,0.8,3,3,rule_based,0.19796285585759268,38640.0,3353.1781376518215,False
AC000432,L05,msme,self_employed,T3,hinglish,1-30,18,26150.0,26150.0,235350.0,,550-649,3,True,insufficient_funds,0.21,1,0,rule_based,0.2552160196681336,29654.1,3316.6906159783603,False
AC001134,L01,credit_card,salaried,T3,kanglish,61-90,62,6950.0,20850.0,159850.0,30.0,300-549,1,False,technical,,0,0,rule_based,0.15707511269831978,47955.0,3300.6416632515666,False
AC001493,L01,pl_salaried,salaried,T2,hinglish,90+,96,8250.0,33000.0,82500.0,,300-549,1,False,insufficient_funds,0.78,5,3,rule_based,0.19507222337411015,38610.0,3300.282345013477,False
AC000983,L01,credit_card,self_employed,T3,hinglish,61-90,72,3850.0,11550.0,57750.0,,300-549,1,False,stop_payment,1.0,0,0,rule_based,0.21730637046635137,34650.0,3299.3495814965836,False
AC000603,L01,pl_salaried,salaried,T1,kanglish,1-30,11,5700.0,5700.0,262200.0,,300-549,3,False,insufficient_funds,0.23,2,0,rule_based,0.20781507260636115,36183.6,3294.773857521788,False
AC000143,L02,two_wheeler,daily_wage,T1,kanglish,X,0,2250.0,2250.0,92250.0,,550-649,1,False,stop_payment,,1,1,rule_based,0.27105703091629474,27675.0,3286.6764987738056,False
AC000932,L02,two_wheeler,self_employed,T2,hinglish,1-30,22,3700.0,3700.0,99900.0,,550-649,2,False,stop_payment,0.49,0,0,rule_based,0.2552160196681336,29370.6,3284.1314322691983,False
AC001758,L06,two_wheeler,salaried,T1,kanglish,1-30,28,2550.0,2550.0,91800.0,10.0,550-649,0,False,insufficient_funds,,0,0,rule_based,0.27105703091629474,27540.0,3270.2097841456407,False
AC002075,L06,two_wheeler,daily_wage,T3,kanglish,90+,321,3650.0,40150.0,80300.0,,300-549,2,False,insufficient_funds,0.57,4,2,rule_based,0.27105703091629474,27462.599999999995,3260.7688677588258,False
AC001817,L06,two_wheeler,daily_wage,T2,english,1-30,17,2850.0,2850.0,91200.0,,300-549,2,True,insufficient_funds,,1,0,rule_based,0.27186140672067055,27360.0,3258.157639544896,False
AC001580,L06,two_wheeler,daily_wage,T3,english,90+,189,2450.0,17150.0,120050.0,,300-549,1,False,technical,0.35,3,1,rule_based,0.29288242774169154,25210.5,3233.670600061862,False
AC002377,L02,two_wheeler,self_employed,T1,hinglish,1-30,16,4500.0,4500.0,103500.0,,700-749,5,False,insufficient_funds,,0,0,random_contact_point,0.23777550222761615,31050.0,3233.3182048753665,False
AC000185,L06,two_wheeler,salaried,T3,hinglish,1-30,26,3950.0,3950.0,82950.0,,550-649,3,False,insufficient_funds,0.74,1,1,rule_based,0.1996816289890466,36829.799999999996,3220.4055067033546,False
AC000775,L01,pl_salaried,salaried,T1,kanglish,90+,111,6350.0,25400.0,171450.0,7.0,300-549,2,True,insufficient_funds,0.29,5,4,rule_based,0.24628744566283856,29832.3,3217.2944343613744,False
AC001082,L03,consumer_durable,salaried,T1,kanglish,90+,100,2050.0,8200.0,90200.0,,300-549,2,False,stop_payment,,1,1,random_contact_point,0.27105703091629474,27060.0,3211.661465467721,False
AC001022,L02,two_wheeler,salaried,T1,kanglish,X,0,2800.0,2800.0,89600.0,1.0,300-549,4,False,stop_payment,0.5,1,0,rule_based,0.27105703091629474,26880.0,3189.7058459635014,False
AC000066,L03,pl_salaried,salaried,T3,kanglish,X,0,4150.0,4150.0,107900.0,,300-549,2,False,insufficient_funds,,0,0,rule_based,0.2244512142425028,32370.0,3180.468612263417,False
AC001955,L06,two_wheeler,salaried,T3,english,X,0,2700.0,2700.0,118800.0,,550-649,1,False,insufficient_funds,0.39,0,0,rule_based,0.26135278965467645,27799.2,3180.429311575727,False
AC000079,L06,two_wheeler,salaried,T1,english,31-60,58,4450.0,8900.0,89000.0,30.0,300-549,0,True,insufficient_funds,,2,1,rule_based,0.27186140672067055,26700.0,3177.414801748857,False
AC001460,L03,pl_salaried,salaried,T3,hinglish,90+,180,7150.0,42900.0,185900.0,1.0,300-549,2,False,stop_payment,0.24,2,1,rule_based,0.27105703091629474,26769.6,3176.2397326675796,False
AC002385,L02,two_wheeler,salaried,T3,kanglish,31-60,54,3000.0,6000.0,126000.0,1.0,300-549,2,False,insufficient_funds,0.48,1,1,rule_based,0.1996816289890466,36288.0,3171.7211287395353,False
AC000125,L06,two_wheeler,daily_wage,T3,english,1-30,15,4000.0,4000.0,112000.0,,550-649,4,True,insufficient_funds,0.4,1,0,rule_based,0.2695048204069073,26880.0,3170.930307641951,False
AC002289,L01,pl_salaried,salaried,T2,hinglish,1-30,10,8950.0,8950.0,89500.0,15.0,550-649,0,False,insufficient_funds,0.53,0,0,rule_based,0.2544208892801531,28461.0,3169.482818411097,False
AC000665,L05,msme,self_employed,T3,english,1-30,19,39500.0,39500.0,1185000.0,,300-549,4,False,insufficient_funds,0.04,3,1,rule_based,0.25441164386375775,28440.0,3166.9602181683717,False
AC000801,L02,two_wheeler,salaried,T2,hinglish,31-60,57,4550.0,9100.0,77350.0,28.0,550-649,2,False,mandate_not_registered,0.75,1,0,rule_based,0.20781507260636115,34807.5,3166.085412885662,False
AC000637,L02,consumer_durable,salaried,T1,kanglish,61-90,62,1450.0,4350.0,42050.0,1.0,300-549,4,False,insufficient_funds,0.97,1,0,rule_based,0.2949627047811609,24473.1,3159.3932966709226,False
AC001996,L01,pl_salaried,self_employed,T2,hinglish,1-30,10,7400.0,7400.0,125800.0,,550-649,2,False,insufficient_funds,0.39,0,0,rule_based,0.24470740260213944,29437.2,3152.5753383458646,False
AC001024,L02,consumer_durable,salaried,T1,english,1-30,13,2850.0,2850.0,94050.0,1.0,550-649,3,True,insufficient_funds,,2,1,rule_based,0.2552160196681336,28215.0,3151.413997721376,False
AC000180,L06,two_wheeler,daily_wage,T2,hinglish,61-90,70,2850.0,8550.0,76950.0,,300-549,2,False,insufficient_funds,0.9,2,1,rule_based,0.1719924812030075,41553.0,3127.061607142857,False
AC001707,L01,credit_card,salaried,T3,hinglish,61-90,65,7250.0,21750.0,166750.0,1.0,300-549,2,False,insufficient_funds,0.28,2,1,rule_based,0.25441164386375775,28014.000000000004,3118.1895060396896,False
AC001841,L06,two_wheeler,self_employed,T1,hinglish,61-90,76,2800.0,8400.0,114800.0,,300-549,3,False,insufficient_funds,0.46,1,0,rule_based,0.2244512142425028,31684.8,3111.2613248638836,False
AC001663,L01,credit_card,salaried,T2,hinglish,31-60,35,5250.0,10500.0,136500.0,10.0,300-549,1,False,insufficient_funds,0.34,1,0,rule_based,0.2552160196681336,27846.0,3109.035377655482,False
AC000525,L03,pl_salaried,salaried,T3,hinglish,1-30,29,15200.0,15200.0,197600.0,15.0,300-549,3,True,insufficient_funds,0.22,0,0,rule_based,0.27186140672067055,26083.2,3101.9569496994677,False
AC000148,L03,pl_salaried,salaried,T2,hinglish,1-30,1,10850.0,10850.0,86800.0,,300-549,3,True,insufficient_funds,,1,1,rule_based,0.27186140672067055,26040.0,3096.671963952818,False
AC001505,L03,pl_salaried,salaried,T3,english,1-30,21,9250.0,9250.0,175750.0,7.0,550-649,2,False,insufficient_funds,0.49,0,0,random_contact_point,0.13683634373289544,51670.5,3092.681034482758,False
AC000063,L01,pl_salaried,salaried,T3,hinglish,31-60,37,5000.0,10000.0,155000.0,25.0,300-549,3,True,insufficient_funds,0.34,4,3,rule_based,0.22337639444990054,31620.000000000004,3089.4227166276355,False
AC000791,L02,two_wheeler,salaried,T2,hinglish,X,0,2900.0,2900.0,98600.0,15.0,550-649,1,False,insufficient_funds,0.44,0,0,rule_based,0.27105703091629474,26030.399999999998,3086.0753219035832,False
AC000160,L03,consumer_durable,self_employed,T1,kanglish,31-60,48,3000.0,6000.0,138000.0,,300-549,2,False,insufficient_funds,0.41,1,0,rule_based,0.20781507260636115,33948.0,3085.707738178337,False
AC001877,L06,two_wheeler,salaried,T3,english,1-30,5,3650.0,3650.0,116800.0,1.0,550-649,1,True,insufficient_funds,,1,0,rule_based,0.2012965105070368,35040.0,3085.0433776749564,False
AC000359,L03,pl_salaried,salaried,T2,hinglish,1-30,17,9250.0,9250.0,111000.0,,300-549,0,False,insufficient_funds,0.47,1,0,rule_based,0.2244512142425028,31302.0,3072.59735869847,False
AC000626,L02,two_wheeler,salaried,T1,kanglish,90+,349,4400.0,52800.0,96800.0,1.0,300-549,1,False,insufficient_funds,,6,4,rule_based,0.24109660129503982,29040.0,3061.6503857235807,False
AC000068,L03,consumer_durable,self_employed,T1,hinglish,31-60,59,1900.0,3800.0,85500.0,,300-549,1,False,insufficient_funds,0.53,0,0,rule_based,0.25441164386375775,27189.0,3023.7391832552694,False
AC001426,L01,pl_salaried,salaried,T2,english,1-30,10,7550.0,7550.0,90600.0,30.0,300-549,4,False,insufficient_funds,,1,1,rule_based,0.25441164386375775,27180.0,3022.708816097621,False
AC001241,L01,credit_card,self_employed,T2,hinglish,1-30,9,2100.0,2100.0,100800.0,,550-649,1,False,insufficient_funds,0.42,1,1,rule_based,0.27186140672067055,25401.6,3018.571619030103,False
AC001801,L01,pl_salaried,salaried,T2,hinglish,X,0,10550.0,10550.0,84400.0,,550-649,2,True,insufficient_funds,,0,0,rule_based,0.27186140672067055,25320.0,3008.5888681753204,False
AC001469,L02,consumer_durable,daily_wage,T3,english,31-60,37,2000.0,4000.0,90000.0,,300-549,6,False,stop_payment,,0,0,rule_based,0.25441164386375775,27000.0,3002.1014729446565,False
AC000925,L01,credit_card,salaried,T1,english,61-90,68,5800.0,17400.0,87000.0,,300-549,2,False,insufficient_funds,,3,1,rule_based,0.26135278965467645,26100.0,2980.588514494175,False
AC000602,L06,mfi_jlg,self_employed,T3,hinglish,X,0,1950.0,1950.0,83850.0,,550-649,1,False,insufficient_funds,,1,1,rule_based,0.27105703091629474,25155.0,2979.2978257147274,False
AC000096,L02,consumer_durable,salaried,T3,english,1-30,17,3400.0,3400.0,91800.0,7.0,550-649,5,False,technical,,2,0,rule_based,0.2466989458788529,27540.0,2968.3400362766242,False
AC002111,L04,mfi_jlg,daily_wage,T3,hinglish,61-90,63,2000.0,6000.0,94000.0,,550-649,1,False,insufficient_funds,0.59,1,1,random_contact_point,0.20408592472630305,33276.0,2967.0234540366073,False
AC002039,L06,two_wheeler,self_employed,T1,english,1-30,11,2400.0,2400.0,88800.0,,650-699,1,True,insufficient_funds,,0,0,rule_based,0.25441164386375775,26640.0,2960.8867866387277,False
AC002100,L02,consumer_durable,salaried,T1,kanglish,90+,95,3150.0,12600.0,122850.0,15.0,300-549,3,False,technical,,4,2,rule_based,0.18356374807987708,36855.0,2955.358870967741,False
AC002026,L02,two_wheeler,salaried,T1,english,31-60,48,3750.0,7500.0,105000.0,10.0,300-549,2,False,technical,,2,2,rule_based,0.21459899749373434,31500.0,2952.9407894736846,False
AC000974,L06,two_wheeler,daily_wage,T2,hinglish,1-30,1,2500.0,2500.0,100000.0,,300-549,0,False,stop_payment,0.39,1,1,rule_based,0.28863289519027224,23400.0,2950.3043863535668,False
AC001851,L02,two_wheeler,self_employed,T2,hinglish,1-30,10,3450.0,3450.0,120750.0,,300-549,5,True,insufficient_funds,0.41,0,0,rule_based,0.227266885161622,29704.5,2948.8821356275303,False
AC002360,L02,consumer_durable,salaried,T3,kanglish,1-30,8,4100.0,4100.0,94300.0,,550-649,0,False,insufficient_funds,,0,0,rule_based,0.23777550222761615,28290.0,2938.001031108667,False
AC000320,L06,two_wheeler,salaried,T3,english,1-30,12,3800.0,3800.0,64600.0,5.0,650-699,0,False,insufficient_funds,0.73,1,1,rule_based,0.2376373626373626,28294.8,2936.755741758241,False
AC001146,L03,pl_salaried,salaried,T2,hinglish,31-60,37,3100.0,6200.0,105400.0,1.0,300-549,1,False,insufficient_funds,0.45,3,2,rule_based,0.23577882859684443,28458.0,2930.4072568940496,False
AC000598,L03,pl_salaried,salaried,T3,hinglish,1-30,16,9150.0,9150.0,183000.0,5.0,550-649,3,False,insufficient_funds,0.36,1,0,rule_based,0.16960644101912178,39528.0,2927.891530271731,False
AC002031,L02,consumer_durable,self_employed,T1,hinglish,90+,115,2800.0,11200.0,98000.0,,300-549,1,True,technical,0.42,3,2,rule_based,0.27105703091629474,24696.0,2923.3109959789667,False
AC000543,L01,pl_salaried,salaried,T2,hinglish,1-30,3,10750.0,10750.0,75250.0,1.0,300-549,1,False,mandate_not_registered,0.64,0,0,rule_based,0.23150983806721515,28896.0,2921.368726355612,False
AC002238,L06,two_wheeler,salaried,T1,english,31-60,43,3800.0,7600.0,106400.0,30.0,300-549,4,False,mandate_not_registered,0.44,1,0,rule_based,0.23777550222761615,28089.6,2916.558436317781,False
AC002126,L02,two_wheeler,salaried,T1,english,31-60,51,2900.0,5800.0,110200.0,,550-649,2,False,insufficient_funds,0.53,1,0,rule_based,0.1903847567775918,35043.6,2913.295268175047,False
AC000769,L06,two_wheeler,salaried,T2,hinglish,61-90,87,2250.0,6750.0,103500.0,5.0,300-549,1,True,insufficient_funds,0.49,2,1,rule_based,0.21913344154430744,30429.0,2911.605171738279,False
AC000328,L02,two_wheeler,self_employed,T3,english,1-30,27,4600.0,4600.0,151800.0,,300-549,3,True,mandate_not_registered,0.27,1,1,rule_based,0.27105703091629474,24591.6,2910.576736666519,False
AC001718,L01,credit_card,salaried,T1,kanglish,31-60,38,6500.0,13000.0,136500.0,1.0,300-549,2,False,mandate_not_registered,0.3,1,0,rule_based,0.27105703091629474,24570.0,2907.942062326013,False
AC000919,L01,pl_salaried,salaried,T1,kanglish,61-90,64,5400.0,16200.0,86400.0,,300-549,4,True,insufficient_funds,0.72,4,2,rule_based,0.17842683632157316,37324.799999999996,2907.885691150954,False
AC000826,L01,pl_salaried,salaried,T3,hinglish,90+,113,7200.0,28800.0,129600.0,10.0,300-549,2,True,technical,0.36,5,3,rule_based,0.23777550222761615,27993.6,2906.2865346215476,False
AC000627,L04,mfi_jlg,daily_wage,T1,kanglish,90+,182,2200.0,15400.0,116600.0,,300-549,0,False,insufficient_funds,,5,4,rule_based,0.18982941224027808,34980.0,2899.1047780742174,False
AC001919,L01,pl_salaried,salaried,T2,hinglish,31-60,58,9050.0,18100.0,108600.0,,300-549,1,False,insufficient_funds,0.48,1,1,rule_based,0.21180512757303097,31276.8,2892.063976334279,False
AC002175,L02,two_wheeler,self_employed,T1,english,90+,102,2250.0,9000.0,92250.0,,300-549,1,True,insufficient_funds,0.47,3,1,rule_based,0.25441164386375775,26014.5,2889.2762691821767,False
AC002102,L02,two_wheeler,self_employed,T1,kanglish,31-60,46,3850.0,7700.0,84700.0,,550-649,1,False,insufficient_funds,0.54,1,1,rule_based,0.24109660129503982,27442.8,2888.3646145087837,False
AC002369,L01,pl_salaried,salaried,T2,hinglish,61-90,82,5400.0,16200.0,70200.0,15.0,300-549,0,True,insufficient_funds,1.0,1,0,rule_based,0.15707511269831978,42120.0,2888.201686083953,False
AC000162,L01,credit_card,salaried,T3,english,31-60,60,3200.0,6400.0,112000.0,1.0,300-549,1,False,insufficient_funds,0.49,1,1,rule_based,0.1996816289890466,32928.0,2869.8025057080968,False
AC001951,L03,pl_salaried,salaried,T3,kanglish,1-30,12,5050.0,5050.0,85850.0,,300-549,1,False,stop_payment,,1,1,rule_based,0.2544208892801531,25755.0,2859.6745015346546,False
AC001658,L01,pl_salaried,salaried,T1,kanglish,61-90,84,5650.0,16950.0,146900.0,15.0,300-549,1,False,insufficient_funds,,2,2,random_contact_point,0.14835164835164835,44070.0,2853.035714285714,False
AC000777,L01,credit_card,salaried,T2,hinglish,90+,96,1750.0,7000.0,78750.0,,300-549,2,True,insufficient_funds,0.67,0,0,random_contact_point,0.20453549419922287,31657.5,2824.7870834253545,False
AC001364,L06,mfi_jlg,daily_wage,T3,hinglish,31-60,55,1900.0,3800.0,93100.0,,300-549,4,False,insufficient_funds,,1,1,rule_based,0.23150983806721515,27930.0,2820.7313997477936,False
AC002063,L02,consumer_durable,salaried,T3,english,1-30,21,2350.0,2350.0,61100.0,,550-649,2,False,insufficient_funds,0.71,0,0,rule_based,0.2481459797033568,26028.6,2817.501601288057,False
AC001019,L03,consumer_durable,self_employed,T1,hinglish,1-30,20,4150.0,4150.0,74700.0,,550-649,1,False,insufficient_funds,0.74,0,0,rule_based,0.194376026272578,33166.799999999996,2812.0738546798025,False
AC001152,L01,pl_salaried,self_employed,T1,english,61-90,77,8350.0,25050.0,116900.0,,300-549,4,False,insufficient_funds,0.36,3,1,rule_based,0.2552160196681336,25250.399999999998,2810.9379623627083,False
AC001785,L06,two_wheeler,self_employed,T1,hinglish,90+,111,3500.0,14000.0,98000.0,,300-549,1,False,insufficient_funds,0.46,4,2,rule_based,0.23777550222761615,27048.0,2805.1083029136526,False
AC001483,L06,two_wheeler,salaried,T2,hinglish,1-30,4,3250.0,3250.0,94250.0,1.0,300-549,2,True,insufficient_funds,,0,0,rule_based,0.227266885161622,28275.0,2802.687030075188,False
AC000275,L04,mfi_jlg,daily_wage,T1,kanglish,31-60,41,1950.0,3900.0,50700.0,,700-749,0,True,insufficient_funds,0.94,0,0,random_contact_point,0.2244512142425028,28594.8,2799.1619114596833,False
AC001490,L03,pl_salaried,salaried,T3,english,61-90,72,5250.0,15750.0,84000.0,,300-549,1,False,insufficient_funds,,0,0,rule_based,0.25441164386375775,25200.0,2796.028041415013,False
AC000692,L06,two_wheeler,salaried,T2,hinglish,1-30,1,3650.0,3650.0,175200.0,,550-649,1,False,insufficient_funds,0.33,1,1,rule_based,0.1846603688708952,34689.6,2793.607449392713,False
AC002058,L03,consumer_durable,self_employed,T2,hinglish,31-60,32,2450.0,4900.0,75950.0,,300-549,3,True,insufficient_funds,0.74,2,2,rule_based,0.18982941224027808,33721.799999999996,2791.625263157894,False
AC001614,L06,two_wheeler,salaried,T3,hinglish,90+,185,3900.0,27300.0,140400.0,7.0,300-549,2,True,insufficient_funds,0.28,1,0,rule_based,0.27105703091629474,23587.200000000004,2788.064379832973,False
AC001237,L01,credit_card,salaried,T1,kanglish,X,0,11900.0,11900.0,83300.0,5.0,550-649,4,False,technical,,0,0,rule_based,0.2552160196681336,24990.0,2781.0317491779965,False
AC000006,L03,pl_salaried,salaried,T1,english,X,0,4250.0,4250.0,89250.0,,550-649,0,False,insufficient_funds,,0,0,rule_based,0.23777550222761615,26775.0,2775.89758246499,False
AC002169,L06,two_wheeler,daily_wage,T3,kanglish,31-60,44,2800.0,5600.0,95200.0,,300-549,5,True,insufficient_funds,,1,1,rule_based,0.221001221001221,28560.0,2751.307692307692,False
AC002120,L06,two_wheeler,salaried,T2,hinglish,1-30,29,4200.0,4200.0,75600.0,10.0,650-699,3,False,insufficient_funds,0.85,0,0,rule_based,0.16351758208259237,38556.0,2748.062752649394,False
AC000109,L06,two_wheeler,salaried,T3,hinglish,31-60,52,2850.0,5700.0,91200.0,1.0,300-549,3,False,mandate_not_registered,0.81,1,1,rule_based,0.1422103646212305,44323.2,2747.4482949308754,False
AC001072,L02,consumer_durable,salaried,T3,kanglish,90+,107,2200.0,8800.0,92400.0,,300-549,2,True,insufficient_funds,,1,1,rule_based,0.227266885161622,27720.0,2745.927125506073,False
AC000935,L02,two_wheeler,salaried,T2,hinglish,X,0,2800.0,2800.0,92400.0,,300-549,3,True,insufficient_funds,,0,0,rule_based,0.227266885161622,27720.0,2745.927125506073,False
AC000308,L01,credit_card,salaried,T2,english,90+,248,3200.0,28800.0,70400.0,,300-549,0,True,stop_payment,0.77,8,7,rule_based,0.19360529664397086,32524.8,2744.6380985286205,False
AC002101,L01,credit_card,self_employed,T3,hinglish,1-30,2,5850.0,5850.0,87750.0,,300-549,0,False,insufficient_funds,,1,0,rule_based,0.23777550222761615,26325.0,2727.7480432638977,False
AC002182,L06,msme,self_employed,T1,hinglish,90+,720,18150.0,217800.0,580800.0,,300-549,3,False,insufficient_funds,0.08,4,2,rule_based,0.2244512142425028,27878.399999999998,2726.8033290121853,False
AC000809,L06,two_wheeler,daily_wage,T1,kanglish,61-90,88,3550.0,10650.0,81650.0,,300-549,3,False,insufficient_funds,,2,0,rule_based,0.2552160196681336,24495.0,2724.18238079692,False
AC000335,L06,two_wheeler,daily_wage,T1,english,1-30,14,3400.0,3400.0,81600.0,,650-699,2,False,insufficient_funds,0.55,1,0,rule_based,0.23150983806721515,26928.0,2716.343613763286,False
AC001962,L02,consumer_durable,salaried,T1,english,1-30,16,2300.0,2300.0,43700.0,30.0,550-649,0,True,technical,0.93,1,1,rule_based,0.2552160196681336,24384.6,2711.503248939807,False
AC001986,L04,mfi_jlg,daily_wage,T1,hinglish,X,0,2150.0,2150.0,94600.0,,300-549,2,False,insufficient_funds,0.43,0,0,rule_based,0.2544208892801531,24406.8,2705.3198922172783,False
AC000078,L06,mfi_jlg,daily_wage,T3,hinglish,90+,220,1950.0,15600.0,101400.0,,300-549,1,False,insufficient_funds,0.39,3,3,rule_based,0.26054841385030064,23727.6,2692.984845013477,False
AC000124,L01,credit_card,salaried,T1,hinglish,1-30,11,7350.0,7350.0,80850.0,,300-549,2,False,insufficient_funds,,0,0,rule_based,0.2544208892801531,24255.0,2687.9404012705513,False
AC000383,L01,pl_salaried,salaried,T2,english,X,0,11550.0,11550.0,80850.0,1.0,550-649,2,False,insufficient_funds,,0,0,rule_based,0.25441164386375775,24255.0,2687.83948986195,False
AC000439,L06,mfi_jlg,daily_wage,T2,hinglish,X,0,2150.0,2150.0,94600.0,,700-749,0,False,insufficient_funds,0.4,2,0,rule_based,0.27105703091629474,22704.0,2680.3354734656,False
AC000952,L02,consumer_durable,daily_wage,T2,hinglish,90+,313,3650.0,40150.0,80300.0,,300-549,3,False,insufficient_funds,,1,0,random_contact_point,0.2552160196681336,24090.0,2677.6692612124025,False
AC000567,L06,mfi_jlg,self_employed,T3,kanglish,1-30,24,1750.0,1750.0,80500.0,,300-549,4,False,insufficient_funds,,1,1,rule_based,0.2544208892801531,24150.0,2675.919014252064,False
AC000400,L02,consumer_durable,daily_wage,T3,hinglish,31-60,38,2500.0,5000.0,90000.0,,300-549,3,True,technical,,2,2,rule_based,0.227266885161622,27000.0,2672.292654713707,False
AC000871,L01,credit_card,self_employed,T2,hinglish,90+,175,1950.0,11700.0,79950.0,,300-549,1,True,insufficient_funds,,2,1,rule_based,0.2552160196681336,23985.0,2665.610304283083,False
AC002022,L01,pl_salaried,salaried,T1,hinglish,1-30,7,4550.0,4550.0,68250.0,,550-649,2,False,insufficient_funds,0.79,1,1,rule_based,0.18865848113952266,32350.5,2657.4382873468576,False
AC000371,L02,two_wheeler,self_employed,T1,kanglish,90+,106,4700.0,18800.0,79900.0,,300-549,3,True,insufficient_funds,,1,1,rule_based,0.25441164386375775,23970.0,2655.211196536423,False
AC000650,L01,pl_salaried,salaried,T1,kanglish,61-90,66,4100.0,12300.0,65600.0,,300-549,4,False,insufficient_funds,0.69,1,1,rule_based,0.2244512142425028,27158.399999999998,2654.0811355976143,False
AC000309,L03,pl_salaried,salaried,T3,hinglish,31-60,41,4050.0,8100.0,85050.0,10.0,300-549,2,False,insufficient_funds,0.53,1,1,random_contact_point,0.22446045965889816,27045.899999999998,2642.830815649867,False
AC000466,L04,mfi_jlg,daily_wage,T1,hinglish,90+,107,1900.0,7600.0,47500.0,,300-549,0,True,insufficient_funds,0.87,3,1,rule_based,0.24390302679776363,24795.0,2632.408997252747,False
AC001409,L04,mfi_jlg,daily_wage,T1,kanglish,31-60,38,1800.0,3600.0,68400.0,,550-649,1,True,insufficient_funds,0.64,0,0,rule_based,0.22964205861030154,26265.6,2625.258904585631,False
AC002076,L06,two_wheeler,self_employed,T3,hinglish,31-60,43,3450.0,6900.0,134550.0,,550-649,0,False,insufficient_funds,,5,4,rule_based,0.14912280701754385,40365.0,2619.7039473684213,False
AC000897,L06,two_wheeler,self_employed,T1,hinglish,X,0,3000.0,3000.0,90000.0,,300-549,1,True,insufficient_funds,0.41,1,1,rule_based,0.27186140672067055,22140.0,2619.555195158041,False
AC002034,L02,two_wheeler,self_employed,T1,hinglish,90+,123,3500.0,17500.0,80500.0,,300-549,1,True,technical,,3,1,rule_based,0.2489503555077326,24150.0,2616.467988480284,False
AC000719,L02,two_wheeler,salaried,T1,english,31-60,35,3700.0,7400.0,103600.0,15.0,300-549,2,False,insufficient_funds,0.37,0,0,rule_based,0.26135278965467645,22999.2,2615.9072859216258,False
AC000931,L01,credit_card,salaried,T3,english,1-30,7,7150.0,7150.0,78650.0,25.0,550-649,3,False,insufficient_funds,,1,0,rule_based,0.2544208892801531,23595.0,2612.3773971543455,False
AC001085,L01,credit_card,salaried,T3,kanglish,1-30,2,2000.0,2000.0,60000.0,7.0,650-699,0,False,insufficient_funds,0.7,0,0,rule_based,0.23777550222761615,25200.0,2607.374195261167,False
AC001215,L04,mfi_jlg,self_employed,T2,hinglish,90+,244,1600.0,14400.0,56000.0,,300-549,2,False,technical,0.66,2,0,rule_based,0.26997137652875364,22176.0,2605.0983606557384,False
AC001051,L01,pl_salaried,salaried,T2,hinglish,X,0,5400.0,5400.0,81000.0,25.0,550-649,4,False,insufficient_funds,0.65,0,0,rule_based,0.18893545338756731,31590.0,2596.8119376309633,False
AC001124,L03,pl_salaried,salaried,T3,english,X,0,5400.0,5400.0,86400.0,,650-699,0,False,insufficient_funds,,0,0,rule_based,0.22964205861030154,25920.0,2589.544971630557,False
AC001593,L01,pl_salaried,salaried,T2,hinglish,31-60,56,10650.0,21300.0,170400.0,,300-549,3,True,insufficient_funds,,0,0,rule_based,0.11636850747558551,51120.0,2587.9411459683693,False
AC002303,L03,consumer_durable,salaried,T2,hinglish,31-60,57,2100.0,4200.0,90300.0,,300-549,2,False,insufficient_funds,,1,0,rule_based,0.21913344154430744,27090.0,2582.34621914588,False
AC001856,L03,consumer_durable,salaried,T1,kanglish,X,0,2500.0,2500.0,75000.0,,300-549,3,False,stop_payment,0.66,0,0,rule_based,0.19956687064037673,29700.0,2578.211226108635,False
AC001282,L01,pl_salaried,salaried,T2,hinglish,90+,131,3400.0,17000.0,74800.0,,300-549,3,False,insufficient_funds,0.62,1,0,rule_based,0.21180512757303097,27825.6,2563.1221410082585,False
AC000314,L02,two_wheeler,salaried,T2,hinglish,X,0,4250.0,4250.0,76500.0,5.0,550-649,0,False,insufficient_funds,0.54,0,0,rule_based,0.23777550222761615,24786.0,2563.076619196162,False
AC000470,L01,credit_card,self_employed,T2,hinglish,1-30,8,3400.0,3400.0,95200.0,,300-549,2,True,insufficient_funds,0.47,0,0,rule_based,0.21913344154430744,26846.399999999998,2558.3248112837928,False
AC000306,L03,pl_salaried,salaried,T1,kanglish,1-30,27,7300.0,7300.0,109500.0,1.0,300-549,3,False,insufficient_funds,0.35,1,0,rule_based,0.25441164386375775,22995.0,2543.588087791199,False
AC001761,L03,consumer_durable,salaried,T2,hinglish,90+,257,2400.0,21600.0,57600.0,25.0,550-649,1,False,insufficient_funds,0.68,2,1,rule_based,0.2481459797033568,23500.8,2535.2330679156917,False
AC000679,L06,mfi_jlg,self_employed,T3,kanglish,90+,125,1950.0,9750.0,83850.0,,300-549,1,True,stop_payment,,5,0,random_contact_point,0.2316696848443988,25155.0,2533.4429150173833,False
AC001377,L03,pl_salaried,salaried,T3,kanglish,1-30,21,4800.0,4800.0,72000.0,1.0,550-649,0,False,insufficient_funds,0.61,0,0,rule_based,0.221001221001221,26352.0,2531.720879120879,False
AC000375,L04,mfi_jlg,self_employed,T1,kanglish,31-60,51,1550.0,3100.0,75950.0,,300-549,2,False,insufficient_funds,,1,0,rule_based,0.25441164386375775,22785.0,2519.5461874460743,False
AC001947,L03,pl_salaried,salaried,T3,english,X,0,10200.0,10200.0,163200.0,7.0,650-699,2,True,insufficient_funds,0.27,0,0,rule_based,0.21913344154430744,26438.399999999998,2518.091911416258,False
AC002230,L01,credit_card,salaried,T3,kanglish,1-30,6,2600.0,2600.0,93600.0,28.0,300-549,4,False,insufficient_funds,0.38,1,1,rule_based,0.27105703091629474,21340.8,2514.0582484203082,False
AC002093,L02,consumer_durable,salaried,T3,hinglish,1-30,27,1800.0,1800.0,66600.0,,300-549,0,True,insufficient_funds,0.63,1,1,rule_based,0.22964205861030154,25174.8,2512.5368036961786,False
AC000711,L03,pl_salaried,salaried,T2,hinglish,90+,130,7200.0,36000.0,86400.0,1.0,300-549,1,False,insufficient_funds,0.41,2,2,rule_based,0.27186140672067055,21254.399999999998,2511.2129873517188,False
AC000285,L02,consumer_durable,self_employed,T2,hinglish,61-90,80,3600.0,10800.0,75600.0,,300-549,1,True,stop_payment,,1,0,rule_based,0.25441164386375775,22680.0,2507.5252372735117,False
AC001716,L03,consumer_durable,self_employed,T2,hinglish,1-30,12,3650.0,3650.0,87600.0,,300-549,3,False,insufficient_funds,,0,0,rule_based,0.21913344154430744,26280.0,2502.47207970298,False
AC001940,L01,credit_card,salaried,T1,kanglish,X,0,2800.0,2800.0,98000.0,5.0,550-649,2,False,insufficient_funds,0.36,1,1,rule_based,0.27186140672067055,21168.0,2500.6430158584194,False
AC002330,L02,two_wheeler,self_employed,T1,kanglish,90+,283,3550.0,35500.0,85200.0,,300-549,2,True,insufficient_funds,,6,6,rule_based,0.22446045965889816,25560.0,2492.744206996647,False
AC001666,L02,consumer_durable,self_employed,T3,hinglish,90+,177,4150.0,24900.0,91300.0,,300-549,2,False,insufficient_funds,,4,2,rule_based,0.20781507260636115,27390.0,2472.4246774097046,False
AC000298,L02,two_wheeler,daily_wage,T2,hinglish,1-30,20,3500.0,3500.0,52500.0,,650-699,1,False,technical,1.0,0,0,rule_based,0.18067445008010383,31500.0,2472.0603298854717,False
AC002004,L06,two_wheeler,salaried,T3,english,1-30,24,3100.0,3100.0,74400.0,,650-699,5,True,stop_payment,,0,0,rule_based,0.25441164386375775,22320.0,2466.310550967583,False
AC000581,L06,two_wheeler,salaried,T3,kanglish,31-60,31,3100.0,6200.0,86800.0,5.0,300-549,0,False,insufficient_funds,0.49,5,3,rule_based,0.22235232890970594,25519.2,2464.4140983606553,False
AC000324,L06,two_wheeler,salaried,T2,hinglish,X,0,3200.0,3200.0,83200.0,,300-549,1,False,insufficient_funds,,0,0,rule_based,0.227266885161622,24960.0,2463.6616541353383,False
AC001485,L01,credit_card,salaried,T2,hinglish,1-30,18,3400.0,3400.0,71400.0,7.0,300-549,2,False,technical,0.85,1,1,rule_based,0.15546035898522512,36414.0,2458.420080439594,False
AC001600,L01,pl_salaried,salaried,T1,kanglish,31-60,38,15550.0,31100.0,217700.0,,300-549,1,False,insufficient_funds,0.17,3,1,rule_based,0.25441164386375775,22205.399999999998,2453.1905424935285,False
AC001240,L01,pl_salaried,salaried,T3,hinglish,1-30,3,7350.0,7350.0,95550.0,,550-649,1,False,insufficient_funds,0.36,0,0,rule_based,0.27105703091629474,20638.8,2428.431332353851,False
AC001325,L04,mfi_jlg,self_employed,T2,hinglish,61-90,67,1900.0,5700.0,57000.0,,550-649,1,False,technical,0.99,2,0,rule_based,0.16520855631563436,33858.0,2428.1340848806367,False
AC000151,L02,consumer_durable,salaried,T3,kanglish,X,0,2800.0,2800.0,114800.0,,550-649,3,False,insufficient_funds,0.31,0,0,rule_based,0.26135278965467645,21352.8,2422.276231122269,False
AC000208,L06,two_wheeler,self_employed,T2,hinglish,1-30,11,4050.0,4050.0,81000.0,,300-549,2,False,insufficient_funds,,0,0,rule_based,0.22964205861030154,24300.0,2422.1359109036475,False
AC000519,L01,pl_salaried,self_employed,T1,hinglish,90+,206,3700.0,25900.0,59200.0,,300-549,1,True,insufficient_funds,0.69,2,2,rule_based,0.227266885161622,24508.8,2417.5173857721225,False
AC000100,L02,two_wheeler,self_employed,T1,kanglish,31-60,35,4400.0,8800.0,79200.0,,300-549,1,True,insufficient_funds,0.49,1,1,rule_based,0.23777550222761615,23284.8,2402.4497564213184,False
AC000765,L03,consumer_durable,salaried,T2,hinglish,90+,101,2800.0,11200.0,70000.0,,300-549,1,True,stop_payment,0.53,2,1,rule_based,0.2481459797033568,22260.0,2396.678278688525,False
AC001840,L06,two_wheeler,salaried,T2,english,1-30,13,2350.0,2350.0,91650.0,30.0,550-649,4,True,insufficient_funds,0.37,0,0,rule_based,0.27105703091629474,20346.3,2392.7534506594934,False
AC000193,L02,consumer_durable,salaried,T2,hinglish,X,0,2200.0,2200.0,52800.0,7.0,700-749,0,True,insufficient_funds,0.73,1,0,rule_based,0.23777550222761615,23126.399999999998,2385.501118622534,False
AC001056,L01,credit_card,self_employed,T1,kanglish,31-60,33,9150.0,18300.0,118950.0,,300-549,2,False,insufficient_funds,0.25,1,0,rule_based,0.30569032944849023,17842.5,2365.425866433109,False
AC001540,L02,two_wheeler,salaried,T3,hinglish,1-30,28,3750.0,3750.0,63750.0,10.0,550-649,3,True,insufficient_funds,0.96,1,0,rule_based,0.14814502183744485,36720.0,2358.948340841939,False
AC000611,L01,credit_card,salaried,T3,hinglish,X,0,8600.0,8600.0,77400.0,10.0,700-749,0,True,insufficient_funds,0.51,1,0,rule_based,0.22964205861030154,23684.399999999998,2358.5204678274213,False
AC000105,L06,two_wheeler,salaried,T3,hinglish,61-90,87,3200.0,9600.0,144000.0,,300-549,2,True,insufficient_funds,0.28,3,1,rule_based,0.22446045965889816,24192.000000000004,2354.5663480306293,False
AC002049,L06,mfi_jlg,self_employed,T1,english,1-30,21,1650.0,1650.0,75900.0,,300-549,1,False,insufficient_funds,,0,0,rule_based,0.23777550222761615,22770.0,2347.366683575269,False
AC000861,L01,pl_salaried,salaried,T3,kanglish,90+,138,7350.0,36750.0,220500.0,,300-549,1,True,insufficient_funds,0.16,2,1,rule_based,0.25441164386375775,21168.0,2334.423554788611,False
AC000817,L01,credit_card,salaried,T1,kanglish,1-30,26,1500.0,1500.0,70500.0,,650-699,4,False,insufficient_funds,,0,0,rule_based,0.25441164386375775,21150.0,2332.3628204733145,False
AC001351,L06,two_wheeler,salaried,T2,hinglish,1-30,19,2700.0,2700.0,70200.0,1.0,550-649,1,False,insufficient_funds,,1,0,rule_based,0.2552160196681336,21060.0,2329.6822183949025,False
AC000815,L06,two_wheeler,salaried,T3,english,1-30,9,3650.0,3650.0,167900.0,1.0,300-549,3,False,insufficient_funds,0.3,1,1,rule_based,0.17773988463643633,30222.0,2328.2446570670704,False
AC000874,L06,two_wheeler,daily_wage,T3,kanglish,90+,124,4450.0,22250.0,209150.0,,300-549,3,False,technical,0.18,5,2,rule_based,0.23777550222761615,22588.2,2327.9142697380275,False
AC001361,L02,consumer_durable,self_employed,T3,hinglish,31-60,57,2400.0,4800.0,81600.0,,550-649,0,False,insufficient_funds,,2,2,rule_based,0.21913344154430744,24480.0,2324.9739920520906,False
AC001522,L02,two_wheeler,daily_wage,T1,english,X,0,2500.0,2500.0,75000.0,,550-649,0,False,technical,,1,0,rule_based,0.23777550222761615,22500.0,2318.4769600546133,False
AC002205,L01,pl_salaried,salaried,T3,english,X,0,8050.0,8050.0,346150.0,7.0,550-649,1,False,insufficient_funds,0.13,0,0,rule_based,0.19796285585759268,26999.7,2316.2219736842103,False
AC001691,L01,credit_card,salaried,T3,english,31-60,55,2700.0,5400.0,102600.0,10.0,300-549,2,True,stop_payment,0.4,3,2,rule_based,0.21632701604158358,24624.0,2308.0763993535793,False
AC001828,L06,two_wheeler,salaried,T2,hinglish,90+,514,2700.0,32400.0,78300.0,5.0,300-549,1,False,insufficient_funds,,3,2,rule_based,0.2252555900468786,23490.0,2292.06421459053,False
AC002057,L06,two_wheeler,self_employed,T3,english,31-60,47,2800.0,5600.0,64400.0,,300-549,0,True,insufficient_funds,1.0,2,2,rule_based,0.1359447004608295,38640.0,2274.8064516129034,False
AC001549,L06,mfi_jlg,self_employed,T2,hinglish,31-60,45,1950.0,3900.0,78000.0,,300-549,1,False,insufficient_funds,0.58,2,2,rule_based,0.19341596482864562,27144.0,2273.5373271889403,False
AC000119,L02,two_wheeler,salaried,T2,hinglish,X,0,4450.0,4450.0,40050.0,7.0,700-749,2,True,insufficient_funds,1.0,1,1,rule_based,0.2181855500821018,24030.0,2270.349445812808,False
AC001128,L04,mfi_jlg,daily_wage,T2,hinglish,90+,351,1750.0,21000.0,84000.0,,300-549,1,False,insufficient_funds,,7,2,rule_based,0.20781507260636115,25200.0,2267.6229233561357,False
AC000347,L02,two_wheeler,salaried,T1,kanglish,61-90,82,4650.0,13950.0,213900.0,5.0,300-549,2,False,insufficient_funds,0.15,2,0,rule_based,0.27186140672067055,19251.0,2266.121773350833,False
AC000805,L06,mfi_jlg,self_employed,T3,kanglish,31-60,59,1800.0,3600.0,68400.0,,300-549,1,False,stop_payment,,1,0,rule_based,0.2544208892801531,20520.0,2260.322491612934,False
AC000070,L06,mfi_jlg,daily_wage,T2,hinglish,61-90,86,1450.0,4350.0,63800.0,,300-549,1,True,insufficient_funds,,0,0,rule_based,0.27105703091629474,19140.0,2245.6142072820467,False
AC001298,L02,two_wheeler,self_employed,T3,english,31-60,40,2650.0,5300.0,71550.0,,550-649,0,False,insufficient_funds,0.55,0,0,rule_based,0.21913344154430744,23611.5,2239.331164760537,False
AC001405,L06,two_wheeler,self_employed,T3,kanglish,31-60,60,2200.0,4400.0,66000.0,,300-549,1,False,insufficient_funds,,0,0,rule_based,0.26054841385030064,19800.0,2232.486367406179,False
AC001463,L06,mfi_jlg,daily_wage,T1,hinglish,X,0,1950.0,1950.0,56550.0,,650-699,1,False,insufficient_funds,0.68,0,0,rule_based,0.22337639444990054,23072.399999999998,2230.2232854876484,False
AC002217,L02,consumer_durable,salaried,T2,hinglish,X,0,2050.0,2050.0,43050.0,10.0,550-649,2,False,insufficient_funds,0.91,0,0,rule_based,0.21913113137453388,23505.3,2228.834342034024,False
AC001819,L02,two_wheeler,self_employed,T1,hinglish,X,0,3400.0,3400.0,78200.0,,700-749,4,False,insufficient_funds,,0,0,rule_based,0.21913344154430744,23460.0,2224.3917423832536,False
AC001865,L03,consumer_durable,daily_wage,T1,english,61-90,64,1850.0,5550.0,75850.0,,300-549,0,False,insufficient_funds,0.53,3,2,rule_based,0.21286777738390641,24120.3,2221.4955928748673,False
AC001959,L06,two_wheeler,self_employed,T3,kanglish,31-60,41,3050.0,6100.0,70150.0,,300-549,0,False,insufficient_funds,,2,1,rule_based,0.24390302679776363,21045.0,2220.822639531521,False
AC000725,L06,two_wheeler,salaried,T3,english,1-30,2,2550.0,2550.0,68850.0,,300-549,1,False,insufficient_funds,,1,1,rule_based,0.2481459797033568,20655.0,2217.454844847776,False
AC002183,L05,msme,self_employed,T3,kanglish,61-90,82,9200.0,27600.0,119600.0,,300-549,3,False,insufficient_funds,0.31,5,2,rule_based,0.22964205861030154,22245.6,2209.836420559596,False
AC002028,L03,pl_salaried,salaried,T2,hinglish,1-30,21,3950.0,3950.0,158000.0,1.0,300-549,1,False,insufficient_funds,0.22,0,0,rule_based,0.24470740260213944,20856.0,2207.627914901599,False
AC001169,L02,two_wheeler,self_employed,T1,kanglish,90+,127,3200.0,16000.0,89600.0,,300-549,1,True,insufficient_funds,,10,5,rule_based,0.18982941224027808,26880.0,2207.1765704584036,False
AC001133,L06,two_wheeler,self_employed,T1,kanglish,31-60,52,4450.0,8900.0,80100.0,,300-549,1,False,insufficient_funds,0.48,1,1,rule_based,0.221001221001221,23068.8,2205.204835164835,False
AC001397,L06,two_wheeler,self_employed,T1,english,1-30,26,4600.0,4600.0,69000.0,,650-699,1,False,insufficient_funds,,0,0,rule_based,0.24628744566283856,20700.0,2205.167556349341,False
AC000127,L06,two_wheeler,salaried,T3,kanglish,1-30,17,4700.0,4700.0,47000.0,,550-649,0,True,insufficient_funds,0.71,1,1,rule_based,0.25441164386375775,20022.0,2203.223470048071,False
AC000177,L03,pl_salaried,salaried,T3,hinglish,X,0,4300.0,4300.0,77400.0,1.0,750-900,2,True,insufficient_funds,,0,0,rule_based,0.21913344154430744,23220.0,2200.7253306964685,False
AC000057,L01,credit_card,salaried,T3,hinglish,61-90,64,2150.0,6450.0,43000.0,10.0,300-549,0,True,insufficient_funds,,1,0,rule_based,0.3942981224732853,12900.0,2199.9006009574214,False
AC002157,L06,mfi_jlg,daily_wage,T1,kanglish,61-90,67,1350.0,4050.0,66150.0,,300-549,1,False,insufficient_funds,,1,0,rule_based,0.2552160196681336,19845.0,2190.1428596413502,False
AC001331,L04,mfi_jlg,daily_wage,T2,hinglish,90+,124,1550.0,7750.0,79050.0,,300-549,1,True,stop_payment,0.75,2,2,rule_based,0.1422103646212305,35572.5,2187.4501879699246,False
AC001254,L01,credit_card,salaried,T1,english,31-60,32,5500.0,11000.0,55000.0,,300-549,5,False,insufficient_funds,0.67,2,1,rule_based,0.227266885161622,22110.0,2172.191873915558,False
AC000032,L02,two_wheeler,self_employed,T1,kanglish,90+,136,3400.0,17000.0,98600.0,,300-549,1,False,insufficient_funds,0.29,2,1,rule_based,0.29288242774169154,17156.399999999998,2172.1636374884006,False
AC002333,L06,mfi_jlg,self_employed,T1,hinglish,X,0,1400.0,1400.0,65800.0,,550-649,4,False,insufficient_funds,,0,0,rule_based,0.25441164386375775,19740.0,2170.93863244176,False
AC000774,L01,credit_card,self_employed,T3,hinglish,X,0,7000.0,7000.0,266000.0,,550-649,2,False,insufficient_funds,0.14,1,0,rule_based,0.2244512142425028,22344.0,2167.812068965517,False
AC000867,L06,two_wheeler,salaried,T3,english,X,0,2550.0,2550.0,122400.0,25.0,650-699,0,False,insufficient_funds,0.25,0,0,rule_based,0.27186140672067055,18360.0,2157.1189423261803,False
AC002387,L04,mfi_jlg,self_employed,T2,hinglish,90+,220,1400.0,11200.0,42000.0,,300-549,1,False,stop_payment,0.66,1,1,rule_based,0.29845926291137687,16632.0,2144.788507333909,False
AC002171,L06,two_wheeler,salaried,T1,english,61-90,88,3100.0,9300.0,86800.0,,300-549,1,False,stop_payment,,3,3,rule_based,0.18982941224027808,26040.0,2135.4210526315787,False
AC001973,L01,credit_card,salaried,T2,hinglish,31-60,46,5450.0,10900.0,103550.0,10.0,300-549,1,False,insufficient_funds,,5,2,rule_based,0.15897502376631234,31065.0,2133.351600985222,False
AC000333,L01,credit_card,salaried,T2,hinglish,31-60,41,5350.0,10700.0,240750.0,,300-549,3,False,insufficient_funds,0.15,2,0,rule_based,0.227266885161622,21667.5,2126.93735540775,False
AC001804,L03,consumer_durable,self_employed,T3,hinglish,X,0,2750.0,2750.0,68750.0,,550-649,0,False,insufficient_funds,0.5,0,0,rule_based,0.23777550222761615,20625.0,2117.8538800500623,False
AC001656,L02,two_wheeler,salaried,T3,hinglish,61-90,89,3200.0,9600.0,118400.0,25.0,300-549,4,True,technical,0.28,2,0,rule_based,0.24470740260213944,19891.2,2101.385748987854,False
AC002324,L02,two_wheeler,daily_wage,T3,hinglish,31-60,38,2600.0,5200.0,93600.0,,300-549,0,False,insufficient_funds,0.34,1,0,rule_based,0.2544208892801531,19094.4,2097.1064027219304,False
AC001190,L04,mfi_jlg,self_employed,T1,english,1-30,19,1750.0,1750.0,64750.0,,550-649,3,False,insufficient_funds,0.54,0,0,rule_based,0.23150983806721515,20979.0,2096.580201765448,False
AC002300,L02,two_wheeler,daily_wage,T2,hinglish,31-60,59,2350.0,4700.0,115150.0,,300-549,0,False,insufficient_funds,0.32,4,2,rule_based,0.21913344154430744,22108.8,2091.1498445866528,False
AC001000,L01,credit_card,self_employed,T3,kanglish,90+,171,3200.0,19200.0,102400.0,,300-549,1,False,technical,0.32,4,3,rule_based,0.24628744566283856,19660.8,2089.9936952595713,False
AC001259,L06,two_wheeler,self_employed,T2,hinglish,31-60,32,4750.0,9500.0,156750.0,,300-549,3,False,insufficient_funds,0.21,2,1,rule_based,0.24470740260213944,19750.5,2085.8920997920995,False
AC000479,L01,credit_card,salaried,T3,hinglish,1-30,3,5100.0,5100.0,56100.0,10.0,550-649,3,True,insufficient_funds,0.94,0,0,rule_based,0.15270935960591134,31640.399999999998,2085.303349753695,False
AC002382,L02,consumer_durable,salaried,T2,hinglish,90+,124,2650.0,13250.0,95400.0,,300-549,3,False,insufficient_funds,0.33,1,0,rule_based,0.2552160196681336,18889.2,2080.3718974218896,False
AC001334,L06,two_wheeler,salaried,T1,kanglish,1-30,12,2550.0,2550.0,76500.0,10.0,550-649,1,True,stop_payment,0.41,0,0,rule_based,0.25441164386375775,18818.999999999996,2065.4977266424253,False
AC001928,L06,mfi_jlg,self_employed,T2,hinglish,1-30,15,1050.0,1050.0,50400.0,,650-699,2,True,insufficient_funds,0.92,0,0,rule_based,0.1719924812030075,27820.8,2064.2357894736842,False
AC001316,L03,consumer_durable,salaried,T1,kanglish,1-30,29,2550.0,2550.0,63750.0,1.0,550-649,2,False,insufficient_funds,0.56,0,0,rule_based,0.22337639444990054,21420.0,2064.1250661025915,False
AC000390,L03,pl_salaried,salaried,T2,hinglish,31-60,44,13650.0,27300.0,464100.0,1.0,300-549,3,False,insufficient_funds,0.07,1,0,rule_based,0.24390302679776363,19492.2,2050.392960526316,False
AC001079,L03,pl_salaried,salaried,T3,kanglish,61-90,74,8550.0,25650.0,94050.0,15.0,300-549,2,False,insufficient_funds,0.33,2,2,rule_based,0.2552160196681336,18621.899999999998,2049.673238496108,False
AC001937,L06,mfi_jlg,self_employed,T3,english,90+,180,1600.0,9600.0,78400.0,,300-549,3,False,insufficient_funds,,6,1,random_contact_point,0.20154940844596017,23520.0,2044.1989389920423,False
AC001669,L03,consumer_durable,salaried,T3,hinglish,90+,103,1250.0,5000.0,53750.0,,550-649,4,False,insufficient_funds,1.0,5,3,rule_based,0.14695442742784937,32250.0,2043.676128046664,False
AC001486,L01,credit_card,self_employed,T2,hinglish,X,0,2850.0,2850.0,74100.0,,650-699,2,False,mandate_not_registered,,0,0,rule_based,0.21286777738390641,22230.0,2040.4228110599079,False
AC001264,L06,mfi_jlg,self_employed,T1,english,90+,297,1550.0,15500.0,26350.0,,550-649,1,False,insufficient_funds,1.0,1,0,rule_based,0.29845926291137687,15810.0,2034.3884259829906,False
AC001468,L02,two_wheeler,self_employed,T2,hinglish,1-30,20,3800.0,3800.0,64600.0,,550-649,1,True,insufficient_funds,0.55,3,3,rule_based,0.221001221001221,21318.0,2031.0868131868128,False
AC000062,L01,credit_card,self_employed,T3,hinglish,1-30,25,8950.0,8950.0,71600.0,,300-549,2,True,insufficient_funds,,0,0,rule_based,0.21913344154430744,21480.0,2029.1438459672759,False
AC002148,L06,mfi_jlg,daily_wage,T2,english,90+,150,950.0,4750.0,42750.0,,300-549,4,False,stop_payment,0.79,2,2,rule_based,0.23204876035064714,20263.5,2026.9540249144025,False
AC001200,L06,mfi_jlg,daily_wage,T2,hinglish,31-60,39,1500.0,3000.0,52500.0,,300-549,1,False,insufficient_funds,,2,1,rule_based,0.29845926291137687,15750.0,2026.3300258843833,False
AC001821,L03,pl_salaried,salaried,T3,english,1-30,23,3050.0,3050.0,45750.0,,300-549,2,False,insufficient_funds,0.76,0,0,rule_based,0.2252555900468786,20862.0,2025.6769538010913,False
AC001914,L06,two_wheeler,self_employed,T2,hinglish,1-30,7,2350.0,2350.0,65800.0,,300-549,4,False,insufficient_funds,,1,1,random_contact_point,0.23777550222761615,19740.0,2023.1597862879144,False
AC000106,L06,two_wheeler,self_employed,T2,english,X,0,2350.0,2350.0,65800.0,,750-900,1,True,insufficient_funds,,0,0,rule_based,0.23777550222761615,19740.0,2023.1597862879144,False
AC001262,L02,two_wheeler,self_employed,T3,hinglish,1-30,6,4250.0,4250.0,123250.0,,550-649,3,True,insufficient_funds,0.26,0,0,rule_based,0.24390302679776363,19227.0,2021.2855733082706,False
AC002302,L01,credit_card,self_employed,T1,hinglish,X,0,6200.0,6200.0,74400.0,,550-649,0,False,stop_payment,0.66,0,0,rule_based,0.1588602654176425,29462.399999999998,2017.1821077283375,False
AC000093,L06,mfi_jlg,daily_wage,T3,english,1-30,15,1350.0,1350.0,63450.0,,300-549,2,False,insufficient_funds,,0,0,rule_based,0.24470740260213944,19035.0,2007.1024338392758,False
AC001564,L02,two_wheeler,self_employed,T2,hinglish,61-90,75,2250.0,6750.0,47250.0,,300-549,1,False,insufficient_funds,0.79,1,0,rule_based,0.20781507260636115,22396.5,2005.4486231327655,False
AC002013,L03,consumer_durable,salaried,T3,english,X,0,1900.0,1900.0,66500.0,5.0,650-699,1,False,insufficient_funds,0.47,1,1,rule_based,0.2481459797033568,18753.0,2005.0667008196729,False
AC002259,L06,mfi_jlg,self_employed,T1,english,1-30,11,1350.0,1350.0,64800.0,,300-549,5,False,insufficient_funds,,1,0,rule_based,0.2376373626373626,19440.0,1989.8516483516478,False
AC001189,L01,pl_salaried,salaried,T3,english,1-30,14,9600.0,9600.0,259200.0,,300-549,1,False,insufficient_funds,0.15,1,1,rule_based,0.19796285585759268,23328.0,1989.134875650665,False
AC001498,L02,two_wheeler,salaried,T3,english,31-60,59,3500.0,7000.0,112000.0,,300-549,4,False,insufficient_funds,0.33,1,1,rule_based,0.20781507260636115,22176.0,1984.8281725533993,False
AC001815,L04,mfi_jlg,self_employed,T3,kanglish,1-30,21,2000.0,2000.0,44000.0,,550-649,2,False,mandate_not_registered,0.84,0,0,rule_based,0.20781507260636115,22176.0,1984.8281725533993,False
AC000639,L03,pl_salaried,salaried,T3,english,31-60,37,8000.0,16000.0,88000.0,5.0,300-549,2,False,insufficient_funds,0.32,1,1,rule_based,0.27186140672067055,16896.0,1978.0166475786023,False
AC000260,L06,mfi_jlg,daily_wage,T1,english,31-60,40,1750.0,3500.0,68250.0,,300-549,4,True,insufficient_funds,0.44,2,1,rule_based,0.2544208892801531,18018.0,1973.8700123724093,False
AC002215,L01,pl_salaried,salaried,T3,hinglish,1-30,14,3200.0,3200.0,67200.0,1.0,300-549,2,False,insufficient_funds,,0,0,rule_based,0.227266885161622,20160.0,1972.765182186235,False
AC000220,L06,two_wheeler,salaried,T2,hinglish,31-60,39,3900.0,7800.0,74100.0,,300-549,3,False,insufficient_funds,0.58,3,1,rule_based,0.17754294895562972,25786.8,1971.2190322580645,False
AC000094,L06,two_wheeler,self_employed,T3,english,1-30,24,2800.0,2800.0,47600.0,,550-649,3,False,insufficient_funds,0.63,0,0,rule_based,0.25441164386375775,17992.8,1970.9100215703193,False
AC000110,L01,credit_card,self_employed,T1,english,90+,431,7850.0,94200.0,266900.0,,300-549,1,False,insufficient_funds,0.12,3,2,rule_based,0.23777550222761615,19216.8,1967.1779220434441,False
AC002137,L02,two_wheeler,daily_wage,T1,english,1-30,20,2250.0,2250.0,33750.0,,300-549,1,True,stop_payment,0.9,1,1,rule_based,0.2489503555077326,18225.0,1952.704103107792,False
AC000584,L02,two_wheeler,salaried,T2,hinglish,90+,142,2600.0,13000.0,75400.0,5.0,300-549,2,False,technical,0.42,2,1,rule_based,0.23844173844173844,19000.8,1949.7627027027027,False
AC001952,L01,credit_card,salaried,T3,kanglish,1-30,19,5300.0,5300.0,68900.0,,300-549,3,True,stop_payment,,0,0,rule_based,0.21913344154430744,20670.0,1949.2697065243756,False
AC000137,L02,consumer_durable,salaried,T1,kanglish,90+,299,3850.0,38500.0,61600.0,,300-549,3,False,insufficient_funds,0.48,1,1,rule_based,0.2552160196681336,17740.8,1948.4813627777912,False
AC000247,L06,mfi_jlg,daily_wage,T1,english,1-30,10,1600.0,1600.0,59200.0,,550-649,2,False,insufficient_funds,,1,0,rule_based,0.25441164386375775,17760.0,1944.2578577591519,False
AC001622,L06,two_wheeler,self_employed,T3,hinglish,1-30,15,2550.0,2550.0,107100.0,,550-649,3,False,insufficient_funds,0.24,0,0,rule_based,0.29288242774169154,15422.4,1943.6274791215587,False
AC000463,L02,consumer_durable,daily_wage,T3,hinglish,X,0,3100.0,3100.0,55800.0,,550-649,2,False,technical,0.69,0,0,random_contact_point,0.19516898593688933,23101.2,1939.8870000663705,False
AC001888,L03,pl_salaried,salaried,T1,kanglish,1-30,4,9900.0,9900.0,89100.0,,300-549,0,False,technical,0.31,2,0,rule_based,0.27186140672067055,16572.6,1938.452657058543,False
AC001441,L04,mfi_jlg,daily_wage,T3,kanglish,1-30,24,2100.0,2100.0,63000.0,,300-549,2,True,mandate_not_registered,,2,1,rule_based,0.23777550222761615,18900.0,1933.2806464458752,False
AC001617,L06,mfi_jlg,self_employed,T3,hinglish,31-60,44,1900.0,3800.0,53200.0,,300-549,4,False,insufficient_funds,,2,1,rule_based,0.2806764178877878,15960.0,1926.8180332700917,False
AC000537,L06,mfi_jlg,self_employed,T1,hinglish,X,0,1800.0,1800.0,64800.0,,300-549,1,True,insufficient_funds,,1,0,rule_based,0.22964205861030154,19440.0,1919.9087287229179,False
AC000640,L01,credit_card,salaried,T1,kanglish,1-30,4,10700.0,10700.0,310300.0,1.0,300-549,5,False,insufficient_funds,0.12,1,0,rule_based,0.1996816289890466,22341.6,1918.5431869997574,False
AC000291,L01,pl_salaried,salaried,T2,hinglish,61-90,77,4950.0,14850.0,59400.0,30.0,300-549,2,False,insufficient_funds,0.64,5,1,rule_based,0.19516898593688933,22809.6,1914.2769257317318,False
AC001195,L06,two_wheeler,self_employed,T2,english,X,0,3900.0,3900.0,62400.0,,650-699,0,False,insufficient_funds,,2,1,rule_based,0.23777550222761615,18720.0,1914.0208307654384,False
AC001335,L06,mfi_jlg,self_employed,T2,hinglish,31-60,57,1950.0,3900.0,85800.0,,300-549,2,False,mandate_not_registered,0.38,2,1,rule_based,0.227266885161622,19562.399999999998,1911.6485714285711,False
AC001676,L04,mfi_jlg,daily_wage,T2,hinglish,90+,208,2100.0,14700.0,73500.0,,300-549,1,False,insufficient_funds,,2,1,rule_based,0.2012965105070368,22050.0,1908.3646255060728,False
AC000762,L02,two_wheeler,daily_wage,T3,english,61-90,75,2850.0,8550.0,94050.0,,300-549,3,False,insufficient_funds,0.35,2,1,rule_based,0.2244512142425028,19750.5,1905.8606681034482,False
AC000053,L06,two_wheeler,salaried,T1,kanglish,90+,592,2800.0,33600.0,61600.0,5.0,300-549,0,False,insufficient_funds,0.38,1,0,rule_based,0.3151046499639138,14044.8,1902.5118045159293,False
AC001403,L06,mfi_jlg,daily_wage,T2,hinglish,61-90,84,1300.0,3900.0,46800.0,,300-549,4,False,insufficient_funds,,1,0,random_contact_point,0.3151046499639138,14040.0,1901.8311784720074,False
AC000258,L06,mfi_jlg,self_employed,T3,english,31-60,53,1900.0,3800.0,60800.0,,300-549,0,True,insufficient_funds,0.83,2,2,rule_based,0.14582378728289064,30278.399999999998,1897.8899323898243,False
AC001695,L02,two_wheeler,self_employed,T2,hinglish,31-60,47,2850.0,5700.0,65550.0,,550-649,1,False,insufficient_funds,,1,0,rule_based,0.2244512142425028,19665.0,1897.2249076354678,False
AC000642,L02,two_wheeler,self_employed,T2,hinglish,31-60,43,3600.0,7200.0,75600.0,,650-699,2,False,insufficient_funds,0.68,1,1,rule_based,0.14285714285714282,30844.800000000003,1893.8799999999997,False
AC000325,L02,consumer_durable,salaried,T3,english,X,0,2350.0,2350.0,54050.0,,650-699,1,False,insufficient_funds,0.68,0,0,rule_based,0.19956687064037673,22052.399999999998,1891.4178061494297,False
AC000289,L01,credit_card,salaried,T1,kanglish,61-90,65,5650.0,16950.0,73450.0,1.0,300-549,3,False,mandate_not_registered,,0,0,rule_based,0.1996816289890466,22035.0,1890.9931126481388,False
AC002317,L01,credit_card,self_employed,T3,english,31-60,43,4000.0,8000.0,96000.0,,300-549,3,False,insufficient_funds,0.34,2,2,rule_based,0.2244512142425028,19584.0,1889.0436608763287,False
AC000224,L06,two_wheeler,self_employed,T2,hinglish,90+,190,4600.0,32200.0,73600.0,,300-549,1,False,insufficient_funds,0.39,3,1,rule_based,0.2552160196681336,17222.399999999998,1888.944569709609,False
AC000165,L02,consumer_durable,salaried,T3,hinglish,1-30,1,2050.0,2050.0,55350.0,,300-549,4,False,insufficient_funds,0.52,1,1,rule_based,0.25441164386375775,17269.2,1888.0685020954024,False
AC000161,L06,two_wheeler,salaried,T1,kanglish,61-90,77,3000.0,9000.0,147000.0,,300-549,5,False,insufficient_funds,,4,3,rule_based,0.09960384833050367,44100.0,1887.6383701188454,False
AC001420,L06,two_wheeler,self_employed,T3,english,90+,102,4250.0,17000.0,106250.0,,300-549,4,False,insufficient_funds,0.23,3,0,rule_based,0.29845926291137687,14662.5,1880.2715240971283,False
AC001934,L04,mfi_jlg,daily_wage,T3,english,90+,359,1200.0,14400.0,64800.0,,300-549,3,True,insufficient_funds,,1,1,rule_based,0.2244512142425028,19440.0,1874.4992221934144,False
AC000505,L03,pl_salaried,salaried,T3,hinglish,31-60,37,9550.0,19100.0,315150.0,,300-549,2,False,insufficient_funds,0.08,2,1,rule_based,0.28782851938589643,15127.199999999999,1870.3178103044495,False
AC001174,L02,consumer_durable,salaried,T2,hinglish,61-90,89,1450.0,4350.0,63800.0,30.0,300-549,1,False,insufficient_funds,,2,1,rule_based,0.227266885161622,19140.0,1868.4496818970504,False
AC001290,L02,consumer_durable,salaried,T1,kanglish,61-90,76,1550.0,4650.0,55800.0,25.0,300-549,1,False,insufficient_funds,0.54,1,0,rule_based,0.2403300724166133,18079.2,1866.238950355496,False
AC001689,L04,mfi_jlg,daily_wage,T3,english,31-60,33,2050.0,4100.0,51250.0,,550-649,1,True,insufficient_funds,0.61,2,1,rule_based,0.23150983806721515,18757.5,1865.1456043956048,False
AC000307,L02,two_wheeler,salaried,T2,hinglish,31-60,49,2500.0,5000.0,42500.0,28.0,550-649,3,False,technical,0.63,0,0,rule_based,0.26997137652875364,16065.0,1862.6905737704922,False
AC001376,L06,mfi_jlg,self_employed,T3,hinglish,31-60,51,2050.0,4100.0,77900.0,,300-549,6,False,insufficient_funds,0.52,1,0,rule_based,0.17754294895562972,24304.8,1852.8156395995552,False
AC002099,L06,two_wheeler,daily_wage,T3,hinglish,61-90,85,4100.0,12300.0,53300.0,,300-549,5,True,insufficient_funds,0.53,2,1,rule_based,0.25441164386375775,16949.399999999998,1851.4561224269687,False
AC001265,L02,consumer_durable,salaried,T1,kanglish,31-60,33,3800.0,7600.0,72200.0,25.0,550-649,2,False,insufficient_funds,0.45,3,1,random_contact_point,0.221001221001221,19494.0,1849.689010989011,False
AC001007,L01,credit_card,salaried,T2,hinglish,1-30,29,2250.0,2250.0,74250.0,28.0,300-549,3,False,technical,0.38,0,0,rule_based,0.2544208892801531,16929.0,1849.1910555806703,False
AC002030,L06,mfi_jlg,daily_wage,T3,english,31-60,52,1950.0,3900.0,50700.0,,300-549,1,False,insufficient_funds,0.68,1,0,rule_based,0.20770031425769134,20685.6,1844.3825292740048,False
AC000600,L02,two_wheeler,salaried,T3,kanglish,31-60,54,3800.0,7600.0,114000.0,1.0,300-549,1,False,insufficient_funds,0.26,1,1,rule_based,0.24109660129503982,17784.0,1840.4478808439449,False
AC001243,L02,two_wheeler,salaried,T1,english,X,0,2850.0,2850.0,62700.0,7.0,550-649,1,True,insufficient_funds,,0,0,rule_based,0.227266885161622,18810.0,1834.7005494505495,False
AC001492,L03,consumer_durable,salaried,T3,hinglish,31-60,44,3950.0,7900.0,173800.0,28.0,300-549,4,True,insufficient_funds,0.23,2,2,rule_based,0.17813899207801098,23984.399999999998,1833.6505787181306,False
AC000397,L03,consumer_durable,salaried,T2,hinglish,X,0,3500.0,3500.0,73500.0,10.0,700-749,2,False,insufficient_funds,,0,0,rule_based,0.19341596482864562,22050.0,1830.169911012236,False
AC000634,L02,two_wheeler,salaried,T2,hinglish,1-30,19,3100.0,3100.0,55800.0,1.0,550-649,5,False,insufficient_funds,,1,0,rule_based,0.25441164386375775,16740.0,1827.482913225687,False
AC002277,L02,consumer_durable,salaried,T2,hinglish,X,0,2750.0,2750.0,63250.0,10.0,550-649,1,True,insufficient_funds,0.54,0,0,rule_based,0.20770031425769134,20493.0,1826.381143037291,False
AC000434,L06,two_wheeler,self_employed,T2,hinglish,1-30,19,4150.0,4150.0,58100.0,,300-549,1,False,insufficient_funds,,0,0,rule_based,0.24390302679776363,17430.0,1824.0533906882592,False
AC000077,L03,pl_salaried,salaried,T3,english,90+,165,3700.0,22200.0,55500.0,7.0,300-549,1,False,insufficient_funds,0.6,3,1,rule_based,0.21260950337740678,19980.0,1822.5720448662644,False
AC002199,L01,credit_card,salaried,T2,hinglish,1-30,21,5700.0,5700.0,239400.0,,300-549,5,False,insufficient_funds,0.13,0,0,rule_based,0.227266885161622,18673.2,1820.71,False
AC000672,L02,consumer_durable,self_employed,T2,hinglish,1-30,10,4100.0,4100.0,61500.0,,550-649,0,True,insufficient_funds,,1,0,rule_based,0.22964205861030154,18450.0,1817.6031916120285,False
AC001338,L02,two_wheeler,daily_wage,T3,kanglish,61-90,62,2800.0,8400.0,72800.0,,300-549,3,False,insufficient_funds,,1,1,rule_based,0.19341596482864562,21840.0,1811.8921023359292,False
AC001149,L03,consumer_durable,self_employed,T3,kanglish,1-30,19,1800.0,1800.0,64800.0,,550-649,0,False,insufficient_funds,0.4,0,0,rule_based,0.27105703091629474,15552.0,1807.9655251645972,False
AC001151,L04,mfi_jlg,daily_wage,T2,hinglish,90+,205,1450.0,10150.0,56550.0,,300-549,1,False,insufficient_funds,,2,1,rule_based,0.2481459797033568,16965.0,1805.4084455503519,False
AC000272,L06,mfi_jlg,self_employed,T2,english,1-30,30,2200.0,2200.0,55000.0,,550-649,2,False,insufficient_funds,,1,0,rule_based,0.2544208892801531,16500.0,1800.0751029051369,False
AC001869,L01,credit_card,salaried,T3,kanglish,31-60,60,1900.0,3800.0,58900.0,,300-549,1,True,insufficient_funds,0.51,0,0,random_contact_point,0.2322729638303409,18023.399999999998,1794.8568413348946,False
AC000059,L01,pl_salaried,salaried,T2,hinglish,31-60,58,5150.0,10300.0,144200.0,,550-649,0,False,insufficient_funds,0.27,0,0,rule_based,0.17842683632157316,23360.399999999998,1786.6550202429146,False
AC001995,L02,two_wheeler,self_employed,T2,hinglish,90+,161,2350.0,14100.0,79900.0,,300-549,3,False,insufficient_funds,0.38,5,2,rule_based,0.227266885161622,18217.2,1774.0748351648353,False
AC002233,L02,two_wheeler,salaried,T3,hinglish,31-60,52,4000.0,8000.0,96000.0,7.0,300-549,4,False,insufficient_funds,0.32,0,0,rule_based,0.2244512142425028,18432.0,1772.6881514130152,False
AC001774,L02,consumer_durable,salaried,T3,kanglish,61-90,61,3400.0,10200.0,40800.0,,550-649,0,True,insufficient_funds,0.75,1,1,rule_based,0.2252555900468786,18360.0,1772.0616849673108,False
AC002074,L03,consumer_durable,salaried,T3,english,90+,367,2350.0,28200.0,54050.0,7.0,300-549,0,False,stop_payment,,1,1,rule_based,0.25441164386375775,16215.0,1767.3781623628743,False
AC000746,L01,pl_salaried,self_employed,T1,hinglish,61-90,67,6550.0,19650.0,117900.0,,300-549,0,True,insufficient_funds,,4,2,rule_based,0.11636850747558551,35370.0,1763.179349235157,False
AC001431,L06,two_wheeler,salaried,T3,kanglish,31-60,60,4050.0,8100.0,149850.0,1.0,300-549,3,False,insufficient_funds,0.22,1,1,rule_based,0.20781507260636115,19780.2,1760.7806646257554,False
AC001196,L01,credit_card,salaried,T1,kanglish,1-30,28,7150.0,7150.0,107250.0,,300-549,5,False,insufficient_funds,0.25,1,1,rule_based,0.2552160196681336,16087.5,1758.6044723849948,False
AC000669,L06,two_wheeler,daily_wage,T2,hinglish,X,0,2500.0,2500.0,57500.0,,550-649,1,False,stop_payment,,0,0,rule_based,0.23777550222761615,17250.0,1756.7323360418702,False
AC001324,L04,mfi_jlg,daily_wage,T3,hinglish,1-30,8,1650.0,1650.0,62700.0,,550-649,4,True,insufficient_funds,0.53,3,1,rule_based,0.20512820512820515,19938.6,1751.486153846154,False
AC001367,L01,pl_salaried,salaried,T2,english,31-60,40,6400.0,12800.0,262400.0,30.0,300-549,6,False,insufficient_funds,0.13,0,0,rule_based,0.1996816289890466,20467.2,1750.1157265800766,False
AC001453,L02,consumer_durable,salaried,T2,hinglish,31-60,33,2850.0,5700.0,59850.0,1.0,550-649,1,False,insufficient_funds,,1,1,rule_based,0.227266885161622,17955.0,1747.2596153846155,False
AC000201,L03,consumer_durable,salaried,T3,hinglish,31-60,58,1500.0,3000.0,42000.0,1.0,550-649,2,False,insufficient_funds,0.54,1,0,random_contact_point,0.29845926291137687,13608.0,1738.6451423641074,False
AC000476,L02,consumer_durable,salaried,T2,hinglish,1-30,15,3450.0,3450.0,158700.0,28.0,300-549,2,False,insufficient_funds,0.19,1,0,rule_based,0.2244512142425028,18091.8,1738.3269150246304,False
AC001756,L02,two_wheeler,salaried,T1,kanglish,1-30,24,4150.0,4150.0,62250.0,,300-549,1,False,insufficient_funds,0.61,1,0,rule_based,0.17773988463643633,22783.5,1733.291497726411,False
AC000787,L02,two_wheeler,self_employed,T2,hinglish,90+,191,3200.0,22400.0,44800.0,,300-549,3,False,insufficient_funds,0.71,4,0,rule_based,0.21180512757303097,19084.8,1730.0163244176015,False
AC000452,L01,credit_card,self_employed,T3,english,1-30,2,2700.0,2700.0,54000.0,,300-549,2,False,insufficient_funds,,1,1,rule_based,0.2481459797033568,16200.0,1719.9841920374713,False
AC000539,L06,mfi_jlg,daily_wage,T1,kanglish,1-30,7,1800.0,1800.0,73800.0,,550-649,0,False,insufficient_funds,0.38,2,1,rule_based,0.23777550222761615,16826.399999999998,1711.4075698072418,False
AC002108,L04,mfi_jlg,daily_wage,T2,hinglish,31-60,47,1900.0,3800.0,60800.0,,300-549,1,False,technical,0.47,0,0,rule_based,0.2330773396347167,17145.6,1709.3128754984493,False
AC001286,L06,mfi_jlg,self_employed,T1,hinglish,31-60,58,1400.0,2800.0,68600.0,,300-549,2,False,insufficient_funds,0.55,4,2,rule_based,0.1765269252535806,22638.0,1709.297440250751,False
AC001923,L02,consumer_durable,self_employed,T3,hinglish,90+,234,4100.0,32800.0,77900.0,,300-549,3,False,insufficient_funds,0.27,2,0,rule_based,0.3151046499639138,12619.8,1700.4509477265697,False
AC001448,L04,mfi_jlg,daily_wage,T3,english,61-90,85,1450.0,4350.0,44950.0,,300-549,3,False,insufficient_funds,0.66,4,1,rule_based,0.22337639444990054,17800.2,1700.265023419204,False
AC001242,L03,consumer_durable,daily_wage,T2,hinglish,31-60,42,1600.0,3200.0,43200.0,,300-549,3,False,insufficient_funds,0.6,0,0,rule_based,0.2552160196681336,15552.0,1697.1037920454664,False
AC001933,L02,consumer_durable,salaried,T2,hinglish,31-60,60,1900.0,3800.0,34200.0,,550-649,1,False,mandate_not_registered,0.7,1,0,rule_based,0.2762370406891546,14364.0,1696.5409836065576,False
AC001796,L01,pl_salaried,salaried,T1,hinglish,90+,144,5900.0,29500.0,135700.0,,300-549,4,False,stop_payment,0.19,3,2,rule_based,0.2552160196681336,15469.8,1687.6633514779421,False
AC001590,L03,pl_salaried,salaried,T3,english,31-60,59,7300.0,14600.0,65700.0,7.0,300-549,2,False,technical,0.41,1,1,rule_based,0.24390302679776363,16162.199999999999,1684.9042748698669,False
AC001586,L03,consumer_durable,salaried,T3,english,90+,100,2000.0,8000.0,88000.0,1.0,300-549,2,False,insufficient_funds,,4,3,rule_based,0.14912280701754385,26400.0,1682.578947368421,False
AC001661,L04,mfi_jlg,daily_wage,T1,english,1-30,19,1850.0,1850.0,48100.0,,300-549,2,False,insufficient_funds,,0,0,rule_based,0.27186140672067055,14430.0,1676.3320445406744,False
AC001831,L04,mfi_jlg,daily_wage,T3,hinglish,X,0,2150.0,2150.0,40850.0,,550-649,2,False,insufficient_funds,0.75,0,0,rule_based,0.21286777738390641,18382.5,1671.868862991847,False
AC000069,L06,two_wheeler,salaried,T2,hinglish,1-30,14,4250.0,4250.0,59500.0,,550-649,2,False,insufficient_funds,,0,0,rule_based,0.21913344154430744,17850.0,1671.1893692046494,False
AC001620,L06,two_wheeler,self_employed,T1,english,31-60,60,4300.0,8600.0,51600.0,,300-549,1,False,insufficient_funds,0.71,1,1,rule_based,0.17773988463643633,21981.6,1669.1531716559298,False
AC000533,L06,two_wheeler,self_employed,T1,kanglish,X,0,3250.0,3250.0,58500.0,,700-749,3,False,insufficient_funds,,2,0,rule_based,0.22176434676434678,17550.0,1662.3839285714287,False
AC002388,L02,two_wheeler,salaried,T3,english,X,0,3850.0,3850.0,73150.0,,700-749,3,False,insufficient_funds,0.48,2,0,rule_based,0.1846603688708952,21067.2,1661.624615384616,False
AC001538,L01,credit_card,self_employed,T2,hinglish,X,0,2950.0,2950.0,64900.0,,700-749,1,False,insufficient_funds,0.51,0,0,rule_based,0.19516898593688933,19859.399999999998,1655.1725316917768,False
AC001378,L02,two_wheeler,salaried,T1,english,X,0,2700.0,2700.0,62100.0,,650-699,3,False,insufficient_funds,0.5,1,0,rule_based,0.20770031425769134,18630.0,1652.2555845793554,False
AC000036,L02,two_wheeler,self_employed,T3,english,90+,148,2600.0,13000.0,101400.0,,300-549,7,True,technical,0.29,4,2,rule_based,0.21913344154430744,17643.6,1650.836255154014,False
AC001627,L01,credit_card,salaried,T3,english,31-60,38,1850.0,3700.0,31450.0,,550-649,2,True,insufficient_funds,0.84,2,1,rule_based,0.24390302679776363,15850.8,1650.7261437246964,False
AC001650,L02,consumer_durable,salaried,T3,kanglish,31-60,55,2800.0,5600.0,50400.0,1.0,300-549,4,False,insufficient_funds,0.85,0,0,rule_based,0.15034380823854507,25704.0,1649.9967611336033,False
AC000536,L02,consumer_durable,self_employed,T3,english,1-30,16,2250.0,2250.0,81000.0,,300-549,2,False,insufficient_funds,0.29,0,0,rule_based,0.27186140672067055,14094.0,1635.2265998445089,False
AC001156,L03,pl_salaried,salaried,T3,kanglish,X,0,11950.0,11950.0,83650.0,1.0,550-649,1,False,insufficient_funds,0.28,0,0,rule_based,0.27186140672067055,14053.200000000003,1630.2352244171177,False
AC001313,L02,two_wheeler,daily_wage,T3,kanglish,X,0,2550.0,2550.0,53550.0,,650-699,0,False,insufficient_funds,,0,0,rule_based,0.23777550222761615,16065.0,1629.938549478994,False
AC002127,L01,credit_card,salaried,T2,hinglish,90+,155,5600.0,33600.0,67200.0,7.0,300-549,1,False,insufficient_funds,,3,3,rule_based,0.18905825357438263,20160.0,1626.1364764267994,False
AC000073,L01,credit_card,salaried,T3,english,1-30,14,3650.0,3650.0,113150.0,10.0,300-549,1,True,insufficient_funds,0.25,0,0,rule_based,0.2244512142425028,16972.5,1625.2742051788955,False
AC002133,L02,consumer_durable,salaried,T2,hinglish,90+,159,1550.0,9300.0,69750.0,10.0,300-549,1,False,insufficient_funds,,3,0,random_contact_point,0.18184469795177596,20925.0,1623.2951370884105,False
AC001757,L02,two_wheeler,self_employed,T2,hinglish,1-30,1,4100.0,4100.0,57400.0,,550-649,2,False,insufficient_funds,0.7,0,0,rule_based,0.15707511269831978,24108.0,1615.045067618992,False
AC001422,L03,pl_salaried,salaried,T1,kanglish,X,0,5400.0,5400.0,37800.0,1.0,650-699,3,True,insufficient_funds,0.86,0,0,rule_based,0.19413401542110473,19504.8,1614.9453147935035,False
AC000732,L06,two_wheeler,salaried,T3,english,31-60,38,3300.0,6600.0,89100.0,30.0,300-549,2,False,mandate_not_registered,0.3,1,0,rule_based,0.23577882859684443,16038.0,1612.6393838662862,False
AC001514,L06,mfi_jlg,daily_wage,T2,hinglish,X,0,1500.0,1500.0,49500.0,,550-649,4,False,insufficient_funds,,1,0,random_contact_point,0.25441164386375775,14850.0,1611.105810119561,False
AC002177,L01,credit_card,salaried,T2,hinglish,31-60,46,2550.0,5100.0,56100.0,10.0,300-549,1,False,insufficient_funds,0.46,1,0,rule_based,0.24390302679776363,15483.599999999999,1610.4236075766337,False
AC001528,L03,consumer_durable,salaried,T2,english,1-30,25,2850.0,2850.0,79800.0,28.0,550-649,1,True,insufficient_funds,0.31,0,0,rule_based,0.2544208892801531,14842.8,1610.3432689333554,False
AC000478,L04,mfi_jlg,daily_wage,T2,hinglish,90+,187,1300.0,9100.0,29900.0,,300-549,3,True,insufficient_funds,0.98,2,2,random_contact_point,0.21459899749373434,17581.2,1608.8085526315792,False
AC001683,L03,consumer_durable,salaried,T2,english,61-90,80,1750.0,5250.0,31500.0,,300-549,4,True,stop_payment,0.81,1,1,rule_based,0.24470740260213944,15309.0,1596.8015318962687,False
AC001797,L03,consumer_durable,self_employed,T2,hinglish,90+,149,1750.0,8750.0,70000.0,,300-549,3,False,insufficient_funds,0.53,2,2,rule_based,0.16769073220686126,22260.0,1590.7580645161293,False
AC001555,L06,mfi_jlg,daily_wage,T2,hinglish,31-60,40,1400.0,2800.0,28000.0,,300-549,0,False,insufficient_funds,,0,0,rule_based,0.4429872495446266,8400.0,1585.4918032786886,False
AC000030,L03,consumer_durable,self_employed,T3,hinglish,31-60,33,2800.0,5600.0,47600.0,,550-649,3,False,insufficient_funds,,0,0,rule_based,0.26054841385030064,14280.0,1585.284107402032,False
AC002256,L06,two_wheeler,self_employed,T3,english,1-30,17,2850.0,2850.0,45600.0,,550-649,1,False,insufficient_funds,,0,0,rule_based,0.27186140672067055,13680.0,1584.578819772448,False
AC000915,L06,mfi_jlg,daily_wage,T2,hinglish,61-90,77,1200.0,3600.0,45600.0,,300-549,1,False,insufficient_funds,,1,1,rule_based,0.27186140672067055,13680.0,1584.578819772448,False
AC001320,L01,pl_salaried,salaried,T2,hinglish,90+,172,5850.0,35100.0,70200.0,,300-549,1,False,insufficient_funds,,6,4,rule_based,0.1765269252535806,21060.0,1583.9456706281833,False
AC000480,L06,two_wheeler,salaried,T3,english,31-60,45,2700.0,5400.0,72900.0,25.0,300-549,2,False,insufficient_funds,0.5,1,0,rule_based,0.16960644101912178,21870.0,1580.1817892896872,False
AC000580,L06,two_wheeler,self_employed,T1,hinglish,31-60,40,3700.0,7400.0,81400.0,,300-549,2,False,insufficient_funds,0.35,0,0,rule_based,0.21632701604158358,17094.0,1575.0523054966734,False
AC001773,L01,credit_card,salaried,T2,hinglish,1-30,25,1850.0,1850.0,51800.0,15.0,550-649,1,False,insufficient_funds,,1,0,rule_based,0.23777550222761615,15540.0,1573.7640870777198,False
AC000251,L02,consumer_durable,salaried,T1,hinglish,31-60,54,2800.0,5600.0,61600.0,7.0,300-549,3,False,insufficient_funds,,0,0,rule_based,0.1996816289890466,18480.0,1571.5524266729115,False
AC002363,L01,credit_card,salaried,T1,english,1-30,3,4950.0,4950.0,34650.0,1.0,650-699,3,True,insufficient_funds,0.71,0,0,rule_based,0.2481459797033568,14760.9,1559.2860963114758,False
AC002253,L02,two_wheeler,self_employed,T3,hinglish,31-60,43,2300.0,4600.0,29900.0,,300-549,5,False,insufficient_funds,0.87,2,1,rule_based,0.2338561988869856,15607.8,1553.4913514447323,False
AC000280,L02,consumer_durable,salaried,T2,hinglish,X,0,2650.0,2650.0,60950.0,,700-749,3,False,insufficient_funds,0.5,0,0,rule_based,0.19956687064037673,18285.0,1553.08610334668,False
AC000802,L04,mfi_jlg,self_employed,T1,kanglish,31-60,44,1650.0,3300.0,67650.0,,300-549,2,True,insufficient_funds,0.45,2,2,rule_based,0.1996816289890466,18265.5,1552.278157434744,False
AC002208,L01,credit_card,salaried,T1,kanglish,X,0,11850.0,11850.0,82950.0,10.0,550-649,1,False,stop_payment,0.27,0,0,rule_based,0.27105703091629474,13437.9,1550.0967740875346,False
AC001432,L02,two_wheeler,self_employed,T1,hinglish,61-90,79,4300.0,12900.0,60200.0,,300-549,1,False,insufficient_funds,0.61,3,2,rule_based,0.16520855631563436,22033.2,1549.0329233561358,False
AC001062,L06,mfi_jlg,daily_wage,T3,hinglish,61-90,76,2050.0,6150.0,55350.0,,300-549,2,True,insufficient_funds,,0,0,rule_based,0.21913344154430744,16605.0,1548.4198585794513,False
AC000005,L01,credit_card,self_employed,T2,hinglish,1-30,24,3950.0,3950.0,63200.0,,300-549,3,False,insufficient_funds,,3,2,rule_based,0.19183186634652163,18960.0,1547.7094836685226,False
AC000559,L02,two_wheeler,daily_wage,T3,hinglish,31-60,32,3250.0,6500.0,58500.0,,300-549,1,True,insufficient_funds,0.7,0,0,rule_based,0.1472228959495513,24570.0,1538.7699490662142,False
AC001989,L04,mfi_jlg,self_employed,T2,hinglish,90+,105,700.0,2800.0,28000.0,,300-549,3,True,insufficient_funds,0.72,1,0,rule_based,0.29845926291137687,12096.0,1535.5734598792064,False
AC000693,L06,mfi_jlg,self_employed,T3,kanglish,X,0,1300.0,1300.0,46800.0,,300-549,1,True,insufficient_funds,,0,0,rule_based,0.25441164386375775,14040.0,1518.3727659312215,False
AC001425,L01,credit_card,salaried,T3,english,X,0,6300.0,6300.0,63000.0,1.0,550-649,5,False,insufficient_funds,,1,0,rule_based,0.18893545338756731,18900.0,1517.8960310612601,False
AC002005,L02,consumer_durable,self_employed,T2,hinglish,X,0,1600.0,1600.0,52800.0,,650-699,1,False,insufficient_funds,0.61,0,0,rule_based,0.1846603688708952,19324.8,1516.8361133603241,False
AC002142,L02,consumer_durable,salaried,T1,hinglish,31-60,59,3000.0,6000.0,27000.0,10.0,550-649,3,True,insufficient_funds,1.0,0,0,rule_based,0.21898992588647762,16200.0,1507.436559712422,False
AC002220,L03,consumer_durable,self_employed,T3,kanglish,31-60,39,2300.0,4600.0,55200.0,,300-549,1,False,insufficient_funds,0.42,2,1,random_contact_point,0.25441164386375775,13910.4,1503.535478861087,False
AC001053,L02,consumer_durable,self_employed,T1,hinglish,X,0,3500.0,3500.0,70000.0,,300-549,1,False,mandate_not_registered,0.37,0,0,rule_based,0.227266885161622,15540.0,1500.2773279352227,False
AC000772,L06,mfi_jlg,daily_wage,T2,hinglish,X,0,2150.0,2150.0,49450.0,,300-549,1,False,insufficient_funds,,0,0,rule_based,0.23777550222761615,14835.0,1498.3298089960085,False
AC000904,L06,two_wheeler,self_employed,T1,english,1-30,10,2750.0,2750.0,38500.0,,550-649,0,False,insufficient_funds,0.6,1,0,random_contact_point,0.25441164386375775,13860.0,1497.765422778257,False
AC002286,L01,credit_card,self_employed,T2,hinglish,X,0,3400.0,3400.0,57800.0,,300-549,2,False,insufficient_funds,0.52,2,0,rule_based,0.19516898593688933,18033.6,1494.8197411561691,False
AC001798,L04,mfi_jlg,self_employed,T1,kanglish,1-30,22,1700.0,1700.0,49300.0,,300-549,2,False,insufficient_funds,,0,0,rule_based,0.23777550222761615,14790.0,1493.5148550758993,False
AC000424,L04,mfi_jlg,self_employed,T3,kanglish,X,0,2000.0,2000.0,46000.0,,550-649,1,False,insufficient_funds,,0,0,rule_based,0.2544208892801531,13800.0,1490.9537224297508,False
AC001172,L03,consumer_durable,salaried,T3,hinglish,90+,346,1650.0,19800.0,64350.0,,300-549,1,False,insufficient_funds,,3,1,rule_based,0.18184469795177596,19305.0,1490.7303522815657,False
AC001852,L03,consumer_durable,salaried,T2,hinglish,61-90,80,2550.0,7650.0,45900.0,7.0,300-549,2,False,insufficient_funds,,1,1,rule_based,0.2544208892801531,13770.0,1487.5190404244688,False
AC002297,L04,mfi_jlg,daily_wage,T3,kanglish,31-60,46,1650.0,3300.0,61050.0,,300-549,1,False,insufficient_funds,0.7,4,3,rule_based,0.1364250450195529,25641.0,1485.1335607058604,False
AC001198,L03,consumer_durable,salaried,T2,hinglish,61-90,61,3800.0,11400.0,53200.0,,300-549,1,False,insufficient_funds,0.47,0,0,rule_based,0.2330773396347167,15002.4,1484.523766061143,False
AC001192,L04,mfi_jlg,daily_wage,T2,hinglish,31-60,32,1400.0,2800.0,56000.0,,300-549,2,True,insufficient_funds,,2,2,rule_based,0.20781507260636115,16800.0,1482.0819489040903,False
AC001217,L04,mfi_jlg,daily_wage,T1,hinglish,31-60,43,2050.0,4100.0,36900.0,,300-549,4,False,insufficient_funds,,1,0,random_contact_point,0.3151046499639138,11070.0,1480.6938137952366,False
AC001561,L06,mfi_jlg,self_employed,T1,english,61-90,83,1450.0,4350.0,31900.0,,550-649,4,False,insufficient_funds,0.61,0,0,rule_based,0.29845926291137687,11675.4,1479.0840751879703,False
AC001394,L02,two_wheeler,salaried,T3,english,1-30,9,2850.0,2850.0,45600.0,7.0,550-649,2,False,insufficient_funds,,1,1,rule_based,0.25441164386375775,13680.0,1477.1580796252927,False
AC000758,L06,mfi_jlg,self_employed,T3,kanglish,90+,720,1350.0,16200.0,63450.0,,300-549,1,False,insufficient_funds,,4,0,rule_based,0.1826490737561518,19035.0,1475.5263035267574,False
AC001269,L03,consumer_durable,self_employed,T2,hinglish,1-30,19,3500.0,3500.0,52500.0,,550-649,1,False,insufficient_funds,0.57,2,2,rule_based,0.19341596482864562,17954.999999999996,1473.7526418242492,False
AC000369,L03,consumer_durable,daily_wage,T1,kanglish,X,0,4050.0,4050.0,52650.0,,550-649,0,False,insufficient_funds,,0,0,rule_based,0.21913344154430744,15795.0,1468.5457191365513,False
AC001348,L06,two_wheeler,daily_wage,T1,hinglish,90+,153,4150.0,24900.0,53950.0,,300-549,2,True,stop_payment,0.42,1,1,rule_based,0.25441164386375775,13595.4,1467.4726283433995,False
AC001807,L04,mfi_jlg,daily_wage,T3,kanglish,90+,121,1350.0,6750.0,64800.0,,300-549,2,False,insufficient_funds,,4,1,rule_based,0.17773988463643633,19440.0,1465.868510799545,False
AC000980,L03,consumer_durable,self_employed,T3,english,61-90,75,3850.0,11550.0,38500.0,,550-649,2,True,insufficient_funds,,2,0,rule_based,0.29845926291137687,11550.0,1462.2420189818813,False
AC001317,L01,credit_card,salaried,T2,english,31-60,39,2750.0,5500.0,38500.0,,300-549,4,False,insufficient_funds,0.61,2,1,rule_based,0.24459635758484474,14091.0,1461.9732736276212,False
AC002008,L02,two_wheeler,self_employed,T1,kanglish,31-60,36,2550.0,5100.0,35700.0,,300-549,0,True,insufficient_funds,0.63,1,0,rule_based,0.2552160196681336,13494.6,1460.8171445561184,False
AC000889,L01,credit_card,salaried,T1,hinglish,1-30,20,2300.0,2300.0,36800.0,1.0,550-649,2,True,insufficient_funds,,1,1,rule_based,0.31113707918384065,11040.0,1456.7290093853203,False
AC001784,L06,mfi_jlg,self_employed,T1,kanglish,X,0,2000.0,2000.0,90000.0,,550-649,4,False,insufficient_funds,0.25,0,0,rule_based,0.2544208892801531,13500.0,1456.60690237693,False
AC000415,L03,pl_salaried,salaried,T3,english,61-90,79,4250.0,12750.0,42500.0,,300-549,3,False,insufficient_funds,0.54,1,0,rule_based,0.2489503555077326,13770.0,1453.6208779036651,False
AC000054,L04,mfi_jlg,daily_wage,T3,hinglish,1-30,18,2100.0,2100.0,42000.0,,300-549,4,True,insufficient_funds,,0,0,rule_based,0.27186140672067055,12600.0,1452.454176106202,False
AC002166,L03,consumer_durable,self_employed,T1,hinglish,31-60,50,2250.0,4500.0,49500.0,,300-549,2,False,insufficient_funds,0.68,1,1,rule_based,0.16960644101912178,20196.0,1452.4172572699827,False
AC001332,L02,consumer_durable,self_employed,T1,hinglish,31-60,58,1400.0,2800.0,57400.0,,300-549,0,True,insufficient_funds,0.39,1,1,rule_based,0.25441164386375775,13431.6,1448.719946074202,False
AC001886,L06,two_wheeler,salaried,T1,english,1-30,8,4500.0,4500.0,49500.0,10.0,550-649,1,False,insufficient_funds,,1,0,rule_based,0.22964205861030154,14850.0,1445.5830566633401,False
AC002349,L01,credit_card,salaried,T2,hinglish,31-60,55,3950.0,7900.0,126400.0,1.0,300-549,2,True,stop_payment,0.2,1,1,rule_based,0.2244512142425028,15168.0,1443.0142079336272,False
AC001071,L02,two_wheeler,salaried,T3,hinglish,90+,139,2800.0,14000.0,47600.0,,300-549,3,False,insufficient_funds,,1,1,random_contact_point,0.23777550222761615,14280.0,1438.9453773146613,False
AC001985,L06,mfi_jlg,self_employed,T3,english,61-90,83,2050.0,6150.0,49200.0,,300-549,2,False,insufficient_funds,,1,0,rule_based,0.22964205861030154,14760.0,1436.282553289623,False
AC000099,L01,pl_salaried,salaried,T3,hinglish,X,0,7300.0,7300.0,51100.0,30.0,550-649,3,True,insufficient_funds,,0,0,rule_based,0.21913344154430744,15330.0,1422.6920464934049,False
AC000564,L06,mfi_jlg,self_employed,T1,hinglish,1-30,23,1400.0,1400.0,49000.0,,300-549,2,False,insufficient_funds,0.69,0,0,rule_based,0.16520855631563436,20286.0,1419.1393480385314,False
AC000735,L06,mfi_jlg,self_employed,T3,hinglish,61-90,87,950.0,2850.0,46550.0,,300-549,3,False,insufficient_funds,0.47,1,1,rule_based,0.2552160196681336,13127.1,1418.6107953035007,False
AC001929,L03,pl_salaried,salaried,T3,kanglish,1-30,8,3550.0,3550.0,78100.0,10.0,550-649,0,True,insufficient_funds,0.3,2,1,random_contact_point,0.23777550222761615,14058.0,1415.1916046421225,False
AC000181,L02,consumer_durable,salaried,T1,hinglish,1-30,15,3950.0,3950.0,79000.0,,300-549,1,False,insufficient_funds,0.26,0,0,rule_based,0.27105703091629474,12324.0,1414.2280820555875,False
AC002322,L06,two_wheeler,self_employed,T3,hinglish,61-90,85,3400.0,10200.0,37400.0,,300-549,2,False,mandate_not_registered,,2,0,rule_based,0.297683086832155,11220.0,1414.0019054155505,False
AC001289,L02,consumer_durable,self_employed,T3,hinglish,1-30,25,1500.0,1500.0,58500.0,,300-549,2,False,insufficient_funds,0.43,0,0,rule_based,0.221001221001221,15093.0,1412.0071428571428,False
AC001799,L02,two_wheeler,daily_wage,T3,english,61-90,64,3400.0,10200.0,40800.0,,300-549,4,False,insufficient_funds,,1,1,rule_based,0.2721979584212255,12240.0,1410.2663549841102,False
AC001413,L02,consumer_durable,daily_wage,T3,english,1-30,11,4000.0,4000.0,40000.0,,550-649,2,False,mandate_not_registered,0.7,0,0,rule_based,0.19800773496520951,16800.0,1407.938476336984,False
AC001566,L06,two_wheeler,self_employed,T3,hinglish,61-90,64,2650.0,7950.0,37100.0,,300-549,5,False,insufficient_funds,0.61,1,0,rule_based,0.24470740260213944,13578.6,1406.2527716380348,False
AC000839,L03,consumer_durable,salaried,T2,hinglish,X,0,4000.0,4000.0,52000.0,,300-549,1,True,insufficient_funds,,0,0,rule_based,0.21286777738390641,15600.0,1405.331797235023,False
AC001809,L06,two_wheeler,daily_wage,T3,hinglish,31-60,39,3500.0,7000.0,31500.0,,650-699,1,False,insufficient_funds,0.84,1,1,rule_based,0.20781507260636115,15876.0,1395.6724417143655,False
AC000807,L02,consumer_durable,salaried,T3,kanglish,90+,173,3450.0,20700.0,44850.0,25.0,300-549,3,True,insufficient_funds,0.78,5,2,rule_based,0.15707511269831978,20989.8,1394.6388402318366,False
AC000323,L03,consumer_durable,self_employed,T1,kanglish,61-90,68,3750.0,11250.0,48750.0,,550-649,1,False,insufficient_funds,,3,0,rule_based,0.22514083169820878,14625.0,1392.7080986138367,False
AC000421,L01,credit_card,self_employed,T3,english,1-30,17,3900.0,3900.0,113100.0,,550-649,1,False,insufficient_funds,0.19,2,1,rule_based,0.2552160196681336,12893.4,1391.7710025951012,False
AC001185,L04,mfi_jlg,self_employed,T3,kanglish,31-60,31,2000.0,4000.0,38000.0,,300-549,0,False,insufficient_funds,,1,0,rule_based,0.28863289519027224,11400.0,1391.6867523260967,False
AC001693,L06,two_wheeler,self_employed,T1,kanglish,1-30,15,2450.0,2450.0,56350.0,,300-549,0,False,insufficient_funds,0.38,1,1,rule_based,0.2552160196681336,12847.8,1386.533969871511,False
AC000048,L02,consumer_durable,daily_wage,T3,hinglish,31-60,52,1900.0,3800.0,57000.0,,300-549,3,False,insufficient_funds,0.49,0,0,rule_based,0.19516898593688933,16758.0,1382.7888398486762,False
AC000183,L06,mfi_jlg,self_employed,T3,english,31-60,59,1350.0,2700.0,49950.0,,300-549,1,False,stop_payment,0.51,2,2,rule_based,0.21382783882783882,15284.699999999999,1381.7324656593405,False
AC000216,L03,consumer_durable,salaried,T3,hinglish,61-90,65,4000.0,12000.0,172000.0,10.0,300-549,1,False,insufficient_funds,0.21,5,5,rule_based,0.15049583282261284,21672.0,1378.6955600192496,False
AC001302,L02,two_wheeler,self_employed,T3,hinglish,61-90,71,3050.0,9150.0,42700.0,,550-649,1,True,insufficient_funds,,2,0,rule_based,0.25441164386375775,12810.0,1377.5559210526314,False
AC000803,L01,credit_card,self_employed,T1,hinglish,X,0,5300.0,5300.0,84800.0,,300-549,2,False,insufficient_funds,0.26,0,0,rule_based,0.24628744566283856,13228.8,1377.1393125330512,False
AC002235,L06,two_wheeler,self_employed,T2,hinglish,1-30,26,4350.0,4350.0,78300.0,,550-649,3,False,insufficient_funds,0.28,1,0,rule_based,0.24628744566283856,13154.400000000001,1368.8936088522596,False
AC001482,L06,two_wheeler,self_employed,T2,hinglish,90+,119,2350.0,9400.0,75200.0,,300-549,1,False,insufficient_funds,0.48,5,1,rule_based,0.14957264957264957,21657.6,1368.7230769230769,False
AC000882,L01,pl_salaried,salaried,T1,kanglish,61-90,66,4800.0,14400.0,43200.0,5.0,300-549,0,True,insufficient_funds,,2,1,rule_based,0.2481459797033568,12960.0,1358.187353629977,False
AC001967,L03,consumer_durable,salaried,T3,hinglish,90+,216,2250.0,18000.0,40500.0,,550-649,1,False,insufficient_funds,0.71,3,2,rule_based,0.1846603688708952,17253.0,1344.6754048583,False
AC000522,L03,consumer_durable,self_employed,T2,hinglish,1-30,22,2400.0,2400.0,57600.0,,300-549,5,False,insufficient_funds,0.34,0,0,rule_based,0.27105703091629474,11750.4,1344.2628412354734,False
AC000583,L03,consumer_durable,self_employed,T1,kanglish,31-60,55,4000.0,8000.0,36000.0,,550-649,2,True,insufficient_funds,0.8,2,2,rule_based,0.18356374807987708,17280.0,1338.391705069124,False
AC001736,L02,consumer_durable,daily_wage,T2,hinglish,61-90,84,3800.0,11400.0,98800.0,,300-549,5,False,technical,0.21,1,1,rule_based,0.25441164386375775,12448.8,1336.2038524590162,False
AC000850,L01,credit_card,salaried,T1,hinglish,61-90,80,6600.0,19800.0,66000.0,1.0,550-649,2,True,insufficient_funds,0.98,4,2,rule_based,0.0812807881773399,38808.0,1330.4551724137932,False
AC000938,L06,two_wheeler,salaried,T2,hinglish,X,0,2950.0,2950.0,41300.0,10.0,650-699,1,False,insufficient_funds,,1,1,rule_based,0.25441164386375775,12390.0,1329.4721203623812,False
AC001197,L04,mfi_jlg,daily_wage,T3,kanglish,90+,221,1300.0,10400.0,37700.0,,300-549,5,False,insufficient_funds,0.57,3,3,rule_based,0.24390302679776363,12893.399999999998,1326.1326785714284,False
AC002195,L02,consumer_durable,salaried,T2,hinglish,61-90,66,1350.0,4050.0,35100.0,30.0,550-649,0,False,insufficient_funds,,3,1,rule_based,0.29845926291137687,10530.0,1325.2492173055593,False
AC002290,L01,pl_salaried,salaried,T2,english,1-30,14,3600.0,3600.0,144000.0,5.0,550-649,6,False,insufficient_funds,0.22,1,0,rule_based,0.16520855631563436,19008.0,1324.12790730141,False
AC001207,L06,two_wheeler,salaried,T1,hinglish,31-60,49,3350.0,6700.0,36850.0,5.0,300-549,3,False,insufficient_funds,0.78,2,0,rule_based,0.18184469795177596,17245.8,1322.2257813715319,False
AC002056,L06,two_wheeler,salaried,T3,english,31-60,35,3350.0,6700.0,43550.0,10.0,550-649,2,False,mandate_not_registered,0.62,1,0,rule_based,0.19341596482864562,16200.599999999999,1321.05460591133,False
AC001945,L02,two_wheeler,salaried,T1,kanglish,90+,100,2350.0,9400.0,39950.0,,300-549,2,False,insufficient_funds,,1,0,rule_based,0.26045127103078153,11985.0,1315.6788174867625,False
AC001942,L06,two_wheeler,daily_wage,T1,english,31-60,48,4000.0,8000.0,144000.0,,300-549,2,False,insufficient_funds,0.19,0,0,rule_based,0.18982941224027808,16416.0,1313.3078341013822,False
AC001272,L04,mfi_jlg,daily_wage,T2,hinglish,90+,221,1800.0,14400.0,50400.0,,300-549,0,True,insufficient_funds,0.54,3,2,rule_based,0.19012604722166945,16329.599999999999,1308.107035319938,False
AC000609,L01,credit_card,self_employed,T3,hinglish,61-90,89,3050.0,9150.0,27450.0,,300-549,2,False,insufficient_funds,0.79,1,1,rule_based,0.23844173844173844,13011.3,1307.096646124146,False
AC001080,L06,mfi_jlg,self_employed,T2,hinglish,31-60,47,2000.0,4000.0,52000.0,,300-549,0,False,insufficient_funds,,3,3,rule_based,0.19796285585759268,15600.0,1300.6992481203006,False
AC000960,L02,two_wheeler,daily_wage,T1,kanglish,31-60,31,3300.0,6600.0,66000.0,,300-549,2,True,insufficient_funds,0.39,1,0,rule_based,0.1996816289890466,15444.0,1298.747385148076,False
AC000315,L01,credit_card,salaried,T3,hinglish,1-30,23,2600.0,2600.0,57200.0,5.0,300-549,1,False,insufficient_funds,0.33,0,0,rule_based,0.27105703091629474,11325.6,1292.4475792055146,False
AC001258,L06,two_wheeler,salaried,T1,hinglish,90+,216,2650.0,21200.0,55650.0,30.0,300-549,1,False,mandate_not_registered,0.86,3,3,rule_based,0.10651629072681705,28715.399999999998,1287.3960526315789,False
AC001823,L02,two_wheeler,self_employed,T1,hinglish,61-90,69,4250.0,12750.0,46750.0,,300-549,1,False,insufficient_funds,0.74,5,2,rule_based,0.1472228959495513,20757.0,1286.1575430511764,False
AC001634,L02,two_wheeler,self_employed,T1,english,61-90,86,3000.0,9000.0,150000.0,,300-549,2,False,insufficient_funds,0.17,1,1,rule_based,0.1996816289890466,15300.000000000002,1285.808015589586,False
AC000860,L06,two_wheeler,self_employed,T1,kanglish,61-90,76,2850.0,8550.0,39900.0,,300-549,3,False,insufficient_funds,,1,1,rule_based,0.25441164386375775,11970.0,1281.388319672131,False
AC001768,L06,mfi_jlg,daily_wage,T2,hinglish,31-60,59,1500.0,3000.0,19500.0,,550-649,1,False,insufficient_funds,0.87,1,0,rule_based,0.29845926291137687,10179.0,1278.1075767287073,False
AC001587,L02,consumer_durable,salaried,T2,english,61-90,83,3900.0,11700.0,74100.0,1.0,300-549,3,True,insufficient_funds,0.56,3,3,rule_based,0.12198739340007415,24897.600000000002,1277.736996662959,False
AC002246,L06,two_wheeler,self_employed,T2,hinglish,1-30,21,3300.0,3300.0,39600.0,,300-549,3,False,technical,,1,1,rule_based,0.2552160196681336,11880.0,1275.3848411458423,False
AC001411,L06,mfi_jlg,daily_wage,T1,kanglish,90+,159,2000.0,12000.0,40000.0,,300-549,3,True,insufficient_funds,0.47,3,1,rule_based,0.26838407494145206,11280.0,1273.3175644028106,False
AC000683,L06,two_wheeler,salaried,T1,english,61-90,86,3100.0,9300.0,58900.0,10.0,300-549,2,False,insufficient_funds,0.7,4,1,rule_based,0.12198739340007415,24738.0,1268.9758620689656,False
AC001226,L06,two_wheeler,salaried,T2,english,X,0,3000.0,3000.0,48000.0,1.0,300-549,3,False,insufficient_funds,0.41,0,0,rule_based,0.2552160196681336,11808.0,1267.1158421085947,False
AC000575,L04,mfi_jlg,daily_wage,T1,kanglish,X,0,1150.0,1150.0,50600.0,,300-549,4,False,insufficient_funds,0.39,3,1,rule_based,0.25441164386375775,11840.4,1266.5510326019967,False
AC001126,L03,consumer_durable,salaried,T1,hinglish,90+,246,1200.0,10800.0,33600.0,10.0,300-549,2,False,insufficient_funds,0.69,5,2,rule_based,0.2157526596719118,13910.4,1261.5426086950729,False
AC001677,L06,two_wheeler,self_employed,T2,english,X,0,3900.0,3900.0,54600.0,,300-549,6,False,insufficient_funds,0.36,2,1,rule_based,0.25441164386375775,11793.6,1261.193123382226,False
AC001372,L01,credit_card,salaried,T1,english,61-90,79,4350.0,13050.0,52200.0,,300-549,2,False,insufficient_funds,0.45,2,0,rule_based,0.21260950337740678,14094.0,1259.433253270527,False
AC000722,L06,two_wheeler,salaried,T3,english,61-90,89,3550.0,10650.0,85200.0,,300-549,5,False,insufficient_funds,0.31,4,3,random_contact_point,0.18893545338756731,15847.199999999999,1258.3440626155555,False
AC001657,L02,consumer_durable,salaried,T2,hinglish,61-90,72,2750.0,8250.0,49500.0,1.0,300-549,4,False,insufficient_funds,,0,0,rule_based,0.20154940844596017,14850.0,1257.8539219401289,False
AC001991,L06,mfi_jlg,daily_wage,T2,hinglish,31-60,48,1400.0,2800.0,54600.0,,300-549,5,False,insufficient_funds,,3,2,rule_based,0.18184469795177596,16380.0,1251.3772686025407,False
AC001249,L04,mfi_jlg,daily_wage,T3,kanglish,1-30,27,1950.0,1950.0,39000.0,,300-549,2,True,mandate_not_registered,,0,0,rule_based,0.2544208892801531,11700.0,1250.525982060006,False
AC002282,L06,mfi_jlg,daily_wage,T2,hinglish,90+,150,1700.0,8500.0,54400.0,,300-549,2,False,insufficient_funds,0.53,1,0,rule_based,0.1718168539205144,17299.2,1248.5323537037932,False
AC001836,L04,mfi_jlg,self_employed,T2,hinglish,X,0,1350.0,1350.0,54000.0,,650-699,0,False,insufficient_funds,0.36,0,0,rule_based,0.25441164386375775,11664.0,1246.3558363120917,False
AC001176,L06,two_wheeler,self_employed,T2,hinglish,1-30,21,3550.0,3550.0,53250.0,,550-649,3,False,insufficient_funds,0.38,0,0,rule_based,0.24390302679776363,12141.0,1243.5519917582417,False
AC000962,L04,mfi_jlg,self_employed,T1,kanglish,1-30,2,1750.0,1750.0,43750.0,,300-549,0,False,insufficient_funds,0.49,0,0,rule_based,0.22964205861030154,12862.5,1240.1969404937515,False
AC001556,L03,consumer_durable,salaried,T2,hinglish,31-60,37,1500.0,3000.0,64500.0,10.0,300-549,3,True,mandate_not_registered,0.28,1,1,rule_based,0.27105703091629474,10836.0,1232.7282941540366,False
AC001199,L06,two_wheeler,salaried,T2,hinglish,X,0,3500.0,3500.0,49000.0,,300-549,0,False,insufficient_funds,,0,0,rule_based,0.1996816289890466,14700.0,1231.8939757625433,False
AC001868,L06,mfi_jlg,self_employed,T1,english,X,0,1250.0,1250.0,40000.0,,300-549,3,False,insufficient_funds,,0,0,rule_based,0.24390302679776363,12000.0,1228.0763447079237,False
AC001326,L02,two_wheeler,salaried,T1,english,X,0,2500.0,2500.0,27500.0,,550-649,5,False,insufficient_funds,0.78,0,0,rule_based,0.227266885161622,12870.0,1227.2161654135339,False
AC001755,L01,credit_card,salaried,T2,hinglish,X,0,1900.0,1900.0,38000.0,1.0,300-549,3,False,insufficient_funds,,0,0,rule_based,0.2544208892801531,11400.0,1216.1791620071854,False
AC000768,L03,consumer_durable,salaried,T2,hinglish,1-30,30,1900.0,1900.0,38000.0,,550-649,1,False,insufficient_funds,,0,0,rule_based,0.2544208892801531,11400.0,1216.1791620071854,False
AC000135,L01,credit_card,self_employed,T3,english,61-90,69,1700.0,5100.0,32300.0,,300-549,4,False,insufficient_funds,,2,1,rule_based,0.29845926291137687,9690.0,1212.4316159250588,False
AC002274,L04,mfi_jlg,self_employed,T3,kanglish,1-30,29,1550.0,1550.0,48050.0,,550-649,1,False,insufficient_funds,1.0,2,2,rule_based,0.09960384833050367,28830.0,1203.2105263157894,False
AC000900,L06,mfi_jlg,self_employed,T2,hinglish,X,0,1250.0,1250.0,58750.0,,300-549,4,False,insufficient_funds,0.32,0,0,rule_based,0.25441164386375775,11280.0,1202.3935042524342,False
AC000341,L02,consumer_durable,salaried,T3,english,31-60,59,2400.0,4800.0,28800.0,,300-549,0,False,insufficient_funds,,0,0,rule_based,0.3318761384335155,8640.0,1201.3344262295082,False
AC001517,L02,consumer_durable,self_employed,T3,hinglish,X,0,2500.0,2500.0,37500.0,,550-649,2,True,insufficient_funds,,0,0,rule_based,0.25441164386375775,11250.0,1198.9589470602737,False
AC001388,L06,two_wheeler,self_employed,T2,hinglish,90+,165,2700.0,16200.0,64800.0,,300-549,1,True,insufficient_funds,,2,2,rule_based,0.1472228959495513,19440.0,1198.9058937666748,False
AC001681,L01,pl_salaried,salaried,T3,english,61-90,76,6400.0,19200.0,64000.0,30.0,550-649,1,False,insufficient_funds,,4,0,rule_based,0.14893662853760534,19200.0,1197.81247056491,False
AC001067,L06,two_wheeler,daily_wage,T1,hinglish,31-60,39,4450.0,8900.0,40050.0,,300-549,3,False,insufficient_funds,0.64,1,1,rule_based,0.1856763925729443,15379.199999999999,1195.9994694960212,False
AC001050,L04,mfi_jlg,daily_wage,T3,hinglish,90+,94,1500.0,6000.0,66000.0,,300-549,0,False,insufficient_funds,,3,3,random_contact_point,0.1439236892113237,19800.0,1193.3600708728943,False
AC000754,L04,mfi_jlg,daily_wage,T3,hinglish,1-30,2,1250.0,1250.0,45000.0,,300-549,1,True,insufficient_funds,0.58,0,0,rule_based,0.18184469795177596,15660.0,1192.459586466165,False
AC001235,L04,mfi_jlg,daily_wage,T2,hinglish,X,0,2150.0,2150.0,68800.0,,700-749,2,False,insufficient_funds,0.29,0,0,rule_based,0.23777550222761615,11971.199999999999,1191.906141520257,False
AC001520,L06,mfi_jlg,daily_wage,T1,english,1-30,18,1850.0,1850.0,37000.0,,650-699,2,False,insufficient_funds,,2,0,rule_based,0.2552160196681336,11100.0,1185.8040182423274,False
AC002107,L02,two_wheeler,salaried,T3,english,31-60,40,3500.0,7000.0,49000.0,,300-549,2,True,insufficient_funds,,4,1,random_contact_point,0.19263131152916588,14700.0,1185.2561257654322,False
AC001949,L06,mfi_jlg,self_employed,T2,hinglish,31-60,45,1300.0,2600.0,29900.0,,300-549,0,True,insufficient_funds,,2,0,rule_based,0.3151046499639138,8970.0,1182.919919579338,False
AC001064,L04,mfi_jlg,self_employed,T2,hinglish,1-30,20,2200.0,2200.0,44000.0,,300-549,6,False,insufficient_funds,0.45,3,2,rule_based,0.23777550222761615,11880.0,1182.1478349088359,False
AC002269,L02,two_wheeler,self_employed,T1,kanglish,31-60,46,2750.0,5500.0,49500.0,,300-549,0,False,insufficient_funds,,4,1,rule_based,0.18982941224027808,14850.0,1179.5350472956584,False
AC000009,L06,two_wheeler,salaried,T2,english,90+,162,2900.0,17400.0,37700.0,,300-549,2,False,insufficient_funds,,2,0,rule_based,0.2489503555077326,11310.0,1178.032834356605,False
AC000245,L06,two_wheeler,self_employed,T3,kanglish,X,0,3150.0,3150.0,37800.0,,700-749,2,False,insufficient_funds,,2,0,rule_based,0.2481459797033568,11340.0,1177.2889344262298,False
AC000302,L02,two_wheeler,self_employed,T3,hinglish,1-30,3,3200.0,3200.0,60800.0,,300-549,1,False,insufficient_funds,0.49,2,2,rule_based,0.15707511269831978,17875.2,1174.4870745272526,False
AC000221,L03,consumer_durable,salaried,T3,english,90+,216,1650.0,13200.0,36300.0,,300-549,2,False,insufficient_funds,,1,0,rule_based,0.2552160196681336,10890.0,1161.6861043836889,False
AC001506,L04,mfi_jlg,self_employed,T2,hinglish,90+,105,1850.0,7400.0,46250.0,,300-549,3,False,insufficient_funds,,2,2,rule_based,0.1996816289890466,13875.0,1157.7621710003598,False
AC000933,L01,credit_card,salaried,T3,english,X,0,2050.0,2050.0,28700.0,30.0,650-699,0,True,insufficient_funds,0.7,0,0,rule_based,0.22964205861030154,12054.0,1156.6474185198588,False
AC002050,L06,two_wheeler,salaried,T3,english,1-30,27,2950.0,2950.0,44250.0,25.0,300-549,3,False,insufficient_funds,0.45,1,1,rule_based,0.23150983806721515,11947.5,1155.683705638624,False
AC000242,L06,two_wheeler,daily_wage,T3,kanglish,1-30,9,3900.0,3900.0,31200.0,,650-699,1,False,insufficient_funds,0.73,2,0,rule_based,0.20210088631141265,13665.6,1153.8234423897584,False
AC001974,L06,mfi_jlg,self_employed,T3,english,90+,247,1750.0,15750.0,92750.0,,300-549,1,False,insufficient_funds,0.25,6,4,rule_based,0.19796285585759268,13912.5,1150.3712044534411,False
AC000074,L03,consumer_durable,daily_wage,T3,kanglish,90+,179,2100.0,12600.0,58800.0,,300-549,1,False,insufficient_funds,0.47,3,2,rule_based,0.16520855631563436,16581.6,1143.739988831495,False
AC002241,L03,consumer_durable,salaried,T1,kanglish,31-60,53,2150.0,4300.0,34400.0,25.0,650-699,1,False,insufficient_funds,0.68,4,0,rule_based,0.19516898593688933,14035.199999999999,1143.656088139643,False
AC001292,L06,mfi_jlg,daily_wage,T2,hinglish,X,0,1600.0,1600.0,38400.0,,300-549,4,True,insufficient_funds,,1,1,rule_based,0.23777550222761615,11520.0,1143.6282035479621,False
AC001495,L02,two_wheeler,self_employed,T1,kanglish,1-30,24,4650.0,4650.0,32550.0,,550-649,3,False,mandate_not_registered,0.55,2,1,random_contact_point,0.25441164386375775,10741.5,1140.7432026531492,False
AC000264,L03,consumer_durable,daily_wage,T1,hinglish,1-30,16,1200.0,1200.0,37200.0,,550-649,4,False,insufficient_funds,,0,0,rule_based,0.24470740260213944,11160.0,1139.9205758679443,False
AC002040,L02,two_wheeler,salaried,T3,english,1-30,16,4450.0,4450.0,40050.0,5.0,550-649,3,True,insufficient_funds,0.36,0,0,rule_based,0.3151046499639138,8650.8,1137.6582876585214,False
AC000052,L02,two_wheeler,salaried,T3,kanglish,X,0,3650.0,3650.0,69350.0,,550-649,2,True,insufficient_funds,0.65,0,0,rule_based,0.10073260073260075,27046.5,1137.0089285714287,False
AC002193,L02,two_wheeler,salaried,T3,kanglish,X,0,2850.0,2850.0,45600.0,15.0,550-649,1,True,insufficient_funds,0.47,1,0,rule_based,0.21180512757303097,12859.199999999999,1136.6400234192038,False
AC002185,L06,mfi_jlg,self_employed,T2,hinglish,90+,164,1500.0,9000.0,55500.0,,550-649,2,False,insufficient_funds,0.82,5,2,rule_based,0.09960384833050367,27306.0,1134.90220713073,False
AC002119,L02,two_wheeler,daily_wage,T2,hinglish,X,0,4400.0,4400.0,44000.0,,550-649,2,False,insufficient_funds,0.38,1,0,rule_based,0.27105703091629474,10032.0,1134.659860368521,False
AC002019,L03,pl_salaried,salaried,T1,kanglish,31-60,47,6000.0,12000.0,60000.0,,300-549,2,False,insufficient_funds,0.79,1,0,rule_based,0.09523809523809523,28440.0,1129.857142857143,False
AC000464,L03,consumer_durable,salaried,T3,english,31-60,42,3150.0,6300.0,126000.0,1.0,300-549,0,False,insufficient_funds,0.24,4,2,rule_based,0.14912280701754385,18144.0,1128.5578947368422,False
AC001154,L06,mfi_jlg,self_employed,T1,kanglish,1-30,10,1050.0,1050.0,32550.0,,550-649,1,False,insufficient_funds,0.87,2,0,random_contact_point,0.1586200114385488,16991.1,1123.807814359087,False
AC002268,L02,two_wheeler,self_employed,T3,hinglish,1-30,14,3500.0,3500.0,52500.0,,550-649,0,False,insufficient_funds,0.35,1,1,rule_based,0.24390302679776363,11025.0,1121.0638917004048,False
AC001034,L02,two_wheeler,daily_wage,T2,hinglish,31-60,58,2700.0,5400.0,35100.0,,300-549,3,False,insufficient_funds,,3,0,rule_based,0.2552160196681336,10530.0,1120.3411091974513,False
AC002287,L02,two_wheeler,salaried,T3,kanglish,61-90,61,2700.0,8100.0,35100.0,15.0,300-549,4,False,insufficient_funds,,1,0,random_contact_point,0.2552160196681336,10530.0,1120.3411091974513,False
AC001201,L02,two_wheeler,self_employed,T3,kanglish,31-60,51,2650.0,5300.0,29150.0,,550-649,0,False,insufficient_funds,0.6,1,0,rule_based,0.2552118731862041,10494.0,1116.1870287472116,False
AC000511,L02,two_wheeler,self_employed,T1,kanglish,61-90,90,3550.0,10650.0,134900.0,,300-549,1,False,insufficient_funds,0.13,1,1,rule_based,0.25441164386375775,10522.199999999999,1115.6365895784543,False
AC000782,L01,credit_card,self_employed,T1,hinglish,31-60,53,4250.0,8500.0,59500.0,,550-649,5,True,technical,0.59,1,0,rule_based,0.12698412698412698,21063.0,1114.6,False
AC001094,L01,credit_card,salaried,T3,english,X,0,4650.0,4650.0,125550.0,7.0,300-549,3,False,insufficient_funds,0.17,0,0,rule_based,0.20781507260636115,12806.1,1108.5852705869447,False
AC000045,L02,two_wheeler,salaried,T3,kanglish,1-30,10,2900.0,2900.0,26100.0,1.0,700-749,1,False,insufficient_funds,0.8,0,0,rule_based,0.21180512757303097,12528.0,1105.0725872057194,False
AC000555,L01,pl_salaried,salaried,T3,hinglish,1-30,28,3250.0,3250.0,42250.0,1.0,550-649,2,True,mandate_not_registered,0.4,0,0,rule_based,0.26135278965467645,10140.0,1103.5527791942886,False
AC002275,L03,consumer_durable,salaried,T1,kanglish,61-90,67,1850.0,5550.0,49950.0,1.0,550-649,2,False,mandate_not_registered,,5,1,rule_based,0.1765269252535806,14985.0,1101.3651887162073,False
AC000240,L02,consumer_durable,salaried,T3,english,31-60,45,2500.0,5000.0,62500.0,,300-549,1,False,insufficient_funds,,5,2,random_contact_point,0.14104634476568642,18750.0,1101.078533960479,False
AC000610,L06,mfi_jlg,self_employed,T1,kanglish,90+,100,2000.0,8000.0,58000.0,,300-549,2,False,insufficient_funds,0.48,1,1,rule_based,0.15707511269831978,16704.0,1091.7022071307301,False
AC001584,L04,mfi_jlg,daily_wage,T3,english,X,0,2100.0,2100.0,79800.0,,300-549,6,False,insufficient_funds,0.23,0,0,rule_based,0.23777550222761615,11012.4,1089.31552332913,False
AC000794,L02,two_wheeler,self_employed,T3,english,31-60,36,3600.0,7200.0,28800.0,,550-649,1,True,insufficient_funds,0.62,1,0,rule_based,0.24390302679776363,10713.6,1086.8857605552344,False
AC000237,L06,two_wheeler,salaried,T3,english,1-30,7,3800.0,3800.0,34200.0,,300-549,0,False,insufficient_funds,,0,0,rule_based,0.25441164386375775,10260.0,1085.6185597189694,False
AC000535,L04,mfi_jlg,daily_wage,T1,hinglish,X,0,1500.0,1500.0,43500.0,,650-699,3,False,insufficient_funds,0.42,0,0,rule_based,0.23777550222761615,10962.0,1083.9227749386077,False
AC002191,L02,consumer_durable,salaried,T1,hinglish,1-30,8,1900.0,1900.0,60800.0,1.0,300-549,0,True,insufficient_funds,,5,4,rule_based,0.1428682924357926,18240.0,1083.6629443129857,False
AC001775,L04,mfi_jlg,daily_wage,T2,hinglish,X,0,1100.0,1100.0,34100.0,,300-549,3,False,insufficient_funds,,0,0,rule_based,0.25441164386375775,10230.0,1082.1840025268089,False
AC002391,L04,mfi_jlg,self_employed,T3,hinglish,X,0,850.0,850.0,34000.0,,700-749,2,False,mandate_not_registered,,0,0,rule_based,0.25441164386375775,10200.0,1078.749445334648,False
AC001293,L04,mfi_jlg,daily_wage,T2,hinglish,1-30,27,2150.0,2150.0,32250.0,,550-649,3,False,insufficient_funds,0.63,0,0,rule_based,0.21286777738390641,12190.5,1078.73408808933,False
AC000997,L06,mfi_jlg,self_employed,T1,hinglish,90+,118,1000.0,4000.0,49000.0,,300-549,2,False,insufficient_funds,0.43,7,2,rule_based,0.20512820512820515,12642.0,1077.9538461538461,False
AC001509,L03,pl_salaried,self_employed,T3,hinglish,61-90,83,3750.0,11250.0,56250.0,,300-549,0,False,insufficient_funds,0.3,2,0,rule_based,0.25441164386375775,10125.0,1070.1630523542462,False
AC002068,L01,pl_salaried,salaried,T1,kanglish,31-60,42,5300.0,10600.0,47700.0,25.0,300-549,1,False,insufficient_funds,0.41,1,1,rule_based,0.21913344154430744,11734.199999999999,1068.1100333961454,False
AC000227,L04,mfi_jlg,daily_wage,T1,english,90+,172,2100.0,12600.0,86100.0,,300-549,0,True,technical,0.23,3,3,rule_based,0.21632701604158358,11881.8,1067.6594526412994,False
AC000866,L02,consumer_durable,salaried,T3,hinglish,61-90,74,3050.0,9150.0,51850.0,10.0,300-549,3,False,insufficient_funds,,2,1,rule_based,0.16520855631563436,15555.0,1067.4185920703615,False
AC001551,L02,consumer_durable,salaried,T1,hinglish,31-60,47,2800.0,5600.0,137200.0,28.0,300-549,3,False,insufficient_funds,0.2,1,1,rule_based,0.15535633956686587,16464.0,1062.004048582996,False
AC000926,L06,two_wheeler,self_employed,T3,kanglish,61-90,80,2400.0,7200.0,69600.0,,300-549,0,False,insufficient_funds,0.4,5,2,random_contact_point,0.15270935960591134,16704.0,1058.8857142857144,False
AC001107,L04,mfi_jlg,self_employed,T3,hinglish,X,0,1050.0,1050.0,48300.0,,300-549,2,False,insufficient_funds,0.36,0,0,rule_based,0.24390302679776363,10432.8,1056.0661740890687,False
AC001562,L06,mfi_jlg,self_employed,T1,hinglish,90+,269,1950.0,17550.0,33150.0,,300-549,4,True,insufficient_funds,,4,1,rule_based,0.25585274662065,9945.0,1056.0050043140639,False
AC001001,L01,credit_card,self_employed,T3,hinglish,31-60,41,3100.0,6200.0,24800.0,,300-549,0,False,insufficient_funds,0.7,1,1,rule_based,0.24390302679776363,10416.0,1054.2222672064777,False
AC001472,L04,mfi_jlg,self_employed,T1,kanglish,90+,468,850.0,10200.0,41650.0,,300-549,0,False,insufficient_funds,0.34,3,1,rule_based,0.29845926291137687,8496.6,1052.150037963762,False
AC002009,L01,credit_card,self_employed,T3,hinglish,X,0,1600.0,1600.0,35200.0,,750-900,2,False,insufficient_funds,0.68,0,0,rule_based,0.1765269252535806,14361.6,1051.8440903748206,False
AC001927,L06,two_wheeler,salaried,T1,hinglish,90+,129,2550.0,12750.0,28050.0,,300-549,1,True,insufficient_funds,0.59,1,1,rule_based,0.2552160196681336,9929.699999999999,1051.3983297243997,False
AC000443,L06,mfi_jlg,self_employed,T3,hinglish,61-90,65,1650.0,4950.0,36300.0,,300-549,0,False,insufficient_funds,0.53,2,2,rule_based,0.21913344154430744,11543.4,1049.2952361051514,False
AC000326,L03,consumer_durable,salaried,T3,hinglish,1-30,7,1600.0,1600.0,43200.0,7.0,300-549,1,False,technical,0.59,0,0,rule_based,0.16520855631563436,15292.8,1047.9256345106799,False
AC000172,L06,mfi_jlg,daily_wage,T1,kanglish,1-30,2,750.0,750.0,33000.0,,300-549,5,False,insufficient_funds,0.66,1,0,rule_based,0.19292654098831497,13068.0,1045.523816935885,False
AC000374,L06,mfi_jlg,daily_wage,T2,hinglish,1-30,28,1400.0,1400.0,39200.0,,550-649,1,False,insufficient_funds,0.68,0,0,rule_based,0.15707511269831978,15993.600000000002,1041.4884351033315,False
AC001437,L06,two_wheeler,salaried,T2,hinglish,90+,123,3300.0,16500.0,42900.0,,300-549,3,False,insufficient_funds,0.8,6,2,rule_based,0.12198739340007415,20592.0,1041.3839822024472,False
AC001310,L03,pl_salaried,salaried,T3,english,31-60,33,5950.0,11900.0,47600.0,15.0,300-549,2,False,insufficient_funds,0.36,2,0,rule_based,0.24390302679776363,10281.6,1039.471012145749,False
AC000174,L02,consumer_durable,daily_wage,T2,hinglish,1-30,20,3250.0,3250.0,68250.0,,300-549,2,True,mandate_not_registered,0.25,0,0,rule_based,0.24390302679776363,10237.5,1034.6307565789473,False
AC001365,L02,two_wheeler,self_employed,T2,hinglish,90+,188,2300.0,16100.0,36800.0,,300-549,0,False,insufficient_funds,,4,1,rule_based,0.22514083169820878,11040.0,1029.4996518767014,False
AC002079,L06,mfi_jlg,self_employed,T2,hinglish,1-30,11,1500.0,1500.0,45000.0,,550-649,1,False,insufficient_funds,0.41,1,0,rule_based,0.2244512142425028,11070.0,1029.1037237490277,False
AC001010,L04,mfi_jlg,daily_wage,T1,kanglish,X,0,1450.0,1450.0,34800.0,,750-900,1,False,insufficient_funds,,0,0,rule_based,0.23777550222761615,10440.0,1028.0693094653407,False
AC001610,L03,pl_salaried,salaried,T2,english,90+,118,4750.0,19000.0,52250.0,,300-549,3,False,insufficient_funds,0.97,5,3,rule_based,0.0812807881773399,30409.5,1023.2686576354679,False
AC002227,L04,mfi_jlg,daily_wage,T2,hinglish,61-90,81,1200.0,3600.0,39600.0,,300-549,2,False,insufficient_funds,0.33,0,0,random_contact_point,0.3151046499639138,7840.799999999999,1022.8026427466748,False
AC001120,L02,two_wheeler,salaried,T1,kanglish,61-90,90,2450.0,7350.0,63700.0,10.0,300-549,3,False,insufficient_funds,0.59,4,4,rule_based,0.1093795078751294,22549.8,1020.918712007167,False
AC001787,L01,credit_card,salaried,T1,hinglish,1-30,12,2900.0,2900.0,121800.0,,300-549,2,False,technical,0.15,0,0,rule_based,0.2244512142425028,10962.0,1018.195394736842,False
AC000450,L06,two_wheeler,self_employed,T3,english,1-30,25,3650.0,3650.0,43800.0,,550-649,1,False,insufficient_funds,0.5,1,0,rule_based,0.18703554231957473,13140.0,1016.9411617356454,False
AC000146,L03,consumer_durable,self_employed,T2,hinglish,61-90,86,3650.0,10950.0,32850.0,,300-549,2,True,insufficient_funds,,2,1,rule_based,0.2489503555077326,9855.0,1015.0325890879171,False
AC000589,L02,two_wheeler,salaried,T2,hinglish,61-90,63,2800.0,8400.0,72800.0,5.0,300-549,4,False,insufficient_funds,0.29,2,2,rule_based,0.19341596482864562,12667.199999999999,1013.5174193548387,False
AC000594,L03,consumer_durable,self_employed,T1,hinglish,1-30,8,2700.0,2700.0,59400.0,,550-649,1,True,insufficient_funds,0.27,1,1,rule_based,0.25441164386375775,9622.800000000001,1012.6685649574758,False
AC001321,L06,two_wheeler,self_employed,T3,hinglish,90+,165,2500.0,15000.0,55000.0,,300-549,0,True,insufficient_funds,,4,2,rule_based,0.1472228959495513,16500.0,1004.1300024254185,False
AC001625,L01,credit_card,salaried,T3,kanglish,90+,570,1600.0,19200.0,38400.0,1.0,300-549,4,False,technical,,2,2,rule_based,0.21053407864925708,11520.0,1002.4086637177486,False
AC001352,L01,credit_card,salaried,T3,english,1-30,2,3450.0,3450.0,41400.0,5.0,650-699,1,False,technical,,2,1,rule_based,0.19516898593688933,12420.0,1001.7994624012745,False
AC000365,L04,mfi_jlg,daily_wage,T1,kanglish,1-30,7,1050.0,1050.0,36750.0,,300-549,3,False,insufficient_funds,,1,1,rule_based,0.21928701448342033,11025.0,998.9377006058692,False
AC001631,L02,consumer_durable,salaried,T1,hinglish,X,0,1500.0,1500.0,42000.0,1.0,650-699,1,False,insufficient_funds,0.61,0,0,rule_based,0.15707511269831978,15372.0,997.5513845793573,False
AC000766,L04,mfi_jlg,daily_wage,T1,kanglish,1-30,14,1600.0,1600.0,43200.0,,300-549,3,False,mandate_not_registered,0.45,0,0,rule_based,0.20512820512820515,11664.0,987.6769230769232,False
AC001664,L03,consumer_durable,salaried,T3,hinglish,61-90,87,2000.0,6000.0,38000.0,5.0,300-549,0,False,technical,0.73,5,2,rule_based,0.14363508203745903,16644.0,986.7980374441606,False
AC001314,L06,two_wheeler,self_employed,T3,kanglish,61-90,72,4000.0,12000.0,48000.0,,300-549,1,False,insufficient_funds,0.74,4,2,rule_based,0.11213517665130568,21312.0,986.4211981566821,False
AC002073,L02,consumer_durable,salaried,T3,kanglish,1-30,1,1650.0,1650.0,34650.0,,550-649,1,False,insufficient_funds,,0,0,rule_based,0.22964205861030154,10395.0,985.208139664338,False
AC001697,L06,mfi_jlg,daily_wage,T2,hinglish,90+,133,1800.0,9000.0,75600.0,,300-549,2,False,insufficient_funds,0.26,2,0,rule_based,0.20154940844596017,11793.6,980.6468965517242,False
AC000438,L03,consumer_durable,salaried,T2,hinglish,1-30,15,1750.0,1750.0,33250.0,,550-649,3,False,insufficient_funds,,1,1,rule_based,0.23777550222761615,9975.0,978.3147856242119,False
AC000010,L01,pl_salaried,salaried,T2,hinglish,X,0,9150.0,9150.0,73200.0,,550-649,1,False,insufficient_funds,0.27,0,0,rule_based,0.1996816289890466,11858.4,976.5570831416696,False
AC001698,L02,two_wheeler,daily_wage,T1,hinglish,1-30,19,2950.0,2950.0,20650.0,,550-649,1,True,insufficient_funds,0.89,1,1,rule_based,0.21463221463221463,11027.1,976.0469022869022,False
AC001848,L01,credit_card,self_employed,T2,hinglish,31-60,57,2100.0,4200.0,98700.0,,300-549,2,False,insufficient_funds,0.2,2,0,rule_based,0.1996816289890466,11844.0,975.2631461858205,False
AC000556,L06,mfi_jlg,daily_wage,T2,hinglish,1-30,4,1750.0,1750.0,43750.0,,300-549,1,False,technical,0.39,0,0,rule_based,0.22964205861030154,10237.5,968.9322587603328,False
AC001464,L02,two_wheeler,salaried,T1,kanglish,1-30,16,2250.0,2250.0,24750.0,10.0,550-649,1,True,mandate_not_registered,,0,0,rule_based,0.3151046499639138,7425.0,963.843411691927,False
AC000214,L06,two_wheeler,self_employed,T1,kanglish,X,0,3900.0,3900.0,46800.0,,650-699,3,True,insufficient_funds,0.45,0,0,rule_based,0.1846603688708952,12636.0,961.0157894736844,False
AC001944,L03,pl_salaried,salaried,T3,kanglish,31-60,51,4500.0,9000.0,49500.0,15.0,300-549,3,False,insufficient_funds,,1,1,rule_based,0.15707511269831978,14850.0,960.654440606522,False
AC000715,L04,mfi_jlg,daily_wage,T2,hinglish,90+,215,1250.0,10000.0,58750.0,,300-549,2,False,insufficient_funds,0.4,3,3,random_contact_point,0.16520855631563436,14100.0,959.2482898226999,False
AC000734,L03,consumer_durable,salaried,T2,hinglish,X,0,1850.0,1850.0,31450.0,1.0,550-649,1,False,technical,,0,0,rule_based,0.24628744566283856,9435.0,956.6749224229968,False
AC000223,L04,mfi_jlg,self_employed,T3,kanglish,90+,106,1100.0,4400.0,47300.0,,300-549,3,False,mandate_not_registered,0.32,2,1,rule_based,0.2552160196681336,9081.6,953.9964118981552,False
AC001810,L06,mfi_jlg,self_employed,T3,kanglish,1-30,26,1200.0,1200.0,45600.0,,300-549,0,False,insufficient_funds,0.42,1,1,rule_based,0.20154940844596017,11491.199999999999,953.2200530503978,False
AC001389,L02,two_wheeler,self_employed,T2,hinglish,1-30,13,4050.0,4050.0,28350.0,,650-699,0,True,insufficient_funds,,1,1,rule_based,0.27186140672067055,8505.0,951.4815688716865,False
AC001524,L02,consumer_durable,salaried,T2,hinglish,90+,340,1200.0,14400.0,58800.0,1.0,300-549,1,True,insufficient_funds,0.35,5,5,rule_based,0.1856763925729443,12348.0,942.7294429708222,False
AC000643,L02,two_wheeler,salaried,T1,kanglish,31-60,46,4550.0,9100.0,54600.0,5.0,300-549,3,False,insufficient_funds,0.35,0,0,rule_based,0.1996816289890466,11466.0,941.2973010947837,False
AC001283,L01,pl_salaried,salaried,T2,hinglish,61-90,71,3100.0,9300.0,40300.0,5.0,300-549,1,False,insufficient_funds,0.95,2,2,rule_based,0.09960384833050367,22971.0,940.5999999999999,False
AC000827,L02,two_wheeler,salaried,T1,english,31-60,46,4100.0,8200.0,168100.0,,300-549,5,False,technical,0.22,4,3,rule_based,0.10249779196929898,22189.2,934.4548025043262,False
AC002394,L03,consumer_durable,salaried,T1,kanglish,90+,205,3100.0,21700.0,62000.0,,300-549,3,False,insufficient_funds,,4,3,rule_based,0.12198739340007415,18600.0,932.0344827586207,False
AC000263,L04,mfi_jlg,daily_wage,T2,hinglish,1-30,21,1250.0,1250.0,36250.0,,300-549,0,False,mandate_not_registered,,1,0,rule_based,0.20781507260636115,10875.0,927.99501156738,False
AC000396,L06,mfi_jlg,self_employed,T3,english,61-90,62,1050.0,3150.0,25200.0,,300-549,1,False,insufficient_funds,,2,1,rule_based,0.29845926291137687,7560.0,926.3584124245041,False
AC000310,L06,mfi_jlg,daily_wage,T1,kanglish,61-90,67,1250.0,3750.0,23750.0,,300-549,2,False,technical,,1,0,rule_based,0.3151046499639138,7125.0,921.3042839467986,False
AC001307,L06,two_wheeler,self_employed,T2,english,90+,209,2250.0,15750.0,29250.0,,300-549,3,True,insufficient_funds,,1,1,rule_based,0.2552160196681336,8775.0,918.7842576645427,False
AC001488,L04,mfi_jlg,daily_wage,T3,english,31-60,60,1250.0,2500.0,50000.0,,550-649,2,False,insufficient_funds,0.25,2,0,rule_based,0.29845926291137687,7500.0,918.3000123258969,False
AC001537,L06,mfi_jlg,self_employed,T1,kanglish,61-90,79,1550.0,4650.0,24800.0,,300-549,4,True,insufficient_funds,,2,0,rule_based,0.29845926291137687,7440.0,910.2416122272897,False
AC000132,L01,credit_card,salaried,T2,hinglish,31-60,33,1550.0,3100.0,24800.0,30.0,300-549,4,False,insufficient_funds,,3,0,random_contact_point,0.29845926291137687,7440.0,910.2416122272897,False
AC001214,L06,mfi_jlg,daily_wage,T1,english,1-30,18,1200.0,1200.0,32400.0,,550-649,1,False,insufficient_funds,0.69,0,0,rule_based,0.16520855631563436,13413.6,908.2186709479269,False
AC002305,L02,consumer_durable,daily_wage,T3,hinglish,61-90,62,2000.0,6000.0,38000.0,,300-549,1,True,insufficient_funds,0.38,2,1,rule_based,0.2552160196681336,8664.0,906.0362174821194,False
AC000072,L03,consumer_durable,self_employed,T2,hinglish,1-30,1,3450.0,3450.0,44850.0,,550-649,2,False,insufficient_funds,0.42,2,1,random_contact_point,0.19516898593688933,11302.199999999999,903.6275107851596,False
AC000321,L06,mfi_jlg,daily_wage,T2,hinglish,90+,124,1100.0,5500.0,50600.0,,300-549,3,True,stop_payment,,3,2,rule_based,0.1442740613469969,15180.0,896.5361130613359,False
AC001371,L04,mfi_jlg,daily_wage,T3,english,1-30,13,1350.0,1350.0,35100.0,,300-549,0,False,insufficient_funds,,1,1,random_contact_point,0.20781507260636115,10530.0,895.7317215452424,False
AC001427,L02,two_wheeler,salaried,T3,kanglish,61-90,78,2400.0,7200.0,26400.0,10.0,550-649,1,False,insufficient_funds,0.65,3,1,rule_based,0.21180512757303097,10296.0,892.3355170713671,False
AC000255,L04,mfi_jlg,self_employed,T1,kanglish,1-30,11,1100.0,1100.0,49500.0,,300-549,2,False,insufficient_funds,0.3,0,0,rule_based,0.24470740260213944,8910.0,892.154330733278,False
AC000841,L01,credit_card,self_employed,T2,hinglish,X,0,5300.0,5300.0,47700.0,,300-549,5,True,insufficient_funds,0.33,0,0,rule_based,0.22964205861030154,9444.6,886.9948240378843,False
AC001966,L06,mfi_jlg,daily_wage,T2,hinglish,90+,123,1050.0,5250.0,33600.0,,300-549,2,False,stop_payment,0.58,3,3,rule_based,0.1846603688708952,11692.8,882.6385425101216,False
AC001811,L02,consumer_durable,self_employed,T2,hinglish,1-30,25,2000.0,2000.0,36000.0,,300-549,1,False,insufficient_funds,,2,2,rule_based,0.1996816289890466,10800.0,881.4527168867664,False
AC002179,L04,mfi_jlg,daily_wage,T1,kanglish,61-90,68,1750.0,5250.0,63000.0,,300-549,3,False,insufficient_funds,0.25,1,0,rule_based,0.227266885161622,9450.0,877.4524291497976,False
AC000513,L06,mfi_jlg,self_employed,T3,hinglish,90+,134,1550.0,7750.0,46500.0,,300-549,2,True,insufficient_funds,0.49,4,2,rule_based,0.15707511269831978,13671.0,877.3182395644284,False
AC002276,L03,consumer_durable,daily_wage,T2,hinglish,X,0,2700.0,2700.0,24300.0,,550-649,1,False,insufficient_funds,0.68,0,0,rule_based,0.21563682219419925,9914.4,873.059369482976,False
AC001604,L02,two_wheeler,daily_wage,T2,hinglish,X,0,2500.0,2500.0,87500.0,,300-549,1,False,insufficient_funds,0.17,1,1,rule_based,0.23777550222761615,8925.0,865.9658608216633,False
AC001063,L02,consumer_durable,daily_wage,T1,hinglish,61-90,63,3150.0,9450.0,31500.0,,300-549,0,False,insufficient_funds,0.45,2,1,rule_based,0.2489503555077326,8505.0,863.7952481169697,False
AC000606,L02,consumer_durable,salaried,T1,hinglish,31-60,38,4100.0,8200.0,53300.0,15.0,300-549,1,False,mandate_not_registered,0.33,2,2,rule_based,0.1996816289890466,10553.4,859.2940465178519,False
AC002149,L06,two_wheeler,daily_wage,T1,kanglish,1-30,15,3650.0,3650.0,32850.0,,550-649,3,False,insufficient_funds,0.53,0,0,rule_based,0.2012965105070368,10446.3,857.2616819693463,False
AC000499,L02,consumer_durable,self_employed,T2,hinglish,90+,251,1950.0,17550.0,62400.0,,300-549,6,False,insufficient_funds,,5,4,rule_based,0.11213517665130568,18720.0,855.6267281105991,False
AC001092,L06,two_wheeler,daily_wage,T2,hinglish,61-90,88,2300.0,6900.0,36800.0,,300-549,2,False,insufficient_funds,0.37,2,1,rule_based,0.2552160196681336,8169.599999999999,849.255757426353,False
AC002209,L06,mfi_jlg,self_employed,T2,hinglish,1-30,17,950.0,950.0,34200.0,,550-649,0,True,insufficient_funds,,3,1,rule_based,0.2023125342090859,10260.0,845.0769704433496,False
AC000680,L04,mfi_jlg,daily_wage,T3,kanglish,1-30,10,2150.0,2150.0,75250.0,,550-649,1,False,insufficient_funds,0.2,0,0,rule_based,0.22964205861030154,9030.0,844.1505051629604,False
AC001059,L04,mfi_jlg,daily_wage,T2,hinglish,1-30,7,1050.0,1050.0,37800.0,,550-649,2,True,insufficient_funds,,3,1,rule_based,0.18184469795177596,11340.0,838.9534936479128,False
AC002003,L03,consumer_durable,salaried,T2,hinglish,1-30,14,2450.0,2450.0,36750.0,1.0,300-549,5,False,insufficient_funds,0.34,1,1,rule_based,0.27186140672067055,7497.0,828.1652347831903,False
AC001076,L01,pl_salaried,salaried,T3,english,31-60,55,3150.0,6300.0,47250.0,10.0,300-549,2,False,stop_payment,,2,2,rule_based,0.14285714285714282,14175.0,822.2499999999997,False
AC002121,L06,mfi_jlg,daily_wage,T3,english,61-90,65,2200.0,6600.0,70400.0,,300-549,1,False,insufficient_funds,0.24,0,0,rule_based,0.1996816289890466,10137.6,821.9316169177115,False
AC002154,L06,mfi_jlg,daily_wage,T1,kanglish,31-60,49,1650.0,3300.0,52800.0,,300-549,3,False,insufficient_funds,0.25,2,0,rule_based,0.2552160196681336,7920.0,820.5898940972282,False
AC000509,L06,mfi_jlg,self_employed,T1,hinglish,1-30,13,1250.0,1250.0,30000.0,,300-549,3,False,insufficient_funds,,1,0,rule_based,0.2244512142425028,9000.0,820.0274176821364,False
AC000930,L02,two_wheeler,salaried,T2,hinglish,X,0,3300.0,3300.0,26400.0,,550-649,4,False,insufficient_funds,,1,0,rule_based,0.25441164386375775,7920.0,817.7230987304326,False
AC001213,L04,mfi_jlg,daily_wage,T2,hinglish,31-60,57,2100.0,4200.0,29400.0,,300-549,0,False,insufficient_funds,0.42,1,0,rule_based,0.27186140672067055,7408.799999999999,817.3750555504467,False
AC000284,L02,two_wheeler,self_employed,T3,hinglish,61-90,74,2850.0,8550.0,34200.0,,300-549,2,False,insufficient_funds,0.59,2,1,rule_based,0.1662087912087912,12106.8,816.515467032967,False
AC000142,L06,two_wheeler,self_employed,T2,hinglish,31-60,44,4200.0,8400.0,75600.0,,300-549,1,False,insufficient_funds,0.21,1,1,rule_based,0.20781507260636115,9525.6,801.8034650286193,False
AC000612,L06,mfi_jlg,daily_wage,T2,hinglish,1-30,3,1900.0,1900.0,41800.0,,650-699,3,False,insufficient_funds,0.31,0,0,rule_based,0.2544208892801531,7774.799999999999,801.1321884889004,False
AC001014,L04,mfi_jlg,daily_wage,T2,english,61-90,72,1550.0,4650.0,58900.0,,300-549,1,True,insufficient_funds,0.48,5,3,rule_based,0.11636850747558551,16963.2,799.2920197044335,False
AC001031,L06,mfi_jlg,daily_wage,T3,hinglish,90+,188,750.0,5250.0,31500.0,,300-549,1,False,technical,,2,2,random_contact_point,0.20781507260636115,9450.0,794.7335962585508,False
AC001906,L01,pl_salaried,salaried,T2,hinglish,31-60,50,4100.0,8200.0,41000.0,7.0,550-649,1,True,stop_payment,0.8,3,2,rule_based,0.09960384833050367,19680.0,793.0916808149406,False
AC000083,L06,two_wheeler,salaried,T1,kanglish,1-30,7,4200.0,4200.0,130200.0,1.0,550-649,2,True,insufficient_funds,0.14,0,0,rule_based,0.17773988463643633,10936.8,785.7575066312995,False
AC001963,L04,mfi_jlg,self_employed,T1,kanglish,90+,206,1800.0,12600.0,48600.0,,300-549,2,True,insufficient_funds,0.42,4,2,rule_based,0.1584627558422587,12247.199999999999,784.3262785080898,False
AC001023,L04,mfi_jlg,self_employed,T1,kanglish,90+,176,2100.0,12600.0,25200.0,,300-549,1,True,insufficient_funds,0.5,0,0,rule_based,0.25441164386375775,7560.0,776.5084124245038,False
AC002308,L02,two_wheeler,salaried,T2,hinglish,90+,251,4700.0,42300.0,155100.0,25.0,300-549,5,False,insufficient_funds,0.09,6,4,rule_based,0.22931596063494863,8375.4,775.275803515877,False
AC002165,L02,two_wheeler,self_employed,T2,hinglish,90+,95,2450.0,9800.0,71050.0,,300-549,1,False,insufficient_funds,0.55,4,2,rule_based,0.0812807881773399,23446.5,768.5875,False
AC000504,L01,pl_salaried,salaried,T1,hinglish,61-90,80,14350.0,43050.0,200900.0,5.0,300-549,5,False,insufficient_funds,0.08,4,4,rule_based,0.19699476151089054,9643.199999999999,765.8469478908188,False
AC001163,L02,two_wheeler,self_employed,T1,kanglish,90+,129,3150.0,15750.0,66150.0,,300-549,5,True,insufficient_funds,0.29,4,3,rule_based,0.16362774610991013,11510.1,758.5172742248545,False
AC001802,L06,mfi_jlg,self_employed,T2,hinglish,1-30,30,1800.0,1800.0,25200.0,,300-549,3,False,insufficient_funds,,0,0,random_contact_point,0.24628744566283856,7560.0,748.8698901449767,False
AC000623,L06,two_wheeler,salaried,T2,hinglish,61-90,85,2650.0,7950.0,42400.0,,300-549,3,False,insufficient_funds,0.27,1,0,rule_based,0.27105703091629474,6868.8,748.8264402810305,False
AC001212,L06,two_wheeler,self_employed,T3,english,61-90,84,3650.0,10950.0,47450.0,,300-549,1,True,stop_payment,0.43,3,3,rule_based,0.15194782302132911,12242.1,748.072199894236,False
AC001645,L02,two_wheeler,self_employed,T3,hinglish,1-30,8,2600.0,2600.0,20800.0,,650-699,4,False,insufficient_funds,0.61,1,0,rule_based,0.24390302679776363,7612.799999999999,746.5532330827067,False
AC000847,L06,mfi_jlg,daily_wage,T3,kanglish,31-60,58,1750.0,3500.0,22750.0,,300-549,4,False,insufficient_funds,,1,0,rule_based,0.27186140672067055,6825.0,745.9543453908594,False
AC000825,L02,two_wheeler,self_employed,T1,hinglish,61-90,64,3050.0,9150.0,30500.0,,300-549,3,False,insufficient_funds,0.5,0,0,rule_based,0.20210088631141265,9150.0,743.1503993872416,False
AC000852,L02,two_wheeler,salaried,T3,kanglish,X,0,3350.0,3350.0,110550.0,5.0,550-649,1,False,insufficient_funds,0.14,0,0,rule_based,0.19796285585759268,9286.2,738.2452024291498,False
AC000149,L06,mfi_jlg,daily_wage,T2,english,90+,142,1150.0,5750.0,28750.0,,300-549,5,False,insufficient_funds,,4,1,rule_based,0.21260950337740678,8625.0,736.1906349835601,False
AC000690,L04,mfi_jlg,self_employed,T2,hinglish,31-60,55,1950.0,3900.0,44850.0,,300-549,5,False,insufficient_funds,0.31,2,2,rule_based,0.21913344154430744,8342.1,733.6148872180453,False
AC002260,L04,mfi_jlg,self_employed,T1,kanglish,61-90,62,2050.0,6150.0,75850.0,,300-549,3,False,insufficient_funds,0.2,0,0,rule_based,0.1996816289890466,9102.0,728.875984176236,False
AC000830,L02,consumer_durable,salaried,T3,english,90+,192,3200.0,22400.0,121600.0,,300-549,4,False,technical,0.15,5,2,rule_based,0.16520855631563436,10944.0,724.6190981432361,False
AC001898,L04,mfi_jlg,daily_wage,T3,kanglish,1-30,6,1600.0,1600.0,56000.0,,300-549,4,False,insufficient_funds,0.21,0,0,random_contact_point,0.2552160196681336,7056.0,721.3619056502579,False
AC001750,L02,two_wheeler,self_employed,T3,kanglish,X,0,3750.0,3750.0,48750.0,,700-749,0,False,insufficient_funds,0.27,0,0,rule_based,0.227266885161622,7897.5,718.6781015037594,False
AC001203,L02,consumer_durable,salaried,T3,english,61-90,62,2150.0,6450.0,32250.0,,300-549,3,True,insufficient_funds,0.31,3,1,rule_based,0.29845926291137687,5998.5,716.6385498582523,False
AC001165,L06,mfi_jlg,daily_wage,T2,hinglish,1-30,27,1300.0,1300.0,28600.0,,300-549,2,False,insufficient_funds,,0,0,rule_based,0.20781507260636115,8580.0,713.3739953331605,False
AC001559,L04,mfi_jlg,self_employed,T1,hinglish,1-30,23,800.0,800.0,27200.0,,300-549,1,True,insufficient_funds,,0,0,rule_based,0.2181041442779613,8160.0,711.8784177886738,False
AC001730,L01,credit_card,salaried,T2,hinglish,X,0,2850.0,2850.0,25650.0,,700-749,4,False,insufficient_funds,0.45,1,0,rule_based,0.2552160196681336,6925.5,706.3743448952467,False
AC001066,L06,two_wheeler,salaried,T3,hinglish,X,0,3750.0,3750.0,75000.0,,300-549,1,True,insufficient_funds,0.25,0,0,rule_based,0.15707511269831978,11250.0,706.192758035244,False
AC001342,L02,consumer_durable,salaried,T1,english,1-30,22,1400.0,1400.0,29400.0,7.0,550-649,0,True,insufficient_funds,0.68,1,1,rule_based,0.1472228959495513,11995.199999999999,705.6856366723259,False
AC000579,L04,mfi_jlg,self_employed,T2,hinglish,X,0,1950.0,1950.0,23400.0,,550-649,1,False,insufficient_funds,0.73,0,0,rule_based,0.17216117216117213,10249.199999999999,705.0314285714284,False
AC000905,L06,mfi_jlg,self_employed,T2,hinglish,31-60,49,1550.0,3100.0,18600.0,,300-549,4,True,insufficient_funds,,0,0,rule_based,0.3151046499639138,5580.0,702.2277760593876,False
AC000863,L06,mfi_jlg,daily_wage,T2,hinglish,1-30,25,1550.0,1550.0,27900.0,,700-749,0,False,insufficient_funds,0.8,2,0,rule_based,0.13065111777526148,13392.0,698.3558961608358,False
AC002043,L06,mfi_jlg,daily_wage,T1,english,90+,225,800.0,6400.0,20800.0,,300-549,0,False,insufficient_funds,0.7,4,2,rule_based,0.1996816289890466,8735.999999999998,695.9884198817398,False
AC002067,L06,mfi_jlg,self_employed,T3,kanglish,61-90,70,1650.0,4950.0,57750.0,,300-549,3,False,insufficient_funds,0.25,3,1,random_contact_point,0.2012965105070368,8662.5,695.6789600202428,False
AC000923,L06,two_wheeler,self_employed,T2,hinglish,X,0,4650.0,4650.0,106950.0,,550-649,2,True,insufficient_funds,0.13,0,0,rule_based,0.20781507260636115,8342.1,691.1263527352864,False
AC002273,L03,consumer_durable,self_employed,T3,kanglish,31-60,58,2750.0,5500.0,46750.0,,300-549,2,False,insufficient_funds,0.28,4,1,rule_based,0.21913344154430744,7854.000000000001,685.4833224500459,False
AC000508,L06,mfi_jlg,daily_wage,T3,hinglish,90+,161,1750.0,10500.0,49000.0,,300-549,1,False,insufficient_funds,0.43,4,3,rule_based,0.13582032003084635,12642.0,683.6682186234817,False
AC001611,L04,mfi_jlg,self_employed,T2,hinglish,X,0,800.0,800.0,22400.0,,300-549,0,False,insufficient_funds,0.67,0,0,rule_based,0.1900262606978004,9004.8,681.0168125491988,False
AC000029,L03,pl_salaried,salaried,T1,kanglish,1-30,25,7600.0,7600.0,121600.0,,300-549,2,False,insufficient_funds,0.09,3,3,rule_based,0.26054841385030064,6566.4,680.8892971179763,False
AC001228,L06,mfi_jlg,self_employed,T2,hinglish,61-90,72,2000.0,6000.0,48000.0,,300-549,2,False,insufficient_funds,0.51,5,2,rule_based,0.11636850747558551,14688.0,680.14928701063,False
AC000417,L02,consumer_durable,salaried,T1,kanglish,31-60,57,2700.0,5400.0,64800.0,7.0,300-549,2,True,mandate_not_registered,0.22,1,0,rule_based,0.1996816289890466,8553.6,679.598551774319,False
AC000832,L06,two_wheeler,self_employed,T3,kanglish,61-90,68,3800.0,11400.0,76000.0,,300-549,4,False,insufficient_funds,0.18,0,0,rule_based,0.20781507260636115,8208.0,678.5857521788556,False
AC001816,L05,msme,self_employed,T2,hinglish,1-30,21,18550.0,18550.0,371000.0,,300-549,2,False,insufficient_funds,0.03,1,0,rule_based,0.2552160196681336,6678.0,677.9496607047083,False
AC001880,L04,mfi_jlg,self_employed,T3,english,X,0,1000.0,1000.0,24000.0,,300-549,5,False,insufficient_funds,0.59,0,0,rule_based,0.2003415101569145,8496.0,676.9456616319155,False
AC001054,L06,mfi_jlg,self_employed,T1,english,31-60,51,850.0,1700.0,35700.0,,300-549,1,False,insufficient_funds,0.45,0,0,rule_based,0.1765269252535806,9639.0,676.6943646336686,False
AC000312,L03,pl_salaried,salaried,T2,hinglish,1-30,25,3550.0,3550.0,31950.0,7.0,650-699,2,False,technical,0.48,0,0,rule_based,0.1846603688708952,9201.6,675.6268825910934,False
AC001276,L03,pl_salaried,salaried,T1,kanglish,31-60,45,12150.0,24300.0,206550.0,,300-549,1,False,stop_payment,0.06,1,1,rule_based,0.227266885161622,7435.799999999999,671.4599971081549,False
AC001834,L03,consumer_durable,daily_wage,T1,kanglish,61-90,80,2300.0,6900.0,20700.0,,300-549,2,False,insufficient_funds,,0,0,rule_based,0.27105703091629474,6210.0,668.4688728955857,False
AC001965,L02,consumer_durable,salaried,T2,hinglish,90+,106,3100.0,12400.0,43400.0,,300-549,0,False,insufficient_funds,,4,4,rule_based,0.12889983579638753,13020.0,666.2241379310345,False
AC002150,L02,consumer_durable,salaried,T1,kanglish,1-30,6,3350.0,3350.0,23450.0,,300-549,1,False,insufficient_funds,,1,0,rule_based,0.23777550222761615,7035.0,663.7377961770758,False
AC001808,L02,consumer_durable,daily_wage,T3,english,1-30,30,4000.0,4000.0,32000.0,,300-549,2,False,insufficient_funds,0.32,0,0,rule_based,0.27186140672067055,6144.0,662.6424173013099,False
AC000457,L04,mfi_jlg,daily_wage,T2,hinglish,31-60,46,1900.0,3800.0,83600.0,,300-549,2,False,insufficient_funds,0.14,1,0,rule_based,0.23777550222761615,7022.400000000001,662.3896090794452,False
AC000163,L06,two_wheeler,self_employed,T1,hinglish,1-30,2,3250.0,3250.0,22750.0,,300-549,3,False,insufficient_funds,,0,0,rule_based,0.24390302679776363,6825.0,660.0871710526316,False
AC002037,L06,mfi_jlg,daily_wage,T2,hinglish,1-30,15,1000.0,1000.0,33000.0,,650-699,3,True,insufficient_funds,0.46,1,0,rule_based,0.18184469795177596,9108.0,656.308679025149,False
AC001236,L02,two_wheeler,self_employed,T2,hinglish,31-60,33,4250.0,8500.0,55250.0,,300-549,3,False,insufficient_funds,,3,2,random_contact_point,0.09960384833050367,16575.0,653.9202037351442,False
AC002244,L04,mfi_jlg,daily_wage,T3,english,31-60,53,1250.0,2500.0,17500.0,,300-549,3,True,insufficient_funds,0.63,2,1,rule_based,0.2481459797033568,6615.0,649.6685450819674,False
AC002072,L03,pl_salaried,salaried,T1,kanglish,61-90,72,3750.0,11250.0,101250.0,15.0,300-549,2,False,insufficient_funds,0.11,2,1,rule_based,0.24470740260213944,6682.5,646.8657480499585,False
AC000467,L06,two_wheeler,salaried,T2,hinglish,31-60,58,2750.0,5500.0,27500.0,,300-549,0,False,insufficient_funds,,3,2,rule_based,0.19768303009949353,8250.0,644.8982492443697,False
AC000675,L02,consumer_durable,self_employed,T3,hinglish,90+,232,1900.0,15200.0,81700.0,,300-549,0,False,insufficient_funds,0.16,4,2,random_contact_point,0.20781507260636115,7843.2,644.4708298597953,False
AC000843,L01,credit_card,salaried,T1,kanglish,61-90,78,2950.0,8850.0,56050.0,,300-549,0,False,insufficient_funds,0.82,4,4,rule_based,0.05889724310776942,27576.6,641.8835714285714,False
AC001354,L03,consumer_durable,salaried,T1,kanglish,61-90,66,3000.0,9000.0,60000.0,28.0,300-549,1,False,insufficient_funds,0.63,6,5,rule_based,0.07142857142857142,22680.0,639.9999999999999,False
AC000276,L04,mfi_jlg,self_employed,T3,hinglish,61-90,69,1050.0,3150.0,12600.0,,300-549,1,True,insufficient_funds,0.84,2,0,random_contact_point,0.25441164386375775,6350.4,638.0270664365831,False
AC001502,L06,two_wheeler,salaried,T3,hinglish,31-60,48,3100.0,6200.0,27900.0,,300-549,3,False,insufficient_funds,0.47,0,0,rule_based,0.2012965105070368,7867.799999999999,623.6923084152688,False
AC000655,L06,two_wheeler,salaried,T1,kanglish,61-90,75,2300.0,6900.0,52900.0,1.0,300-549,3,False,insufficient_funds,,3,3,rule_based,0.09960384833050367,15870.0,622.320882852292,False
AC001084,L01,pl_salaried,salaried,T3,hinglish,X,0,3450.0,3450.0,27600.0,25.0,550-649,2,True,insufficient_funds,0.39,0,0,rule_based,0.24390302679776363,6458.4,619.8504887218045,False
AC000228,L04,mfi_jlg,self_employed,T3,hinglish,31-60,50,2150.0,4300.0,66650.0,,300-549,3,False,insufficient_funds,0.27,2,2,rule_based,0.14559734953167727,10797.3,618.4262179442705,False
AC000942,L03,consumer_durable,daily_wage,T3,english,61-90,74,2150.0,6450.0,47300.0,,300-549,2,False,insufficient_funds,0.24,1,1,rule_based,0.22964205861030154,6811.2,614.8620953229187,False
AC000456,L04,mfi_jlg,self_employed,T3,hinglish,31-60,49,1350.0,2700.0,18900.0,,300-549,1,False,insufficient_funds,0.54,0,0,rule_based,0.2552160196681336,6123.599999999999,614.2783681179023,False
AC000184,L02,two_wheeler,salaried,T1,hinglish,61-90,64,2350.0,7050.0,21150.0,1.0,300-549,5,False,insufficient_funds,0.61,3,2,rule_based,0.20154940844596017,7740.9,613.0782171276999,False
AC002061,L02,two_wheeler,self_employed,T1,kanglish,31-60,34,3150.0,6300.0,34650.0,,300-549,0,False,technical,,5,4,rule_based,0.14912280701754385,10395.0,608.5592105263158,False
AC000472,L01,credit_card,salaried,T3,english,1-30,23,1600.0,1600.0,38400.0,1.0,300-549,3,True,insufficient_funds,,3,2,rule_based,0.13308353737179604,11520.0,600.9050577353906,False
AC000141,L06,mfi_jlg,daily_wage,T3,english,61-90,62,1950.0,5850.0,21450.0,,300-549,0,True,insufficient_funds,,4,1,rule_based,0.23777550222761615,6435.0,599.5384105756194,False
AC001953,L01,pl_salaried,salaried,T2,hinglish,61-90,85,3050.0,9150.0,30500.0,,300-549,0,True,stop_payment,,3,2,rule_based,0.16651315730620367,9150.0,596.6179252082936,False
AC000695,L06,mfi_jlg,self_employed,T1,hinglish,90+,155,800.0,4800.0,20000.0,,300-549,3,False,insufficient_funds,0.56,3,1,rule_based,0.22514083169820878,6720.000000000001,591.8258750553834,False
AC000348,L03,consumer_durable,salaried,T1,english,31-60,59,1850.0,3700.0,16650.0,1.0,300-549,2,False,mandate_not_registered,0.52,0,0,rule_based,0.2910546367078817,5194.8,591.3867820465467,False
AC001686,L06,mfi_jlg,self_employed,T3,hinglish,61-90,75,1500.0,4500.0,33000.0,,300-549,1,False,insufficient_funds,,4,4,rule_based,0.15270935960591134,9900.0,591.320197044335,False
AC000123,L04,mfi_jlg,self_employed,T3,hinglish,61-90,75,1050.0,3150.0,37800.0,,300-549,0,False,insufficient_funds,0.35,4,3,rule_based,0.18893545338756731,7938.0,585.8963330457292,False
AC000115,L01,credit_card,salaried,T3,kanglish,X,0,3200.0,3200.0,28800.0,7.0,550-649,0,False,technical,0.34,0,0,rule_based,0.2552160196681336,5875.2,585.7503214393984,False
AC001035,L04,mfi_jlg,daily_wage,T2,english,31-60,39,1900.0,3800.0,70300.0,,300-549,3,False,insufficient_funds,0.2,3,1,rule_based,0.17773988463643633,8436.0,585.7361500568396,False
AC001287,L02,consumer_durable,self_employed,T1,english,1-30,3,2450.0,2450.0,19600.0,,550-649,1,False,stop_payment,,1,0,rule_based,0.25441164386375775,5880.0,584.173209663503,False
AC002248,L06,mfi_jlg,self_employed,T3,hinglish,31-60,58,1300.0,2600.0,19500.0,,300-549,4,False,insufficient_funds,,1,1,rule_based,0.2552160196681336,5850.0,582.8561717763617,False
AC001387,L06,two_wheeler,self_employed,T3,hinglish,90+,174,2900.0,17400.0,69600.0,,300-549,3,False,insufficient_funds,,7,5,rule_based,0.07142857142857142,20880.0,582.1428571428571,False
AC000585,L02,two_wheeler,self_employed,T2,hinglish,90+,104,2550.0,10200.0,33150.0,,300-549,1,True,stop_payment,,3,2,rule_based,0.14957264957264957,9945.0,580.375,False
AC002361,L02,consumer_durable,salaried,T2,hinglish,61-90,80,1750.0,5250.0,26250.0,7.0,300-549,1,False,insufficient_funds,0.5,4,1,rule_based,0.18703554231957473,7875.0,573.8072030949929,False
AC001870,L04,mfi_jlg,self_employed,T3,hinglish,61-90,81,2100.0,6300.0,39900.0,,300-549,2,False,insufficient_funds,0.28,2,2,rule_based,0.21913344154430744,6703.200000000001,572.0028784119108,False
AC002283,L06,two_wheeler,self_employed,T1,english,31-60,40,3050.0,6100.0,24400.0,,300-549,0,False,stop_payment,,2,2,rule_based,0.1996816289890466,7320.0,568.7512858899195,False
AC000710,L02,consumer_durable,salaried,T1,kanglish,X,0,3150.0,3150.0,113400.0,7.0,300-549,3,False,insufficient_funds,0.1,0,0,rule_based,0.21459899749373434,6804.0,568.0592105263158,False
AC001097,L06,two_wheeler,daily_wage,T1,hinglish,1-30,11,2350.0,2350.0,21150.0,,300-549,1,False,insufficient_funds,,2,1,rule_based,0.22902337394663905,6345.0,564.9189884611411,False
AC002373,L04,mfi_jlg,daily_wage,T3,kanglish,31-60,31,750.0,1500.0,28500.0,,300-549,5,False,insufficient_funds,0.85,5,1,rule_based,0.09960384833050367,14535.0,562.483870967742,False
AC000097,L02,consumer_durable,salaried,T3,hinglish,1-30,30,3100.0,3100.0,58900.0,1.0,550-649,2,False,insufficient_funds,0.18,0,0,rule_based,0.227266885161622,6361.2,561.5605494505494,False
AC000994,L06,mfi_jlg,daily_wage,T3,hinglish,X,0,1450.0,1450.0,53650.0,,550-649,3,False,insufficient_funds,0.2,0,0,rule_based,0.2244512142425028,6438.0,561.2576127819549,False
AC001956,L06,mfi_jlg,daily_wage,T3,english,1-30,3,700.0,700.0,29400.0,,300-549,1,False,insufficient_funds,0.39,0,0,rule_based,0.20781507260636115,6879.599999999999,554.358058076225,False
AC000829,L02,two_wheeler,salaried,T1,kanglish,31-60,42,2950.0,5900.0,23600.0,7.0,300-549,3,False,mandate_not_registered,,2,2,rule_based,0.20154940844596017,7080.0,553.1364153088291,False
AC000211,L04,mfi_jlg,self_employed,T2,hinglish,X,0,1950.0,1950.0,23400.0,,550-649,4,True,insufficient_funds,0.41,0,0,rule_based,0.24628744566283856,5756.4,548.9780734961037,False
AC000895,L02,consumer_durable,salaried,T2,hinglish,61-90,77,2400.0,7200.0,26400.0,,300-549,1,False,insufficient_funds,0.33,1,0,rule_based,0.27105703091629474,5227.2,548.5911904025452,False
AC000139,L06,mfi_jlg,self_employed,T2,hinglish,1-30,16,1900.0,1900.0,17100.0,,550-649,0,False,insufficient_funds,0.58,0,0,rule_based,0.23777550222761615,5950.8,547.7295063952441,False
AC000913,L04,mfi_jlg,self_employed,T2,hinglish,1-30,28,850.0,850.0,25500.0,,300-549,1,False,insufficient_funds,,1,1,rule_based,0.1827296907938355,7650.0,540.0469605577787,False
AC001233,L06,two_wheeler,self_employed,T2,hinglish,X,0,2400.0,2400.0,24000.0,,550-649,2,False,insufficient_funds,0.38,0,0,rule_based,0.2552160196681336,5472.0,539.4439268308122,False
AC000191,L06,mfi_jlg,self_employed,T3,english,61-90,86,950.0,2850.0,26600.0,,300-549,1,False,insufficient_funds,,3,3,rule_based,0.17475107485934724,7980.0,538.531109819916,False
AC002383,L06,mfi_jlg,self_employed,T2,hinglish,61-90,63,1900.0,5700.0,24700.0,,300-549,5,False,technical,0.41,2,2,rule_based,0.227266885161622,6076.2,532.4135714285715,False
AC002016,L06,two_wheeler,daily_wage,T3,english,61-90,69,3000.0,9000.0,144000.0,,300-549,2,False,insufficient_funds,0.2,5,4,rule_based,0.07936507936507936,17280.0,528.1428571428571,False
AC001438,L02,two_wheeler,self_employed,T3,hinglish,31-60,55,4000.0,8000.0,104000.0,,300-549,5,False,insufficient_funds,0.11,2,0,rule_based,0.1996816289890466,6864.0,527.7766156213671,False
AC000121,L04,mfi_jlg,daily_wage,T2,hinglish,1-30,23,1750.0,1750.0,28000.0,,550-649,2,True,insufficient_funds,0.7,1,0,rule_based,0.11636850747558551,11760.0,526.8221415607985,False
AC001588,L06,mfi_jlg,self_employed,T1,hinglish,90+,154,950.0,5700.0,32300.0,,300-549,1,False,insufficient_funds,0.31,2,2,rule_based,0.227266885161622,6007.8,525.4182967032967,False
AC000107,L03,consumer_durable,self_employed,T1,english,61-90,61,1450.0,4350.0,18850.0,,300-549,3,False,stop_payment,0.38,0,0,rule_based,0.3151046499639138,4297.8,520.415544076709,False
AC000061,L04,mfi_jlg,daily_wage,T2,hinglish,90+,646,1000.0,12000.0,27000.0,,300-549,2,False,insufficient_funds,0.28,2,0,rule_based,0.29845926291137687,4536.0,520.2150474547025,False
AC000486,L06,two_wheeler,salaried,T2,hinglish,90+,107,4700.0,18800.0,47000.0,10.0,300-549,3,True,insufficient_funds,0.43,4,3,rule_based,0.11124121779859486,12126.0,518.0099531615925,False
AC000495,L04,mfi_jlg,self_employed,T1,kanglish,1-30,21,1250.0,1250.0,31250.0,,550-649,2,False,insufficient_funds,0.58,0,0,rule_based,0.12398746046334991,10875.0,517.7636346425186,False
AC001339,L06,mfi_jlg,self_employed,T1,english,X,0,1250.0,1250.0,22500.0,,650-699,3,True,insufficient_funds,,0,0,rule_based,0.1996816289890466,6750.0,517.532948054229,False
AC001878,L04,mfi_jlg,self_employed,T3,kanglish,90+,241,1000.0,9000.0,23000.0,,550-649,0,False,insufficient_funds,,3,3,random_contact_point,0.19341596482864562,6900.0,511.5565707929446,False
AC002116,L01,credit_card,self_employed,T2,hinglish,61-90,78,2950.0,8850.0,29500.0,,300-549,2,False,insufficient_funds,0.47,4,0,rule_based,0.16008126663864372,8319.0,510.2722257250947,False
AC001759,L04,mfi_jlg,self_employed,T1,kanglish,61-90,82,1050.0,3150.0,17850.0,,300-549,1,True,insufficient_funds,0.49,1,1,rule_based,0.25333207517372625,5247.9,509.2576287868891,False
AC001926,L04,mfi_jlg,daily_wage,T2,hinglish,90+,122,1950.0,9750.0,68250.0,,300-549,4,False,insufficient_funds,,4,2,rule_based,0.06451612903225806,20475.0,505.4354838709678,False
AC002252,L06,two_wheeler,salaried,T3,kanglish,1-30,25,2500.0,2500.0,22500.0,,300-549,0,False,insufficient_funds,0.49,2,2,rule_based,0.1996816289890466,6615.0,505.4022890931444,False
AC001909,L06,mfi_jlg,daily_wage,T1,hinglish,31-60,34,800.0,1600.0,34400.0,,300-549,0,False,insufficient_funds,0.6,4,2,rule_based,0.10651629072681705,12384.0,504.593984962406,False
AC001806,L06,two_wheeler,salaried,T1,kanglish,90+,165,2800.0,16800.0,39200.0,10.0,300-549,3,False,insufficient_funds,,6,4,rule_based,0.11213517665130568,11760.0,504.41935483870964,False
AC001209,L01,pl_salaried,salaried,T1,kanglish,1-30,22,13550.0,13550.0,162600.0,,300-549,2,False,insufficient_funds,0.06,0,0,rule_based,0.2244512142425028,5853.599999999999,502.2314324604614,False
AC001827,L01,credit_card,salaried,T3,kanglish,1-30,16,1550.0,1550.0,21700.0,5.0,550-649,1,False,insufficient_funds,,0,0,rule_based,0.20110556897668075,6510.0,500.1387643171862,False
AC001910,L06,mfi_jlg,self_employed,T3,english,X,0,800.0,800.0,26400.0,,650-699,0,False,insufficient_funds,0.41,1,1,rule_based,0.20154940844596017,6494.4,500.02411519514965,False
AC001732,L01,pl_salaried,salaried,T1,english,X,0,3050.0,3050.0,24400.0,,650-699,5,False,insufficient_funds,0.35,0,0,rule_based,0.2552160196681336,5124.0,499.47709815078247,False
AC001180,L02,two_wheeler,daily_wage,T1,kanglish,61-90,71,3300.0,9900.0,52800.0,,300-549,5,False,insufficient_funds,0.28,4,1,rule_based,0.1472228959495513,8870.400000000001,498.66668930390506,False
AC002213,L04,mfi_jlg,daily_wage,T1,hinglish,61-90,81,850.0,2550.0,10200.0,,550-649,1,True,insufficient_funds,0.92,3,1,rule_based,0.22793436633589356,5630.4,488.5127452979268,False
AC002389,L03,consumer_durable,daily_wage,T2,hinglish,90+,161,2150.0,12900.0,25800.0,,300-549,2,False,insufficient_funds,,3,2,rule_based,0.16520855631563436,7740.0,486.4214016473544,False
AC000697,L04,mfi_jlg,daily_wage,T1,kanglish,90+,227,1500.0,12000.0,24000.0,,300-549,4,False,insufficient_funds,,6,2,rule_based,0.17369029993388574,7200.0,473.7565717857898,False
AC002122,L04,mfi_jlg,self_employed,T3,english,90+,108,1300.0,5200.0,31200.0,,300-549,2,False,mandate_not_registered,,5,4,rule_based,0.13249656704218807,9360.0,469.0755403816961,False
AC000636,L03,consumer_durable,salaried,T2,hinglish,31-60,48,2400.0,4800.0,67200.0,7.0,300-549,2,False,insufficient_funds,0.15,1,0,rule_based,0.20482199976829085,6048.0,468.44355456938047,False
AC001396,L04,mfi_jlg,self_employed,T1,kanglish,90+,194,800.0,5600.0,25600.0,,300-549,2,False,insufficient_funds,,5,3,rule_based,0.1597542242703533,7680.0,463.110599078341,False
AC000741,L04,mfi_jlg,self_employed,T1,kanglish,90+,153,1000.0,6000.0,20000.0,,300-549,5,True,insufficient_funds,0.4,2,1,rule_based,0.2552160196681336,4800.0,462.26660248316864,False
AC000021,L02,two_wheeler,salaried,T3,english,1-30,28,2350.0,2350.0,18800.0,10.0,550-649,2,True,technical,0.4,1,0,rule_based,0.27105703091629474,4512.0,461.35419557244484,False
AC002327,L03,consumer_durable,salaried,T1,kanglish,1-30,9,1200.0,1200.0,22800.0,1.0,550-649,3,False,mandate_not_registered,0.6,0,0,rule_based,0.14705176536295636,8208.0,454.15040054461565,False
AC001891,L06,mfi_jlg,self_employed,T1,hinglish,1-30,22,1350.0,1350.0,24300.0,,300-549,4,False,insufficient_funds,0.45,2,2,rule_based,0.18356374807987708,6561.0,452.962788018433,False
AC000192,L02,two_wheeler,salaried,T2,hinglish,1-30,4,2250.0,2250.0,15750.0,,300-549,4,False,insufficient_funds,,0,0,rule_based,0.25441164386375775,4725.0,451.9427577653149,False
AC000566,L04,mfi_jlg,self_employed,T1,kanglish,1-30,6,1550.0,1550.0,20150.0,,300-549,1,False,insufficient_funds,,0,0,rule_based,0.1976194141099377,6045.0,448.574211232558,False
AC000011,L02,consumer_durable,self_employed,T2,hinglish,1-30,29,2300.0,2300.0,16100.0,,300-549,2,False,insufficient_funds,0.55,1,0,rule_based,0.22176434676434678,5313.0,441.20528846153854,False
AC000668,L06,two_wheeler,daily_wage,T1,kanglish,31-60,31,4150.0,8300.0,49800.0,,300-549,4,True,insufficient_funds,0.2,2,0,rule_based,0.19341596482864562,5976.0,431.1342126171937,False
AC000300,L04,mfi_jlg,self_employed,T1,kanglish,61-90,89,1250.0,3750.0,33750.0,,300-549,4,False,insufficient_funds,0.19,1,1,rule_based,0.29845926291137687,3847.5,427.7449063231851,False
AC001017,L02,consumer_durable,self_employed,T1,kanglish,90+,171,1500.0,9000.0,18000.0,,300-549,4,False,insufficient_funds,,5,0,rule_based,0.21260950337740678,5400.0,427.6410932070985,False
AC000709,L01,pl_salaried,salaried,T3,english,90+,131,3350.0,16750.0,36850.0,5.0,300-549,2,False,insufficient_funds,0.29,5,4,rule_based,0.1765269252535806,6411.9,420.342846415045,False
AC000653,L01,pl_salaried,salaried,T2,english,61-90,86,3150.0,9450.0,59850.0,7.0,300-549,2,False,insufficient_funds,0.27,2,2,rule_based,0.11636850747558551,9695.7,418.72336206896557,False
AC000498,L06,mfi_jlg,self_employed,T1,hinglish,31-60,56,1950.0,3900.0,93600.0,,300-549,2,False,technical,0.1,1,1,rule_based,0.1996816289890466,5616.0,415.6354127811186,False
AC001924,L03,consumer_durable,daily_wage,T3,english,1-30,27,1700.0,1700.0,18700.0,,300-549,2,False,technical,,0,0,rule_based,0.1996816289890466,5610.0,415.09627238284816,False
AC001829,L01,credit_card,salaried,T2,english,X,0,1800.0,1800.0,16200.0,,550-649,1,False,insufficient_funds,,1,0,rule_based,0.22964205861030154,4860.0,413.22718218072947,False
AC001592,L06,mfi_jlg,daily_wage,T3,hinglish,90+,138,1200.0,6000.0,24000.0,,300-549,0,False,insufficient_funds,0.35,6,4,rule_based,0.21913344154430744,5040.0,407.99464542248927,False
AC001395,L02,consumer_durable,salaried,T3,hinglish,31-60,59,3250.0,6500.0,26000.0,28.0,300-549,2,False,insufficient_funds,0.26,1,0,rule_based,0.27186140672067055,4056.0,407.20143954656794,False
AC000147,L03,consumer_durable,salaried,T3,hinglish,1-30,6,1250.0,1250.0,22500.0,,650-699,3,False,insufficient_funds,0.82,2,1,rule_based,0.09960384833050367,11070.0,407.17657045840406,False
AC001033,L04,mfi_jlg,daily_wage,T1,kanglish,31-60,60,1250.0,2500.0,42500.0,,300-549,3,False,insufficient_funds,0.27,5,4,rule_based,0.15897502376631234,6885.0,403.5443673839772,False
AC000557,L02,consumer_durable,self_employed,T1,hinglish,90+,118,1900.0,7600.0,19000.0,,300-549,1,True,stop_payment,0.79,6,6,rule_based,0.11904761904761903,9006.0,393.4642857142856,False
AC002249,L06,mfi_jlg,daily_wage,T3,english,31-60,53,1600.0,3200.0,24000.0,,300-549,5,False,insufficient_funds,0.27,1,0,rule_based,0.27186140672067055,3888.0,386.6487171984852,False
AC000269,L04,mfi_jlg,self_employed,T1,kanglish,1-30,22,800.0,800.0,25600.0,,300-549,3,False,insufficient_funds,0.33,0,0,rule_based,0.20781507260636115,5068.8,385.01786801220555,False
AC000202,L02,consumer_durable,salaried,T1,english,31-60,40,1500.0,3000.0,13500.0,,300-549,4,False,mandate_not_registered,0.5,2,1,rule_based,0.2552160196681336,4050.0,376.1311958451735,False
AC001578,L02,two_wheeler,salaried,T3,kanglish,1-30,8,2650.0,2650.0,47700.0,1.0,300-549,3,True,insufficient_funds,0.15,1,0,rule_based,0.23777550222761615,4293.0,370.34660397842026,False
AC000647,L01,credit_card,self_employed,T3,hinglish,31-60,44,4050.0,8100.0,52650.0,,300-549,2,True,insufficient_funds,0.17,0,0,rule_based,0.18982941224027808,5370.3,369.74840164928446,False
AC000654,L04,mfi_jlg,daily_wage,T1,kanglish,X,0,750.0,750.0,23250.0,,550-649,3,True,insufficient_funds,0.36,1,0,rule_based,0.1996816289890466,5022.0,362.2605133523464,False
AC002378,L06,mfi_jlg,daily_wage,T2,hinglish,90+,249,950.0,8550.0,21850.0,,300-549,1,False,insufficient_funds,0.28,0,0,rule_based,0.27186140672067055,3670.8000000000006,360.076983305607,False
AC001847,L04,mfi_jlg,self_employed,T2,hinglish,1-30,12,700.0,700.0,22400.0,,300-549,4,True,insufficient_funds,,3,1,rule_based,0.1472228959495513,6720.0,356.20203735144315,False
AC000851,L06,mfi_jlg,daily_wage,T3,kanglish,1-30,29,1450.0,1450.0,26100.0,,300-549,3,False,insufficient_funds,0.4,2,1,random_contact_point,0.15493810160642235,6264.0,347.7395208081834,False
AC000395,L06,mfi_jlg,self_employed,T1,hinglish,1-30,13,1700.0,1700.0,15300.0,,300-549,2,True,mandate_not_registered,,0,0,random_contact_point,0.20781507260636115,4590.0,340.242032468439,False
AC000035,L01,credit_card,salaried,T3,english,X,0,1700.0,1700.0,18700.0,1.0,650-699,3,False,insufficient_funds,0.54,0,0,rule_based,0.15707511269831978,6058.8,339.259011767461,False
AC000296,L04,mfi_jlg,daily_wage,T1,kanglish,1-30,16,1550.0,1550.0,43400.0,,300-549,0,False,insufficient_funds,0.18,1,1,rule_based,0.19796285585759268,4687.2,328.55117408906875,False
AC000358,L04,mfi_jlg,self_employed,T3,kanglish,X,0,1400.0,1400.0,15400.0,,300-549,4,False,insufficient_funds,,0,0,rule_based,0.1996816289890466,4620.0,326.13810666822786,False
AC000398,L01,credit_card,salaried,T3,kanglish,1-30,30,1900.0,1900.0,81700.0,,300-549,1,False,insufficient_funds,0.08,2,1,rule_based,0.22964205861030154,3921.6,316.25393367077135,False
AC001355,L04,mfi_jlg,daily_wage,T3,kanglish,90+,99,1650.0,6600.0,59400.0,,300-549,1,False,insufficient_funds,0.25,2,2,rule_based,0.100760657910549,8910.0,314.99985789234626,False
AC000901,L04,mfi_jlg,daily_wage,T3,kanglish,1-30,28,1350.0,1350.0,36450.0,,300-549,0,True,insufficient_funds,0.21,1,1,rule_based,0.19341596482864562,4592.7,310.7356757508343,False
AC001866,L04,mfi_jlg,self_employed,T3,hinglish,1-30,9,1200.0,1200.0,19200.0,,550-649,1,False,insufficient_funds,0.52,0,0,rule_based,0.1472228959495513,5990.4,307.86581615328646,False
AC000507,L04,mfi_jlg,self_employed,T1,kanglish,1-30,16,1050.0,1050.0,19950.0,,550-649,1,False,technical,0.4,0,0,rule_based,0.18356374807987708,4788.0,306.5064516129031,False
AC000989,L04,mfi_jlg,self_employed,T1,kanglish,X,0,700.0,700.0,14700.0,,550-649,0,False,insufficient_funds,,1,1,rule_based,0.19341596482864562,4410.0,294.8339822024472,False
AC000449,L02,two_wheeler,self_employed,T2,hinglish,90+,199,4650.0,32550.0,79050.0,,300-549,3,True,insufficient_funds,0.07,2,1,rule_based,0.2552160196681336,3320.1000000000004,292.30421810507676,False
AC001191,L06,mfi_jlg,daily_wage,T1,kanglish,31-60,59,1100.0,2200.0,40700.0,,300-549,3,False,insufficient_funds,0.11,0,0,rule_based,0.3151046499639138,2686.2,291.89534982987936,False
AC002271,L06,mfi_jlg,daily_wage,T1,english,X,0,850.0,850.0,28050.0,,550-649,2,False,insufficient_funds,0.27,1,1,rule_based,0.1856763925729443,4544.1,290.6794429708223,False
AC000502,L04,mfi_jlg,self_employed,T1,hinglish,31-60,54,1750.0,3500.0,52500.0,,300-549,2,False,insufficient_funds,0.25,5,2,rule_based,0.10651629072681705,7875.0,288.4671052631579,False
AC002161,L06,mfi_jlg,daily_wage,T3,hinglish,1-30,22,1400.0,1400.0,18200.0,,300-549,5,False,insufficient_funds,,1,1,rule_based,0.1524061647262328,5460.0,285.46194673235397,False
AC001897,L06,mfi_jlg,self_employed,T2,hinglish,1-30,1,2100.0,2100.0,39900.0,,300-549,3,False,insufficient_funds,0.15,0,0,rule_based,0.22964205861030154,3591.0,282.0900846113168,False
AC001724,L02,consumer_durable,salaried,T3,hinglish,31-60,52,1200.0,2400.0,15600.0,10.0,300-549,1,False,insufficient_funds,0.39,3,1,random_contact_point,0.22433645589383297,3650.4,279.51300936768155,False
AC002247,L04,mfi_jlg,self_employed,T3,english,X,0,2050.0,2050.0,57400.0,,300-549,3,False,technical,0.1,1,0,rule_based,0.23777550222761615,3444.0,279.50447335235947,False
AC002059,L04,mfi_jlg,daily_wage,T3,hinglish,X,0,1950.0,1950.0,74100.0,,550-649,3,False,insufficient_funds,0.08,0,0,rule_based,0.22964205861030154,3556.7999999999997,278.55589332930424,False
AC000355,L02,consumer_durable,salaried,T2,english,1-30,25,1700.0,1700.0,13600.0,1.0,550-649,4,True,insufficient_funds,,1,0,rule_based,0.1996816289890466,4080.0,277.61547082388955,False
AC000239,L06,two_wheeler,daily_wage,T1,kanglish,1-30,21,2200.0,2200.0,99000.0,,300-549,2,True,technical,0.05,0,0,rule_based,0.27186140672067055,2970.0,274.34277008217623,False
AC001173,L04,mfi_jlg,daily_wage,T3,english,90+,183,800.0,5600.0,21600.0,,300-549,2,False,insufficient_funds,0.51,4,4,rule_based,0.11636850747558551,6609.599999999999,257.11717915478346,False
AC001673,L04,mfi_jlg,daily_wage,T2,english,1-30,27,1150.0,1150.0,33350.0,,300-549,3,False,insufficient_funds,0.2,1,0,rule_based,0.18982941224027808,4002.0,252.8637885035168,False
AC001703,L02,consumer_durable,self_employed,T1,kanglish,1-30,1,2500.0,2500.0,27500.0,,300-549,1,False,insufficient_funds,0.2,0,0,rule_based,0.227266885161622,3300.0,248.4913244650087,False
AC001776,L06,mfi_jlg,self_employed,T3,hinglish,1-30,29,1200.0,1200.0,19200.0,,550-649,0,False,insufficient_funds,0.6,0,0,rule_based,0.10651629072681705,6912.0,242.30827067669173,False
AC001539,L06,mfi_jlg,self_employed,T3,kanglish,31-60,39,1050.0,2100.0,31500.0,,300-549,2,False,insufficient_funds,0.17,1,1,rule_based,0.227266885161622,3213.0,239.59382591093117,False
AC001957,L06,mfi_jlg,daily_wage,T1,kanglish,31-60,43,1350.0,2700.0,13500.0,,300-549,0,False,insufficient_funds,0.33,1,1,rule_based,0.27105703091629474,2673.0,237.04094963766516,False
AC001696,L03,consumer_durable,salaried,T2,hinglish,1-30,9,1450.0,1450.0,21750.0,,300-549,1,True,mandate_not_registered,0.34,2,0,rule_based,0.1597542242703533,4437.0,229.97327188940096,False
AC000718,L02,consumer_durable,salaried,T2,hinglish,X,0,1250.0,1250.0,11250.0,5.0,550-649,2,False,insufficient_funds,,1,0,rule_based,0.1996816289890466,3375.0,214.2664740271145,False
AC001523,L06,mfi_jlg,daily_wage,T2,hinglish,1-30,15,1100.0,1100.0,11000.0,,300-549,1,False,insufficient_funds,,0,0,random_contact_point,0.20110556897668075,3300.0,209.6417699303709,False
AC001429,L02,consumer_durable,salaried,T2,hinglish,61-90,67,1750.0,5250.0,54250.0,28.0,300-549,3,False,insufficient_funds,0.19,2,2,rule_based,0.10651629072681705,6184.5,207.4375,False
AC002210,L06,mfi_jlg,daily_wage,T3,kanglish,31-60,40,1550.0,3100.0,27900.0,,300-549,4,False,insufficient_funds,0.13,2,1,rule_based,0.29845926291137687,2176.2,203.27817157648224,False
AC001766,L04,mfi_jlg,self_employed,T1,kanglish,31-60,55,1900.0,3800.0,49400.0,,300-549,3,False,insufficient_funds,0.09,0,0,rule_based,0.23777550222761615,2667.6,196.43046838407497,False
AC001619,L04,mfi_jlg,self_employed,T2,hinglish,61-90,77,1800.0,5400.0,19800.0,,300-549,2,False,insufficient_funds,,3,3,rule_based,0.10651629072681705,5940.0,195.71804511278197,False
AC001978,L04,mfi_jlg,daily_wage,T1,kanglish,1-30,15,700.0,700.0,21000.0,,300-549,1,False,insufficient_funds,,3,1,rule_based,0.09960384833050367,6300.0,193.37691001697794,False
AC001177,L02,two_wheeler,self_employed,T2,english,31-60,53,2500.0,5000.0,65000.0,,300-549,6,False,insufficient_funds,0.08,1,0,rule_based,0.1996816289890466,3120.0,191.35300710062143,False
AC000277,L03,consumer_durable,salaried,T3,hinglish,90+,104,2350.0,9400.0,56400.0,25.0,300-549,2,True,insufficient_funds,0.77,5,2,rule_based,0.023809523809523808,26056.8,190.18,False
AC001875,L06,mfi_jlg,self_employed,T1,hinglish,X,0,1050.0,1050.0,17850.0,,300-549,4,False,mandate_not_registered,0.29,1,0,rule_based,0.1996816289890466,3105.9,190.08602716468596,False
AC000601,L04,mfi_jlg,self_employed,T3,hinglish,61-90,75,1550.0,4650.0,41850.0,,300-549,2,False,insufficient_funds,0.09,0,0,rule_based,0.27186140672067055,2259.9,187.47081687161955,False
AC002162,L06,mfi_jlg,daily_wage,T3,english,31-60,31,950.0,1900.0,8550.0,,300-549,4,False,insufficient_funds,,1,1,rule_based,0.23777550222761615,2565.0,185.45237344622592,False
AC000955,L06,mfi_jlg,daily_wage,T1,kanglish,90+,165,1250.0,7500.0,23750.0,,300-549,1,False,insufficient_funds,0.19,4,1,rule_based,0.22433645589383297,2707.5,184.32592944964875,False
AC000616,L04,mfi_jlg,self_employed,T3,hinglish,1-30,3,1100.0,1100.0,9900.0,,300-549,2,False,technical,,0,0,rule_based,0.20423554364055185,2970.0,183.96080407559754,False
AC001224,L04,mfi_jlg,daily_wage,T3,english,90+,292,1150.0,11500.0,57500.0,,300-549,2,False,insufficient_funds,0.11,5,2,rule_based,0.15535633956686587,3795.0,176.3097888953152,False
AC001158,L03,consumer_durable,salaried,T2,hinglish,90+,124,3200.0,16000.0,54400.0,10.0,300-549,2,False,insufficient_funds,0.25,4,3,rule_based,0.07142857142857142,8160.0,173.28571428571428,False
AC002351,L06,mfi_jlg,daily_wage,T1,kanglish,1-30,28,1250.0,1250.0,38750.0,,300-549,2,False,technical,0.17,1,1,rule_based,0.1472228959495513,3952.5000000000005,172.85432330827075,False
AC001545,L06,mfi_jlg,daily_wage,T1,kanglish,31-60,57,1450.0,2900.0,13050.0,,300-549,2,False,insufficient_funds,0.33,2,2,rule_based,0.21286777738390641,2583.9,158.51307249202412,False
AC000435,L06,mfi_jlg,daily_wage,T2,hinglish,90+,96,2150.0,8600.0,75250.0,,300-549,4,False,mandate_not_registered,,7,2,rule_based,0.023809523809523808,22575.0,152.875,False
AC002358,L02,consumer_durable,salaried,T2,hinglish,31-60,36,2250.0,4500.0,24750.0,5.0,300-549,1,True,insufficient_funds,0.14,2,1,rule_based,0.2552160196681336,2079.0,149.7673472005224,False
AC000911,L06,mfi_jlg,self_employed,T3,english,61-90,70,1450.0,4350.0,49300.0,,300-549,1,False,insufficient_funds,0.16,6,4,rule_based,0.10651629072681705,4732.8,137.85413533834588,False
AC001135,L01,credit_card,salaried,T2,hinglish,1-30,20,1550.0,1550.0,15500.0,5.0,650-699,1,False,insufficient_funds,0.47,1,0,rule_based,0.11213517665130568,4371.0,131.56428571428572,False
AC000813,L02,consumer_durable,self_employed,T3,hinglish,1-30,26,1450.0,1450.0,10150.0,,550-649,1,False,insufficient_funds,0.75,0,0,rule_based,0.10651629072681705,4567.5,129.9309210526316,False
AC001315,L04,mfi_jlg,self_employed,T2,english,1-30,20,1450.0,1450.0,20300.0,,550-649,2,False,insufficient_funds,0.61,2,0,rule_based,0.06451612903225806,7429.799999999999,126.70387096774192,False
AC001281,L02,two_wheeler,self_employed,T2,english,X,0,4550.0,4550.0,113750.0,,550-649,5,False,insufficient_funds,0.03,0,0,rule_based,0.21913344154430744,2047.5,112.90407470288628,False
AC000402,L04,mfi_jlg,daily_wage,T1,kanglish,1-30,22,750.0,750.0,7500.0,,550-649,2,True,insufficient_funds,,0,0,rule_based,0.1906389391521303,2250.0,104.02192589153194,False
AC002130,L06,mfi_jlg,daily_wage,T1,kanglish,X,0,1750.0,1750.0,28000.0,,300-549,2,False,insufficient_funds,0.11,0,0,random_contact_point,0.22964205861030154,1848.0,101.97033594032678,False
AC001741,L06,mfi_jlg,daily_wage,T3,english,31-60,31,750.0,1500.0,9000.0,,300-549,4,False,insufficient_funds,,2,1,rule_based,0.15572547067718956,2700.0,100.2064468727853,False
AC002138,L06,two_wheeler,salaried,T3,english,1-30,22,2800.0,2800.0,42000.0,30.0,550-649,5,False,insufficient_funds,0.08,2,2,rule_based,0.20735856102806174,2016.0,99.11568656465761,False
AC001772,L06,mfi_jlg,daily_wage,T1,kanglish,1-30,26,850.0,850.0,6800.0,,650-699,1,False,insufficient_funds,,0,0,rule_based,0.193958245103087,2040.0,89.05366900463389,False
AC001597,L04,mfi_jlg,daily_wage,T2,hinglish,90+,177,1350.0,8100.0,58050.0,,300-549,1,False,insufficient_funds,0.05,0,0,rule_based,0.2244512142425028,1741.5,86.89680532149339,False
AC002266,L06,mfi_jlg,self_employed,T1,kanglish,1-30,14,900.0,900.0,6300.0,,300-549,1,True,insufficient_funds,,0,0,rule_based,0.20423554364055185,1890.0,84.70232986628935,False
AC000979,L03,pl_salaried,salaried,T1,kanglish,90+,243,3800.0,34200.0,72200.0,5.0,300-549,2,False,insufficient_funds,0.04,5,1,rule_based,0.2225687225687226,1732.8,84.55018711018712,False
AC001599,L04,mfi_jlg,self_employed,T1,kanglish,90+,134,1950.0,9750.0,50700.0,,300-549,1,True,insufficient_funds,,4,4,rule_based,0.023809523809523808,15210.0,73.96428571428572,False
AC000461,L02,consumer_durable,salaried,T1,kanglish,1-30,22,1200.0,1200.0,12000.0,,300-549,0,False,insufficient_funds,,3,1,rule_based,0.09960384833050367,3600.0,72.35823429541594,False
AC000790,L01,credit_card,salaried,T3,hinglish,1-30,26,3150.0,3150.0,56700.0,,300-549,3,False,insufficient_funds,0.09,2,2,rule_based,0.11636850747558551,3061.7999999999997,71.33369328493646,False
AC001073,L03,consumer_durable,salaried,T1,kanglish,1-30,28,1300.0,1300.0,20800.0,1.0,300-549,2,False,insufficient_funds,0.25,1,1,rule_based,0.10651629072681705,3120.0,60.54887218045113,False
AC001416,L04,mfi_jlg,daily_wage,T3,hinglish,90+,160,1800.0,10800.0,21600.0,,300-549,3,False,insufficient_funds,0.16,4,1,rule_based,0.16008126663864372,2073.6,60.37503152585123,False
AC000587,L06,mfi_jlg,daily_wage,T2,hinglish,X,0,1150.0,1150.0,16100.0,,300-549,2,False,insufficient_funds,0.18,0,0,rule_based,0.18356374807987708,1738.8,54.63129032258061,False
AC001450,L06,mfi_jlg,self_employed,T1,kanglish,1-30,21,1650.0,1650.0,14850.0,,550-649,1,False,insufficient_funds,0.49,1,0,rule_based,0.07142857142857142,4365.9,51.33249999999998,False
AC000969,L06,mfi_jlg,self_employed,T2,hinglish,90+,109,1200.0,4800.0,39600.0,,300-549,1,True,insufficient_funds,0.05,2,0,rule_based,0.2552160196681336,1188.0,47.43848411458424,False
AC001530,L06,mfi_jlg,self_employed,T1,kanglish,1-30,26,1600.0,1600.0,41600.0,,550-649,2,False,technical,0.06,2,0,rule_based,0.1996816289890466,1497.6,45.56944340829827,False
AC001501,L06,mfi_jlg,daily_wage,T2,english,31-60,48,1550.0,3100.0,44950.0,,300-549,4,False,insufficient_funds,0.04,1,1,rule_based,0.2762370406891546,1078.8,45.102033772956986,False
AC002012,L06,two_wheeler,daily_wage,T2,english,61-90,73,2550.0,7650.0,53550.0,,300-549,3,False,insufficient_funds,0.21,5,2,rule_based,0.04371775271899057,6747.3,43.73955681438028,False
AC001318,L04,mfi_jlg,self_employed,T1,english,1-30,5,950.0,950.0,10450.0,,300-549,4,True,insufficient_funds,0.21,1,0,rule_based,0.18660112388400604,1316.7,21.563964918131845,False
AC000713,L03,consumer_durable,salaried,T2,hinglish,31-60,59,3500.0,7000.0,171500.0,1.0,300-549,4,False,insufficient_funds,0.02,4,0,rule_based,0.11348345881729753,2058.0,16.097031210699242,False
AC001105,L06,mfi_jlg,daily_wage,T3,kanglish,61-90,89,1850.0,5550.0,29600.0,,300-549,3,False,insufficient_funds,0.08,3,2,rule_based,0.15687926532629728,1420.8,11.302327079021424,False
AC000481,L04,mfi_jlg,daily_wage,T3,hinglish,90+,211,1250.0,10000.0,21250.0,,300-549,5,False,insufficient_funds,0.07,2,1,rule_based,0.22433645589383297,892.5000000000001,1.0991290983606774,False
