phone_id,account_id,verified_status,verified_date,attempt_id,attempt_ts,channel,agent_id,dialling_arm,selection_propensity,network_response,ring_duration_s,talk_duration_s,hangup_by,disposition,remark,ptp_id,has_transcript,flag_rpc,flag_third_party,flag_customer_hangup,flag_call_rejected,flag_wrong_number,flag_switched_off,flag_not_reachable,flag_invalid,diurnal_slot,prior_attempts,prior_rpc_count,prior_rpc_rate,prior_third_party_count,prior_wrong_number_count,prior_customer_hangup_count,prior_call_rejected_count,prior_avoidance_rate,prior_ring_duration_mean,prev_attempt_ts,hours_since_last_attempt,consecutive_switched_off,attempt_hour,day_of_week,is_weekend,source,relation_recorded,added_date,priority_slot,accounts_sharing_phone,phone_age_days,lender_id,portfolio,income_type,town_id,preferred_language,bucket_start,dpd_start,emi_amount,overdue_start,outstanding,salary_credit_day,bureau_score_band,other_active_loans,paid_other_lenders_30d,last_bounce_reason,ability_to_pay_estimate,prev_ptp_count,prev_ptp_broken,dialling_arm_acc,prev_ptp_broken_rate,debt_burden_ratio,has_field_visit,total_field_met_borrower,total_field_met_family,total_field_locked_premises,total_field_not_traceable,total_payments_count,total_payments_amount,target_active_line,target_rpc,target_avoidance,split,predicted_state,prescribed_action,action_reason,prob_active,prob_rpc
PH002454,AC000848,not_borrower_number,2026-07-02,AT0022067,2026-05-02 13:40:05,tele_agent,TA013,rule_based,1.0,answered,20,23,agent,wrong_number,wrong number,,False,0,0,0,0,1,0,0,0,2,3,0,0.0,0,1,1,1,0.6666666666666666,2.0,2026-05-02 10:26:58,3.218611111111111,0,13,5,1,bureau,self,2026-04-01,1,3,31.569502314814816,L01,pl_salaried,salaried,T3,english,31-60,32,16350.0,32700.0,506850.0,15.0,300-549,3,False,insufficient_funds,0.63,3,1,rule_based,0.3333333333333333,0.06451612903098518,3.0,1.0,0.0,1.0,0.0,0.0,0.0,1,0,1,train,Recycled to a new subscriber,Stop at once; suppress to avoid third-party disclosure,Recycled / stranger detected; halt dialling immediately,0.8491571436478823,0.027863372174461307
PH003285,AC001229,borrower_number,2026-07-02,AT0050335,2026-06-27 11:39:14,tele_agent,TA020,rule_based,1.0,ring_no_answer,37,0,network,no_answer,ringing no response,PTP003329,False,0,0,0,0,0,0,0,0,1,24,13,0.5416666666666666,0,0,8,0,0.3333333333333333,23.333333333333332,2026-06-26 11:24:57,24.238055555555555,0,11,5,1,kyc_origination,self,2026-04-01,0,1,87.48557870370371,L05,msme,self_employed,T2,hinglish,1-30,19,12000.0,12000.0,432000.0,,300-549,1,False,insufficient_funds,0.24,1,1,rule_based,1.0,0.027777777777134773,2.0,2.0,0.0,0.0,0.0,1.0,6800.0,1,0,0,train,"Valid, but borrower avoiding","Switch channel (WhatsApp, field) instead of redialling",Line alive (P_active=0.95) but borrower avoiding (P_rpc=0.26); switch to WhatsApp/field,0.9500077825241567,0.2616401856444725
PH003943,AC001526,third_party_number,2026-07-02,AT0033139,2026-05-21 09:47:01,tele_agent,TA014,rule_based,1.0,ring_no_answer,37,0,network,no_answer,"ring hua, uthaya nahi",,False,0,0,0,0,0,0,0,0,1,14,2,0.14285714285714285,2,0,4,1,0.35714285714285715,23.571428571428573,2026-05-18 15:30:11,66.28055555555555,0,9,3,0,reference,reference_brother,2026-04-01,1,1,50.40765046296296,L01,credit_card,salaried,T2,hinglish,1-30,27,8800.0,8800.0,88000.0,1.0,300-549,1,False,insufficient_funds,0.84,0,0,rule_based,0.0,0.09999999998863636,0.0,0.0,0.0,0.0,0.0,0.0,0.0,1,0,0,validation,"Third party (relative, employer, reference)","Use only within Fair Practices Code rules, never discuss debt",Contact is a reference/relative; enforce Fair Practices Code,0.9213418853391859,0.08091489525336586
PH002082,AC000673,switched_off,2026-07-02,AT0025446,2026-05-08 09:00:27,tele_agent,TA003,rule_based,1.0,switched_off,0,0,network,switched_off,phone off,,False,0,0,0,0,0,1,0,0,1,6,0,0.0,0,0,0,0,0.0,0.0,2026-05-06 17:53:31,39.11555555555555,0,9,4,0,borrower_update,self,2026-04-01,1,2,37.3753125,L03,pl_salaried,salaried,T1,kanglish,61-90,71,5050.0,15150.0,247450.0,1.0,300-549,3,False,insufficient_funds,0.34,3,2,rule_based,0.6666666666666666,0.06122448979344415,7.0,1.0,2.0,1.0,3.0,1.0,9900.0,0,0,0,train,Invalid from the start,Trigger Skip-Trace,Line dead / unassigned (P_active=0.03); escalate to Skip-Trace,0.02542869892267483,0.056191398650079556
PH000610,AC000598,third_party_number,2026-07-02,AT0047042,2026-06-19 08:57:46,tele_agent,TA008,rule_based,1.0,answered,18,11,agent,wrong_number,"wrong number, is naam ak koi nahi",,True,0,0,0,0,1,0,0,0,1,15,0,0.0,5,0,4,0,0.26666666666666666,24.133333333333333,2026-06-18 15:44:11,17.226388888888888,0,8,4,0,employer,office,2026-04-01,1,1,79.37344907407407,L03,pl_salaried,salaried,T3,hinglish,1-30,16,9150.0,9150.0,183000.0,5.0,550-649,3,False,insufficient_funds,0.36,1,0,rule_based,0.0,0.049999999997267765,2.0,1.0,1.0,0.0,0.0,0.0,0.0,1,0,1,train,"Third party (relative, employer, reference)","Use only within Fair Practices Code rules, never discuss debt",Contact is a reference/relative; enforce Fair Practices Code,0.9187426827133164,0.04903862588654743
PH005388,AC002205,switched_off,2026-07-02,AT0035758,2026-05-26 12:43:04,tele_agent,TA007,rule_based,1.0,switched_off,0,0,network,switched_off,switched off,,False,0,0,0,0,0,1,0,0,2,7,0,0.0,0,0,0,0,0.0,0.0,2026-05-25 09:47:20,26.92888888888889,7,12,1,0,borrower_update,self,2026-04-01,1,1,55.52990740740741,L01,pl_salaried,salaried,T3,english,X,0,8050.0,8050.0,346150.0,7.0,550-649,1,False,insufficient_funds,0.13,0,0,rule_based,0.0,0.023255813952816527,1.0,0.0,0.0,0.0,1.0,1.0,3700.0,0,0,0,train,Switched off long-term,Move to another number on file,Persistent switch-off (7 streak); cascade to alternate phone on file,0.002677376171352075,0.0
PH005205,AC002121,borrower_number,2026-07-02,AT0049634,2026-06-25 11:29:27,tele_agent,TA013,rule_based,1.0,answered,18,56,agent,rpc_ptp,"cust agreed to pay, PTP noted",PTP003586,True,1,0,0,0,0,0,0,0,1,24,10,0.4166666666666667,0,0,7,1,0.3333333333333333,21.125,2026-06-10 10:18:27,361.18333333333334,0,11,3,0,kyc_origination,self,2026-04-01,0,2,85.47878472222222,L06,mfi_jlg,daily_wage,T3,english,61-90,65,2200.0,6600.0,70400.0,,300-549,1,False,insufficient_funds,0.24,0,0,rule_based,0.0,0.09374999998668324,5.0,1.0,2.0,0.0,2.0,1.0,1800.0,1,1,0,train,"Valid, but borrower avoiding","Switch channel (WhatsApp, field) instead of redialling",Line alive (P_active=0.94) but borrower avoiding (P_rpc=0.24); switch to WhatsApp/field,0.9387375399989915,0.2447854947391229
PH000758,AC000065,borrower_number,2026-07-02,AT0023938,2026-05-06 08:23:07,tele_agent,TA020,rule_based,1.0,answered,13,52,customer,rpc_ptp,customer ne 14/05 ko pay karne ka bola,PTP001667,True,1,0,1,0,0,0,0,0,1,11,5,0.45454545454545453,1,0,4,0,0.36363636363636365,13.363636363636363,2026-05-02 17:00:30,87.37694444444445,0,8,2,0,kyc_origination,self,2026-04-01,0,1,35.349386574074074,L04,mfi_jlg,self_employed,T3,hinglish,61-90,80,2000.0,6000.0,26000.0,,300-549,4,False,insufficient_funds,0.0,6,3,rule_based,0.5,0.23076923068047336,2.0,1.0,1.0,0.0,0.0,1.0,6000.0,1,1,0,train,"Valid, but borrower avoiding","Switch channel (WhatsApp, field) instead of redialling",Line alive (P_active=0.89) but borrower avoiding (P_rpc=0.30); switch to WhatsApp/field,0.889454054375335,0.3022057792038456
PH001475,AC000402,third_party_number,2026-07-02,AT0040732,2026-06-05 11:39:49,tele_agent,TA009,rule_based,1.0,ring_no_answer,38,0,network,no_answer,RNR,,False,0,0,0,0,0,0,0,0,1,11,1,0.09090909090909091,3,0,4,0,0.36363636363636365,22.181818181818183,2026-06-01 14:41:05,92.97888888888889,0,11,4,0,reference,reference_spouse,2026-04-01,3,2,65.4859837962963,L04,mfi_jlg,daily_wage,T1,kanglish,1-30,22,750.0,750.0,7500.0,,550-649,2,True,insufficient_funds,,0,0,rule_based,0.0,0.09999999986666668,1.0,1.0,0.0,0.0,0.0,0.0,0.0,1,0,0,train,"Third party (relative, employer, reference)","Use only within Fair Practices Code rules, never discuss debt",Contact is a reference/relative; enforce Fair Practices Code,0.9153506687794443,0.06080696597606174
PH004297,AC001688,borrower_number,2026-07-02,AT0049567,2026-06-25 12:28:04,tele_agent,TA003,rule_based,1.0,busy_rejected,6,0,customer,call_rejected,busy antha barthide,PTP001028,False,0,0,1,1,0,0,0,0,2,21,6,0.2857142857142857,0,0,3,1,0.19047619047619047,25.571428571428573,2026-06-24 12:18:04,24.166666666666668,0,12,3,0,borrower_update,self,2026-04-01,1,2,85.51949074074074,L06,two_wheeler,salaried,T1,kanglish,61-90,69,2400.0,7200.0,105600.0,10.0,300-549,3,False,insufficient_funds,0.42,2,1,rule_based,0.5,0.06818181817536156,2.0,0.0,0.0,1.0,1.0,0.0,0.0,1,0,1,test,"Valid, but borrower avoiding","Switch channel (WhatsApp, field) instead of redialling",Line alive (P_active=0.92) but borrower avoiding (P_rpc=0.18); switch to WhatsApp/field,0.9245464841596341,0.1753258873464414
PH000956,AC000159,borrower_number,2026-07-02,AT0035418,2026-05-26 09:14:31,tele_agent,TA002,rule_based,1.0,answered,11,56,agent,rpc_ptp,"PTP 30/05, amount 11,800",PTP002521,True,1,0,0,0,0,0,0,0,1,12,3,0.25,0,0,1,0,0.08333333333333333,25.75,2026-05-25 17:17:37,15.948333333333334,0,9,1,0,kyc_origination,self,2026-04-01,0,1,55.38508101851852,L02,two_wheeler,salaried,T2,hinglish,90+,448,2600.0,31200.0,109200.0,,300-549,2,False,insufficient_funds,0.78,5,4,rule_based,0.8,0.2857142856881214,5.0,1.0,2.0,1.0,0.0,2.0,31200.0,1,1,0,train,"Valid, but borrower avoiding","Switch channel (WhatsApp, field) instead of redialling",Line alive (P_active=0.93) but borrower avoiding (P_rpc=0.34); switch to WhatsApp/field,0.9324684131846829,0.34368517335618815
PH003570,AC001357,borrower_number,2026-07-02,AT0009492,2026-04-13 14:17:47,tele_agent,TA017,rule_based,1.0,busy_rejected,2,0,customer,call_rejected,disconnected after 2 rings,,False,0,0,1,1,0,0,0,0,2,7,0,0.0,0,0,6,6,1.7142857142857142,10.142857142857142,2026-04-13 10:22:15,3.9255555555555555,0,14,0,0,kyc_origination,self,2026-04-01,0,1,12.59568287037037,L01,credit_card,salaried,T1,english,31-60,46,6650.0,13300.0,292600.0,25.0,550-649,1,False,insufficient_funds,0.8,1,0,rule_based,0.0,0.04545454545299198,0.0,0.0,0.0,0.0,0.0,1.0,13300.0,1,0,1,validation,"Valid, but borrower avoiding","Switch channel (WhatsApp, field) instead of redialling",Line alive (P_active=0.88) but borrower avoiding (P_rpc=0.07); switch to WhatsApp/field,0.8782327319893991,0.0740491995715195
PH003266,AC001220,third_party_number,2026-07-02,AT0038213,2026-05-31 09:43:10,tele_agent,TA006,rule_based,1.0,ring_no_answer,37,0,network,no_answer,"ring ho raha hai, koi pick nahi kar raha",,False,0,0,0,0,0,0,0,0,1,7,0,0.0,1,0,0,0,0.0,27.714285714285715,2026-05-26 08:44:18,120.9811111111111,0,9,6,1,reference,reference_father,2026-04-01,1,2,60.40497685185185,L01,pl_salaried,salaried,T3,hinglish,X,0,9050.0,9050.0,190050.0,,750-900,1,False,insufficient_funds,0.48,0,0,rule_based,0.0,0.047619047616542017,0.0,0.0,0.0,0.0,0.0,1.0,9050.0,1,0,1,train,"Third party (relative, employer, reference)","Use only within Fair Practices Code rules, never discuss debt",Contact is a reference/relative; enforce Fair Practices Code,0.9201569825810229,0.13934168997283594
PH005909,AC000361,borrower_number,2026-07-02,AT0050226,2026-06-27 10:15:13,tele_agent,TA011,rule_based,1.0,answered,19,37,agent,rpc_ptp,"PTP 06/07, amount 33,600",PTP003635,True,1,0,0,0,0,0,0,0,1,6,1,0.16666666666666666,0,0,0,0,0.0,15.333333333333334,2026-06-25 09:00:44,49.24138888888889,0,10,5,1,skip_trace,self,2026-06-04,3,2,23.427233796296296,L05,msme,self_employed,T3,kanglish,61-90,82,33000.0,99000.0,858000.0,,300-549,2,True,insufficient_funds,0.55,2,2,rule_based,1.0,0.11538461538327058,0.0,0.0,0.0,0.0,0.0,2.0,99000.0,1,1,0,test,Valid and reachable,"Keep dialling, at the best time slot","High contactability (P_active=0.93, P_rpc=0.19); dial at optimal diurnal window",0.9283703696921419,0.19436902918065405
PH003615,AC001378,borrower_number,2026-07-02,AT0023501,2026-05-05 08:57:24,tele_agent,TA007,rule_based,1.0,answered,12,27,customer,rpc_ptp,PTP 30/05,PTP001639,True,1,0,1,0,0,0,0,0,1,5,3,0.6,0,0,1,0,0.2,12.0,2026-05-04 10:41:11,22.27027777777778,0,8,1,0,borrower_update,self,2026-04-01,1,1,34.373194444444444,L02,two_wheeler,salaried,T1,english,X,0,2700.0,2700.0,62100.0,,650-699,3,False,insufficient_funds,0.5,1,0,rule_based,0.0,0.043478260862563886,0.0,0.0,0.0,0.0,0.0,2.0,2700.0,1,1,0,validation,"Valid, but borrower avoiding","Switch channel (WhatsApp, field) instead of redialling",Line alive (P_active=0.93) but borrower avoiding (P_rpc=0.33); switch to WhatsApp/field,0.9273788074499159,0.3275947239835873
PH001108,AC000229,borrower_number,2026-07-02,AT0050770,2026-06-29 11:05:22,tele_agent,TA020,rule_based,1.0,ring_no_answer,39,0,network,no_answer,RNR,PTP000941,False,0,0,0,0,0,0,0,0,1,24,7,0.2916666666666667,0,0,3,0,0.125,28.291666666666668,2026-06-28 16:47:46,18.293333333333333,0,11,0,0,kyc_origination,self,2026-04-01,0,1,89.46206018518518,L06,two_wheeler,salaried,T2,hinglish,90+,221,4700.0,37600.0,136300.0,15.0,550-649,0,True,insufficient_funds,,0,0,rule_based,0.0,0.2758620689452779,9.0,0.0,0.0,0.0,2.0,0.0,0.0,1,0,0,train,"Valid, but borrower avoiding","Switch channel (WhatsApp, field) instead of redialling",Line alive (P_active=0.93) but borrower avoiding (P_rpc=0.18); switch to WhatsApp/field,0.9324684131846829,0.17856346739733417
PH003971,AC001539,switched_off,2026-07-02,AT0025623,2026-05-08 12:57:07,tele_agent,TA010,rule_based,1.0,ring_no_answer,40,0,network,no_answer,RNR,,False,0,0,0,0,0,0,0,0,2,12,1,0.08333333333333333,0,0,4,4,0.6666666666666666,26.333333333333332,2026-05-05 12:09:15,72.79777777777778,0,12,4,0,bureau,self,2026-04-01,1,1,37.539664351851854,L06,mfi_jlg,self_employed,T3,kanglish,31-60,39,1050.0,2100.0,31500.0,,300-549,2,False,insufficient_funds,0.17,1,1,rule_based,1.0,0.06666666664550265,5.0,0.0,0.0,1.0,0.0,0.0,0.0,1,0,0,train,"Valid, but borrower avoiding","Switch channel (WhatsApp, field) instead of redialling",Line alive (P_active=0.92) but borrower avoiding (P_rpc=0.10); switch to WhatsApp/field,0.9172557712400756,0.09721479146835964
PH005275,AC002153,borrower_number,2026-07-02,AT0016465,2026-04-23 16:03:28,tele_agent,TA001,rule_based,1.0,ring_no_answer,32,0,network,no_answer,RNR,PTP000946,False,0,0,0,0,0,0,0,0,3,8,1,0.125,0,0,2,1,0.375,29.5,2026-04-23 09:02:47,7.011388888888889,0,16,3,0,kyc_origination,self,2026-04-01,0,1,22.669074074074075,L03,pl_salaried,salaried,T3,hinglish,61-90,74,4700.0,14100.0,98700.0,1.0,550-649,2,True,technical,,1,0,rule_based,0.0,0.14285714284266898,1.0,0.0,0.0,1.0,0.0,1.0,14100.0,1,0,0,train,"Valid, but borrower avoiding","Switch channel (WhatsApp, field) instead of redialling",Line alive (P_active=0.92) but borrower avoiding (P_rpc=0.26); switch to WhatsApp/field,0.9245464841596341,0.25620798479672113
PH002805,AC001007,not_borrower_number,2026-07-02,AT0015983,2026-04-23 08:49:57,tele_agent,TA012,rule_based,1.0,not_reachable,0,0,network,not_reachable,network nahi hai,,False,0,0,0,0,0,0,1,0,1,7,0,0.0,0,0,0,0,0.0,0.0,2026-04-11 17:36:43,279.22055555555556,4,8,3,0,kyc_origination,self,2026-04-01,0,3,22.368020833333333,L01,credit_card,salaried,T2,hinglish,1-30,29,2250.0,2250.0,74250.0,28.0,300-549,3,False,technical,0.38,0,0,rule_based,0.0,0.030303030298949086,0.0,0.0,0.0,0.0,0.0,0.0,0.0,0,0,0,train,Switched off long-term,Move to another number on file,Persistent switch-off (4 streak); cascade to alternate phone on file,0.04517920421810582,0.0
PH003066,AC001127,borrower_number,2026-07-02,AT0019635,2026-04-29 08:13:21,tele_agent,TA020,rule_based,1.0,answered,13,48,agent,rpc_ptp,customer ne 30/04 ko pay karne ka bola,PTP001360,True,1,0,0,0,0,0,0,0,1,9,3,0.3333333333333333,0,0,2,1,0.3333333333333333,29.0,2026-04-28 13:09:58,19.05638888888889,0,8,2,0,kyc_origination,self,2026-04-01,0,2,28.342604166666668,L06,mfi_jlg,self_employed,T3,hinglish,1-30,29,1300.0,1300.0,29900.0,,300-549,0,True,insufficient_funds,,0,0,rule_based,0.0,0.043478260855023994,0.0,0.0,0.0,0.0,0.0,1.0,1300.0,1,1,0,test,"Valid, but borrower avoiding","Switch channel (WhatsApp, field) instead of redialling",Line alive (P_active=0.92) but borrower avoiding (P_rpc=0.31); switch to WhatsApp/field,0.9158077070561174,0.3094467937160106
PH001507,AC000417,borrower_number,2026-07-02,AT0008590,2026-04-12 10:09:26,tele_agent,TA003,rule_based,1.0,answered,8,34,agent,rpc_ptp,"PTP 07/05, maount 5,400",PTP000591,True,1,0,0,0,0,0,0,0,1,6,2,0.3333333333333333,0,0,2,0,0.3333333333333333,31.5,2026-04-11 16:30:18,17.65222222222222,0,10,6,1,kyc_origination,self,2026-04-01,0,3,11.423217592592593,L02,consumer_durable,salaried,T1,kanglish,31-60,57,2700.0,5400.0,64800.0,7.0,300-549,2,True,mandate_not_registered,0.22,1,0,rule_based,0.0,0.08333333332047324,0.0,0.0,0.0,0.0,0.0,1.0,5400.0,1,1,0,train,"Valid, but borrower avoiding","Switch channel (WhatsApp, field) instead of redialling",Line alive (P_active=0.93) but borrower avoiding (P_rpc=0.26); switch to WhatsApp/field,0.9320922302452784,0.2602845251256522
PH002624,AC000923,borrower_number,2026-07-02,AT0049453,2026-06-25 09:54:36,tele_agent,TA002,rule_based,1.0,answered,15,299,agent,rpc_refused,RTP,,False,1,0,0,0,0,0,0,0,1,19,1,0.05263157894736842,0,0,9,9,0.9473684210526315,19.842105263157894,2026-06-24 13:31:50,20.379444444444445,0,9,3,0,kyc_origination,self,2026-04-01,0,1,85.41291666666666,L06,two_wheeler,self_employed,T2,hinglish,X,0,4650.0,4650.0,106950.0,,550-649,2,True,insufficient_funds,0.13,0,0,rule_based,0.0,0.043478260865499926,0.0,0.0,0.0,0.0,0.0,0.0,0.0,1,1,0,train,"Valid, but borrower avoiding","Switch channel (WhatsApp, field) instead of redialling",Line alive (P_active=0.93) but borrower avoiding (P_rpc=0.12); switch to WhatsApp/field,0.9320922302452784,0.12043219319222777
PH005926,AC000260,borrower_number,2026-07-02,AT0050772,2026-06-29 11:33:07,tele_agent,TA007,rule_based,1.0,ring_no_answer,37,0,network,no_answer,"ringing, no response",,False,0,0,0,0,0,0,0,0,1,3,1,0.3333333333333333,0,0,1,0,0.3333333333333333,27.333333333333332,2026-06-23 12:01:25,143.52833333333334,0,11,0,0,skip_trace,self,2026-06-10,1,1,19.481331018518517,L06,mfi_jlg,daily_wage,T1,english,31-60,40,1750.0,3500.0,68250.0,,300-549,4,True,insufficient_funds,0.44,2,1,rule_based,0.5,0.05128205127453742,5.0,0.0,0.0,2.0,0.0,1.0,500.0,1,0,0,validation,"Valid, but borrower avoiding","Switch channel (WhatsApp, field) instead of redialling",Line alive (P_active=0.94) but borrower avoiding (P_rpc=0.15); switch to WhatsApp/field,0.9372984954437155,0.147180453905104
PH001576,AC000446,third_party_number,2026-07-02,AT0026529,2026-05-09 18:44:32,tele_agent,TA003,rule_based,1.0,answered,10,116,agent,third_party_contact,avara hendathi pick maadidru,,False,0,1,0,0,0,0,0,0,3,4,0,0.0,1,1,1,0,0.25,23.25,2026-05-09 11:31:15,7.221388888888889,0,18,5,1,reference,reference_friend,2026-04-01,2,1,38.78092592592593,L01,credit_card,salaried,T3,kanglish,31-60,52,11450.0,22900.0,274800.0,1.0,300-549,1,False,insufficient_funds,0.47,0,0,rule_based,0.0,0.08333333333030082,3.0,0.0,0.0,2.0,1.0,1.0,3500.0,1,0,1,train,Recycled to a new subscriber,Stop at once; suppress to avoid third-party disclosure,Recycled / stranger detected; halt dialling immediately,0.9232807639573749,0.06049297744613716
PH003583,AC001363,borrower_number,2026-07-02,AT0045792,2026-06-16 11:51:20,tele_agent,TA006,rule_based,1.0,answered,17,50,agent,rpc_ptp,"PTP 03/07, amount 71,400",PTP003292,True,1,0,0,0,0,0,0,0,1,0,0,0.0,0,0,0,0,0.0,0.0,,999.0,0,11,1,0,reference,reference_spouse,2026-04-01,2,2,76.49398148148148,L01,credit_card,salaried,T2,hinglish,90+,422,5950.0,71400.0,279650.0,,300-549,0,False,insufficient_funds,,1,1,rule_based,1.0,0.2553191489270402,7.0,1.0,1.0,3.0,1.0,1.0,71400.0,1,1,0,train,"Third party (relative, employer, reference)","Use only within Fair Practices Code rules, never discuss debt",Contact is a reference/relative; enforce Fair Practices Code,0.9219812675975577,0.12346849906535011
PH004744,AC001905,borrower_number,2026-07-02,AT0021142,2026-05-01 11:11:51,tele_agent,TA016,rule_based,1.0,ring_no_answer,43,0,network,no_answer,ringing no response,,False,0,0,0,0,0,0,0,0,1,7,0,0.0,0,0,2,2,0.5714285714285714,21.571428571428573,2026-04-30 15:17:24,19.9075,0,11,4,0,kyc_origination,self,2026-04-01,0,1,30.4665625,L03,consumer_durable,daily_wage,T2,hinglish,1-30,2,4100.0,4100.0,196800.0,,300-549,1,False,insufficient_funds,0.45,1,1,rule_based,1.0,0.02083333333227473,0.0,0.0,0.0,0.0,0.0,1.0,4100.0,1,0,1,test,"Valid, but borrower avoiding","Switch channel (WhatsApp, field) instead of redialling",Line alive (P_active=0.93) but borrower avoiding (P_rpc=0.11); switch to WhatsApp/field,0.9253825183106364,0.10613335059869654
PH003674,AC001403,not_borrower_number,2026-07-02,AT0017936,2026-04-26 08:45:43,tele_agent,TA020,random_contact_point,0.5,answered,17,30,agent,wrong_number,customer ko nahi jaanta,,False,0,0,0,0,1,0,0,0,1,3,0,0.0,0,1,1,0,0.3333333333333333,25.666666666666668,2026-04-20 10:05:02,142.67805555555555,0,8,6,1,kyc_origination,self,2026-04-01,0,2,25.36508101851852,L06,mfi_jlg,daily_wage,T2,hinglish,61-90,84,1300.0,3900.0,46800.0,,300-549,4,False,insufficient_funds,,1,0,random_contact_point,0.0,0.08333333331552706,6.0,4.0,0.0,1.0,1.0,1.0,3900.0,1,0,1,train,Recycled to a new subscriber,Stop at once; suppress to avoid third-party disclosure,Recycled / stranger detected; halt dialling immediately,0.9172557712400756,0.08816685050966916
PH005908,AC001993,borrower_number,2026-07-02,AT0045874,2026-06-16 11:20:05,tele_agent,TA016,rule_based,1.0,ring_no_answer,39,0,network,no_answer,ringing no response,,False,0,0,0,0,0,0,0,0,1,1,0,0.0,0,0,0,0,0.0,40.0,2026-06-05 11:31:30,263.8097222222222,0,11,1,0,skip_trace,self,2026-06-03,2,2,13.472280092592593,L02,two_wheeler,daily_wage,T2,hinglish,90+,406,2750.0,33000.0,101750.0,,300-549,2,True,insufficient_funds,0.73,6,2,rule_based,0.3333333333333333,0.3243243242924497,2.0,0.0,0.0,0.0,2.0,0.0,0.0,1,0,0,test,Valid and reachable,"Keep dialling, at the best time slot","High contactability (P_active=0.92, P_rpc=0.15); dial at optimal diurnal window",0.9223453769748425,0.1529463519570002
PH000592,AC001425,third_party_number,2026-07-02,AT0042204,2026-06-08 09:08:07,tele_agent,TA018,rule_based,1.0,answered,6,70,agent,third_party_contact,"brother answered, will pass message",,False,0,1,0,0,0,0,0,0,1,7,0,0.0,1,1,0,0,0.0,26.0,2026-06-06 10:36:23,46.528888888888886,0,9,0,0,employer,office,2026-04-01,2,1,68.38063657407407,L01,credit_card,salaried,T3,english,X,0,6300.0,6300.0,63000.0,1.0,550-649,5,False,insufficient_funds,,1,0,rule_based,0.0,0.09999999998412698,0.0,0.0,0.0,0.0,0.0,1.0,6300.0,1,0,1,train,Recycled to a new subscriber,Stop at once; suppress to avoid third-party disclosure,Recycled / stranger detected; halt dialling immediately,0.9239071019012624,0.05408067266430361
PH004227,AC001659,borrower_number,2026-07-02,AT0050928,2026-06-29 09:00:07,tele_agent,TA018,rule_based,1.0,answered,20,413,customer,rpc_dispute,dispute on charges,,False,1,0,1,0,0,0,0,0,1,23,3,0.13043478260869565,0,0,6,4,0.43478260869565216,26.782608695652176,2026-06-28 18:23:29,14.610555555555555,0,9,0,0,kyc_origination,self,2026-04-01,0,1,89.37508101851851,L02,consumer_durable,self_employed,T3,english,61-90,72,4000.0,12000.0,144000.0,,300-549,0,False,insufficient_funds,0.38,3,1,rule_based,0.3333333333333333,0.0833333333275463,8.0,5.0,1.0,1.0,0.0,0.0,0.0,1,1,0,train,"Valid, but borrower avoiding","Switch channel (WhatsApp, field) instead of redialling",Line alive (P_active=0.93) but borrower avoiding (P_rpc=0.21); switch to WhatsApp/field,0.927019561865901,0.2051592218089422
PH004909,AC001982,borrower_number,2026-07-02,AT0019146,2026-04-28 11:20:43,tele_agent,TA002,rule_based,1.0,answered,8,91,customer,third_party_contact,office se bola leave pe hai,,False,0,1,1,0,0,0,0,0,1,0,0,0.0,0,0,0,0,0.0,0.0,,999.0,0,11,1,0,reference,reference_spouse,2026-04-01,2,1,27.472719907407406,L01,credit_card,self_employed,T2,hinglish,61-90,67,4400.0,13200.0,211200.0,,300-549,0,True,insufficient_funds,0.95,4,2,rule_based,0.5,0.06249999999704072,0.0,0.0,0.0,0.0,0.0,1.0,13200.0,1,0,1,train,"Third party (relative, employer, reference)","Use only within Fair Practices Code rules, never discuss debt",Contact is a reference/relative; enforce Fair Practices Code,0.908181984443436,0.0973130763295021
PH001571,AC000444,borrower_number,2026-07-02,AT0048532,2026-06-23 08:37:42,tele_agent,TA017,rule_based,1.0,ring_no_answer,38,0,network,no_answer,noa nswer,PTP002713,False,0,0,0,0,0,0,0,0,1,17,3,0.17647058823529413,8,0,2,0,0.11764705882352941,16.88235294117647,2026-06-15 08:09:25,192.4713888888889,0,8,1,0,reference,reference_friend,2026-04-01,2,2,83.35951388888888,L06,msme,self_employed,T3,english,31-60,42,18300.0,36600.0,329400.0,,550-649,2,False,insufficient_funds,0.89,2,0,rule_based,0.0,0.11111111110773797,0.0,0.0,0.0,0.0,0.0,1.0,8800.0,1,0,0,train,"Third party (relative, employer, reference)","Use only within Fair Practices Code rules, never discuss debt",Contact is a reference/relative; enforce Fair Practices Code,0.9279477348727129,0.0665407082903846
PH001144,AC000246,borrower_number,2026-07-02,AT0038965,2026-06-02 10:43:38,tele_agent,TA010,rule_based,1.0,ring_no_answer,38,0,network,no_answer,RNR,,False,0,0,0,0,0,0,0,0,1,14,4,0.2857142857142857,1,0,3,0,0.21428571428571427,27.5,2026-05-24 08:25:03,218.30972222222223,0,10,1,0,kyc_origination,self,2026-04-01,0,2,62.44696759259259,L03,pl_salaried,salaried,T1,kanglish,90+,119,6900.0,27600.0,282900.0,1.0,300-549,1,False,insufficient_funds,0.73,4,2,rule_based,0.5,0.09756097560630748,6.0,2.0,1.0,2.0,1.0,1.0,27600.0,1,0,0,test,"Valid, but borrower avoiding","Switch channel (WhatsApp, field) instead of redialling",Line alive (P_active=0.93) but borrower avoiding (P_rpc=0.23); switch to WhatsApp/field,0.9308580818827075,0.2323383539792867
PH005696,AC002345,third_party_number,2026-07-02,AT0034846,2026-05-24 15:02:17,tele_agent,TA015,rule_based,1.0,ring_no_answer,45,0,network,no_answer,RNR,,False,0,0,0,0,0,0,0,0,2,14,0,0.0,7,1,8,1,0.6428571428571429,20.785714285714285,2026-05-24 12:01:27,3.013888888888889,0,15,6,1,kyc_origination,self,2026-04-01,0,1,53.62658564814815,L01,credit_card,salaried,T2,hinglish,X,0,9150.0,9150.0,137250.0,25.0,550-649,3,False,insufficient_funds,0.71,2,1,rule_based,0.5,0.06666666666180936,0.0,0.0,0.0,0.0,0.0,2.0,9150.0,1,0,1,train,Recycled to a new subscriber,Stop at once; suppress to avoid third-party disclosure,Recycled / stranger detected; halt dialling immediately,0.9324684131846829,0.06975575517316412
PH005897,AC000239,borrower_number,2026-07-02,AT0050213,2026-06-27 09:41:56,tele_agent,TA009,rule_based,1.0,answered,19,28,agent,rpc_ptp,"PTP 29/06, amount 500",PTP003634,True,1,0,0,0,0,0,0,0,1,9,4,0.4444444444444444,0,0,2,1,0.3333333333333333,18.77777777777778,2026-06-23 10:04:10,95.62944444444445,0,9,5,1,skip_trace,self,2026-05-29,3,1,29.40412037037037,L06,two_wheeler,daily_wage,T1,kanglish,1-30,21,2200.0,2200.0,99000.0,,300-549,2,True,technical,0.05,0,0,rule_based,0.0,0.022222222219977553,1.0,0.0,0.0,0.0,1.0,1.0,1400.0,1,1,0,train,"Valid, but borrower avoiding","Switch channel (WhatsApp, field) instead of redialling",Line alive (P_active=0.93) but borrower avoiding (P_rpc=0.31); switch to WhatsApp/field,0.9267394251915438,0.3088024881540532
PH003467,AC001308,borrower_number,2026-07-02,AT0050890,2026-06-29 08:30:10,tele_agent,TA003,rule_based,1.0,ring_no_answer,30,0,network,no_answer,RNR,,False,0,0,0,0,0,0,0,0,1,4,1,0.25,0,0,2,1,0.75,19.5,2026-06-26 12:19:23,68.17972222222222,0,8,0,0,borrower_update,self,2026-04-01,1,1,89.35428240740741,L01,credit_card,salaried,T1,kanglish,31-60,39,4900.0,9800.0,137200.0,1.0,300-549,3,False,insufficient_funds,,2,2,rule_based,1.0,0.07142857142336527,0.0,0.0,0.0,0.0,0.0,0.0,0.0,1,0,0,train,"Valid, but borrower avoiding","Switch channel (WhatsApp, field) instead of redialling",Line alive (P_active=0.94) but borrower avoiding (P_rpc=0.20); switch to WhatsApp/field,0.940130818733997,0.19759205382086295
PH005216,AC002127,borrower_number,2026-07-02,AT0007518,2026-04-10 08:11:58,tele_agent,TA015,rule_based,1.0,busy_rejected,6,0,customer,call_rejected,busy bataya,,False,0,0,1,1,0,0,0,0,1,7,0,0.0,0,0,3,3,0.8571428571428571,25.428571428571427,2026-04-09 12:00:37,20.189166666666665,0,8,4,0,kyc_origination,self,2026-04-01,0,1,9.341643518518518,L01,credit_card,salaried,T2,hinglish,90+,155,5600.0,33600.0,67200.0,7.0,300-549,1,False,insufficient_funds,,3,3,rule_based,1.0,0.49999999992559524,1.0,0.0,0.0,1.0,0.0,1.0,33600.0,1,0,1,train,"Valid, but borrower avoiding","Switch channel (WhatsApp, field) instead of redialling",Line alive (P_active=0.94) but borrower avoiding (P_rpc=0.17); switch to WhatsApp/field,0.9356101404220271,0.1716305766281765
PH000686,AC000032,borrower_number,2026-07-02,AT0028180,2026-05-13 11:25:40,tele_agent,TA004,rule_based,1.0,answered,8,40,customer,rpc_ptp,"PTP 17/05, amount 17,000",PTP001971,True,1,0,1,0,0,0,0,0,1,2,1,0.5,0,0,1,0,0.5,22.5,2026-05-06 14:27:04,164.97666666666666,0,11,2,0,borrower_update,self,2026-04-01,1,1,42.476157407407406,L02,two_wheeler,self_employed,T1,kanglish,90+,136,3400.0,17000.0,98600.0,,300-549,1,False,insufficient_funds,0.29,2,1,rule_based,0.5,0.17241379308596208,4.0,2.0,0.0,1.0,1.0,1.0,17000.0,1,1,0,train,"Valid, but borrower avoiding","Switch channel (WhatsApp, field) instead of redialling",Line alive (P_active=0.93) but borrower avoiding (P_rpc=0.25); switch to WhatsApp/field,0.9296360898944013,0.24549092830157151
PH004709,AC001888,borrower_number,2026-07-02,AT0023879,2026-05-05 16:23:36,tele_agent,TA004,rule_based,1.0,ring_no_answer,40,0,network,no_answer,RNR,PTP000346,False,0,0,0,0,0,0,0,0,3,8,5,0.625,0,0,2,0,0.25,21.5,2026-05-05 09:49:07,6.574722222222222,0,16,1,0,kyc_origination,self,2026-04-01,0,1,34.683055555555555,L03,pl_salaried,salaried,T1,kanglish,1-30,4,9900.0,9900.0,89100.0,,300-549,0,False,technical,0.31,2,0,rule_based,0.0,0.11111111109864072,0.0,0.0,0.0,0.0,0.0,2.0,9900.0,1,0,0,validation,"Valid, but borrower avoiding","Switch channel (WhatsApp, field) instead of redialling",Line alive (P_active=0.93) but borrower avoiding (P_rpc=0.25); switch to WhatsApp/field,0.9312026929824236,0.24766499927305666
PH003870,AC001494,borrower_number,2026-07-02,AT0007366,2026-04-10 11:33:24,tele_agent,TA013,rule_based,1.0,ring_no_answer,33,0,network,no_answer,RNR,,False,0,0,0,0,0,0,0,0,1,0,0,0.0,0,0,0,0,0.0,0.0,,999.0,0,11,4,0,kyc_origination,self,2026-04-01,0,2,9.481527777777778,L01,credit_card,salaried,T2,hinglish,90+,103,9650.0,38600.0,414950.0,1.0,300-549,5,False,technical,0.71,5,3,rule_based,0.6,0.09302325581171168,2.0,0.0,1.0,0.0,1.0,1.0,38600.0,1,0,0,validation,Valid and reachable,"Keep dialling, at the best time slot","High contactability (P_active=0.91, P_rpc=0.17); dial at optimal diurnal window",0.9114182054775061,0.17122440111390994
PH004510,AC001795,borrower_number,2026-07-02,AT0049124,2026-06-24 10:25:01,tele_agent,TA007,rule_based,1.0,answered,11,33,customer,rpc_ptp,"PTP 25/06 amount 1,450",PTP003549,True,1,0,1,0,0,0,0,0,1,13,8,0.6153846153846154,0,0,3,0,0.23076923076923078,20.692307692307693,2026-06-19 14:34:24,115.84361111111112,0,10,2,0,borrower_update,self,2026-04-01,1,2,84.43403935185185,L03,pl_salaried,salaried,T1,english,1-30,14,3750.0,3750.0,168750.0,,650-699,1,False,insufficient_funds,,0,0,rule_based,0.0,0.022222222220905353,0.0,0.0,0.0,0.0,0.0,1.0,2300.0,1,1,0,train,"Valid, but borrower avoiding","Switch channel (WhatsApp, field) instead of redialling",Line alive (P_active=0.92) but borrower avoiding (P_rpc=0.28); switch to WhatsApp/field,0.9245464841596341,0.27635391123060954
PH000222,AC001573,third_party_number,2026-07-02,AT0024944,2026-05-07 12:39:29,tele_agent,TA017,rule_based,1.0,busy_rejected,7,0,customer,call_rejected,call rejected,,False,0,0,1,1,0,0,0,0,2,7,0,0.0,2,0,1,0,0.14285714285714285,21.428571428571427,2026-04-30 18:41:35,161.965,0,12,3,0,kyc_origination,self,2026-04-01,0,2,36.52741898148148,L01,pl_salaried,salaried,T1,english,1-30,23,12200.0,12200.0,329400.0,,550-649,1,False,insufficient_funds,0.54,0,0,rule_based,0.0,0.03703703703591266,3.0,1.0,0.0,1.0,1.0,1.0,12200.0,1,0,1,train,"Valid, but borrower avoiding","Switch channel (WhatsApp, field) instead of redialling",Line alive (P_active=0.91) but borrower avoiding (P_rpc=0.09); switch to WhatsApp/field,0.9066650096949568,0.0900859765918508
PH004905,AC001981,not_borrower_number,2026-07-02,AT0020718,2026-04-30 15:20:37,tele_agent,TA001,rule_based,1.0,not_reachable,0,0,network,not_reachable,not reachable,,False,0,0,0,0,0,0,1,0,2,7,0,0.0,0,0,0,0,0.0,0.0,2026-04-30 11:51:50,3.479722222222222,2,15,3,0,borrower_update,self,2026-04-01,1,1,29.639317129629628,L01,credit_card,self_employed,T2,hinglish,31-60,45,9500.0,19000.0,152000.0,,550-649,1,False,insufficient_funds,0.55,0,0,rule_based,0.0,0.12499999999177633,1.0,1.0,0.0,0.0,0.0,2.0,19000.0,0,0,0,train,Invalid from the start,Trigger Skip-Trace,Line dead / unassigned (P_active=0.00); escalate to Skip-Trace,0.0,0.001948985814577791
PH005542,AC002273,borrower_number,2026-07-02,AT0050060,2026-06-26 09:10:11,tele_agent,TA004,rule_based,1.0,ring_no_answer,36,0,network,no_answer,RNR,PTP003135,False,0,0,0,0,0,0,0,0,1,29,5,0.1724137931034483,0,0,8,5,0.4482758620689655,23.103448275862068,2026-06-20 13:11:08,139.98416666666665,0,9,4,0,kyc_origination,self,2026-04-01,0,1,86.38207175925926,L03,consumer_durable,self_employed,T3,kanglish,31-60,58,2750.0,5500.0,46750.0,,300-549,2,False,insufficient_funds,0.28,4,1,rule_based,0.25,0.11764705879836426,0.0,0.0,0.0,0.0,0.0,0.0,0.0,1,0,0,train,"Valid, but borrower avoiding","Switch channel (WhatsApp, field) instead of redialling",Line alive (P_active=0.93) but borrower avoiding (P_rpc=0.16); switch to WhatsApp/field,0.9261130872476565,0.16029951746948376
PH002006,AC000641,not_borrower_number,2026-07-02,AT0010915,2026-04-15 14:23:28,tele_agent,TA016,rule_based,1.0,switched_off,0,0,network,switched_off,number switch off aa raha hai,,False,0,0,0,0,0,1,0,0,2,7,0,0.0,0,0,0,0,0.0,0.0,2026-04-15 09:02:26,5.350555555555555,0,14,2,0,kyc_origination,self,2026-04-01,0,2,14.59962962962963,L06,two_wheeler,salaried,T3,english,61-90,77,4200.0,12600.0,92400.0,,300-549,1,False,insufficient_funds,1.0,1,0,rule_based,0.0,0.13636363634887838,5.0,0.0,1.0,1.0,3.0,1.0,12600.0,0,0,0,train,Invalid from the start,Trigger Skip-Trace,Line dead / unassigned (P_active=0.03); escalate to Skip-Trace,0.03301177607096937,0.06080696597606174
PH001858,AC000573,third_party_number,2026-07-02,AT0050811,2026-06-29 11:58:42,tele_agent,TA008,rule_based,1.0,answered,7,90,customer,third_party_contact,"father ne uthaya, message de denge",PTP002807,False,0,1,1,0,0,0,0,0,1,11,1,0.09090909090909091,7,1,4,0,0.36363636363636365,7.2727272727272725,2026-06-26 18:00:27,65.97083333333333,0,11,0,0,reference,reference_mother,2026-04-01,1,3,89.49909722222222,L03,pl_salaried,salaried,T1,hinglish,X,0,11300.0,11300.0,135600.0,7.0,550-649,2,False,insufficient_funds,0.53,3,1,rule_based,0.3333333333333333,0.08333333332718781,3.0,0.0,1.0,2.0,0.0,1.0,4200.0,1,0,1,train,Recycled to a new subscriber,Stop at once; suppress to avoid third-party disclosure,Recycled / stranger detected; halt dialling immediately,0.8896846494304392,0.057124168990405205
PH002942,AC001068,not_borrower_number,2026-07-02,AT0044912,2026-06-13 13:04:41,tele_agent,TA006,rule_based,1.0,answered,7,16,agent,wrong_number,"wrong number, is naam ka koi nahi",,False,0,0,0,0,1,0,0,0,2,7,0,0.0,0,1,1,0,0.14285714285714285,0.5714285714285714,2026-06-13 08:32:12,4.541388888888889,0,13,5,1,borrower_update,self,2026-04-01,1,2,73.54491898148149,L01,credit_card,salaried,T2,hinglish,90+,162,7800.0,46800.0,351000.0,15.0,300-549,2,False,insufficient_funds,0.36,3,1,rule_based,0.3333333333333333,0.13333333332953465,9.0,2.0,3.0,2.0,0.0,1.0,14200.0,1,0,1,test,Recycled to a new subscriber,Stop at once; suppress to avoid third-party disclosure,Recycled / stranger detected; halt dialling immediately,0.800931832484696,0.04026216688207856
PH003527,AC001339,borrower_number,2026-07-02,AT0009140,2026-04-13 08:06:48,voice_bot,BOT01,rule_based,1.0,answered,9,49,customer,rpc_ptp,"bot: PTP 19/04 amount 1,250",PTP000603,True,1,0,1,0,0,0,0,0,1,1,0,0.0,0,0,0,0,0.0,37.0,2026-04-05 11:20:54,188.765,0,8,0,0,kyc_origination,self,2026-04-01,0,3,12.338055555555556,L06,mfi_jlg,self_employed,T1,english,X,0,1250.0,1250.0,22500.0,,650-699,3,True,insufficient_funds,,0,0,rule_based,0.0,0.0555555555308642,0.0,0.0,0.0,0.0,0.0,1.0,1250.0,1,1,0,train,Valid and reachable,"Keep dialling, at the best time slot","High contactability (P_active=0.92, P_rpc=0.29); dial at optimal diurnal window",0.9245464841596341,0.28996249901451593
PH003370,AC001264,borrower_number,2026-07-02,AT0035863,2026-05-26 17:16:23,tele_agent,TA019,rule_based,1.0,ring_no_answer,36,0,network,no_answer,RNR,PTP000678,False,0,0,0,0,0,0,0,0,3,12,2,0.16666666666666666,0,0,3,1,0.3333333333333333,24.416666666666668,2026-05-26 11:05:49,6.176111111111111,0,17,1,0,bureau,self,2026-04-01,1,1,55.71971064814815,L06,mfi_jlg,self_employed,T1,english,90+,297,1550.0,15500.0,26350.0,,550-649,1,False,insufficient_funds,1.0,1,0,rule_based,0.0,0.5882352938944079,7.0,3.0,2.0,1.0,1.0,2.0,10200.0,1,0,0,validation,"Valid, but borrower avoiding","Switch channel (WhatsApp, field) instead of redialling",Line alive (P_active=0.94) but borrower avoiding (P_rpc=0.20); switch to WhatsApp/field,0.940130818733997,0.1986939936992421
PH001944,AC000614,borrower_number,2026-07-02,AT0047914,2026-06-21 08:48:19,tele_agent,TA017,rule_based,1.0,not_reachable,0,0,network,not_reachable,out of coverage,,False,0,0,0,0,0,0,1,0,1,11,0,0.0,0,0,5,5,0.9090909090909091,16.363636363636363,2026-06-20 08:15:19,24.55,0,8,6,1,kyc_origination,self,2026-04-01,0,1,81.36688657407407,L02,consumer_durable,salaried,T2,english,90+,194,2450.0,17150.0,132300.0,25.0,300-549,0,False,stop_payment,0.9,4,4,rule_based,1.0,0.1296296296198315,9.0,0.0,3.0,1.0,5.0,0.0,0.0,0,0,0,train,Temporarily unreachable,"Retry later, with backoff",Transient network unavailability; retry later with backoff,0.8794984521916586,0.07298670320285623
PH005919,AC002272,borrower_number,2026-07-02,AT0050475,2026-06-27 11:56:40,tele_agent,TA004,rule_based,1.0,ring_no_answer,41,0,network,no_answer,"ring aaytu, yaaru pick maadilla",,False,0,0,0,0,0,0,0,0,1,4,0,0.0,0,0,2,2,1.0,10.25,2026-06-24 11:07:26,72.82055555555556,0,11,5,1,skip_trace,self,2026-06-06,1,5,21.497685185185187,L03,pl_salaried,salaried,T1,kanglish,31-60,57,8200.0,16400.0,344400.0,25.0,550-649,2,False,stop_payment,,1,1,rule_based,1.0,0.04761904761766495,7.0,0.0,2.0,3.0,2.0,1.0,6300.0,1,0,1,train,"Valid, but borrower avoiding","Switch channel (WhatsApp, field) instead of redialling",Line alive (P_active=0.92) but borrower avoiding (P_rpc=0.05); switch to WhatsApp/field,0.9212905738727621,0.05408067266430361
PH001970,AC000626,borrower_number,2026-07-02,AT0031770,2026-05-19 11:47:55,tele_agent,TA003,rule_based,1.0,ring_no_answer,33,0,network,no_answer,ringing no response,,False,0,0,0,0,0,0,0,0,1,11,3,0.2727272727272727,0,0,4,1,0.45454545454545453,22.363636363636363,2026-05-15 10:41:11,97.11222222222223,0,11,1,0,kyc_origination,self,2026-04-01,0,1,48.4916087962963,L02,two_wheeler,salaried,T1,kanglish,90+,349,4400.0,52800.0,96800.0,1.0,300-549,1,False,insufficient_funds,,6,4,rule_based,0.6666666666666666,0.5454545453981968,5.0,3.0,1.0,1.0,0.0,1.0,52800.0,1,0,0,train,"Valid, but borrower avoiding","Switch channel (WhatsApp, field) instead of redialling",Line alive (P_active=0.92) but borrower avoiding (P_rpc=0.21); switch to WhatsApp/field,0.9245464841596341,0.2097916979162094
PH001891,AC000591,borrower_number,2026-07-02,AT0040767,2026-06-05 08:20:37,tele_agent,TA019,rule_based,1.0,answered,6,54,customer,rpc_ptp,PTP 30/06,PTP002900,True,1,0,1,0,0,0,0,0,1,15,4,0.26666666666666666,0,0,2,0,0.13333333333333333,30.133333333333333,2026-05-06 08:23:46,719.9475,0,8,4,0,kyc_origination,self,2026-04-01,0,1,65.34765046296296,L02,consumer_durable,salaried,T3,english,1-30,12,4000.0,4000.0,164000.0,1.0,700-749,2,False,insufficient_funds,0.62,1,0,rule_based,0.0,0.024390243900951816,0.0,0.0,0.0,0.0,0.0,1.0,2500.0,1,1,0,train,"Valid, but borrower avoiding","Switch channel (WhatsApp, field) instead of redialling",Line alive (P_active=0.92) but borrower avoiding (P_rpc=0.38); switch to WhatsApp/field,0.9197801604127661,0.3826834277663062
PH002943,AC001068,switched_off,2026-07-02,AT0049271,2026-06-24 15:17:33,tele_agent,TA006,rule_based,1.0,switched_off,0,0,network,switched_off,phnoe band hai,,False,0,0,0,0,0,1,0,0,2,7,0,0.0,0,0,0,0,0.0,0.0,2026-06-24 12:41:10,2.606388888888889,4,15,2,0,bureau,self,2026-04-01,2,1,84.6371875,L01,credit_card,salaried,T2,hinglish,90+,162,7800.0,46800.0,351000.0,15.0,300-549,2,False,insufficient_funds,0.36,3,1,rule_based,0.3333333333333333,0.13333333332953465,9.0,2.0,3.0,2.0,0.0,1.0,14200.0,0,0,0,test,Switched off long-term,Move to another number on file,Persistent switch-off (4 streak); cascade to alternate phone on file,0.0,0.0
PH001077,AC000214,third_party_number,2026-07-02,AT0035958,2026-05-27 11:57:58,tele_agent,TA011,rule_based,1.0,ring_no_answer,28,0,network,no_answer,"ring aaytu, yaaru pic kmaadilla",,False,0,0,0,0,0,0,0,0,1,11,1,0.09090909090909091,3,0,1,0,0.09090909090909091,29.181818181818183,2026-05-17 10:32:12,241.42944444444444,0,11,2,0,reference,reference_spouse,2026-04-01,1,2,56.498587962962965,L06,two_wheeler,self_employed,T1,kanglish,X,0,3900.0,3900.0,46800.0,,650-699,3,True,insufficient_funds,0.45,0,0,rule_based,0.0,0.08333333331552706,0.0,0.0,0.0,0.0,0.0,1.0,3900.0,1,0,0,validation,"Third party (relative, employer, reference)","Use only within Fair Practices Code rules, never discuss debt",Contact is a reference/relative; enforce Fair Practices Code,0.9245464841596341,0.1262803379552895
PH005334,AC002179,borrower_number,2026-07-02,AT0029917,2026-05-15 08:23:13,tele_agent,TA004,rule_based,1.0,ring_no_answer,30,0,network,no_answer,ringing no response,,False,0,0,0,0,0,0,0,0,1,22,5,0.22727272727272727,0,0,8,5,0.5909090909090909,21.727272727272727,2026-05-13 08:53:29,47.495555555555555,0,8,4,0,kyc_origination,self,2026-04-01,0,1,44.34945601851852,L04,mfi_jlg,daily_wage,T1,kanglish,61-90,68,1750.0,5250.0,63000.0,,300-549,3,False,insufficient_funds,0.25,1,0,rule_based,0.0,0.08333333332010581,6.0,0.0,0.0,2.0,0.0,0.0,0.0,1,0,0,train,"Valid, but borrower avoiding","Switch channel (WhatsApp, field) instead of redialling",Line alive (P_active=0.93) but borrower avoiding (P_rpc=0.18); switch to WhatsApp/field,0.9252465883157899,0.17893092467445879
PH000134,AC001981,third_party_number,2026-07-02,AT0014732,2026-04-21 08:42:54,tele_agent,TA001,rule_based,1.0,ring_no_answer,41,0,network,no_answer,ringing no response,,False,0,0,0,0,0,0,0,0,1,7,0,0.0,3,0,3,1,0.5714285714285714,20.142857142857142,2026-04-20 17:09:00,15.565,0,8,1,0,kyc_origination,self,2026-04-01,0,1,20.363125,L01,credit_card,self_employed,T2,hinglish,31-60,45,9500.0,19000.0,152000.0,,550-649,1,False,insufficient_funds,0.55,0,0,rule_based,0.0,0.12499999999177633,1.0,1.0,0.0,0.0,0.0,2.0,19000.0,1,0,1,train,"Valid, but borrower avoiding","Switch channel (WhatsApp, field) instead of redialling",Line alive (P_active=0.93) but borrower avoiding (P_rpc=0.10); switch to WhatsApp/field,0.9296360898944013,0.09874235792645462
PH003158,AC001170,borrower_number,2026-07-02,AT0045117,2026-06-14 15:59:08,tele_agent,TA019,rule_based,1.0,not_reachable,0,0,network,not_reachable,not reachable,PTP001901,False,0,0,0,0,0,0,1,0,2,27,9,0.3333333333333333,0,0,9,4,0.48148148148148145,22.62962962962963,2026-06-14 11:52:09,4.116388888888889,0,15,6,1,kyc_origination,self,2026-04-01,0,1,74.66606481481482,L01,credit_card,self_employed,T1,english,1-30,4,6550.0,6550.0,117900.0,,550-649,0,False,insufficient_funds,,0,0,rule_based,0.0,0.05555555555084346,0.0,0.0,0.0,0.0,0.0,3.0,6400.0,0,0,0,train,Temporarily unreachable,"Retry later, with backoff",Transient network unavailability; retry later with backoff,0.9075345707116812,0.18499426287174603
PH004939,AC001994,borrower_number,2026-07-02,AT0045576,2026-06-15 18:10:49,tele_agent,TA003,rule_based,1.0,answered,7,32,customer,rpc_ptp,"PTP 10/07, amount 3,600",PTP003268,True,1,0,1,0,0,0,0,0,3,26,8,0.3076923076923077,2,0,8,1,0.34615384615384615,23.73076923076923,2026-06-15 08:12:20,9.974722222222223,0,18,0,0,borrower_update,self,2026-04-01,1,3,75.75751157407407,L03,pl_salaried,salaried,T1,kanglish,1-30,5,5100.0,5100.0,153000.0,15.0,300-549,4,True,insufficient_funds,0.41,1,1,rule_based,1.0,0.03333333333115469,0.0,0.0,0.0,0.0,0.0,1.0,3600.0,1,1,0,train,"Valid, but borrower avoiding","Switch channel (WhatsApp, field) instead of redialling",Line alive (P_active=0.94) but borrower avoiding (P_rpc=0.33); switch to WhatsApp/field,0.9350412129992299,0.325075318731555
PH002649,AC000933,third_party_number,2026-07-02,AT0050534,2026-06-27 17:37:17,tele_agent,TA007,rule_based,1.0,ring_no_answer,33,0,network,no_answer,"ringing, no response",PTP003061,False,0,0,0,0,0,0,0,0,3,14,2,0.14285714285714285,4,1,4,1,0.35714285714285715,13.5,2026-06-27 11:05:01,6.5377777777777775,0,17,5,1,reference,reference_spouse,2026-04-01,3,1,87.73422453703704,L01,credit_card,salaried,T3,english,X,0,2050.0,2050.0,28700.0,30.0,650-699,0,True,insufficient_funds,0.7,0,0,rule_based,0.0,0.07142857140368343,0.0,0.0,0.0,0.0,0.0,0.0,0.0,1,0,0,train,Recycled to a new subscriber,Stop at once; suppress to avoid third-party disclosure,Recycled / stranger detected; halt dialling immediately,0.8935128355161542,0.050189400399666705
PH003610,AC001376,not_borrower_number,2026-07-02,AT0006557,2026-04-09 11:19:06,tele_agent,TA012,rule_based,1.0,answered,18,24,agent,wrong_number,"bola mera naya number hai, kisi aur ka tha",,False,0,0,0,0,1,0,0,0,1,1,0,0.0,0,1,0,0,0.0,10.0,2026-04-08 12:15:42,23.05666666666667,0,11,3,0,kyc_origination,self,2026-04-01,0,1,8.471597222222222,L06,mfi_jlg,self_employed,T3,hinglish,31-60,51,2050.0,4100.0,77900.0,,300-549,6,False,insufficient_funds,0.52,1,0,rule_based,0.0,0.05263157894061212,3.0,0.0,2.0,0.0,0.0,0.0,0.0,1,0,0,train,Recycled to a new subscriber,Stop at once; suppress to avoid third-party disclosure,Recycled / stranger detected; halt dialling immediately,0.9213418853391859,0.06049297744613716
PH004469,AC001774,third_party_number,2026-07-02,AT0008221,2026-04-11 09:59:33,tele_agent,TA011,rule_based,1.0,switched_off,0,0,network,switched_off,phone off,,False,0,0,0,0,0,1,0,0,1,7,0,0.0,0,0,0,0,0.0,0.0,2026-04-09 10:12:55,47.77722222222222,7,9,5,1,kyc_origination,self,2026-04-01,0,2,10.416354166666666,L02,consumer_durable,salaried,T3,kanglish,61-90,61,3400.0,10200.0,40800.0,,550-649,0,True,insufficient_funds,0.75,1,1,rule_based,1.0,0.24999999993872546,1.0,1.0,0.0,0.0,0.0,1.0,10200.0,0,0,0,train,Switched off long-term,Move to another number on file,Persistent switch-off (7 streak); cascade to alternate phone on file,0.002677376171352075,0.0
PH002869,AC001035,borrower_number,2026-07-02,AT0046670,2026-06-18 11:02:02,tele_agent,TA019,rule_based,1.0,ring_no_answer,39,0,network,no_answer,no answer,PTP002135,False,0,0,0,0,0,0,0,0,1,10,2,0.2,0,0,1,0,0.1,28.7,2026-06-11 12:25:31,166.60861111111112,0,11,3,0,bureau,self,2026-04-01,2,4,78.45974537037037,L04,mfi_jlg,daily_wage,T2,english,31-60,39,1900.0,3800.0,70300.0,,300-549,3,False,insufficient_funds,0.2,3,1,rule_based,0.3333333333333333,0.054054054046365,2.0,1.0,1.0,0.0,0.0,1.0,300.0,1,0,0,validation,"Valid, but borrower avoiding","Switch channel (WhatsApp, field) instead of redialling",Line alive (P_active=0.93) but borrower avoiding (P_rpc=0.15); switch to WhatsApp/field,0.9270708733323249,0.15244468133619324
PH005649,AC002323,switched_off,2026-07-02,AT0039930,2026-06-03 12:15:57,tele_agent,TA019,rule_based,1.0,not_reachable,0,0,network,not_reachable,out of coverage,,False,0,0,0,0,0,0,1,0,2,28,0,0.0,0,0,0,0,0.0,0.0,2026-06-01 09:12:05,51.06444444444445,0,12,2,0,kyc_origination,self,2026-04-01,0,3,63.51107638888889,L06,mfi_jlg,self_employed,T3,english,1-30,18,2100.0,2100.0,31500.0,,300-549,4,False,insufficient_funds,0.01,1,1,rule_based,1.0,0.06666666664550265,1.0,1.0,0.0,0.0,0.0,1.0,2100.0,0,0,0,train,Invalid from the start,Trigger Skip-Trace,Line dead / unassigned (P_active=0.04); escalate to Skip-Trace,0.0355057824623042,0.04308689113336154
PH002570,AC000901,third_party_number,2026-07-02,AT0044658,2026-06-13 10:19:52,tele_agent,TA004,rule_based,1.0,answered,4,117,customer,third_party_contact,office inda leave antharu,,False,0,1,1,0,0,0,0,0,1,7,0,0.0,5,0,2,0,0.2857142857142857,12.142857142857142,2026-06-11 12:51:05,45.47972222222222,0,10,5,1,reference,reference_mother,2026-04-01,2,2,73.43046296296296,L04,mfi_jlg,daily_wage,T3,kanglish,1-30,28,1350.0,1350.0,36450.0,,300-549,0,True,insufficient_funds,0.21,1,1,rule_based,1.0,0.03703703702687598,0.0,0.0,0.0,0.0,0.0,0.0,0.0,1,0,1,train,"Third party (relative, employer, reference)","Use only within Fair Practices Code rules, never discuss debt",Contact is a reference/relative; enforce Fair Practices Code,0.9213418853391859,0.056191398650079556
PH004339,AC001708,borrower_number,2026-07-02,AT0047381,2026-06-19 15:05:28,tele_agent,TA015,rule_based,1.0,answered,5,40,agent,rpc_ptp,"PTP 30/06, amount 7,400",PTP003417,True,1,0,0,0,0,0,0,0,2,19,5,0.2631578947368421,0,0,5,2,0.3684210526315789,25.68421052631579,2026-06-19 08:29:26,6.600555555555555,0,15,4,0,kyc_origination,self,2026-04-01,0,1,79.6287962962963,L01,credit_card,salaried,T2,hinglish,31-60,48,3700.0,7400.0,166500.0,,300-549,2,False,insufficient_funds,0.6,1,0,rule_based,0.0,0.04444444444177511,5.0,0.0,2.0,3.0,0.0,0.0,0.0,1,1,0,train,"Valid, but borrower avoiding","Switch channel (WhatsApp, field) instead of redialling",Line alive (P_active=0.92) but borrower avoiding (P_rpc=0.17); switch to WhatsApp/field,0.922641381699003,0.17122440111390994
PH003507,AC001330,invalid_number,2026-07-02,AT0004136,2026-04-06 08:36:15,tele_agent,TA009,rule_based,1.0,number_does_not_exist,0,0,network,invalid_number,number exist aagalla,,False,0,0,0,0,0,0,0,1,1,1,0,0.0,0,0,0,0,0.0,0.0,2026-04-05 10:44:07,21.86888888888889,0,8,0,0,kyc_origination,self,2026-04-01,0,1,5.358506944444445,L01,pl_salaried,salaried,T1,kanglish,31-60,43,6600.0,13200.0,250800.0,,550-649,1,False,technical,,1,1,rule_based,1.0,0.052631578945269875,2.0,1.0,0.0,0.0,1.0,1.0,13200.0,0,0,0,train,Invalid from the start,Trigger Skip-Trace,Line dead / unassigned (P_active=0.59); escalate to Skip-Trace,0.590412020883854,0.11297013036760506
PH001436,AC000385,switched_off,2026-07-02,AT0036371,2026-05-27 15:30:57,tele_agent,TA015,rule_based,1.0,not_reachable,0,0,network,not_reachable,network nahi hai,,False,0,0,0,0,0,0,1,0,2,7,0,0.0,0,0,0,0,0.0,0.0,2026-05-27 08:54:07,6.613888888888889,1,15,2,0,borrower_update,self,2026-04-01,1,1,56.64649305555555,L06,msme,self_employed,T3,hinglish,31-60,34,26000.0,52000.0,312000.0,,300-549,1,True,insufficient_funds,0.45,1,0,rule_based,0.0,0.16666666666132476,4.0,0.0,0.0,0.0,3.0,0.0,0.0,0,0,0,validation,Invalid from the start,Trigger Skip-Trace,Line dead / unassigned (P_active=0.00); escalate to Skip-Trace,0.002677376171352075,0.0028905966216594466
PH005260,AC002146,switched_off,2026-07-02,AT0014968,2026-04-21 18:19:43,tele_agent,TA006,rule_based,1.0,answered,18,41,agent,rpc_ptp,"PTP 28/04, amount 7,400",PTP000994,True,1,0,0,0,0,0,0,0,3,0,0,0.0,0,0,0,0,0.0,0.0,,999.0,0,18,1,0,borrower_update,self,2026-04-01,1,1,20.76369212962963,L02,two_wheeler,daily_wage,T2,hinglish,31-60,57,3700.0,7400.0,140600.0,,300-549,1,True,insufficient_funds,0.68,1,1,rule_based,1.0,0.05263157894362507,1.0,0.0,0.0,0.0,1.0,1.0,7400.0,1,1,0,train,Valid and reachable,"Keep dialling, at the best time slot","High contactability (P_active=0.89, P_rpc=0.28); dial at optimal diurnal window",0.8925013299416857,0.27655735570315393
PH004377,AC001727,borrower_number,2026-07-02,AT0049994,2026-06-26 09:40:12,tele_agent,TA004,rule_based,1.0,answered,10,50,customer,rpc_ptp,03/07 ge kodtini antharu,PTP003609,True,1,0,1,0,0,0,0,0,1,25,1,0.04,0,1,8,8,0.64,20.92,2026-06-25 09:50:03,23.835833333333333,0,9,4,0,kyc_origination,self,2026-04-01,0,1,86.40291666666667,L03,pl_salaried,salaried,T3,hinglish,90+,226,3950.0,31600.0,130350.0,,300-549,1,True,insufficient_funds,,4,3,rule_based,0.75,0.24242424240564447,9.0,0.0,0.0,6.0,1.0,1.0,31600.0,1,1,0,train,Recycled to a new subscriber,Stop at once; suppress to avoid third-party disclosure,Recycled / stranger detected; halt dialling immediately,0.9318765270528712,0.21938062945448675
PH003537,AC001343,borrower_number,2026-07-02,AT0044482,2026-06-12 18:14:55,tele_agent,TA008,random_contact_point,0.3333,ring_no_answer,41,0,network,no_answer,RNR,,False,0,0,0,0,0,0,0,0,3,7,0,0.0,0,0,2,2,0.5714285714285714,29.714285714285715,2026-06-12 09:09:17,9.09388888888889,0,18,4,0,kyc_origination,self,2026-04-01,0,1,72.7603587962963,L03,pl_salaried,salaried,T2,hinglish,31-60,39,8950.0,17900.0,250600.0,5.0,300-549,0,False,stop_payment,0.81,2,2,random_contact_point,1.0,0.07142857142572114,6.0,1.0,2.0,3.0,0.0,0.0,0.0,1,0,1,validation,"Valid, but borrower avoiding","Switch channel (WhatsApp, field) instead of redialling",Line alive (P_active=0.92) but borrower avoiding (P_rpc=0.16); switch to WhatsApp/field,0.9219812675975577,0.16468451782128013
PH001637,AC000474,borrower_number,2026-07-02,AT0048103,2026-06-22 11:24:36,tele_agent,TA010,random_contact_point,0.5,answered,10,417,agent,rpc_call_back,amele call maadi antharu,,False,1,0,0,0,0,0,0,0,1,8,1,0.125,0,0,0,0,0.0,29.0,2026-06-18 11:20:19,96.07138888888889,0,11,0,0,kyc_origination,self,2026-04-01,0,1,82.47541666666666,L01,credit_card,self_employed,T3,kanglish,90+,123,4800.0,24000.0,249600.0,,300-549,3,True,insufficient_funds,0.39,6,2,random_contact_point,0.3333333333333333,0.09615384614999384,9.0,0.0,0.0,3.0,1.0,0.0,0.0,1,1,0,train,Valid and reachable,"Keep dialling, at the best time slot","High contactability (P_active=0.93, P_rpc=0.26); dial at optimal diurnal window",0.9266820146704536,0.2565685571349183
PH002644,AC000931,third_party_number,2026-07-02,AT0048405,2026-06-22 14:26:59,tele_agent,TA017,rule_based,1.0,ring_no_answer,33,0,network,no_answer,RNR,PTP002268,False,0,0,0,0,0,0,0,0,2,31,1,0.03225806451612903,5,1,5,4,0.2903225806451613,25.838709677419356,2026-06-22 10:52:17,3.578333333333333,0,14,0,0,kyc_origination,self,2026-04-01,0,1,82.60207175925926,L01,credit_card,salaried,T3,english,1-30,7,7150.0,7150.0,78650.0,25.0,550-649,3,False,insufficient_funds,,1,0,rule_based,0.0,0.09090909089753221,0.0,0.0,0.0,0.0,0.0,2.0,5500.0,1,0,0,train,Recycled to a new subscriber,Stop at once; suppress to avoid third-party disclosure,Recycled / stranger detected; halt dialling immediately,0.9100338362952879,0.08783812497564018
PH001100,AC000225,borrower_number,2026-07-02,AT0020603,2026-04-30 16:33:28,tele_agent,TA011,rule_based,1.0,not_reachable,0,0,network,not_reachable,network illa,,False,0,0,0,0,0,0,1,0,3,9,1,0.1111111111111111,0,0,4,3,0.7777777777777778,21.22222222222222,2026-04-30 09:13:24,7.334444444444444,0,16,3,0,kyc_origination,self,2026-04-01,0,1,29.689907407407407,L03,pl_salaried,salaried,T1,kanglish,90+,103,11150.0,44600.0,535200.0,,300-549,4,False,insufficient_funds,,8,4,rule_based,0.5,0.08333333333177628,2.0,0.0,1.0,1.0,0.0,1.0,29600.0,0,0,0,validation,Temporarily unreachable,"Retry later, with backoff",Transient network unavailability; retry later with backoff,0.922641381699003,0.1402485603874226
PH000916,AC000137,not_borrower_number,2026-07-02,AT0030608,2026-05-16 15:17:21,tele_agent,TA004,rule_based,1.0,answered,12,12,customer,third_party_contact,avara hendathi pick maadidru,,False,0,1,1,0,0,0,0,0,2,2,0,0.0,0,1,0,0,0.0,25.0,2026-05-16 12:00:19,3.283888888888889,0,15,5,1,bureau,self,2026-04-01,1,1,45.63704861111111,L02,consumer_durable,salaried,T1,kanglish,90+,299,3850.0,38500.0,61600.0,,300-549,3,False,insufficient_funds,0.48,1,1,rule_based,1.0,0.6249999998985389,4.0,1.0,1.0,2.0,0.0,1.0,38500.0,1,0,1,train,Recycled to a new subscriber,Stop at once; suppress to avoid third-party disclosure,Recycled / stranger detected; halt dialling immediately,0.9273788074499159,0.07263014896976408
PH002799,AC001004,switched_off,2026-07-02,AT0043202,2026-06-10 08:19:36,tele_agent,TA005,rule_based,1.0,switched_off,0,0,network,switched_off,phone badn hai,,False,0,0,0,0,0,1,0,0,1,14,0,0.0,0,1,5,4,0.6428571428571429,19.357142857142858,2026-06-06 17:32:30,86.785,0,8,2,0,kyc_origination,self,2026-04-01,0,1,70.34694444444445,L03,pl_salaried,salaried,T2,hinglish,X,0,12850.0,12850.0,449750.0,5.0,700-749,2,True,insufficient_funds,0.63,0,0,rule_based,0.0,0.028571428570793297,0.0,0.0,0.0,0.0,0.0,2.0,11600.0,0,0,0,test,Recycled to a new subscriber,Stop at once; suppress to avoid third-party disclosure,Recycled / stranger detected; halt dialling immediately,0.920630459771317,0.13532845802054247
PH005502,AC002255,not_borrower_number,2026-07-02,AT0035918,2026-05-26 16:38:50,tele_agent,TA010,rule_based,1.0,answered,13,18,customer,wrong_number,wrong number antha helidru,,False,0,0,1,0,1,0,0,0,3,3,0,0.0,0,1,0,0,0.0,28.0,2026-05-26 09:56:04,6.712777777777778,0,16,1,0,bureau,self,2026-04-01,1,2,55.69363425925926,L06,msme,self_employed,T1,kanglish,1-30,28,13300.0,13300.0,226100.0,,550-649,1,False,insufficient_funds,0.34,0,0,rule_based,0.0,0.05882352940916305,4.0,0.0,0.0,0.0,2.0,0.0,0.0,1,0,1,train,Recycled to a new subscriber,Stop at once; suppress to avoid third-party disclosure,Recycled / stranger detected; halt dialling immediately,0.9296360898944013,0.06049297744613716
PH005223,AC002130,borrower_number,2026-07-02,AT0007519,2026-04-10 08:26:45,voice_bot,BOT01,random_contact_point,0.5,answered,5,40,customer,rpc_ptp,bot: customer promised 14/04,PTP000492,True,1,0,1,0,0,0,0,0,1,2,1,0.5,1,0,0,0,0.0,9.5,2026-04-09 12:13:48,20.215833333333332,0,8,4,0,reference,reference_mother,2026-04-01,1,3,9.351909722222222,L06,mfi_jlg,daily_wage,T1,kanglish,X,0,1750.0,1750.0,28000.0,,300-549,2,False,insufficient_funds,0.11,0,0,random_contact_point,0.0,0.06249999997767857,0.0,0.0,0.0,0.0,0.0,1.0,1750.0,1,1,0,train,Recycled to a new subscriber,Stop at once; suppress to avoid third-party disclosure,Recycled / stranger detected; halt dialling immediately,0.9395389326021855,0.2886518921000918
PH000735,AC000055,borrower_number,2026-07-02,AT0018084,2026-04-27 11:26:39,tele_agent,TA008,rule_based,1.0,busy_rejected,8,0,customer,call_rejected,busy bataya,,False,0,0,1,1,0,0,0,0,1,16,3,0.1875,0,0,6,4,0.625,22.5,2026-04-26 18:00:43,17.432222222222222,0,11,0,0,kyc_origination,self,2026-04-01,0,2,26.47684027777778,L06,two_wheeler,salaried,T2,hinglish,31-60,50,3500.0,7000.0,168000.0,15.0,300-549,2,False,insufficient_funds,,3,1,rule_based,0.3333333333333333,0.04166666666418651,2.0,1.0,1.0,0.0,0.0,1.0,7000.0,1,0,1,train,"Valid, but borrower avoiding","Switch channel (WhatsApp, field) instead of redialling",Line alive (P_active=0.92) but borrower avoiding (P_rpc=0.18); switch to WhatsApp/field,0.922641381699003,0.17625994272654244
PH005075,AC002060,borrower_number,2026-07-02,AT0050979,2026-06-29 09:46:31,tele_agent,TA013,rule_based,1.0,ring_no_answer,33,0,network,no_answer,"ringing, no response",,False,0,0,0,0,0,0,0,0,1,33,5,0.15151515151515152,0,0,6,5,0.3333333333333333,25.21212121212121,2026-06-25 18:13:40,87.5475,0,9,0,0,kyc_origination,self,2026-04-01,0,2,89.40730324074075,L06,two_wheeler,self_employed,T3,english,X,0,4350.0,4350.0,121800.0,,750-900,0,False,insufficient_funds,0.67,0,0,rule_based,0.0,0.03571428571135351,0.0,0.0,0.0,0.0,0.0,0.0,0.0,1,0,0,train,"Valid, but borrower avoiding","Switch channel (WhatsApp, field) instead of redialling",Line alive (P_active=0.91) but borrower avoiding (P_rpc=0.16); switch to WhatsApp/field,0.9107472010055124,0.15775162705212245
PH005598,AC002299,borrower_number,2026-07-02,AT0019891,2026-04-29 10:34:20,tele_agent,TA014,rule_based,1.0,answered,6,11,agent,wrong_number,customer ko nahi jaanta,,False,0,0,0,0,1,0,0,0,1,11,2,0.18181818181818182,0,1,3,2,0.45454545454545453,8.727272727272727,2026-04-28 12:01:09,22.553055555555556,0,10,2,0,kyc_origination,self,2026-04-01,0,2,28.440509259259258,L01,pl_salaried,salaried,T2,hinglish,X,0,4300.0,4300.0,146200.0,10.0,650-699,0,True,insufficient_funds,,0,0,rule_based,0.0,0.029411764703870608,0.0,0.0,0.0,0.0,0.0,2.0,4300.0,1,0,0,train,Recycled to a new subscriber,Stop at once; suppress to avoid third-party disclosure,Recycled / stranger detected; halt dialling immediately,0.9219812675975577,0.17625994272654244
PH000757,AC000064,third_party_number,2026-07-02,AT0050609,2026-06-28 08:00:22,tele_agent,TA020,rule_based,1.0,answered,11,27,agent,third_party_ptp,family member ne PTP diya 05/07,PTP003664,True,0,1,0,0,0,0,0,0,1,3,1,0.3333333333333333,1,0,0,0,0.0,19.666666666666668,2026-06-27 10:32:16,21.468333333333334,0,8,6,1,reference,reference_brother,2026-04-01,1,1,88.33358796296297,L02,two_wheeler,salaried,T3,hinglish,90+,206,3050.0,21350.0,161650.0,1.0,300-549,1,True,insufficient_funds,,3,1,rule_based,0.3333333333333333,0.13207547168994277,8.0,2.0,1.0,1.0,4.0,0.0,0.0,1,0,0,test,"Third party (relative, employer, reference)","Use only within Fair Practices Code rules, never discuss debt",Contact is a reference/relative; enforce Fair Practices Code,0.9324684131846829,0.10641141781757779
PH002532,AC000886,borrower_number,2026-07-02,AT0037735,2026-05-30 12:29:29,tele_agent,TA018,rule_based,1.0,ring_no_answer,40,0,network,no_answer,no answer,,False,0,0,0,0,0,0,0,0,2,7,0,0.0,0,0,3,3,0.8571428571428571,13.285714285714286,2026-05-27 11:21:50,73.1275,0,12,5,1,bureau,self,2026-04-01,1,1,59.52047453703704,L01,pl_salaried,salaried,T1,english,90+,165,7850.0,47100.0,235500.0,5.0,300-549,1,False,insufficient_funds,0.91,2,2,rule_based,1.0,0.19999999999150744,4.0,0.0,3.0,1.0,0.0,0.0,0.0,1,0,1,train,"Valid, but borrower avoiding","Switch channel (WhatsApp, field) instead of redialling",Line alive (P_active=0.86) but borrower avoiding (P_rpc=0.04); switch to WhatsApp/field,0.8623170445436322,0.04463044323368614
PH003126,AC001154,third_party_number,2026-07-02,AT0001171,2026-04-02 12:56:46,voice_bot,BOT01,random_contact_point,0.3333,answered,20,140,agent,rpc_call_back,bot: asked to call back,,False,1,0,0,0,0,0,0,0,2,0,0,0.0,0,0,0,0,0.0,0.0,,999.0,0,12,3,0,bureau,self,2026-04-01,2,3,1.5394212962962963,L06,mfi_jlg,self_employed,T1,kanglish,1-30,10,1050.0,1050.0,32550.0,,550-649,1,False,insufficient_funds,0.87,2,0,random_contact_point,0.0,0.03225806450621872,0.0,0.0,0.0,0.0,0.0,1.0,1050.0,1,1,0,train,Valid and reachable,"Keep dialling, at the best time slot","High contactability (P_active=0.87, P_rpc=0.31); dial at optimal diurnal window",0.8741326897314939,0.31086870202505296
PH005859,AC001203,borrower_number,2026-07-02,AT0047838,2026-06-20 14:00:55,tele_agent,TA018,rule_based,1.0,ring_no_answer,35,0,network,no_answer,"ringing, no response",PTP002572,False,0,0,0,0,0,0,0,0,2,12,2,0.16666666666666666,1,0,3,2,0.4166666666666667,24.416666666666668,2026-06-20 08:13:48,5.785277777777778,0,14,5,1,skip_trace,self,2026-05-13,3,1,38.58396990740741,L02,consumer_durable,salaried,T3,english,61-90,62,2150.0,6450.0,32250.0,,300-549,3,True,insufficient_funds,0.31,3,1,rule_based,0.3333333333333333,0.1999999999379845,4.0,0.0,0.0,3.0,0.0,0.0,0.0,1,0,0,train,"Valid, but borrower avoiding","Switch channel (WhatsApp, field) instead of redialling",Line alive (P_active=0.91) but borrower avoiding (P_rpc=0.14); switch to WhatsApp/field,0.9145419868538581,0.14214255450206995
PH003294,AC001234,borrower_number,2026-07-02,AT0030064,2026-05-15 17:21:55,tele_agent,TA010,rule_based,1.0,ring_no_answer,31,0,network,no_answer,ringing no response,PTP001902,False,0,0,0,0,0,0,0,0,3,7,2,0.2857142857142857,0,0,3,1,0.5714285714285714,21.0,2026-05-15 10:36:52,6.7508333333333335,0,17,4,0,kyc_origination,self,2026-04-01,0,1,44.72355324074074,L06,msme,self_employed,T3,kanglish,1-30,9,12750.0,12750.0,255000.0,,300-549,3,False,insufficient_funds,0.03,1,1,rule_based,1.0,0.04999999999803922,0.0,0.0,0.0,0.0,0.0,1.0,12750.0,1,0,0,test,"Valid, but borrower avoiding","Switch channel (WhatsApp, field) instead of redialling",Line alive (P_active=0.93) but borrower avoiding (P_rpc=0.23); switch to WhatsApp/field,0.9320922302452784,0.23497736860840232
PH004723,AC001895,switched_off,2026-07-02,AT0048030,2026-06-21 16:14:15,tele_agent,TA002,rule_based,1.0,switched_off,0,0,network,switched_off,number band hia 2 mahine se,,False,0,0,0,0,0,1,0,0,3,14,0,0.0,0,0,0,0,0.0,0.0,2026-06-21 09:51:12,6.384166666666666,10,16,6,1,borrower_update,self,2026-04-01,1,3,81.6765625,L03,pl_salaried,salaried,T2,hinglish,X,0,3300.0,3300.0,29700.0,,550-649,2,False,insufficient_funds,0.31,1,1,rule_based,1.0,0.11111111107369996,0.0,0.0,0.0,0.0,0.0,1.0,1100.0,0,0,0,test,Switched off long-term,Move to another number on file,Persistent switch-off (10 streak); cascade to alternate phone on file,0.004629629629629629,0.0
PH004239,AC001664,borrower_number,2026-07-02,AT0050385,2026-06-27 08:04:38,tele_agent,TA020,rule_based,1.0,answered,3,31,agent,third_party_ptp,wife ne bola 02/07 tak kar denge,PTP003648,True,0,1,0,0,0,0,0,0,1,8,2,0.25,0,0,1,0,0.125,13.125,2026-06-26 11:01:19,21.05527777777778,0,8,5,1,bureau,self,2026-04-01,1,3,87.33655092592592,L03,consumer_durable,salaried,T3,hinglish,61-90,87,2000.0,6000.0,38000.0,5.0,300-549,0,False,technical,0.73,5,2,rule_based,0.4,0.157894736800554,6.0,0.0,5.0,1.0,0.0,1.0,3100.0,1,0,0,validation,"Valid, but borrower avoiding","Switch channel (WhatsApp, field) instead of redialling",Line alive (P_active=0.92) but borrower avoiding (P_rpc=0.20); switch to WhatsApp/field,0.919245595637212,0.19521241290098326
PH004115,AC001606,borrower_number,2026-07-02,AT0050140,2026-06-26 13:47:22,tele_agent,TA018,rule_based,1.0,answered,17,376,customer,rpc_hung_up,hung up mid call,PTP003257,False,1,0,1,0,0,0,0,0,2,14,3,0.21428571428571427,0,0,4,1,0.35714285714285715,24.714285714285715,2026-06-26 11:57:04,1.8383333333333334,0,13,4,0,bureau,self,2026-04-01,1,1,86.57456018518519,L03,pl_salaried,salaried,T3,english,90+,127,12200.0,61000.0,353800.0,5.0,300-549,3,False,technical,1.0,2,2,rule_based,1.0,0.17241379309857507,8.0,0.0,2.0,2.0,3.0,0.0,0.0,1,1,0,train,"Valid, but borrower avoiding","Switch channel (WhatsApp, field) instead of redialling",Line alive (P_active=0.92) but borrower avoiding (P_rpc=0.18); switch to WhatsApp/field,0.9239071019012624,0.18411477885983296
PH003021,AC001106,not_borrower_number,2026-07-02,AT0050546,2026-06-27 13:44:17,tele_agent,TA007,rule_based,1.0,ring_no_answer,34,0,network,no_answer,"ringing, no response",,False,0,0,0,0,0,0,0,0,2,12,0,0.0,1,1,0,0,0.0,9.083333333333334,2026-06-27 09:09:31,4.579444444444444,0,13,5,1,kyc_origination,self,2026-04-01,0,1,87.57241898148148,L01,credit_card,self_employed,T3,english,31-60,32,5800.0,11600.0,272600.0,,300-549,3,False,technical,0.61,2,1,rule_based,0.5,0.042553191487800686,4.0,0.0,2.0,1.0,1.0,1.0,5200.0,1,0,1,train,Recycled to a new subscriber,Stop at once; suppress to avoid third-party disclosure,Recycled / stranger detected; halt dialling immediately,0.9166163889817036,0.06049297744613716
PH005123,AC002085,borrower_number,2026-07-02,AT0007507,2026-04-10 08:28:06,tele_agent,TA008,rule_based,1.0,not_reachable,0,0,network,not_reachable,network nahi hai,,False,0,0,0,0,0,0,1,0,1,7,0,0.0,0,0,2,2,0.5714285714285714,17.0,2026-04-09 09:11:00,23.285,0,8,4,0,kyc_origination,self,2026-04-01,0,1,9.352847222222222,L04,mfi_jlg,daily_wage,T2,hinglish,61-90,80,2050.0,6150.0,59450.0,,300-549,3,False,technical,0.04,3,2,rule_based,0.6666666666666666,0.10344827584466808,3.0,0.0,0.0,0.0,0.0,1.0,6150.0,0,0,0,train,Temporarily unreachable,"Retry later, with backoff",Transient network unavailability; retry later with backoff,0.8975534492204797,0.1443686150151646
PH005575,AC002290,borrower_number,2026-07-02,AT0039926,2026-06-03 12:48:07,tele_agent,TA019,rule_based,1.0,answered,4,45,agent,rpc_ptp,"PTP 82/06 amount 1,800",PTP002829,True,1,0,0,0,0,0,0,0,2,9,6,0.6666666666666666,0,0,0,0,0.0,13.444444444444445,2026-06-01 10:59:18,49.81361111111111,0,12,2,0,borrower_update,self,2026-04-01,1,1,63.53341435185185,L01,pl_salaried,salaried,T2,english,1-30,14,3600.0,3600.0,144000.0,5.0,550-649,6,False,insufficient_funds,0.22,1,0,rule_based,0.0,0.02499999999826389,0.0,0.0,0.0,0.0,0.0,1.0,1800.0,1,1,0,train,Valid and reachable,"Keep dialling, at the best time slot","High contactability (P_active=0.93, P_rpc=0.26); dial at optimal diurnal window",0.9270708733323249,0.25648855668274745
PH000910,AC000134,borrower_number,2026-07-02,AT0017690,2026-04-25 18:22:08,tele_agent,TA009,rule_based,1.0,ring_no_answer,41,0,network,no_answer,"ring aaytu, yaaru pick maadilla",,False,0,0,0,0,0,0,0,0,3,7,0,0.0,0,0,0,0,0.0,41.142857142857146,2026-04-25 09:15:15,9.114722222222222,0,18,5,1,borrower_update,self,2026-04-01,1,1,24.76537037037037,L02,consumer_durable,salaried,T1,kanglish,31-60,56,3350.0,6700.0,53600.0,5.0,300-549,2,False,insufficient_funds,0.7,2,1,rule_based,0.5,0.1249999999766791,6.0,1.0,1.0,1.0,3.0,2.0,6700.0,1,0,1,test,Valid and reachable,"Keep dialling, at the best time slot","High contactability (P_active=0.95, P_rpc=0.25); dial at optimal diurnal window",0.9458524562651788,0.2481119034094923
PH004241,AC001665,not_borrower_number,2026-07-02,AT0050682,2026-06-28 09:15:06,tele_agent,TA010,rule_based,1.0,answered,4,258,customer,rpc_dispute,dispute - modale pay maadidini antharu,PTP000025,False,1,0,1,0,0,0,0,0,1,19,6,0.3157894736842105,0,0,4,2,0.3157894736842105,23.63157894736842,2026-06-27 09:45:47,23.488611111111112,0,9,6,1,kyc_origination,self,2026-04-01,0,1,88.3854861111111,L03,pl_salaried,salaried,T1,kanglish,31-60,50,10150.0,20300.0,274050.0,28.0,550-649,4,False,insufficient_funds,,1,0,rule_based,0.0,0.07407407407137113,1.0,1.0,0.0,0.0,0.0,1.0,12100.0,1,1,0,test,"Valid, but borrower avoiding","Switch channel (WhatsApp, field) instead of redialling",Line alive (P_active=0.93) but borrower avoiding (P_rpc=0.32); switch to WhatsApp/field,0.9312026929824236,0.3163584036402493
PH005854,AC000934,borrower_number,2026-07-02,AT0049904,2026-06-26 09:37:09,tele_agent,TA009,rule_based,1.0,not_reachable,0,0,network,not_reachable,networ killa,,False,0,0,0,0,0,0,1,0,1,11,0,0.0,0,0,3,3,0.5454545454545454,27.545454545454547,2026-06-20 10:13:28,143.3947222222222,0,9,4,0,skip_trace,self,2026-05-11,1,1,46.400798611111114,L03,pl_salaried,salaried,T1,kanglish,90+,122,6250.0,31250.0,212500.0,1.0,300-549,3,False,mandate_not_registered,0.71,1,1,rule_based,1.0,0.14705882352249136,7.0,0.0,0.0,2.0,1.0,0.0,0.0,0,0,0,train,Temporarily unreachable,"Retry later, with backoff",Transient network unavailability; retry later with backoff,0.8992656816664631,0.12988661209312852
PH000778,AC000073,borrower_number,2026-07-02,AT0040100,2026-06-04 11:38:37,tele_agent,TA009,rule_based,1.0,answered,8,116,agent,wrong_number,ee hesarina yaaru illa antharu,PTP002517,False,0,0,0,0,1,0,0,0,1,20,4,0.2,1,1,2,1,0.15,23.5,2026-05-26 12:31:16,215.1225,0,11,3,0,kyc_origination,self,2026-04-01,0,5,64.48515046296296,L01,credit_card,salaried,T3,english,1-30,14,3650.0,3650.0,113150.0,10.0,300-549,1,True,insufficient_funds,0.25,0,0,rule_based,0.0,0.03225806451327812,0.0,0.0,0.0,0.0,0.0,1.0,800.0,1,0,0,validation,Recycled to a new subscriber,Stop at once; suppress to avoid third-party disclosure,Recycled / stranger detected; halt dialling immediately,0.9296360898944013,0.19295818682325447
PH005367,AC002194,borrower_number,2026-07-02,AT0015521,2026-04-22 11:18:58,tele_agent,TA002,rule_based,1.0,ring_no_answer,42,0,network,no_answer,"ring hua, uthaya nahi",,False,0,0,0,0,0,0,0,0,1,9,2,0.2222222222222222,0,0,3,3,0.6666666666666666,21.77777777777778,2026-04-21 12:44:24,22.57611111111111,0,11,2,0,kyc_origination,self,2026-04-01,0,3,21.471504629629628,L06,two_wheeler,daily_wage,T2,hinglish,X,0,3100.0,3100.0,46500.0,,550-649,0,False,mandate_not_registered,0.51,0,0,rule_based,0.0,0.06666666665232975,0.0,0.0,0.0,0.0,0.0,1.0,3100.0,1,0,0,test,"Valid, but borrower avoiding","Switch channel (WhatsApp, field) instead of redialling",Line alive (P_active=0.93) but borrower avoiding (P_rpc=0.22); switch to WhatsApp/field,0.9273788074499159,0.2219372058573582
PH001428,AC000381,not_borrower_number,2026-07-02,AT0025382,2026-05-08 10:48:37,tele_agent,TA012,rule_based,1.0,answered,10,24,agent,wrong_number,"bola mera anya number hai, kisi aur ka tha",,False,0,0,0,0,1,0,0,0,1,4,0,0.0,2,1,2,1,0.75,8.25,2026-04-28 12:39:51,238.1461111111111,0,10,4,0,bureau,self,2026-04-01,1,1,37.45042824074074,L03,consumer_durable,salaried,T3,hinglish,31-60,41,1650.0,3300.0,67650.0,,550-649,3,False,insufficient_funds,0.56,1,1,rule_based,1.0,0.04878048779766733,4.0,0.0,2.0,2.0,0.0,0.0,0.0,1,0,1,test,Recycled to a new subscriber,Stop at once; suppress to avoid third-party disclosure,Recycled / stranger detected; halt dialling immediately,0.922641381699003,0.04519761711913748
PH003778,AC001454,borrower_number,2026-07-02,AT0040609,2026-06-04 16:31:59,tele_agent,TA020,rule_based,1.0,answered,5,60,agent,rpc_ptp,PPT 29/06 ka diya,PTP002884,True,1,0,0,0,0,0,0,0,3,29,8,0.27586206896551724,1,0,6,1,0.2413793103448276,26.93103448275862,2026-06-04 08:36:00,7.933055555555556,0,16,3,0,kyc_origination,self,2026-04-01,0,1,64.68887731481482,L01,credit_card,self_employed,T2,hinglish,1-30,21,2200.0,2200.0,94600.0,,550-649,2,True,insufficient_funds,0.55,2,1,rule_based,0.5,0.02325581395103004,1.0,0.0,0.0,0.0,1.0,0.0,0.0,1,1,0,validation,"Valid, but borrower avoiding","Switch channel (WhatsApp, field) instead of redialling",Line alive (P_active=0.93) but borrower avoiding (P_rpc=0.21); switch to WhatsApp/field,0.9267394251915438,0.20963103979455477
PH000769,AC000069,borrower_number,2026-07-02,AT0050610,2026-06-28 11:05:15,tele_agent,TA012,rule_based,1.0,ring_no_answer,28,0,network,no_answer,"ring hua, uthaya nahi",PTP002936,False,0,0,0,0,0,0,0,0,1,16,4,0.25,0,0,0,0,0.0,31.25,2026-06-17 08:52:50,266.20694444444445,0,11,6,1,borrower_update,self,2026-04-01,1,1,88.46197916666667,L06,two_wheeler,salaried,T2,hinglish,1-30,14,4250.0,4250.0,59500.0,,550-649,2,False,insufficient_funds,,0,0,rule_based,0.0,0.07142857141656662,3.0,2.0,1.0,0.0,0.0,0.0,0.0,1,0,0,validation,Valid and reachable,"Keep dialling, at the best time slot","High contactability (P_active=0.92, P_rpc=0.21); dial at optimal diurnal window",0.9232807639573749,0.20644491432159487
PH005163,AC002104,borrower_number,2026-07-02,AT0042320,2026-06-08 08:21:52,tele_agent,TA016,rule_based,1.0,answered,17,56,agent,rpc_ptp,PTP 30/06 ka diya,PTP002998,True,1,0,0,0,0,0,0,0,1,26,11,0.4230769230769231,1,0,10,2,0.46153846153846156,14.76923076923077,2026-05-25 09:26:59,334.9147222222222,0,8,0,0,kyc_origination,self,2026-04-01,0,2,68.34851851851852,L06,msme,self_employed,T3,hinglish,31-60,50,32400.0,64800.0,680400.0,,300-549,4,False,insufficient_funds,0.52,4,1,rule_based,0.25,0.0952380952366955,2.0,0.0,0.0,0.0,2.0,2.0,40900.0,1,1,0,train,"Valid, but borrower avoiding","Switch channel (WhatsApp, field) instead of redialling",Line alive (P_active=0.93) but borrower avoiding (P_rpc=0.34); switch to WhatsApp/field,0.9336332674161457,0.3391165189602862
PH001262,AC000306,borrower_number,2026-07-02,AT0030962,2026-05-17 18:30:31,tele_agent,TA003,rule_based,1.0,answered,13,50,agent,rpc_ptp,"PTP 03/06, amount 7,300",PTP002181,True,1,0,0,0,0,0,0,0,3,18,6,0.3333333333333333,0,0,6,3,0.5,15.277777777777779,2026-05-17 08:45:41,9.747222222222222,0,18,6,1,kyc_origination,self,2026-04-01,0,1,46.77119212962963,L03,pl_salaried,salaried,T1,kanglish,1-30,27,7300.0,7300.0,109500.0,1.0,300-549,3,False,insufficient_funds,0.35,1,0,rule_based,0.0,0.06666666666057838,0.0,0.0,0.0,0.0,0.0,1.0,7300.0,1,1,0,train,"Valid, but borrower avoiding","Switch channel (WhatsApp, field) instead of redialling",Line alive (P_active=0.91) but borrower avoiding (P_rpc=0.24); switch to WhatsApp/field,0.9140511724196272,0.23864660241622082
PH001320,AC000335,not_borrower_number,2026-07-02,AT0043117,2026-06-10 10:23:17,tele_agent,TA013,rule_based,1.0,ring_no_answer,34,0,network,no_answer,"ringing, no response",PTP002412,False,0,0,0,0,0,0,0,0,1,12,1,0.08333333333333333,2,0,2,0,0.16666666666666666,29.166666666666668,2026-06-09 18:47:37,15.594444444444445,0,10,2,0,reference,reference_brother,2026-04-01,2,2,70.43283564814814,L06,two_wheeler,daily_wage,T1,english,1-30,14,3400.0,3400.0,81600.0,,650-699,2,False,insufficient_funds,0.55,1,0,rule_based,0.0,0.04166666666156046,0.0,0.0,0.0,0.0,0.0,0.0,0.0,1,0,0,validation,"Third party (relative, employer, reference)","Use only within Fair Practices Code rules, never discuss debt",Contact is a reference/relative; enforce Fair Practices Code,0.922641381699003,0.08507915071157418
PH004373,AC001725,third_party_number,2026-07-02,AT0045057,2026-06-14 10:35:02,tele_agent,TA013,rule_based,1.0,not_reachable,0,0,network,not_reachable,not reachable,,False,0,0,0,0,0,0,1,0,1,7,0,0.0,3,0,2,0,0.2857142857142857,21.857142857142858,2026-06-10 17:08:15,89.44638888888889,0,10,6,1,bureau,self,2026-04-01,1,2,74.44099537037037,L03,pl_salaried,salaried,T3,english,90+,469,6250.0,75000.0,225000.0,25.0,300-549,1,False,stop_payment,0.63,0,0,rule_based,0.0,0.33333333331851855,8.0,1.0,1.0,6.0,0.0,0.0,0.0,0,0,0,train,Temporarily unreachable,"Retry later, with backoff",Transient network unavailability; retry later with backoff,0.8979148738402222,0.07258389418801364
PH000685,AC000032,switched_off,2026-07-02,AT0022996,2026-05-04 15:06:59,tele_agent,TA004,rule_based,1.0,not_reachable,0,0,network,not_reachable,network illa,,False,0,0,0,0,0,0,1,0,2,7,0,0.0,0,0,0,0,0.0,0.0,2026-05-04 09:51:23,5.26,2,15,0,0,kyc_origination,self,2026-04-01,0,1,33.62984953703704,L02,two_wheeler,self_employed,T1,kanglish,90+,136,3400.0,17000.0,98600.0,,300-549,1,False,insufficient_funds,0.29,2,1,rule_based,0.5,0.17241379308596208,4.0,2.0,0.0,1.0,1.0,1.0,17000.0,0,0,0,train,Invalid from the start,Trigger Skip-Trace,Line dead / unassigned (P_active=0.00); escalate to Skip-Trace,0.0,0.0010256362914616434
PH004184,AC001639,borrower_number,2026-07-02,AT0049986,2026-06-26 08:47:54,tele_agent,TA009,rule_based,1.0,answered,9,36,agent,rpc_ptp,PT P03/07,PTP003608,True,1,0,0,0,0,0,0,0,1,27,7,0.25925925925925924,0,0,9,5,0.5185185185185185,23.74074074074074,2026-06-19 11:18:46,165.48555555555555,0,8,4,0,kyc_origination,self,2026-04-01,0,1,86.36659722222223,L01,pl_salaried,salaried,T3,kanglish,1-30,19,9450.0,9450.0,330750.0,1.0,550-649,0,False,insufficient_funds,0.39,0,0,rule_based,0.0,0.028571428570564734,0.0,0.0,0.0,0.0,0.0,0.0,0.0,1,1,0,test,"Valid, but borrower avoiding","Switch channel (WhatsApp, field) instead of redialling",Line alive (P_active=0.91) but borrower avoiding (P_rpc=0.17); switch to WhatsApp/field,0.9146905546779992,0.1723475560884629
PH004548,AC001812,third_party_number,2026-07-02,AT0019113,2026-04-28 11:08:55,tele_agent,TA006,rule_based,1.0,busy_rejected,2,0,customer,call_rejected,call cut kar diya,,False,0,0,1,1,0,0,0,0,1,7,0,0.0,0,0,4,4,1.1428571428571428,19.285714285714285,2026-04-22 11:00:09,144.1461111111111,0,11,1,0,kyc_origination,self,2026-04-01,0,1,27.464525462962964,L03,pl_salaried,salaried,T2,hinglish,90+,174,10900.0,65400.0,239800.0,7.0,300-549,0,True,insufficient_funds,0.8,3,1,rule_based,0.3333333333333333,0.27272727271589964,7.0,2.0,2.0,0.0,3.0,2.0,65400.0,1,0,1,test,"Valid, but borrower avoiding","Switch channel (WhatsApp, field) instead of redialling",Line alive (P_active=0.94) but borrower avoiding (P_rpc=0.11); switch to WhatsApp/field,0.9356101404220271,0.10533347009430526
PH001851,AC000569,third_party_number,2026-07-02,AT0009705,2026-04-14 08:36:32,voice_bot,BOT01,random_contact_point,0.5,answered,17,59,agent,third_party_contact,bot: office colleague answered,,False,0,1,0,0,0,0,0,0,1,2,1,0.5,1,0,1,0,0.5,14.0,2026-04-02 15:03:41,281.5475,0,8,1,0,reference,reference_brother,2026-04-01,1,2,13.358703703703704,L01,pl_salaried,salaried,T3,hinglish,1-30,17,10500.0,10500.0,346500.0,15.0,550-649,2,False,insufficient_funds,0.34,2,1,random_contact_point,0.5,0.030303030302155753,0.0,0.0,0.0,0.0,0.0,1.0,10500.0,1,0,0,train,"Third party (relative, employer, reference)","Use only within Fair Practices Code rules, never discuss debt",Contact is a reference/relative; enforce Fair Practices Code,0.9279477348727129,0.12787308774302217
PH003572,AC001358,borrower_number,2026-07-02,AT0049516,2026-06-25 09:48:30,tele_agent,TA010,rule_based,1.0,ring_no_answer,44,0,network,no_answer,ringing no response,PTP002911,False,0,0,0,0,0,0,0,0,1,26,9,0.34615384615384615,0,0,6,1,0.2692307692307692,22.03846153846154,2026-06-24 12:57:08,20.85611111111111,0,9,3,0,kyc_origination,self,2026-04-01,0,2,85.40868055555555,L03,consumer_durable,salaried,T1,kanglish,31-60,46,3950.0,7900.0,150100.0,5.0,550-649,3,False,insufficient_funds,0.85,2,0,rule_based,0.0,0.052631578943861994,0.0,0.0,0.0,0.0,0.0,1.0,4900.0,1,0,0,train,"Valid, but borrower avoiding","Switch channel (WhatsApp, field) instead of redialling",Line alive (P_active=0.93) but borrower avoiding (P_rpc=0.31); switch to WhatsApp/field,0.9347088503431529,0.3094467937160106
PH003458,AC001303,switched_off,2026-07-02,AT0018321,2026-04-27 12:00:32,tele_agent,TA020,rule_based,1.0,ring_no_answer,42,0,network,no_answer,"ring hua, uthaya nahi",,False,0,0,0,0,0,0,0,0,2,7,0,0.0,0,0,1,1,0.2857142857142857,25.714285714285715,2026-04-26 08:46:13,27.238611111111112,0,12,0,0,kyc_origination,self,2026-04-01,0,2,26.50037037037037,L06,two_wheeler,salaried,T2,hinglish,31-60,46,2950.0,5900.0,141600.0,7.0,550-649,1,False,insufficient_funds,0.77,1,0,rule_based,0.0,0.04166666666372411,1.0,0.0,1.0,0.0,0.0,0.0,0.0,1,0,1,train,"Valid, but borrower avoiding","Switch channel (WhatsApp, field) instead of redialling",Line alive (P_active=0.92) but borrower avoiding (P_rpc=0.11); switch to WhatsApp/field,0.9232807639573749,0.10613335059869654
PH004957,AC002003,borrower_number,2026-07-02,AT0027266,2026-05-11 08:34:53,tele_agent,TA020,rule_based,1.0,ring_no_answer,38,0,network,no_answer,ringing no response,PTP001513,False,0,0,0,0,0,0,0,0,1,8,2,0.25,1,0,1,0,0.125,23.625,2026-05-02 10:35:10,213.99527777777777,0,8,0,0,kyc_origination,self,2026-04-01,0,3,40.35755787037037,L03,consumer_durable,salaried,T2,hinglish,1-30,14,2450.0,2450.0,36750.0,1.0,300-549,5,False,insufficient_funds,0.34,1,1,rule_based,1.0,0.06666666664852607,0.0,0.0,0.0,0.0,0.0,1.0,2450.0,1,0,0,train,"Valid, but borrower avoiding","Switch channel (WhatsApp, field) instead of redialling",Line alive (P_active=0.93) but borrower avoiding (P_rpc=0.34); switch to WhatsApp/field,0.9296360898944013,0.3394634123688052
PH000768,AC000069,switched_off,2026-07-02,AT0018751,2026-04-28 10:11:50,tele_agent,TA012,rule_based,1.0,not_reachable,0,0,network,not_reachable,not reachable,,False,0,0,0,0,0,0,1,0,1,7,0,0.0,0,0,0,0,0.0,0.0,2026-04-24 16:30:29,89.68916666666667,0,10,1,0,kyc_origination,self,2026-04-01,0,1,27.424884259259258,L06,two_wheeler,salaried,T2,hinglish,1-30,14,4250.0,4250.0,59500.0,,550-649,2,False,insufficient_funds,,0,0,rule_based,0.0,0.07142857141656662,3.0,2.0,1.0,0.0,0.0,0.0,0.0,0,0,0,validation,Invalid from the start,Trigger Skip-Trace,Line dead / unassigned (P_active=0.03); escalate to Skip-Trace,0.02792270531400966,0.026130919825715266
PH001582,AC000449,third_party_number,2026-07-02,AT0048935,2026-06-24 12:30:00,tele_agent,TA005,rule_based,1.0,ring_no_answer,40,0,network,no_answer,"ring hua, uthaya nahi",PTP002856,False,0,0,0,0,0,0,0,0,2,12,3,0.25,5,0,6,0,0.5,20.166666666666668,2026-06-20 15:06:43,93.38805555555555,0,12,2,0,reference,reference_brother,2026-04-01,2,2,84.52083333333333,L02,two_wheeler,self_employed,T2,hinglish,90+,199,4650.0,32550.0,79050.0,,300-549,3,True,insufficient_funds,0.07,2,1,rule_based,0.5,0.41176470583026376,7.0,0.0,0.0,0.0,3.0,0.0,0.0,1,0,0,train,"Third party (relative, employer, reference)","Use only within Fair Practices Code rules, never discuss debt",Contact is a reference/relative; enforce Fair Practices Code,0.9296360898944013,0.06080696597606174
PH005949,AC001706,borrower_number,2026-07-02,AT0050569,2026-06-27 15:28:37,tele_agent,TA007,rule_based,1.0,busy_rejected,2,0,customer,call_rejected,call rejected,,False,0,0,1,1,0,0,0,0,2,1,0,0.0,0,0,1,1,2.0,5.0,2026-06-27 11:55:04,3.5591666666666666,0,15,5,1,skip_trace,self,2026-06-24,3,1,3.6448726851851854,L03,pl_salaried,self_employed,T1,english,1-30,15,10250.0,10250.0,184500.0,,300-549,1,True,insufficient_funds,0.5,0,0,rule_based,0.0,0.05555555555254442,0.0,0.0,0.0,0.0,0.0,0.0,0.0,1,0,1,train,"Valid, but borrower avoiding","Switch channel (WhatsApp, field) instead of redialling",Line alive (P_active=0.91) but borrower avoiding (P_rpc=0.07); switch to WhatsApp/field,0.9072512739342994,0.06652908483148769
PH002566,AC000900,borrower_number,2026-07-02,AT0046903,2026-06-18 16:20:26,tele_agent,TA008,rule_based,1.0,ring_no_answer,34,0,network,no_answer,RNR,,False,0,0,0,0,0,0,0,0,3,11,1,0.09090909090909091,0,0,9,9,1.6363636363636365,8.0,2026-06-18 11:54:41,4.429166666666666,0,16,3,0,bureau,self,2026-04-01,1,2,78.68085648148148,L06,mfi_jlg,self_employed,T2,hinglish,X,0,1250.0,1250.0,58750.0,,300-549,4,False,insufficient_funds,0.32,0,0,rule_based,0.0,0.021276595741059303,0.0,0.0,0.0,0.0,0.0,0.0,0.0,1,0,0,train,"Valid, but borrower avoiding","Switch channel (WhatsApp, field) instead of redialling",Line alive (P_active=0.93) but borrower avoiding (P_rpc=0.07); switch to WhatsApp/field,0.934835004630881,0.06882397851148937
PH003001,AC001096,borrower_number,2026-07-02,AT0028405,2026-05-13 08:23:18,tele_agent,TA001,rule_based,1.0,answered,6,42,agent,rpc_ptp,customer ne 20/05 kop ay karne ka bola,PTP001995,True,1,0,0,0,0,0,0,0,1,14,3,0.21428571428571427,1,0,2,0,0.14285714285714285,31.571428571428573,2026-05-11 12:57:08,43.43611111111111,0,8,2,0,kyc_origination,self,2026-04-01,0,1,42.349513888888886,L01,pl_salaried,salaried,T2,hinglish,61-90,74,16100.0,48300.0,579600.0,1.0,300-549,2,False,insufficient_funds,,1,1,rule_based,1.0,0.08333333333189556,3.0,1.0,0.0,2.0,0.0,1.0,48300.0,1,1,0,train,"Valid, but borrower avoiding","Switch channel (WhatsApp, field) instead of redialling",Line alive (P_active=0.93) but borrower avoiding (P_rpc=0.32); switch to WhatsApp/field,0.9324684131846829,0.3195476605071477
PH003168,AC001175,borrower_number,2026-07-02,AT0049042,2026-06-24 09:23:31,tele_agent,TA019,rule_based,1.0,ring_no_answer,43,0,network,no_answer,RNR,,False,0,0,0,0,0,0,0,0,1,5,4,0.8,0,0,2,0,0.4,8.4,2026-06-23 11:16:14,22.121388888888887,0,9,2,0,borrower_update,self,2026-04-01,1,1,84.39133101851851,L01,credit_card,salaried,T3,english,90+,144,5600.0,28000.0,162400.0,1.0,300-549,3,False,insufficient_funds,0.39,0,0,rule_based,0.0,0.17241379309283167,8.0,0.0,0.0,5.0,1.0,0.0,0.0,1,0,0,train,"Valid, but borrower avoiding","Switch channel (WhatsApp, field) instead of redialling",Line alive (P_active=0.92) but borrower avoiding (P_rpc=0.25); switch to WhatsApp/field,0.9208455697284501,0.2518448170250825
PH005944,AC001987,borrower_number,2026-07-02,AT0050435,2026-06-27 09:24:07,tele_agent,TA007,rule_based,1.0,ring_no_answer,30,0,network,no_answer,"ringing, no response",,False,0,0,0,0,0,0,0,0,1,2,0,0.0,0,0,0,0,0.0,38.5,2026-06-26 09:36:58,23.785833333333333,0,9,5,1,skip_trace,self,2026-06-21,3,2,6.3917476851851855,L01,pl_salaried,salaried,T3,english,90+,212,9550.0,76400.0,324700.0,10.0,300-549,2,False,insufficient_funds,,3,3,rule_based,1.0,0.2352941176398123,9.0,0.0,4.0,5.0,0.0,0.0,0.0,1,0,1,train,"Valid, but borrower avoiding","Switch channel (WhatsApp, field) instead of redialling",Line alive (P_active=0.93) but borrower avoiding (P_rpc=0.13); switch to WhatsApp/field,0.9324188586803102,0.12598525601764166
PH001151,AC000249,borrower_number,2026-07-02,AT0013607,2026-04-20 08:27:38,tele_agent,TA004,rule_based,1.0,answered,14,35,agent,rpc_ptp,PTP 07/05,PTP000914,True,1,0,0,0,0,0,0,0,1,10,3,0.3,0,0,1,0,0.1,30.3,2026-04-18 09:36:51,46.84638888888889,0,8,0,0,kyc_origination,self,2026-04-01,0,1,19.352523148148148,L03,consumer_durable,salaried,T3,kanglish,31-60,49,2150.0,4300.0,66650.0,,300-549,0,True,insufficient_funds,0.14,1,0,rule_based,0.0,0.06451612902257822,0.0,0.0,0.0,0.0,0.0,2.0,4300.0,1,1,0,test,"Valid, but borrower avoiding","Switch channel (WhatsApp, field) instead of redialling",Line alive (P_active=0.93) but borrower avoiding (P_rpc=0.34); switch to WhatsApp/field,0.9320922302452784,0.3394634123688052
PH002172,AC000715,third_party_number,2026-07-02,AT0048394,2026-06-22 14:34:18,tele_agent,TA002,random_contact_point,0.3333,busy_rejected,2,0,customer,call_rejected,call cut kar diya,,False,0,0,1,1,0,0,0,0,2,7,1,0.14285714285714285,1,0,3,2,0.7142857142857143,24.714285714285715,2026-06-22 09:19:46,5.242222222222222,0,14,0,0,reference,reference_father,2026-04-01,2,2,82.60715277777778,L04,mfi_jlg,daily_wage,T2,hinglish,90+,215,1250.0,10000.0,58750.0,,300-549,2,False,insufficient_funds,0.4,3,3,random_contact_point,1.0,0.17021276592847442,8.0,1.0,2.0,5.0,0.0,0.0,0.0,1,0,1,train,"Third party (relative, employer, reference)","Use only within Fair Practices Code rules, never discuss debt",Contact is a reference/relative; enforce Fair Practices Code,0.9279477348727129,0.0783090483798989
PH005891,AC001132,borrower_number,2026-07-02,AT0046688,2026-06-18 10:04:03,tele_agent,TA005,rule_based,1.0,ring_no_answer,34,0,network,no_answer,ringing no response,,False,0,0,0,0,0,0,0,0,1,7,0,0.0,0,1,0,0,0.0,32.142857142857146,2026-06-17 15:09:59,18.90111111111111,0,10,3,0,skip_trace,self,2026-05-27,2,1,22.419479166666665,L06,two_wheeler,salaried,T3,hinglish,31-60,37,3800.0,7600.0,102600.0,1.0,300-549,1,False,stop_payment,,3,2,rule_based,0.6666666666666666,0.07407407406685437,5.0,1.0,2.0,2.0,0.0,0.0,0.0,1,0,1,train,Recycled to a new subscriber,Stop at once; suppress to avoid third-party disclosure,Recycled / stranger detected; halt dialling immediately,0.9324684131846829,0.08512387472648314
PH005470,AC002241,borrower_number,2026-07-02,AT0032838,2026-05-20 18:53:00,tele_agent,TA011,rule_based,1.0,answered,9,22,agent,rpc_ptp,"PTP 25/05, amount 2,900",PTP002321,True,1,0,0,0,0,0,0,0,3,9,2,0.2222222222222222,0,0,1,1,0.2222222222222222,25.88888888888889,2026-05-20 10:20:12,8.546666666666667,0,18,2,0,kyc_origination,self,2026-04-01,0,1,49.78680555555555,L03,consumer_durable,salaried,T1,kanglish,31-60,53,2150.0,4300.0,34400.0,25.0,650-699,1,False,insufficient_funds,0.68,4,0,rule_based,0.0,0.12499999996366278,1.0,0.0,0.0,0.0,1.0,2.0,4300.0,1,1,0,train,"Valid, but borrower avoiding","Switch channel (WhatsApp, field) instead of redialling",Line alive (P_active=0.93) but borrower avoiding (P_rpc=0.34); switch to WhatsApp/field,0.9324684131846829,0.3391165189602862
PH005175,AC002108,not_borrower_number,2026-07-02,AT0022462,2026-05-03 16:34:16,tele_agent,TA020,rule_based,1.0,answered,15,27,customer,wrong_number,customer ko nahi jaanta,,False,0,0,1,0,1,0,0,0,3,4,0,0.0,0,1,1,0,0.25,23.75,2026-05-03 10:16:39,6.293611111111111,0,16,6,1,borrower_update,self,2026-04-01,1,1,32.69046296296296,L04,mfi_jlg,daily_wage,T2,hinglish,31-60,47,1900.0,3800.0,60800.0,,300-549,1,False,technical,0.47,0,0,rule_based,0.0,0.06249999998972039,4.0,0.0,0.0,0.0,3.0,0.0,0.0,1,0,1,train,Recycled to a new subscriber,Stop at once; suppress to avoid third-party disclosure,Recycled / stranger detected; halt dialling immediately,0.9232807639573749,0.06684307336141226
PH004016,AC001560,third_party_number,2026-07-02,AT0029424,2026-05-14 18:28:09,tele_agent,TA006,rule_based,1.0,answered,17,119,agent,wrong_number,customer ko nahi jaanta,,False,0,0,0,0,1,0,0,0,3,7,0,0.0,4,0,3,1,0.5714285714285714,19.428571428571427,2026-05-14 09:24:47,9.056111111111111,0,18,3,0,reference,reference_father,2026-04-01,1,1,43.76954861111111,L01,credit_card,salaried,T1,hinglish,X,0,10600.0,10600.0,265000.0,7.0,550-649,2,False,insufficient_funds,0.43,0,0,rule_based,0.0,0.03999999999849056,0.0,0.0,0.0,0.0,0.0,1.0,5800.0,1,0,1,validation,"Third party (relative, employer, reference)","Use only within Fair Practices Code rules, never discuss debt",Contact is a reference/relative; enforce Fair Practices Code,0.9219812675975577,0.06975575517316412
PH004435,AC001758,borrower_number,2026-07-02,AT0015699,2026-04-22 13:47:36,tele_agent,TA004,rule_based,1.0,busy_rejected,6,0,customer,call_rejected,call cut maadidru,,False,0,0,1,1,0,0,0,0,2,7,0,0.0,0,0,3,3,0.8571428571428571,24.285714285714285,2026-04-22 11:51:29,1.9352777777777779,0,13,2,0,kyc_origination,self,2026-04-01,0,3,21.57472222222222,L06,two_wheeler,salaried,T1,kanglish,1-30,28,2550.0,2550.0,91800.0,10.0,550-649,0,False,insufficient_funds,,0,0,rule_based,0.0,0.027777777774751874,0.0,0.0,0.0,0.0,0.0,1.0,800.0,1,0,1,train,"Valid, but borrower avoiding","Switch channel (WhatsApp, field) instead of redialling",Line alive (P_active=0.93) but borrower avoiding (P_rpc=0.12); switch to WhatsApp/field,0.926596927046472,0.12383332432488729
PH001773,AC000536,not_borrower_number,2026-07-02,AT0011830,2026-04-17 09:23:55,tele_agent,TA019,rule_based,1.0,ring_no_answer,28,0,network,no_answer,"ringing, no response",,False,0,0,0,0,0,0,0,0,1,7,0,0.0,0,1,0,0,0.0,20.714285714285715,2026-04-11 08:35:19,144.81,0,9,4,0,kyc_origination,self,2026-04-01,0,2,16.391608796296296,L02,consumer_durable,self_employed,T3,english,1-30,16,2250.0,2250.0,81000.0,,300-549,2,False,insufficient_funds,0.29,0,0,rule_based,0.0,0.027777777774348422,0.0,0.0,0.0,0.0,0.0,2.0,1600.0,1,0,1,train,Recycled to a new subscriber,Stop at once; suppress to avoid third-party disclosure,Recycled / stranger detected; halt dialling immediately,0.9197801604127661,0.09207001441779057
PH002928,AC001063,borrower_number,2026-07-02,AT0049711,2026-06-25 14:53:20,tele_agent,TA006,rule_based,1.0,ring_no_answer,40,0,network,no_answer,"ring ho raha hai, koi pick nahi kar raha",PTP001705,False,0,0,0,0,0,0,0,0,2,22,5,0.22727272727272727,0,1,3,0,0.13636363636363635,28.727272727272727,2026-06-25 08:53:22,5.999444444444444,0,14,3,0,borrower_update,self,2026-04-01,1,2,85.62037037037037,L02,consumer_durable,daily_wage,T1,hinglish,61-90,63,3150.0,9450.0,31500.0,,300-549,0,False,insufficient_funds,0.45,2,1,rule_based,0.5,0.2999999999047619,6.0,1.0,4.0,0.0,1.0,0.0,0.0,1,0,0,train,Recycled to a new subscriber,Stop at once; suppress to avoid third-party disclosure,Recycled / stranger detected; halt dialling immediately,0.9245858141333126,0.1303963107354866
PH003605,AC001374,borrower_number,2026-07-02,AT0015314,2026-04-22 09:02:36,voice_bot,BOT01,rule_based,1.0,ring_no_answer,36,0,network,no_answer,bot: RNR,,False,0,0,0,0,0,0,0,0,1,7,0,0.0,0,0,0,0,0.0,40.0,2026-04-13 10:36:04,214.44222222222223,0,9,2,0,kyc_origination,self,2026-04-01,0,3,21.376805555555556,L05,msme,self_employed,T2,hinglish,X,0,24400.0,24400.0,1146800.0,,550-649,6,False,insufficient_funds,,1,0,rule_based,0.0,0.02127659574449532,0.0,0.0,0.0,0.0,0.0,1.0,24400.0,1,0,1,train,Valid and reachable,"Keep dialling, at the best time slot","High contactability (P_active=0.93, P_rpc=0.20); dial at optimal diurnal window",0.9320922302452784,0.20165056529041356
PH005273,AC002151,third_party_number,2026-07-02,AT0050698,2026-06-28 12:29:28,tele_agent,TA019,rule_based,1.0,ring_no_answer,35,0,network,no_answer,no answer,PTP002614,False,0,0,0,0,0,0,0,0,2,11,0,0.0,4,1,1,0,0.09090909090909091,19.272727272727273,2026-06-24 09:28:03,99.02361111111111,0,12,6,1,reference,reference_brother,2026-04-01,2,1,88.52046296296297,L06,two_wheeler,salaried,T3,english,31-60,59,2650.0,5300.0,84800.0,,300-549,0,False,technical,0.39,2,1,rule_based,0.5,0.062499999992629715,0.0,0.0,0.0,0.0,0.0,1.0,3600.0,1,0,1,test,Recycled to a new subscriber,Stop at once; suppress to avoid third-party disclosure,Recycled / stranger detected; halt dialling immediately,0.9213418853391859,0.06049297744613716
PH001989,AC000633,third_party_number,2026-07-02,AT0031771,2026-05-19 08:04:55,tele_agent,TA008,rule_based,1.0,answered,17,24,customer,wrong_number,customer ko nahi jaanta,,False,0,0,1,0,1,0,0,0,1,3,1,0.3333333333333333,0,1,2,0,0.6666666666666666,20.0,2026-05-16 15:02:45,65.03611111111111,0,8,1,0,bureau,self,2026-04-01,1,2,48.33674768518519,L01,credit_card,salaried,T2,hinglish,61-90,62,4650.0,13950.0,46500.0,,300-549,3,True,insufficient_funds,,1,1,rule_based,1.0,0.2999999999354839,8.0,1.0,1.0,2.0,3.0,0.0,0.0,1,0,1,test,Recycled to a new subscriber,Stop at once; suppress to avoid third-party disclosure,Recycled / stranger detected; halt dialling immediately,0.9322088897089484,0.1382675508768882
PH000935,AC000148,borrower_number,2026-07-02,AT0002638,2026-04-04 10:23:33,voice_bot,BOT01,rule_based,1.0,answered,12,54,agent,rpc_ptp,bot: customer promised 29/04,PTP000191,True,1,0,0,0,0,0,0,0,1,1,0,0.0,0,0,0,0,0.0,38.0,2026-04-03 11:21:38,23.031944444444445,0,10,5,1,kyc_origination,self,2026-04-01,0,1,3.4330208333333334,L03,pl_salaried,salaried,T2,hinglish,1-30,1,10850.0,10850.0,86800.0,,300-549,3,True,insufficient_funds,,1,1,rule_based,1.0,0.12499999998559908,0.0,0.0,0.0,0.0,0.0,1.0,10850.0,1,1,0,train,Valid and reachable,"Keep dialling, at the best time slot","High contactability (P_active=0.93, P_rpc=0.26); dial at optimal diurnal window",0.93492455353556,0.2606680755084119
PH004058,AC001579,switched_off,2026-07-02,AT0050372,2026-06-27 12:08:34,tele_agent,TA011,rule_based,1.0,switched_off,0,0,network,switched_off,swithc off ide,,False,0,0,0,0,0,1,0,0,2,1,0,0.0,0,0,0,0,0.0,0.0,2026-06-23 15:43:51,92.41194444444444,1,12,5,1,borrower_update,self,2026-04-01,1,1,87.50594907407407,L01,credit_card,salaried,T3,kanglish,31-60,43,2850.0,5700.0,139650.0,,300-549,1,True,stop_payment,0.51,2,0,rule_based,0.0,0.04081632652768949,0.0,0.0,0.0,0.0,0.0,0.0,0.0,0,0,0,train,Invalid from the start,Trigger Skip-Trace,Line dead / unassigned (P_active=0.04); escalate to Skip-Trace,0.043683920114126064,0.004597180609617123
PH001909,AC000600,borrower_number,2026-07-02,AT0042634,2026-06-09 12:51:45,tele_agent,TA009,rule_based,1.0,busy_rejected,7,0,customer,call_rejected,busy antha barhtide,PTP000080,False,0,0,1,1,0,0,0,0,2,17,2,0.11764705882352941,0,0,4,4,0.47058823529411764,28.294117647058822,2026-06-02 11:16:15,169.59166666666667,0,12,1,0,kyc_origination,self,2026-04-01,0,2,69.5359375,L02,two_wheeler,salaried,T3,kanglish,31-60,54,3800.0,7600.0,114000.0,1.0,300-549,1,False,insufficient_funds,0.26,1,1,rule_based,1.0,0.0666666666608187,6.0,3.0,1.0,2.0,0.0,1.0,2900.0,1,0,1,validation,"Valid, but borrower avoiding","Switch channel (WhatsApp, field) instead of redialling",Line alive (P_active=0.92) but borrower avoiding (P_rpc=0.15); switch to WhatsApp/field,0.9153506687794443,0.147180453905104
PH002537,AC000888,borrower_number,2026-07-02,AT0018247,2026-04-27 08:50:33,tele_agent,TA011,rule_based,1.0,answered,13,37,agent,rpc_ptp,PTP 28/04,PTP001242,True,1,0,0,0,0,0,0,0,1,14,6,0.42857142857142855,0,0,5,2,0.5,19.357142857142858,2026-04-22 12:40:29,116.16777777777777,0,8,0,0,kyc_origination,self,2026-04-01,0,3,26.3684375,L01,credit_card,salaried,T3,kanglish,31-60,59,6300.0,12600.0,81900.0,30.0,300-549,1,False,insufficient_funds,0.0,1,0,rule_based,0.0,0.15384615382736921,0.0,0.0,0.0,0.0,0.0,2.0,12600.0,1,1,0,validation,"Valid, but borrower avoiding","Switch channel (WhatsApp, field) instead of redialling",Line alive (P_active=0.92) but borrower avoiding (P_rpc=0.32); switch to WhatsApp/field,0.9219812675975577,0.3195476605071477
PH002409,AC000828,third_party_number,2026-07-02,AT0025479,2026-05-08 08:51:24,tele_agent,TA017,rule_based,1.0,answered,8,99,agent,third_party_contact,"brother answered, will pass message",,False,0,1,0,0,0,0,0,0,1,6,0,0.0,4,0,1,0,0.16666666666666666,21.0,2026-05-07 16:08:34,16.71388888888889,0,8,4,0,reference,reference_brother,2026-04-01,1,2,37.36902777777778,L02,consumer_durable,salaried,T3,english,1-30,2,1900.0,1900.0,49400.0,,650-699,2,False,insufficient_funds,0.44,1,0,rule_based,0.0,0.03846153845375272,0.0,0.0,0.0,0.0,0.0,2.0,1900.0,1,0,1,test,"Third party (relative, employer, reference)","Use only within Fair Practices Code rules, never discuss debt",Contact is a reference/relative; enforce Fair Practices Code,0.9239071019012624,0.07808675623851634
PH001306,AC000329,borrower_number,2026-07-02,AT0017268,2026-04-25 08:45:15,tele_agent,TA003,rule_based,1.0,busy_rejected,7,0,customer,call_rejected,call cut maadidru,,False,0,0,1,1,0,0,0,0,1,7,0,0.0,0,0,1,1,0.2857142857142857,22.714285714285715,2026-04-19 11:29:12,141.2675,0,8,5,1,kyc_origination,self,2026-04-01,0,1,24.364756944444444,L03,pl_salaried,salaried,T1,kanglish,61-90,78,16050.0,48150.0,770400.0,,300-549,2,False,insufficient_funds,0.23,1,1,rule_based,1.0,0.06249999999918874,0.0,0.0,0.0,0.0,0.0,1.0,48150.0,1,0,1,train,"Valid, but borrower avoiding","Switch channel (WhatsApp, field) instead of redialling",Line alive (P_active=0.92) but borrower avoiding (P_rpc=0.15); switch to WhatsApp/field,0.9245464841596341,0.15361951557276876
PH001565,AC000442,borrower_number,2026-07-02,AT0011123,2026-04-16 12:50:08,tele_agent,TA009,rule_based,1.0,ring_no_answer,38,0,network,no_answer,ringing no response,,False,0,0,0,0,0,0,0,0,2,7,0,0.0,1,0,1,1,0.2857142857142857,22.0,2026-04-14 11:52:28,48.96111111111111,0,12,3,0,kyc_origination,self,2026-04-01,0,2,15.534814814814816,L02,two_wheeler,salaried,T1,kanglish,90+,268,4700.0,42300.0,70500.0,,300-549,2,False,insufficient_funds,0.27,3,3,rule_based,1.0,0.5999999999148936,9.0,2.0,1.0,3.0,3.0,1.0,17000.0,1,0,1,test,"Valid, but borrower avoiding","Switch channel (WhatsApp, field) instead of redialling",Line alive (P_active=0.93) but borrower avoiding (P_rpc=0.09); switch to WhatsApp/field,0.9279477348727129,0.08543786325640773
PH001360,AC000354,borrower_number,2026-07-02,AT0045654,2026-06-16 12:24:59,tele_agent,TA011,rule_based,1.0,not_reachable,0,0,network,not_reachable,network illa,,False,0,0,0,0,0,0,1,0,2,16,3,0.1875,0,0,2,1,0.1875,24.3125,2026-05-05 11:05:13,1009.3294444444444,0,12,1,0,kyc_origination,self,2026-04-01,0,2,76.51734953703703,L03,pl_salaried,salaried,T3,hinglish,31-60,54,11150.0,22300.0,323350.0,,300-549,2,True,insufficient_funds,0.57,1,1,rule_based,1.0,0.06896551723924646,2.0,0.0,0.0,1.0,0.0,1.0,22300.0,0,0,0,train,Temporarily unreachable,"Retry later, with backoff",Transient network unavailability; retry later with backoff,0.8428688879265746,0.2057908489369582
PH000263,AC001276,third_party_number,2026-07-02,AT0049055,2026-06-24 08:27:38,tele_agent,TA011,rule_based,1.0,ring_no_answer,44,0,network,no_answer,ringing no response,,False,0,0,0,0,0,0,0,0,1,23,0,0.0,9,1,5,1,0.2608695652173913,23.695652173913043,2026-06-23 17:14:53,15.2125,0,8,2,0,employer,office,2026-04-01,1,4,84.35252314814815,L03,pl_salaried,salaried,T1,kanglish,31-60,45,12150.0,24300.0,206550.0,,300-549,1,False,stop_payment,0.06,1,1,rule_based,1.0,0.1176470588178336,2.0,0.0,1.0,0.0,1.0,1.0,10900.0,1,0,1,validation,Recycled to a new subscriber,Stop at once; suppress to avoid third-party disclosure,Recycled / stranger detected; halt dialling immediately,0.9166163889817036,0.06431684805519104
PH000602,AC000158,third_party_number,2026-07-02,AT0049803,2026-06-26 10:15:05,tele_agent,TA007,rule_based,1.0,ring_no_answer,41,0,network,no_answer,no answer,,False,0,0,0,0,0,0,0,0,1,5,0,0.0,1,0,0,0,0.0,33.8,2026-06-13 09:57:43,312.2894444444444,0,10,4,0,employer,office,2026-04-01,2,3,86.4271412037037,L01,pl_salaried,salaried,T3,english,90+,313,8150.0,89650.0,456400.0,1.0,300-549,1,False,insufficient_funds,0.5,4,3,rule_based,0.75,0.19642857142426756,9.0,5.0,2.0,2.0,0.0,1.0,57400.0,1,0,1,validation,Recycled to a new subscriber,Stop at once; suppress to avoid third-party disclosure,Recycled / stranger detected; halt dialling immediately,0.9196370981377737,0.08507761994473272
PH003491,AC001322,borrower_number,2026-07-02,AT0001227,2026-04-02 12:03:36,tele_agent,TA019,rule_based,1.0,answered,18,58,agent,rpc_ptp,"PTP 07/04 amount 97,500",PTP000094,True,1,0,0,0,0,0,0,0,2,0,0,0.0,0,0,0,0,0.0,0.0,,999.0,0,12,3,0,kyc_origination,self,2026-04-01,0,3,1.5025,L03,pl_salaried,salaried,T2,english,90+,151,16250.0,97500.0,357500.0,7.0,300-549,1,False,insufficient_funds,1.0,3,1,rule_based,0.3333333333333333,0.272727272719644,0.0,0.0,0.0,0.0,0.0,1.0,97500.0,1,1,0,train,Valid and reachable,"Keep dialling, at the best time slot","High contactability (P_active=0.91, P_rpc=0.31); dial at optimal diurnal window",0.908181984443436,0.3054235039450413
PH004734,AC001900,borrower_number,2026-07-02,AT0050955,2026-06-29 08:11:00,tele_agent,TA003,rule_based,1.0,ring_no_answer,32,0,network,no_answer,"ring aaytu, yaaru pick maadilla",PTP003377,False,0,0,0,0,0,0,0,0,1,25,7,0.28,2,0,6,2,0.32,26.04,2026-06-26 11:57:40,68.22222222222223,0,8,0,0,kyc_origination,self,2026-04-01,0,1,89.34097222222222,L01,pl_salaried,salaried,T1,kanglish,61-90,75,16950.0,50850.0,186450.0,,300-549,1,False,insufficient_funds,0.45,2,1,rule_based,0.5,0.27272727271264535,8.0,1.0,0.0,2.0,5.0,0.0,0.0,1,0,0,train,"Valid, but borrower avoiding","Switch channel (WhatsApp, field) instead of redialling",Line alive (P_active=0.92) but borrower avoiding (P_rpc=0.29); switch to WhatsApp/field,0.9223453769748425,0.2870390615018638
PH005828,AC001439,borrower_number,2026-07-02,AT0049732,2026-06-25 18:18:30,tele_agent,TA001,rule_based,1.0,busy_rejected,9,0,customer,call_rejected,2 ring ke baad disconnect,,False,0,0,1,1,0,0,0,0,3,16,2,0.125,0,0,11,11,1.375,13.5625,2026-06-25 08:12:08,10.106111111111112,0,18,3,0,skip_trace,self,2026-05-02,1,2,54.76284722222222,L02,two_wheeler,self_employed,T2,hinglish,31-60,32,4600.0,9200.0,207000.0,,300-549,0,False,stop_payment,0.69,2,1,rule_based,0.5,0.04444444444229737,7.0,1.0,3.0,0.0,3.0,1.0,4500.0,1,0,1,validation,"Valid, but borrower avoiding","Switch channel (WhatsApp, field) instead of redialling",Line alive (P_active=0.92) but borrower avoiding (P_rpc=0.11); switch to WhatsApp/field,0.922710680908965,0.11051406260140902
PH000625,AC000007,borrower_number,2026-07-02,AT0003278,2026-04-04 15:18:44,tele_agent,TA004,random_contact_point,0.5,busy_rejected,3,0,customer,call_rejected,busy antha barthide,,False,0,0,1,1,0,0,0,0,2,1,1,1.0,0,0,0,0,0.0,17.0,2026-04-04 09:05:06,6.227222222222222,0,15,5,1,kyc_origination,self,2026-04-01,0,1,3.638009259259259,L01,credit_card,salaried,T1,kanglish,61-90,68,9850.0,29550.0,197000.0,,300-549,4,False,insufficient_funds,0.65,1,1,random_contact_point,1.0,0.1499999999923858,1.0,0.0,0.0,0.0,0.0,1.0,29550.0,1,0,1,train,Valid and reachable,"Keep dialling, at the best time slot","High contactability (P_active=0.94, P_rpc=0.18); dial at optimal diurnal window",0.942371255892467,0.18440221479679933
PH005217,AC002127,third_party_number,2026-07-02,AT0008305,2026-04-11 08:00:20,tele_agent,TA015,rule_based,1.0,answered,3,41,customer,rpc_ptp,"PTP 30/04, amount 15,800",PTP000561,True,1,0,1,0,0,0,0,0,1,0,0,0.0,0,0,0,0,0.0,0.0,,999.0,0,8,5,1,borrower_update,self,2026-04-01,1,1,10.333564814814816,L01,credit_card,salaried,T2,hinglish,90+,155,5600.0,33600.0,67200.0,7.0,300-549,1,False,insufficient_funds,,3,3,rule_based,1.0,0.49999999992559524,1.0,0.0,0.0,1.0,0.0,1.0,33600.0,1,1,0,train,Valid and reachable,"Keep dialling, at the best time slot","High contactability (P_active=0.90, P_rpc=0.31); dial at optimal diurnal window",0.9008912715238773,0.30767230018582564
PH001822,AC000556,borrower_number,2026-07-02,AT0050519,2026-06-27 18:41:10,tele_agent,TA001,rule_based,1.0,busy_rejected,5,0,customer,call_rejected,busy bataya,,False,0,0,1,1,0,0,0,0,3,13,0,0.0,0,0,3,3,0.46153846153846156,30.846153846153847,2026-06-27 11:24:52,7.2716666666666665,0,18,5,1,kyc_origination,self,2026-04-01,0,3,87.77858796296296,L06,mfi_jlg,daily_wage,T2,hinglish,1-30,4,1750.0,1750.0,43750.0,,300-549,1,False,technical,0.39,0,0,rule_based,0.0,0.03999999999085714,1.0,0.0,0.0,0.0,1.0,0.0,0.0,1,0,1,train,"Valid, but borrower avoiding","Switch channel (WhatsApp, field) instead of redialling",Line alive (P_active=0.92) but borrower avoiding (P_rpc=0.12); switch to WhatsApp/field,0.9223453769748425,0.12056192104857634
PH001004,AC000180,borrower_number,2026-07-02,AT0019438,2026-04-29 12:52:42,tele_agent,TA012,rule_based,1.0,answered,8,63,agent,rpc_ptp,PTP 08/05 ka diya,PTP001346,True,1,0,0,0,0,0,0,0,2,2,2,1.0,0,0,0,0,0.0,18.0,2026-04-28 11:08:26,25.73777777777778,0,12,2,0,bureau,self,2026-04-01,1,1,28.536597222222223,L06,two_wheeler,daily_wage,T2,hinglish,61-90,70,2850.0,8550.0,76950.0,,300-549,2,False,insufficient_funds,0.9,2,1,rule_based,0.5,0.11111111109667171,0.0,0.0,0.0,0.0,0.0,1.0,8550.0,1,1,0,train,Valid and reachable,"Keep dialling, at the best time slot","High contactability (P_active=0.94, P_rpc=0.23); dial at optimal diurnal window",0.9433963159143014,0.23401931704390813
PH001123,AC000236,borrower_number,2026-07-02,AT0048504,2026-06-23 08:17:38,tele_agent,TA020,rule_based,1.0,busy_rejected,7,0,customer,call_rejected,call cut kar diya,PTP002334,False,0,0,1,1,0,0,0,0,1,26,14,0.5384615384615384,0,0,7,0,0.2692307692307692,22.153846153846153,2026-06-13 08:40:21,239.6213888888889,0,8,1,0,kyc_origination,self,2026-04-01,0,1,83.34557870370371,L02,two_wheeler,self_employed,T1,hinglish,1-30,27,3300.0,3300.0,112200.0,,650-699,2,True,insufficient_funds,,0,0,rule_based,0.0,0.029411764703260984,0.0,0.0,0.0,0.0,0.0,2.0,2200.0,1,0,1,train,"Valid, but borrower avoiding","Switch channel (WhatsApp, field) instead of redialling",Line alive (P_active=0.94) but borrower avoiding (P_rpc=0.33); switch to WhatsApp/field,0.9415698632892732,0.3313964042556371
PH002653,AC000935,third_party_number,2026-07-02,AT0043462,2026-06-10 16:15:29,tele_agent,TA016,rule_based,1.0,answered,12,116,agent,third_party_contact,"father ne uthaya, message de denge",,False,0,1,0,0,0,0,0,0,3,7,0,0.0,3,0,1,0,0.14285714285714285,15.142857142857142,2026-06-10 10:59:20,5.269166666666667,0,16,2,0,bureau,self,2026-04-01,2,1,70.67741898148148,L02,two_wheeler,salaried,T2,hinglish,X,0,2800.0,2800.0,92400.0,,300-549,3,True,insufficient_funds,,0,0,rule_based,0.0,0.030303030299750754,0.0,0.0,0.0,0.0,0.0,0.0,0.0,1,0,1,train,"Valid, but borrower avoiding","Switch channel (WhatsApp, field) instead of redialling",Line alive (P_active=0.92) but borrower avoiding (P_rpc=0.05); switch to WhatsApp/field,0.9181667924964101,0.05023966389689366
PH000671,AC000027,not_borrower_number,2026-07-02,AT0034854,2026-05-25 12:31:13,tele_agent,TA009,rule_based,1.0,ring_no_answer,39,0,network,no_answer,RNR,PTP000203,False,0,0,0,0,0,0,0,0,2,17,6,0.35294117647058826,0,0,3,0,0.17647058823529413,23.294117647058822,2026-05-20 09:37:10,122.90083333333334,0,12,0,0,kyc_origination,self,2026-04-01,0,2,54.52167824074074,L02,two_wheeler,salaried,T3,kanglish,61-90,79,4000.0,12000.0,104000.0,1.0,300-549,3,False,insufficient_funds,,2,1,rule_based,0.5,0.11538461537352071,5.0,0.0,3.0,2.0,0.0,1.0,3600.0,1,0,0,train,"Valid, but borrower avoiding","Switch channel (WhatsApp, field) instead of redialling",Line alive (P_active=0.93) but borrower avoiding (P_rpc=0.15); switch to WhatsApp/field,0.9296360898944013,0.15310278754064957
PH003653,AC001394,third_party_number,2026-07-02,AT0043749,2026-06-11 10:44:43,tele_agent,TA018,rule_based,1.0,answered,7,132,agent,third_party_contact,office colleague answered,,False,0,1,0,0,0,0,0,0,1,13,0,0.0,2,0,1,0,0.07692307692307693,30.23076923076923,2026-06-10 08:29:21,26.25611111111111,0,10,3,0,reference,reference_mother,2026-04-01,1,2,71.4477199074074,L02,two_wheeler,salaried,T3,english,1-30,9,2850.0,2850.0,45600.0,7.0,550-649,2,False,insufficient_funds,,1,1,rule_based,1.0,0.06249999998629385,2.0,0.0,0.0,0.0,2.0,1.0,2850.0,1,0,1,validation,"Third party (relative, employer, reference)","Use only within Fair Practices Code rules, never discuss debt",Contact is a reference/relative; enforce Fair Practices Code,0.9322088897089484,0.0969622692602116
PH004986,AC002018,borrower_number,2026-07-02,AT0048032,2026-06-21 13:59:05,tele_agent,TA003,rule_based,1.0,busy_rejected,9,0,customer,call_rejected,call uct maadidru,,False,0,0,1,1,0,0,0,0,2,20,0,0.0,0,1,10,10,1.0,19.35,2026-06-21 11:41:10,2.298611111111111,0,13,6,1,kyc_origination,self,2026-04-01,0,2,81.58269675925926,L05,msme,self_employed,T1,kanglish,31-60,53,23750.0,47500.0,902500.0,,300-549,4,False,technical,0.3,1,0,rule_based,0.0,0.052631578946785246,4.0,1.0,2.0,1.0,0.0,0.0,0.0,1,0,1,train,Recycled to a new subscriber,Stop at once; suppress to avoid third-party disclosure,Recycled / stranger detected; halt dialling immediately,0.9350412129992299,0.07099385151576666
PH001008,AC000182,borrower_number,2026-07-02,AT0046992,2026-06-19 08:19:17,tele_agent,TA017,rule_based,1.0,ring_no_answer,35,0,network,no_answer,RNR,PTP003117,False,0,0,0,0,0,0,0,0,1,13,2,0.15384615384615385,0,0,2,1,0.23076923076923078,29.384615384615383,2026-06-11 09:16:22,191.04861111111111,0,8,4,0,kyc_origination,self,2026-04-01,0,1,79.34672453703703,L03,consumer_durable,salaried,T3,english,61-90,83,3900.0,11700.0,120900.0,10.0,300-549,0,True,insufficient_funds,0.38,5,0,rule_based,0.0,0.09677419354038261,8.0,2.0,1.0,2.0,1.0,0.0,0.0,1,0,0,train,"Valid, but borrower avoiding","Switch channel (WhatsApp, field) instead of redialling",Line alive (P_active=0.93) but borrower avoiding (P_rpc=0.29); switch to WhatsApp/field,0.9252465883157899,0.2931739631385088
PH005662,AC002329,borrower_number,2026-07-02,AT0048768,2026-06-23 12:04:37,tele_agent,TA008,rule_based,1.0,busy_rejected,2,0,customer,call_rejected,call cut kar diya,PTP000865,False,0,0,1,1,0,0,0,0,2,25,1,0.04,0,0,11,10,0.84,23.2,2026-06-19 12:04:13,96.00666666666666,0,12,1,0,kyc_origination,self,2026-04-01,0,2,83.50320601851851,L05,msme,self_employed,T1,hinglish,1-30,12,19900.0,19900.0,218900.0,,550-649,6,True,insufficient_funds,0.64,3,1,rule_based,0.3333333333333333,0.09090909090493791,2.0,0.0,0.0,0.0,1.0,0.0,0.0,1,0,1,train,"Valid, but borrower avoiding","Switch channel (WhatsApp, field) instead of redialling",Line alive (P_active=0.93) but borrower avoiding (P_rpc=0.09); switch to WhatsApp/field,0.9307800581629945,0.08507761994473272
PH004396,AC001738,borrower_number,2026-07-02,AT0016434,2026-04-23 18:51:45,tele_agent,TA004,rule_based,1.0,ring_no_answer,28,0,network,no_answer,RNR,,False,0,0,0,0,0,0,0,0,3,7,0,0.0,0,1,5,4,1.2857142857142858,15.0,2026-04-23 12:39:31,6.203888888888889,0,18,3,0,kyc_origination,self,2026-04-01,0,1,22.7859375,L05,msme,self_employed,T1,kanglish,90+,162,12650.0,75900.0,569250.0,,300-549,0,True,insufficient_funds,0.49,4,1,rule_based,0.25,0.13333333333099107,7.0,3.0,2.0,2.0,0.0,1.0,75900.0,1,0,1,validation,Recycled to a new subscriber,Stop at once; suppress to avoid third-party disclosure,Recycled / stranger detected; halt dialling immediately,0.9232807639573749,0.05454124269295127
PH002075,AC000670,borrower_number,2026-07-02,AT0042068,2026-06-08 08:18:53,tele_agent,TA001,rule_based,1.0,ring_no_answer,34,0,network,no_answer,ringnig no response,,False,0,0,0,0,0,0,0,0,1,19,4,0.21052631578947367,0,0,1,0,0.05263157894736842,28.842105263157894,2026-06-06 10:44:07,45.57944444444445,0,8,0,0,borrower_update,self,2026-04-01,1,3,68.34644675925927,L03,pl_salaried,salaried,T2,hinglish,1-30,2,7500.0,7500.0,262500.0,,550-649,3,False,insufficient_funds,,0,0,rule_based,0.0,0.028571428570340136,0.0,0.0,0.0,0.0,0.0,0.0,0.0,1,0,0,train,"Valid, but borrower avoiding","Switch channel (WhatsApp, field) instead of redialling",Line alive (P_active=0.92) but borrower avoiding (P_rpc=0.28); switch to WhatsApp/field,0.9201569825810229,0.2805494060970297
PH005496,AC002252,borrower_number,2026-07-02,AT0051002,2026-06-29 08:14:13,tele_agent,TA004,rule_based,1.0,ring_no_answer,30,0,network,no_answer,ringing no response,,False,0,0,0,0,0,0,0,0,1,20,1,0.05,0,0,5,5,0.5,25.3,2026-06-27 18:40:41,37.55888888888889,0,8,0,0,borrower_update,self,2026-04-01,1,2,89.34320601851852,L06,two_wheeler,salaried,T3,kanglish,1-30,25,2500.0,2500.0,22500.0,,300-549,0,False,insufficient_funds,0.49,2,2,rule_based,1.0,0.1111111110617284,3.0,0.0,2.0,1.0,0.0,0.0,0.0,1,0,0,train,"Valid, but borrower avoiding","Switch channel (WhatsApp, field) instead of redialling",Line alive (P_active=0.91) but borrower avoiding (P_rpc=0.15); switch to WhatsApp/field,0.9094814808032531,0.15440208340095818
PH001019,AC000186,borrower_number,2026-07-02,AT0051025,2026-06-29 17:01:22,tele_agent,TA006,rule_based,1.0,answered,14,265,agent,rpc_refused,pay karne se mana kiya,PTP002938,False,1,0,0,0,0,0,0,0,3,16,4,0.25,0,0,3,0,0.1875,27.25,2026-06-29 08:30:17,8.518055555555556,0,17,0,0,kyc_origination,self,2026-04-01,0,2,89.70928240740741,L01,credit_card,salaried,T1,hinglish,61-90,67,4450.0,13350.0,191350.0,30.0,300-549,3,False,insufficient_funds,,1,1,rule_based,1.0,0.06976744185681906,2.0,0.0,0.0,1.0,0.0,0.0,0.0,1,1,0,train,"Valid, but borrower avoiding","Switch channel (WhatsApp, field) instead of redialling",Line alive (P_active=0.93) but borrower avoiding (P_rpc=0.19); switch to WhatsApp/field,0.9273788074499159,0.19157660903815135
PH001072,AC000212,borrower_number,2026-07-02,AT0015582,2026-04-22 17:30:29,tele_agent,TA020,rule_based,1.0,answered,19,54,agent,rpc_ptp,"PTP 03/05, amount 74,200",PTP001037,True,1,0,0,0,0,0,0,0,3,8,2,0.25,0,0,1,0,0.125,30.0,2026-04-22 11:52:56,5.6258333333333335,0,17,2,0,kyc_origination,self,2026-04-01,0,1,21.729502314814816,L03,pl_salaried,salaried,T2,hinglish,90+,209,10600.0,74200.0,254400.0,,300-549,2,True,insufficient_funds,,6,5,rule_based,0.8333333333333334,0.2916666666552018,1.0,0.0,1.0,0.0,0.0,1.0,74200.0,1,1,0,validation,"Valid, but borrower avoiding","Switch channel (WhatsApp, field) instead of redialling",Line alive (P_active=0.94) but borrower avoiding (P_rpc=0.28); switch to WhatsApp/field,0.9354644343083441,0.28193874442111194
PH002363,AC000808,switched_off,2026-07-02,AT0051050,2026-06-29 16:25:03,tele_agent,TA003,rule_based,1.0,switched_off,0,0,network,switched_off,phoneo ff,,False,0,0,0,0,0,1,0,0,3,4,0,0.0,0,0,0,0,0.0,0.0,2026-06-29 10:34:39,5.84,4,16,0,0,bureau,self,2026-04-01,1,1,89.6840625,L03,pl_salaried,salaried,T3,kanglish,90+,608,15700.0,188400.0,361100.0,,300-549,1,False,insufficient_funds,,4,3,rule_based,0.75,0.5217391304203339,8.0,1.0,3.0,4.0,0.0,0.0,0.0,0,0,0,train,Switched off long-term,Move to another number on file,Persistent switch-off (4 streak); cascade to alternate phone on file,0.004629629629629629,0.0009233495231161476
PH001902,AC000595,not_borrower_number,2026-07-02,AT0027604,2026-05-12 09:13:42,tele_agent,TA015,rule_based,1.0,answered,13,38,agent,wrong_number,galat number bola,,False,0,0,0,0,1,0,0,0,1,6,0,0.0,0,1,1,0,0.16666666666666666,26.0,2026-05-11 12:01:56,21.19611111111111,0,9,1,0,kyc_origination,self,2026-04-01,0,2,41.38451388888889,L02,two_wheeler,daily_wage,T2,hinglish,90+,310,4550.0,50050.0,204750.0,,300-549,1,False,stop_payment,,4,3,rule_based,0.75,0.2444444444325058,8.0,2.0,2.0,2.0,1.0,0.0,0.0,1,0,1,test,Recycled to a new subscriber,Stop at once; suppress to avoid third-party disclosure,Recycled / stranger detected; halt dialling immediately,0.922641381699003,0.08543786325640773
PH003991,AC001549,switched_off,2026-07-02,AT0049738,2026-06-25 14:56:38,tele_agent,TA020,rule_based,1.0,switched_off,0,0,network,switched_off,phone band hai,PTP003085,False,0,0,0,0,0,1,0,0,2,6,1,0.16666666666666666,0,0,0,0,0.0,18.5,2026-06-25 09:38:13,5.3069444444444445,2,14,3,0,borrower_update,self,2026-04-01,1,1,85.62266203703703,L06,mfi_jlg,self_employed,T2,hinglish,31-60,45,1950.0,3900.0,78000.0,,300-549,1,False,insufficient_funds,0.58,2,2,rule_based,1.0,0.04999999999358974,4.0,1.0,3.0,0.0,0.0,2.0,2500.0,0,0,0,train,Invalid from the start,Trigger Skip-Trace,Line dead / unassigned (P_active=0.01); escalate to Skip-Trace,0.007307005800981704,0.0010256362914616434
PH004002,AC001554,borrower_number,2026-07-02,AT0051076,2026-06-29 18:45:19,tele_agent,TA006,rule_based,1.0,ring_no_answer,31,0,network,no_answer,"ring ho raha hai, koi pick nahi kar raha",PTP002742,False,0,0,0,0,0,0,0,0,3,10,2,0.2,0,0,5,3,0.8,23.2,2026-06-29 12:40:04,6.0875,0,18,0,0,borrower_update,self,2026-04-01,1,2,89.78146990740741,L03,pl_salaried,salaried,T2,hinglish,X,0,12650.0,12650.0,430100.0,28.0,650-699,2,False,insufficient_funds,,0,0,rule_based,0.0,0.029411764705198518,0.0,0.0,0.0,0.0,0.0,2.0,10500.0,1,0,0,validation,"Valid, but borrower avoiding","Switch channel (WhatsApp, field) instead of redialling",Line alive (P_active=0.93) but borrower avoiding (P_rpc=0.26); switch to WhatsApp/field,0.93492455353556,0.2619181396418224
PH001336,AC000343,third_party_number,2026-07-02,AT0032930,2026-05-21 09:24:28,tele_agent,TA017,rule_based,1.0,answered,7,89,agent,third_party_contact,office colleague answered,,False,0,1,0,0,0,0,0,0,1,12,0,0.0,4,0,0,0,0.0,24.083333333333332,2026-05-20 08:09:39,25.246944444444445,0,9,3,0,reference,reference_spouse,2026-04-01,1,2,50.39199074074074,L03,consumer_durable,salaried,T1,english,X,0,4100.0,4100.0,131200.0,,750-900,0,False,insufficient_funds,0.9,0,0,rule_based,0.0,0.03124999999761814,0.0,0.0,0.0,0.0,0.0,3.0,3900.0,1,0,1,train,"Third party (relative, employer, reference)","Use only within Fair Practices Code rules, never discuss debt",Contact is a reference/relative; enforce Fair Practices Code,0.9219812675975577,0.07808675623851634
PH001704,AC000505,borrower_number,2026-07-02,AT0048939,2026-06-24 08:01:57,tele_agent,TA012,rule_based,1.0,ring_no_answer,39,0,network,no_answer,ringing no response,,False,0,0,0,0,0,0,0,0,1,32,1,0.03125,0,0,16,16,1.0,19.09375,2026-06-23 08:10:59,23.849444444444444,0,8,2,0,kyc_origination,self,2026-04-01,0,1,84.3346875,L03,pl_salaried,salaried,T3,hinglish,31-60,37,9550.0,19100.0,315150.0,,300-549,2,False,insufficient_funds,0.08,2,1,rule_based,0.5,0.060606060604137514,4.0,0.0,0.0,1.0,3.0,0.0,0.0,1,0,0,train,"Valid, but borrower avoiding","Switch channel (WhatsApp, field) instead of redialling",Line alive (P_active=0.98) but borrower avoiding (P_rpc=0.08); switch to WhatsApp/field,0.9770146520146521,0.07725716794202049
PH003836,AC001479,borrower_number,2026-07-02,AT0000391,2026-04-01 09:28:25,tele_agent,TA020,rule_based,1.0,ring_no_answer,41,0,network,no_answer,RNR,,False,0,0,0,0,0,0,0,0,1,0,0,0.0,0,0,0,0,0.0,0.0,,999.0,0,9,2,0,kyc_origination,self,2026-04-01,0,1,0.3947337962962963,L06,two_wheeler,salaried,T2,hinglish,31-60,50,4450.0,8900.0,186900.0,1.0,300-549,0,False,insufficient_funds,0.15,1,1,rule_based,1.0,0.047619047616499786,0.0,0.0,0.0,0.0,0.0,1.0,8900.0,1,0,0,test,Valid and reachable,"Keep dialling, at the best time slot","High contactability (P_active=0.89, P_rpc=0.25); dial at optimal diurnal window",0.8917264123323512,0.25043620000943134
PH002640,AC000929,third_party_number,2026-07-02,AT0032425,2026-05-20 12:00:20,tele_agent,TA016,random_contact_point,0.25,answered,5,58,agent,third_party_contact,"father ne uthaya, message de denge",,False,0,1,0,0,0,0,0,0,2,5,0,0.0,2,0,1,0,0.2,23.4,2026-05-04 13:33:55,382.4402777777778,0,12,2,0,reference,reference_father,2026-04-01,3,3,49.50023148148148,L03,consumer_durable,salaried,T1,hinglish,61-90,65,2850.0,8550.0,128250.0,28.0,300-549,3,False,insufficient_funds,0.61,0,0,random_contact_point,0.0,0.06666666666146849,5.0,3.0,0.0,2.0,0.0,1.0,8550.0,1,0,1,train,Recycled to a new subscriber,Stop at once; suppress to avoid third-party disclosure,Recycled / stranger detected; halt dialling immediately,0.9212905738727621,0.05408067266430361
PH001585,AC000452,borrower_number,2026-07-02,AT0042609,2026-06-09 09:18:41,tele_agent,TA013,rule_based,1.0,answered,15,41,agent,rpc_ptp,customer promised 30/06,PTP003035,True,1,0,0,0,0,0,0,0,1,23,8,0.34782608695652173,0,0,3,0,0.13043478260869565,24.26086956521739,2026-06-08 18:48:35,14.501666666666667,0,9,1,0,kyc_origination,self,2026-04-01,0,1,69.38797453703704,L01,credit_card,self_employed,T3,english,1-30,2,2700.0,2700.0,54000.0,,300-549,2,False,insufficient_funds,,1,1,rule_based,1.0,0.049999999990740736,0.0,0.0,0.0,0.0,0.0,1.0,1300.0,1,1,0,validation,"Valid, but borrower avoiding","Switch channel (WhatsApp, field) instead of redialling",Line alive (P_active=0.92) but borrower avoiding (P_rpc=0.31); switch to WhatsApp/field,0.9245464841596341,0.311367501061323
PH001186,AC000267,third_party_number,2026-07-02,AT0030189,2026-05-16 11:27:50,tele_agent,TA008,rule_based,1.0,answered,8,82,agent,third_party_contact,bhai ne uthaya,PTP000541,False,0,1,0,0,0,0,0,0,1,19,1,0.05263157894736842,11,0,5,0,0.2631578947368421,17.894736842105264,2026-05-15 08:52:39,26.586388888888887,0,11,5,1,reference,reference_mother,2026-04-01,1,2,45.477662037037035,L06,msme,self_employed,T2,hinglish,31-60,45,23000.0,46000.0,1081000.0,,300-549,2,False,insufficient_funds,0.25,1,1,rule_based,1.0,0.04255319148896805,3.0,1.0,1.0,1.0,0.0,2.0,29400.0,1,0,0,train,"Third party (relative, employer, reference)","Use only within Fair Practices Code rules, never discuss debt",Contact is a reference/relative; enforce Fair Practices Code,0.9296360898944013,0.056191398650079556
PH000082,AC001293,third_party_number,2026-07-02,AT0023476,2026-05-05 10:25:46,tele_agent,TA003,rule_based,1.0,ring_no_answer,44,0,network,no_answer,"ring aaytu, yaaru pick maadilla",,False,0,0,0,0,0,0,0,0,1,7,0,0.0,3,0,2,0,0.2857142857142857,26.142857142857142,2026-05-04 10:58:21,23.456944444444446,0,10,1,0,kyc_origination,self,2026-04-01,0,2,34.434560185185184,L04,mfi_jlg,daily_wage,T2,hinglish,1-30,27,2150.0,2150.0,32250.0,,550-649,3,False,insufficient_funds,0.63,0,0,rule_based,0.0,0.06666666664599483,1.0,0.0,1.0,0.0,0.0,2.0,1600.0,1,0,1,validation,"Valid, but borrower avoiding","Switch channel (WhatsApp, field) instead of redialling",Line alive (P_active=0.92) but borrower avoiding (P_rpc=0.13); switch to WhatsApp/field,0.9213418853391859,0.13286254095243702
PH002756,AC000985,switched_off,2026-07-02,AT0050653,2026-06-28 11:46:04,tele_agent,TA016,rule_based,1.0,switched_off,0,0,network,switched_off,number switch off aa raha hai,,False,0,0,0,0,0,1,0,0,1,10,1,0.1,0,0,1,0,0.1,10.3,2026-04-27 09:25:12,1490.3477777777778,6,11,6,1,kyc_origination,self,2026-04-01,0,1,88.49032407407407,L01,credit_card,salaried,T3,hinglish,X,0,9300.0,9300.0,297600.0,1.0,550-649,2,False,insufficient_funds,0.36,1,1,rule_based,1.0,0.03124999999894993,1.0,1.0,0.0,0.0,0.0,0.0,0.0,0,0,0,train,Switched off long-term,Move to another number on file,Persistent switch-off (6 streak); cascade to alternate phone on file,0.070045539610757,0.0028905966216594466
PH000443,AC000912,third_party_number,2026-07-02,AT0050846,2026-06-29 09:35:21,tele_agent,TA008,rule_based,1.0,ring_no_answer,36,0,network,no_answer,ringing no response,,False,0,0,0,0,0,0,0,0,1,30,2,0.06666666666666667,8,0,7,2,0.3,21.533333333333335,2026-06-20 16:21:26,209.23194444444445,0,9,0,0,employer,office,2026-04-01,2,4,89.39954861111111,L03,pl_salaried,salaried,T2,hinglish,1-30,21,9100.0,9100.0,300300.0,,650-699,1,True,mandate_not_registered,0.82,0,0,rule_based,0.0,0.03030303030202121,0.0,0.0,0.0,0.0,0.0,2.0,7000.0,1,0,0,validation,Recycled to a new subscriber,Stop at once; suppress to avoid third-party disclosure,Recycled / stranger detected; halt dialling immediately,0.9299031966226065,0.053288427681977814
PH004149,AC001624,third_party_number,2026-07-02,AT0044758,2026-06-13 10:42:11,tele_agent,TA006,rule_based,1.0,answered,11,29,customer,third_party_ptp,family member ne PTP diya 19/06,PTP003209,True,0,1,1,0,0,0,0,0,1,14,0,0.0,2,0,1,1,0.14285714285714285,28.428571428571427,2026-06-05 14:24:53,188.28833333333333,0,10,5,1,reference,reference_spouse,2026-04-01,1,1,73.44596064814814,L06,two_wheeler,salaried,T3,hinglish,X,0,3800.0,3800.0,174800.0,,550-649,0,False,stop_payment,0.55,1,0,rule_based,0.0,0.021739130433538954,0.0,0.0,0.0,0.0,0.0,1.0,3800.0,1,0,1,train,"Third party (relative, employer, reference)","Use only within Fair Practices Code rules, never discuss debt",Contact is a reference/relative; enforce Fair Practices Code,0.9219812675975577,0.08586368426339619
PH001346,AC000348,not_borrower_number,2026-07-02,AT0016336,2026-04-23 14:36:57,tele_agent,TA017,rule_based,1.0,switched_off,0,0,network,switched_off,switched off for weeks,,False,0,0,0,0,0,1,0,0,2,11,0,0.0,0,0,0,0,0.0,0.0,2026-04-23 11:22:27,3.2416666666666667,8,14,3,0,kyc_origination,self,2026-04-01,0,1,22.608993055555555,L03,consumer_durable,salaried,T1,english,31-60,59,1850.0,3700.0,16650.0,1.0,300-549,2,False,mandate_not_registered,0.52,0,0,rule_based,0.0,0.22222222208875542,1.0,0.0,1.0,0.0,0.0,1.0,3700.0,0,0,0,train,Switched off long-term,Move to another number on file,Persistent switch-off (8 streak); cascade to alternate phone on file,0.0,0.0
PH001364,AC000356,borrower_number,2026-07-02,AT0017045,2026-04-24 18:56:18,tele_agent,TA003,rule_based,1.0,busy_rejected,2,0,customer,call_rejected,call cut maadidru,PTP000111,False,0,0,1,1,0,0,0,0,3,11,1,0.09090909090909091,0,1,5,4,0.8181818181818182,21.0,2026-04-24 10:13:23,8.715277777777779,0,18,4,0,kyc_origination,self,2026-04-01,0,1,23.78909722222222,L01,credit_card,salaried,T3,kanglish,61-90,69,10100.0,30300.0,232300.0,15.0,300-549,1,False,technical,0.32,1,1,rule_based,1.0,0.13043478260308072,8.0,1.0,2.0,2.0,2.0,0.0,0.0,1,0,1,validation,Recycled to a new subscriber,Stop at once; suppress to avoid third-party disclosure,Recycled / stranger detected; halt dialling immediately,0.9113333326551049,0.06748537191919501
PH000618,AC000004,borrower_number,2026-07-02,AT0005429,2026-04-08 09:43:18,tele_agent,TA020,rule_based,1.0,answered,12,49,agent,rpc_ptp,customer ne 15/04 ko pay karne ka bola,PTP000404,True,1,0,0,0,0,0,0,0,1,4,0,0.0,0,0,1,1,0.5,27.75,2026-04-07 10:33:20,23.16611111111111,0,9,2,0,kyc_origination,self,2026-04-01,0,1,7.405069444444444,L01,credit_card,self_employed,T2,hinglish,61-90,68,4450.0,13350.0,160200.0,,300-549,0,False,insufficient_funds,1.0,0,0,rule_based,0.0,0.0833333333281315,0.0,0.0,0.0,0.0,0.0,1.0,13350.0,1,1,0,train,"Valid, but borrower avoiding","Switch channel (WhatsApp, field) instead of redialling",Line alive (P_active=0.93) but borrower avoiding (P_rpc=0.27); switch to WhatsApp/field,0.9322088897089484,0.2715400311153345
PH002080,AC000672,switched_off,2026-07-02,AT0048565,2026-06-23 12:57:24,tele_agent,TA016,rule_based,1.0,switched_off,0,0,network,switched_off,phone band hai,,False,0,0,0,0,0,1,0,0,2,33,0,0.0,0,0,0,0,0.0,0.0,2026-06-19 12:41:27,96.26583333333333,0,12,1,0,borrower_update,self,2026-04-01,1,5,83.53986111111111,L02,consumer_durable,self_employed,T2,hinglish,1-30,10,4100.0,4100.0,61500.0,,550-649,0,True,insufficient_funds,,1,0,rule_based,0.0,0.06666666665582656,4.0,1.0,1.0,1.0,0.0,0.0,0.0,0,0,0,train,Invalid from the start,Trigger Skip-Trace,Line dead / unassigned (P_active=0.01); escalate to Skip-Trace,0.013748229633509884,0.011869440231476175
PH002830,AC001019,borrower_number,2026-07-02,AT0050860,2026-06-29 09:33:59,tele_agent,TA008,rule_based,1.0,answered,12,381,agent,rpc_hung_up,baat karte kart ecall kaat diya,PTP002248,False,1,0,0,0,0,0,0,0,1,34,8,0.23529411764705882,1,0,6,3,0.2647058823529412,25.38235294117647,2026-06-19 12:01:42,237.53805555555556,0,9,0,0,kyc_origination,self,2026-04-01,0,1,89.39859953703704,L03,consumer_durable,self_employed,T1,hinglish,1-30,20,4150.0,4150.0,74700.0,,550-649,1,False,insufficient_funds,0.74,0,0,rule_based,0.0,0.0555555555481184,0.0,0.0,0.0,0.0,0.0,0.0,0.0,1,1,0,train,"Valid, but borrower avoiding","Switch channel (WhatsApp, field) instead of redialling",Line alive (P_active=0.92) but borrower avoiding (P_rpc=0.30); switch to WhatsApp/field,0.9245464841596341,0.29855750566782285
PH001188,AC000269,borrower_number,2026-07-02,AT0035967,2026-05-27 10:36:18,tele_agent,TA003,rule_based,1.0,answered,6,42,agent,rpc_ptp,04/06 ge kodtini antharu,PTP002560,True,1,0,0,0,0,0,0,0,1,15,6,0.4,0,0,2,0,0.13333333333333333,21.333333333333332,2026-05-20 12:20:35,166.26194444444445,0,10,2,0,kyc_origination,self,2026-04-01,0,1,56.441875,L04,mfi_jlg,self_employed,T1,kanglish,1-30,22,800.0,800.0,25600.0,,300-549,3,False,insufficient_funds,0.33,0,0,rule_based,0.0,0.03124999998779297,0.0,0.0,0.0,0.0,0.0,1.0,800.0,1,1,0,train,"Valid, but borrower avoiding","Switch channel (WhatsApp, field) instead of redialling",Line alive (P_active=0.92) but borrower avoiding (P_rpc=0.26); switch to WhatsApp/field,0.9219299561311339,0.2617289143848947
PH003209,AC001193,borrower_number,2026-07-02,AT0031228,2026-05-18 08:42:24,tele_agent,TA001,rule_based,1.0,answered,19,224,agent,rpc_hung_up,beech mein phone kaat diya,,False,1,0,0,0,0,0,0,0,1,17,4,0.23529411764705882,0,0,2,2,0.23529411764705882,27.705882352941178,2026-05-14 11:16:43,93.42805555555556,0,8,0,0,kyc_origination,self,2026-04-01,0,1,47.36277777777778,L06,msme,self_employed,T2,hinglish,31-60,39,10450.0,20900.0,303050.0,,550-649,4,False,insufficient_funds,0.68,1,0,rule_based,0.0,0.06896551723910359,3.0,2.0,1.0,0.0,0.0,1.0,20900.0,1,1,0,train,"Valid, but borrower avoiding","Switch channel (WhatsApp, field) instead of redialling",Line alive (P_active=0.93) but borrower avoiding (P_rpc=0.35); switch to WhatsApp/field,0.9315695074505764,0.35256706960276835
PH000497,AC002077,third_party_number,2026-07-02,AT0042312,2026-06-08 10:50:47,tele_agent,TA010,rule_based,1.0,ring_no_answer,43,0,network,no_answer,"ring aaytu, yaaru pick maadilla",,False,0,0,0,0,0,0,0,0,1,7,0,0.0,5,0,3,0,0.42857142857142855,16.428571428571427,2026-06-01 16:12:48,162.63305555555556,0,10,0,0,employer,office,2026-04-01,2,2,68.45193287037037,L01,credit_card,salaried,T3,kanglish,1-30,1,8800.0,8800.0,413600.0,,300-549,1,False,insufficient_funds,0.33,1,1,rule_based,1.0,0.021276595744166425,0.0,0.0,0.0,0.0,0.0,1.0,4800.0,1,0,1,validation,"Third party (relative, employer, reference)","Use only within Fair Practices Code rules, never discuss debt",Contact is a reference/relative; enforce Fair Practices Code,0.9266820146704536,0.05408067266430361
PH001131,AC000240,switched_off,2026-07-02,AT0047897,2026-06-21 08:57:51,tele_agent,TA019,random_contact_point,0.3333,not_reachable,0,0,network,not_reachable,out of coverage,,False,0,0,0,0,0,0,1,0,1,12,3,0.25,1,0,2,1,0.25,24.083333333333332,2026-06-08 13:39:08,307.31194444444446,0,8,6,1,kyc_origination,self,2026-04-01,0,1,81.37350694444444,L02,consumer_durable,salaried,T3,english,31-60,45,2500.0,5000.0,62500.0,,300-549,1,False,insufficient_funds,,5,2,random_contact_point,0.4,0.07999999998719999,6.0,2.0,1.0,2.0,1.0,0.0,0.0,0,0,0,train,Temporarily unreachable,"Retry later, with backoff",Transient network unavailability; retry later with backoff,0.9159900510378162,0.2617289143848947
PH000502,AC001155,third_party_number,2026-07-02,AT0050327,2026-06-27 11:22:36,tele_agent,TA009,rule_based,1.0,busy_rejected,2,0,customer,call_rejected,call cut maadidru,,False,0,0,1,1,0,0,0,0,1,8,2,0.25,4,0,2,0,0.25,19.25,2026-06-13 12:00:41,335.3652777777778,0,11,5,1,employer,office,2026-04-01,1,1,87.47402777777778,L01,credit_card,salaried,T3,kanglish,90+,133,2650.0,13250.0,116600.0,,300-549,2,False,insufficient_funds,0.49,1,1,rule_based,1.0,0.1136363636266178,8.0,1.0,2.0,5.0,0.0,0.0,0.0,1,0,1,train,"Third party (relative, employer, reference)","Use only within Fair Practices Code rules, never discuss debt",Contact is a reference/relative; enforce Fair Practices Code,0.9253825183106364,0.061958282829643004
